train_no,date,station_code,station_name,delay
12314,2025-09-05,NDLS,NEW DELHI,0.0
12314,2025-09-05,CNB,KANPUR CENTRAL,4.0
12314,2025-09-05,DDU,PT DEEN DAYAL UPADHYAY JN,0.0
12314,2025-09-05,GAYA,GAYA JN,13.0
12314,2025-09-05,DHN,DHANBAD JN,2.0
12314,2025-09-05,ASN,ASANSOL JN,20.0
12314,2025-09-05,DGR,DURGAPUR,22.0
12314,2025-09-05,SDAH,SEALDAH,4.0
12314,2025-09-06,NDLS,NEW DELHI,2.0
12314,2025-09-06,CNB,KANPUR CENTRAL,16.0
12314,2025-09-06,DDU,PT DEEN DAYAL UPADHYAY JN,0.0
12314,2025-09-06,GAYA,GAYA JN,7.0
12314,2025-09-06,DHN,DHANBAD JN,1.0
12314,2025-09-06,ASN,ASANSOL JN,18.0
12314,2025-09-06,DGR,DURGAPUR,24.0
12314,2025-09-06,SDAH,SEALDAH,-13.0
12314,2025-09-07,NDLS,NEW DELHI,0.0
12314,2025-09-07,CNB,KANPUR CENTRAL,12.0
12314,2025-09-07,DDU,PT DEEN DAYAL UPADHYAY JN,0.0
12314,2025-09-07,GAYA,GAYA JN,10.0
12314,2025-09-07,DHN,DHANBAD JN,0.0
12314,2025-09-07,ASN,ASANSOL JN,22.0
12314,2025-09-07,DGR,DURGAPUR,22.0
12314,2025-09-07,SDAH,SEALDAH,6.0
12314,2025-09-08,NDLS,NEW DELHI,1.0
12314,2025-09-08,CNB,KANPUR CENTRAL,10.0
12314,2025-09-08,DDU,PT DEEN DAYAL UPADHYAY JN,7.0
12314,2025-09-08,GAYA,GAYA JN,18.0
12314,2025-09-08,DHN,DHANBAD JN,5.0
12314,2025-09-08,ASN,ASANSOL JN,16.0
12314,2025-09-08,DGR,DURGAPUR,17.0
12314,2025-09-08,SDAH,SEALDAH,-2.0
12314,2025-09-09,NDLS,NEW DELHI,0.0
12314,2025-09-09,CNB,KANPUR CENTRAL,8.0
12314,2025-09-09,DDU,PT DEEN DAYAL UPADHYAY JN,0.0
12314,2025-09-09,GAYA,GAYA JN,13.0
12314,2025-09-09,DHN,DHANBAD JN,4.0
12314,2025-09-09,ASN,ASANSOL JN,22.0
12314,2025-09-09,DGR,DURGAPUR,22.0
12314,2025-09-09,SDAH,SEALDAH,3.0
12314,2025-09-10,NDLS,NEW DELHI,0.0
12314,2025-09-10,CNB,KANPUR CENTRAL,1.0
12314,2025-09-10,DDU,PT DEEN DAYAL UPADHYAY JN,0.0
12314,2025-09-10,GAYA,GAYA JN,8.0
12314,2025-09-10,DHN,DHANBAD JN,0.0
12314,2025-09-10,ASN,ASANSOL JN,12.0
12314,2025-09-10,DGR,DURGAPUR,19.0
12314,2025-09-10,SDAH,SEALDAH,-2.0
12314,2025-09-11,NDLS,NEW DELHI,0.0
12314,2025-09-11,CNB,KANPUR CENTRAL,3.0
12314,2025-09-11,DDU,PT DEEN DAYAL UPADHYAY JN,0.0
12314,2025-09-11,GAYA,GAYA JN,13.0
12314,2025-09-11,DHN,DHANBAD JN,10.0
12314,2025-09-11,ASN,ASANSOL JN,25.0
12314,2025-09-11,DGR,DURGAPUR,26.0
12314,2025-09-11,SDAH,SEALDAH,0.0
12314,2025-09-12,NDLS,NEW DELHI,0.0
12314,2025-09-12,CNB,KANPUR CENTRAL,1.0
12314,2025-09-12,DDU,PT DEEN DAYAL UPADHYAY JN,0.0
12314,2025-09-12,GAYA,GAYA JN,6.0
12314,2025-09-12,DHN,DHANBAD JN,2.0
12314,2025-09-12,ASN,ASANSOL JN,18.0
12314,2025-09-12,DGR,DURGAPUR,20.0
12314,2025-09-12,SDAH,SEALDAH,7.0
12314,2025-09-13,NDLS,NEW DELHI,1.0
12314,2025-09-13,CNB,KANPUR CENTRAL,0.0
12314,2025-09-13,DDU,PT DEEN DAYAL UPADHYAY JN,0.0
12314,2025-09-13,GAYA,GAYA JN,4.0
12314,2025-09-13,DHN,DHANBAD JN,2.0
12314,2025-09-13,ASN,ASANSOL JN,14.0
12314,2025-09-13,DGR,DURGAPUR,17.0
12314,2025-09-13,SDAH,SEALDAH,-13.0
12314,2025-09-14,NDLS,NEW DELHI,0.0
12314,2025-09-14,CNB,KANPUR CENTRAL,4.0
12314,2025-09-14,DDU,PT DEEN DAYAL UPADHYAY JN,0.0
12314,2025-09-14,GAYA,GAYA JN,8.0
12314,2025-09-14,DHN,DHANBAD JN,1.0
12314,2025-09-14,ASN,ASANSOL JN,10.0
12314,2025-09-14,DGR,DURGAPUR,13.0
12314,2025-09-14,SDAH,SEALDAH,-10.0
12314,2025-09-15,NDLS,NEW DELHI,1.0
12314,2025-09-15,CNB,KANPUR CENTRAL,1.0
12314,2025-09-15,DDU,PT DEEN DAYAL UPADHYAY JN,1.0
12314,2025-09-15,GAYA,GAYA JN,3.0
12314,2025-09-15,DHN,DHANBAD JN,0.0
12314,2025-09-15,ASN,ASANSOL JN,10.0
12314,2025-09-15,DGR,DURGAPUR,15.0
12314,2025-09-15,SDAH,SEALDAH,0.0
12314,2025-09-16,NDLS,NEW DELHI,0.0
12314,2025-09-16,CNB,KANPUR CENTRAL,1.0
12314,2025-09-16,DDU,PT DEEN DAYAL UPADHYAY JN,0.0
12314,2025-09-16,GAYA,GAYA JN,13.0
12314,2025-09-16,DHN,DHANBAD JN,17.0
12314,2025-09-16,ASN,ASANSOL JN,27.0
12314,2025-09-16,DGR,DURGAPUR,33.0
12314,2025-09-16,SDAH,SEALDAH,1.0
12314,2025-09-17,NDLS,NEW DELHI,1.0
12314,2025-09-17,CNB,KANPUR CENTRAL,7.0
12314,2025-09-17,DDU,PT DEEN DAYAL UPADHYAY JN,0.0
12314,2025-09-17,GAYA,GAYA JN,7.0
12314,2025-09-17,DHN,DHANBAD JN,2.0
12314,2025-09-17,ASN,ASANSOL JN,16.0
12314,2025-09-17,DGR,DURGAPUR,19.0
12314,2025-09-17,SDAH,SEALDAH,-2.0
12314,2025-09-18,NDLS,NEW DELHI,0.0
12314,2025-09-18,CNB,KANPUR CENTRAL,6.0
12314,2025-09-18,DDU,PT DEEN DAYAL UPADHYAY JN,0.0
12314,2025-09-18,GAYA,GAYA JN,10.0
12314,2025-09-18,DHN,DHANBAD JN,0.0
12314,2025-09-18,ASN,ASANSOL JN,10.0
12314,2025-09-18,DGR,DURGAPUR,13.0
12314,2025-09-18,SDAH,SEALDAH,-8.0
12314,2025-09-19,NDLS,NEW DELHI,0.0
12314,2025-09-19,CNB,KANPUR CENTRAL,3.0
12314,2025-09-19,DDU,PT DEEN DAYAL UPADHYAY JN,1.0
12314,2025-09-19,GAYA,GAYA JN,5.0
12314,2025-09-19,DHN,DHANBAD JN,8.0
12314,2025-09-19,ASN,ASANSOL JN,22.0
12314,2025-09-19,DGR,DURGAPUR,33.0
12314,2025-09-19,SDAH,SEALDAH,16.0
12314,2025-09-20,NDLS,NEW DELHI,0.0
12314,2025-09-20,CNB,KANPUR CENTRAL,3.0
12314,2025-09-20,DDU,PT DEEN DAYAL UPADHYAY JN,1.0
12314,2025-09-20,GAYA,GAYA JN,0.0
12314,2025-09-20,DHN,DHANBAD JN,0.0
12314,2025-09-20,ASN,ASANSOL JN,137.0
12314,2025-09-20,DGR,DURGAPUR,142.0
12314,2025-09-20,SDAH,SEALDAH,133.0
12314,2025-09-21,NDLS,NEW DELHI,235.0
12314,2025-09-21,CNB,KANPUR CENTRAL,271.0
12314,2025-09-21,DDU,PT DEEN DAYAL UPADHYAY JN,255.0
12314,2025-09-21,GAYA,GAYA JN,271.0
12314,2025-09-21,DHN,DHANBAD JN,260.0
12314,2025-09-21,ASN,ASANSOL JN,293.0
12314,2025-09-21,DGR,DURGAPUR,296.0
12314,2025-09-21,SDAH,SEALDAH,261.0
12314,2025-09-22,NDLS,NEW DELHI,0.0
12314,2025-09-22,CNB,KANPUR CENTRAL,11.0
12314,2025-09-22,DDU,PT DEEN DAYAL UPADHYAY JN,0.0
12314,2025-09-22,GAYA,GAYA JN,8.0
12314,2025-09-22,DHN,DHANBAD JN,2.0
12314,2025-09-22,ASN,ASANSOL JN,20.0
12314,2025-09-22,DGR,DURGAPUR,24.0
12314,2025-09-22,SDAH,SEALDAH,51.0
12314,2025-09-23,NDLS,NEW DELHI,1.0
12314,2025-09-23,CNB,KANPUR CENTRAL,5.0
12314,2025-09-23,DDU,PT DEEN DAYAL UPADHYAY JN,0.0
12314,2025-09-23,GAYA,GAYA JN,14.0
12314,2025-09-23,DHN,DHANBAD JN,0.0
12314,2025-09-23,ASN,ASANSOL JN,7.0
12314,2025-09-23,DGR,DURGAPUR,13.0
12314,2025-09-23,SDAH,SEALDAH,-17.0
12314,2025-09-24,NDLS,NEW DELHI,0.0
12314,2025-09-24,CNB,KANPUR CENTRAL,13.0
12314,2025-09-24,DDU,PT DEEN DAYAL UPADHYAY JN,1.0
12314,2025-09-24,GAYA,GAYA JN,10.0
12314,2025-09-24,DHN,DHANBAD JN,0.0
12314,2025-09-24,ASN,ASANSOL JN,11.0
12314,2025-09-24,DGR,DURGAPUR,17.0
12314,2025-09-24,SDAH,SEALDAH,18.0
12314,2025-09-25,NDLS,NEW DELHI,0.0
12314,2025-09-25,CNB,KANPUR CENTRAL,20.0
12314,2025-09-25,DDU,PT DEEN DAYAL UPADHYAY JN,78.0
12314,2025-09-25,GAYA,GAYA JN,99.0
12314,2025-09-25,DHN,DHANBAD JN,78.0
12314,2025-09-25,ASN,ASANSOL JN,86.0
12314,2025-09-25,DGR,DURGAPUR,96.0
12314,2025-09-25,SDAH,SEALDAH,59.0
12314,2025-09-26,NDLS,NEW DELHI,0.0
12314,2025-09-26,CNB,KANPUR CENTRAL,15.0
12314,2025-09-26,DDU,PT DEEN DAYAL UPADHYAY JN,0.0
12314,2025-09-26,GAYA,GAYA JN,17.0
12314,2025-09-26,DHN,DHANBAD JN,4.0
12314,2025-09-26,ASN,ASANSOL JN,12.0
12314,2025-09-26,DGR,DURGAPUR,20.0
12314,2025-09-26,SDAH,SEALDAH,0.0
12314,2025-09-27,NDLS,NEW DELHI,0.0
12314,2025-09-27,CNB,KANPUR CENTRAL,12.0
12314,2025-09-27,DDU,PT DEEN DAYAL UPADHYAY JN,1.0
12314,2025-09-27,GAYA,GAYA JN,12.0
12314,2025-09-27,DHN,DHANBAD JN,11.0
12314,2025-09-27,ASN,ASANSOL JN,23.0
12314,2025-09-27,DGR,DURGAPUR,29.0
12314,2025-09-27,SDAH,SEALDAH,6.0
12314,2025-09-28,NDLS,NEW DELHI,0.0
12314,2025-09-28,CNB,KANPUR CENTRAL,38.0
12314,2025-09-28,DDU,PT DEEN DAYAL UPADHYAY JN,16.0
12314,2025-09-28,GAYA,GAYA JN,26.0
12314,2025-09-28,DHN,DHANBAD JN,8.0
12314,2025-09-28,ASN,ASANSOL JN,14.0
12314,2025-09-28,DGR,DURGAPUR,19.0
12314,2025-09-28,SDAH,SEALDAH,-6.0
12314,2025-09-29,NDLS,NEW DELHI,0.0
12314,2025-09-29,CNB,KANPUR CENTRAL,24.0
12314,2025-09-29,DDU,PT DEEN DAYAL UPADHYAY JN,5.0
12314,2025-09-29,GAYA,GAYA JN,11.0
12314,2025-09-29,DHN,DHANBAD JN,0.0
12314,2025-09-29,ASN,ASANSOL JN,9.0
12314,2025-09-29,DGR,DURGAPUR,14.0
12314,2025-09-29,SDAH,SEALDAH,-8.0
12314,2025-09-30,NDLS,NEW DELHI,3.0
12314,2025-09-30,CNB,KANPUR CENTRAL,26.0
12314,2025-09-30,DDU,PT DEEN DAYAL UPADHYAY JN,1.0
12314,2025-09-30,GAYA,GAYA JN,14.0
12314,2025-09-30,DHN,DHANBAD JN,0.0
12314,2025-09-30,ASN,ASANSOL JN,11.0
12314,2025-09-30,DGR,DURGAPUR,28.0
12314,2025-09-30,SDAH,SEALDAH,1.0
12314,2025-10-01,NDLS,NEW DELHI,0.0
12314,2025-10-01,CNB,KANPUR CENTRAL,12.0
12314,2025-10-01,DDU,PT DEEN DAYAL UPADHYAY JN,0.0
12314,2025-10-01,GAYA,GAYA JN,13.0
12314,2025-10-01,DHN,DHANBAD JN,7.0
12314,2025-10-01,ASN,ASANSOL JN,19.0
12314,2025-10-01,DGR,DURGAPUR,23.0
12314,2025-10-01,SDAH,SEALDAH,-3.0
12314,2025-10-02,NDLS,NEW DELHI,0.0
12314,2025-10-02,CNB,KANPUR CENTRAL,19.0
12314,2025-10-02,DDU,PT DEEN DAYAL UPADHYAY JN,1.0
12314,2025-10-02,GAYA,GAYA JN,21.0
12314,2025-10-02,DHN,DHANBAD JN,18.0
12314,2025-10-02,ASN,ASANSOL JN,29.0
12314,2025-10-02,DGR,DURGAPUR,33.0
12314,2025-10-02,SDAH,SEALDAH,0.0
12314,2025-10-03,NDLS,NEW DELHI,2.0
12314,2025-10-03,CNB,KANPUR CENTRAL,18.0
12314,2025-10-03,DDU,PT DEEN DAYAL UPADHYAY JN,1.0
12314,2025-10-03,GAYA,GAYA JN,56.0
12314,2025-10-03,DHN,DHANBAD JN,45.0
12314,2025-10-03,ASN,ASANSOL JN,55.0
12314,2025-10-03,DGR,DURGAPUR,59.0
12314,2025-10-03,SDAH,SEALDAH,27.0
12314,2025-10-04,NDLS,NEW DELHI,1.0
12314,2025-10-04,CNB,KANPUR CENTRAL,16.0
12314,2025-10-04,DDU,PT DEEN DAYAL UPADHYAY JN,1.0
12314,2025-10-04,GAYA,GAYA JN,14.0
12314,2025-10-04,DHN,DHANBAD JN,1.0
12314,2025-10-04,ASN,ASANSOL JN,11.0
12314,2025-10-04,DGR,DURGAPUR,15.0
12314,2025-10-04,SDAH,SEALDAH,-16.0
12314,2025-10-05,NDLS,NEW DELHI,1.0
12314,2025-10-05,CNB,KANPUR CENTRAL,22.0
12314,2025-10-05,DDU,PT DEEN DAYAL UPADHYAY JN,0.0
12314,2025-10-05,GAYA,GAYA JN,11.0
12314,2025-10-05,DHN,DHANBAD JN,1.0
12314,2025-10-05,ASN,ASANSOL JN,15.0
12314,2025-10-05,DGR,DURGAPUR,21.0
12314,2025-10-05,SDAH,SEALDAH,-10.0
12314,2025-10-06,NDLS,NEW DELHI,0.0
12314,2025-10-06,CNB,KANPUR CENTRAL,31.0
12314,2025-10-06,DDU,PT DEEN DAYAL UPADHYAY JN,7.0
12314,2025-10-06,GAYA,GAYA JN,13.0
12314,2025-10-06,DHN,DHANBAD JN,8.0
12314,2025-10-06,ASN,ASANSOL JN,23.0
12314,2025-10-06,DGR,DURGAPUR,27.0
12314,2025-10-06,SDAH,SEALDAH,6.0
12314,2025-10-07,NDLS,NEW DELHI,0.0
12314,2025-10-07,CNB,KANPUR CENTRAL,7.0
12314,2025-10-07,DDU,PT DEEN DAYAL UPADHYAY JN,1.0
12314,2025-10-07,GAYA,GAYA JN,10.0
12314,2025-10-07,DHN,DHANBAD JN,0.0
12314,2025-10-07,ASN,ASANSOL JN,7.0
12314,2025-10-07,DGR,DURGAPUR,12.0
12314,2025-10-07,SDAH,SEALDAH,-8.0
12314,2025-10-08,NDLS,NEW DELHI,0.0
12314,2025-10-08,CNB,KANPUR CENTRAL,8.0
12314,2025-10-08,DDU,PT DEEN DAYAL UPADHYAY JN,0.0
12314,2025-10-08,GAYA,GAYA JN,13.0
12314,2025-10-08,DHN,DHANBAD JN,0.0
12314,2025-10-08,ASN,ASANSOL JN,6.0
12314,2025-10-08,DGR,DURGAPUR,10.0
12314,2025-10-08,SDAH,SEALDAH,-1.0
12314,2025-10-09,NDLS,NEW DELHI,0.0
12314,2025-10-09,CNB,KANPUR CENTRAL,23.0
12314,2025-10-09,DDU,PT DEEN DAYAL UPADHYAY JN,12.0
12314,2025-10-09,GAYA,GAYA JN,17.0
12314,2025-10-09,DHN,DHANBAD JN,0.0
12314,2025-10-09,ASN,ASANSOL JN,12.0
12314,2025-10-09,DGR,DURGAPUR,17.0
12314,2025-10-09,SDAH,SEALDAH,13.0
12314,2025-10-10,NDLS,NEW DELHI,0.0
12314,2025-10-10,CNB,KANPUR CENTRAL,27.0
12314,2025-10-10,DDU,PT DEEN DAYAL UPADHYAY JN,9.0
12314,2025-10-10,GAYA,GAYA JN,17.0
12314,2025-10-10,DHN,DHANBAD JN,1.0
12314,2025-10-10,ASN,ASANSOL JN,14.0
12314,2025-10-10,DGR,DURGAPUR,21.0
12314,2025-10-10,SDAH,SEALDAH,13.0
12314,2025-10-11,NDLS,NEW DELHI,1.0
12314,2025-10-11,CNB,KANPUR CENTRAL,18.0
12314,2025-10-11,DDU,PT DEEN DAYAL UPADHYAY JN,0.0
12314,2025-10-11,GAYA,GAYA JN,6.0
12314,2025-10-11,DHN,DHANBAD JN,1.0
12314,2025-10-11,ASN,ASANSOL JN,10.0
12314,2025-10-11,DGR,DURGAPUR,14.0
12314,2025-10-11,SDAH,SEALDAH,-2.0
12314,2025-10-12,NDLS,NEW DELHI,0.0
12314,2025-10-12,CNB,KANPUR CENTRAL,25.0
12314,2025-10-12,DDU,PT DEEN DAYAL UPADHYAY JN,10.0
12314,2025-10-12,GAYA,GAYA JN,20.0
12314,2025-10-12,DHN,DHANBAD JN,9.0
12314,2025-10-12,ASN,ASANSOL JN,16.0
12314,2025-10-12,DGR,DURGAPUR,20.0
12314,2025-10-12,SDAH,SEALDAH,-2.0
12314,2025-10-13,NDLS,NEW DELHI,1.0
12314,2025-10-13,CNB,KANPUR CENTRAL,20.0
12314,2025-10-13,DDU,PT DEEN DAYAL UPADHYAY JN,5.0
12314,2025-10-13,GAYA,GAYA JN,22.0
12314,2025-10-13,DHN,DHANBAD JN,3.0
12314,2025-10-13,ASN,ASANSOL JN,10.0
12314,2025-10-13,DGR,DURGAPUR,17.0
12314,2025-10-13,SDAH,SEALDAH,-6.0
12314,2025-10-14,NDLS,NEW DELHI,0.0
12314,2025-10-14,CNB,KANPUR CENTRAL,18.0
12314,2025-10-14,DDU,PT DEEN DAYAL UPADHYAY JN,1.0
12314,2025-10-14,GAYA,GAYA JN,14.0
12314,2025-10-14,DHN,DHANBAD JN,3.0
12314,2025-10-14,ASN,ASANSOL JN,14.0
12314,2025-10-14,DGR,DURGAPUR,19.0
12314,2025-10-14,SDAH,SEALDAH,-1.0
12314,2025-10-15,NDLS,NEW DELHI,88.0
12314,2025-10-15,CNB,KANPUR CENTRAL,172.0
12314,2025-10-15,DDU,PT DEEN DAYAL UPADHYAY JN,189.0
12314,2025-10-15,GAYA,GAYA JN,209.0
12314,2025-10-15,DHN,DHANBAD JN,197.0
12314,2025-10-15,ASN,ASANSOL JN,212.0
12314,2025-10-15,DGR,DURGAPUR,216.0
12314,2025-10-15,SDAH,SEALDAH,186.0
12314,2025-10-16,NDLS,NEW DELHI,1.0
12314,2025-10-16,CNB,KANPUR CENTRAL,21.0
12314,2025-10-16,DDU,PT DEEN DAYAL UPADHYAY JN,0.0
12314,2025-10-16,GAYA,GAYA JN,25.0
12314,2025-10-16,DHN,DHANBAD JN,10.0
12314,2025-10-16,ASN,ASANSOL JN,19.0
12314,2025-10-16,DGR,DURGAPUR,24.0
12314,2025-10-16,SDAH,SEALDAH,4.0
12314,2025-10-17,NDLS,NEW DELHI,1.0
12314,2025-10-17,CNB,KANPUR CENTRAL,25.0
12314,2025-10-17,DDU,PT DEEN DAYAL UPADHYAY JN,68.0
12314,2025-10-17,GAYA,GAYA JN,103.0
12314,2025-10-17,DHN,DHANBAD JN,86.0
12314,2025-10-17,ASN,ASANSOL JN,102.0
12314,2025-10-17,DGR,DURGAPUR,103.0
12314,2025-10-17,SDAH,SEALDAH,68.0
12314,2025-10-18,NDLS,NEW DELHI,1.0
12314,2025-10-18,CNB,KANPUR CENTRAL,16.0
12314,2025-10-18,DDU,PT DEEN DAYAL UPADHYAY JN,2.0
12314,2025-10-18,GAYA,GAYA JN,5.0
12314,2025-10-18,DHN,DHANBAD JN,0.0
12314,2025-10-18,ASN,ASANSOL JN,13.0
12314,2025-10-18,DGR,DURGAPUR,17.0
12314,2025-10-18,SDAH,SEALDAH,-7.0
12314,2025-10-19,NDLS,NEW DELHI,1.0
12314,2025-10-19,CNB,KANPUR CENTRAL,21.0
12314,2025-10-19,DDU,PT DEEN DAYAL UPADHYAY JN,9.0
12314,2025-10-19,GAYA,GAYA JN,22.0
12314,2025-10-19,DHN,DHANBAD JN,5.0
12314,2025-10-19,ASN,ASANSOL JN,13.0
12314,2025-10-19,DGR,DURGAPUR,21.0
12314,2025-10-19,SDAH,SEALDAH,-14.0
12314,2025-10-20,NDLS,NEW DELHI,0.0
12314,2025-10-20,CNB,KANPUR CENTRAL,29.0
12314,2025-10-20,DDU,PT DEEN DAYAL UPADHYAY JN,0.0
12314,2025-10-20,GAYA,GAYA JN,2.0
12314,2025-10-20,DHN,DHANBAD JN,5.0
12314,2025-10-20,ASN,ASANSOL JN,15.0
12314,2025-10-20,DGR,DURGAPUR,22.0
12314,2025-10-20,SDAH,SEALDAH,3.0
12314,2025-10-21,NDLS,NEW DELHI,0.0
12314,2025-10-21,CNB,KANPUR CENTRAL,5.0
12314,2025-10-21,DDU,PT DEEN DAYAL UPADHYAY JN,0.0
12314,2025-10-21,GAYA,GAYA JN,10.0
12314,2025-10-21,DHN,DHANBAD JN,3.0
12314,2025-10-21,ASN,ASANSOL JN,73.0
12314,2025-10-21,DGR,DURGAPUR,79.0
12314,2025-10-21,SDAH,SEALDAH,62.0
12314,2025-10-22,NDLS,NEW DELHI,1.0
12314,2025-10-22,CNB,KANPUR CENTRAL,14.0
12314,2025-10-22,DDU,PT DEEN DAYAL UPADHYAY JN,9.0
12314,2025-10-22,GAYA,GAYA JN,17.0
12314,2025-10-22,DHN,DHANBAD JN,1.0
12314,2025-10-22,ASN,ASANSOL JN,11.0
12314,2025-10-22,DGR,DURGAPUR,17.0
12314,2025-10-22,SDAH,SEALDAH,14.0
12314,2025-10-23,NDLS,NEW DELHI,0.0
12314,2025-10-23,CNB,KANPUR CENTRAL,23.0
12314,2025-10-23,DDU,PT DEEN DAYAL UPADHYAY JN,5.0
12314,2025-10-23,GAYA,GAYA JN,48.0
12314,2025-10-23,DHN,DHANBAD JN,30.0
12314,2025-10-23,ASN,ASANSOL JN,43.0
12314,2025-10-23,DGR,DURGAPUR,46.0
12314,2025-10-23,SDAH,SEALDAH,33.0
12314,2025-10-24,NDLS,NEW DELHI,0.0
12314,2025-10-24,CNB,KANPUR CENTRAL,26.0
12314,2025-10-24,DDU,PT DEEN DAYAL UPADHYAY JN,19.0
12314,2025-10-24,GAYA,GAYA JN,23.0
12314,2025-10-24,DHN,DHANBAD JN,9.0
12314,2025-10-24,ASN,ASANSOL JN,18.0
12314,2025-10-24,DGR,DURGAPUR,20.0
12314,2025-10-24,SDAH,SEALDAH,3.0
12314,2025-10-25,NDLS,NEW DELHI,0.0
12314,2025-10-25,CNB,KANPUR CENTRAL,20.0
12314,2025-10-25,DDU,PT DEEN DAYAL UPADHYAY JN,24.0
12314,2025-10-25,GAYA,GAYA JN,28.0
12314,2025-10-25,DHN,DHANBAD JN,18.0
12314,2025-10-25,ASN,ASANSOL JN,33.0
12314,2025-10-25,DGR,DURGAPUR,36.0
12314,2025-10-25,SDAH,SEALDAH,4.0
12314,2025-10-26,NDLS,NEW DELHI,0.0
12314,2025-10-26,CNB,KANPUR CENTRAL,8.0
12314,2025-10-26,DDU,PT DEEN DAYAL UPADHYAY JN,1.0
12314,2025-10-26,GAYA,GAYA JN,5.0
12314,2025-10-26,DHN,DHANBAD JN,0.0
12314,2025-10-26,ASN,ASANSOL JN,12.0
12314,2025-10-26,DGR,DURGAPUR,15.0
12314,2025-10-26,SDAH,SEALDAH,-11.0
12314,2025-10-27,NDLS,NEW DELHI,0.0
12314,2025-10-27,CNB,KANPUR CENTRAL,27.0
12314,2025-10-27,DDU,PT DEEN DAYAL UPADHYAY JN,26.0
12314,2025-10-27,GAYA,GAYA JN,43.0
12314,2025-10-27,DHN,DHANBAD JN,22.0
12314,2025-10-27,ASN,ASANSOL JN,33.0
12314,2025-10-27,DGR,DURGAPUR,37.0
12314,2025-10-27,SDAH,SEALDAH,11.0
12314,2025-10-28,NDLS,NEW DELHI,0.0
12314,2025-10-28,CNB,KANPUR CENTRAL,7.0
12314,2025-10-28,DDU,PT DEEN DAYAL UPADHYAY JN,11.0
12314,2025-10-28,GAYA,GAYA JN,12.0
12314,2025-10-28,DHN,DHANBAD JN,2.0
12314,2025-10-28,ASN,ASANSOL JN,19.0
12314,2025-10-28,DGR,DURGAPUR,24.0
12314,2025-10-28,SDAH,SEALDAH,5.0
12314,2025-10-29,NDLS,NEW DELHI,0.0
12314,2025-10-29,CNB,KANPUR CENTRAL,27.0
12314,2025-10-29,DDU,PT DEEN DAYAL UPADHYAY JN,10.0
12314,2025-10-29,GAYA,GAYA JN,18.0
12314,2025-10-29,DHN,DHANBAD JN,10.0
12314,2025-10-29,ASN,ASANSOL JN,25.0
12314,2025-10-29,DGR,DURGAPUR,35.0
12314,2025-10-29,SDAH,SEALDAH,6.0
12314,2025-10-30,NDLS,NEW DELHI,0.0
12314,2025-10-30,CNB,KANPUR CENTRAL,25.0
12314,2025-10-30,DDU,PT DEEN DAYAL UPADHYAY JN,34.0
12314,2025-10-30,GAYA,GAYA JN,49.0
12314,2025-10-30,DHN,DHANBAD JN,36.0
12314,2025-10-30,ASN,ASANSOL JN,53.0
12314,2025-10-30,DGR,DURGAPUR,55.0
12314,2025-10-30,SDAH,SEALDAH,28.0
12314,2025-10-31,NDLS,NEW DELHI,0.0
12314,2025-10-31,CNB,KANPUR CENTRAL,17.0
12314,2025-10-31,DDU,PT DEEN DAYAL UPADHYAY JN,11.0
12314,2025-10-31,GAYA,GAYA JN,12.0
12314,2025-10-31,DHN,DHANBAD JN,7.0
12314,2025-10-31,ASN,ASANSOL JN,22.0
12314,2025-10-31,DGR,DURGAPUR,24.0
12314,2025-10-31,SDAH,SEALDAH,10.0
12314,2025-11-01,NDLS,NEW DELHI,0.0
12314,2025-11-01,CNB,KANPUR CENTRAL,18.0
12314,2025-11-01,DDU,PT DEEN DAYAL UPADHYAY JN,46.0
12314,2025-11-01,GAYA,GAYA JN,55.0
12314,2025-11-01,DHN,DHANBAD JN,76.0
12314,2025-11-01,ASN,ASANSOL JN,95.0
12314,2025-11-01,DGR,DURGAPUR,96.0
12314,2025-11-01,SDAH,SEALDAH,73.0
12314,2025-11-02,NDLS,NEW DELHI,0.0
12314,2025-11-02,CNB,KANPUR CENTRAL,28.0
12314,2025-11-02,DDU,PT DEEN DAYAL UPADHYAY JN,4.0
12314,2025-11-02,GAYA,GAYA JN,4.0
12314,2025-11-02,DHN,DHANBAD JN,8.0
12314,2025-11-02,ASN,ASANSOL JN,23.0
12314,2025-11-02,DGR,DURGAPUR,33.0
12314,2025-11-02,SDAH,SEALDAH,12.0
12314,2025-11-03,NDLS,NEW DELHI,1.0
12314,2025-11-03,CNB,KANPUR CENTRAL,32.0
12314,2025-11-03,DDU,PT DEEN DAYAL UPADHYAY JN,15.0
12314,2025-11-03,GAYA,GAYA JN,21.0
12314,2025-11-03,DHN,DHANBAD JN,5.0
12314,2025-11-03,ASN,ASANSOL JN,16.0
12314,2025-11-03,DGR,DURGAPUR,17.0
12314,2025-11-03,SDAH,SEALDAH,0.0
12314,2025-11-04,NDLS,NEW DELHI,0.0
12314,2025-11-04,CNB,KANPUR CENTRAL,12.0
12314,2025-11-04,DDU,PT DEEN DAYAL UPADHYAY JN,13.0
12314,2025-11-04,GAYA,GAYA JN,18.0
12314,2025-11-04,DHN,DHANBAD JN,10.0
12314,2025-11-04,ASN,ASANSOL JN,22.0
12314,2025-11-04,DGR,DURGAPUR,23.0
12314,2025-11-04,SDAH,SEALDAH,-11.0
12314,2025-11-05,NDLS,NEW DELHI,0.0
12314,2025-11-05,CNB,KANPUR CENTRAL,10.0
12314,2025-11-05,DDU,PT DEEN DAYAL UPADHYAY JN,13.0
12314,2025-11-05,GAYA,GAYA JN,16.0
12314,2025-11-05,DHN,DHANBAD JN,7.0
12314,2025-11-05,ASN,ASANSOL JN,22.0
12314,2025-11-05,DGR,DURGAPUR,29.0
12314,2025-11-05,SDAH,SEALDAH,1.0
12314,2025-11-06,NDLS,NEW DELHI,0.0
12314,2025-11-06,CNB,KANPUR CENTRAL,17.0
12314,2025-11-06,DDU,PT DEEN DAYAL UPADHYAY JN,7.0
12314,2025-11-06,GAYA,GAYA JN,13.0
12314,2025-11-06,DHN,DHANBAD JN,5.0
12314,2025-11-06,ASN,ASANSOL JN,19.0
12314,2025-11-06,DGR,DURGAPUR,21.0
12314,2025-11-06,SDAH,SEALDAH,6.0
12314,2025-11-07,NDLS,NEW DELHI,0.0
12314,2025-11-07,CNB,KANPUR CENTRAL,5.0
12314,2025-11-07,DDU,PT DEEN DAYAL UPADHYAY JN,0.0
12314,2025-11-07,GAYA,GAYA JN,11.0
12314,2025-11-07,DHN,DHANBAD JN,7.0
12314,2025-11-07,ASN,ASANSOL JN,29.0
12314,2025-11-07,DGR,DURGAPUR,31.0
12314,2025-11-07,SDAH,SEALDAH,6.0
12314,2025-11-08,NDLS,NEW DELHI,0.0
12314,2025-11-08,CNB,KANPUR CENTRAL,14.0
12314,2025-11-08,DDU,PT DEEN DAYAL UPADHYAY JN,39.0
12314,2025-11-08,GAYA,GAYA JN,42.0
12314,2025-11-08,DHN,DHANBAD JN,26.0
12314,2025-11-08,ASN,ASANSOL JN,42.0
12314,2025-11-08,DGR,DURGAPUR,46.0
12314,2025-11-08,SDAH,SEALDAH,26.0
12314,2025-11-09,NDLS,NEW DELHI,1.0
12314,2025-11-09,CNB,KANPUR CENTRAL,15.0
12314,2025-11-09,DDU,PT DEEN DAYAL UPADHYAY JN,1.0
12314,2025-11-09,GAYA,GAYA JN,9.0
12314,2025-11-09,DHN,DHANBAD JN,2.0
12314,2025-11-09,ASN,ASANSOL JN,17.0
12314,2025-11-09,DGR,DURGAPUR,21.0
12314,2025-11-09,SDAH,SEALDAH,11.0
12314,2025-11-10,NDLS,NEW DELHI,1.0
12314,2025-11-10,CNB,KANPUR CENTRAL,3.0
12314,2025-11-10,DDU,PT DEEN DAYAL UPADHYAY JN,0.0
12314,2025-11-10,GAYA,GAYA JN,2.0
12314,2025-11-10,DHN,DHANBAD JN,1.0
12314,2025-11-10,ASN,ASANSOL JN,23.0
12314,2025-11-10,DGR,DURGAPUR,26.0
12314,2025-11-10,SDAH,SEALDAH,-2.0
12314,2025-11-11,NDLS,NEW DELHI,0.0
12314,2025-11-11,CNB,KANPUR CENTRAL,23.0
12314,2025-11-11,DDU,PT DEEN DAYAL UPADHYAY JN,57.0
12314,2025-11-11,GAYA,GAYA JN,58.0
12314,2025-11-11,DHN,DHANBAD JN,42.0
12314,2025-11-11,ASN,ASANSOL JN,62.0
12314,2025-11-11,DGR,DURGAPUR,69.0
12314,2025-11-11,SDAH,SEALDAH,56.0
12314,2025-11-12,NDLS,NEW DELHI,1.0
12314,2025-11-12,CNB,KANPUR CENTRAL,12.0
12314,2025-11-12,DDU,PT DEEN DAYAL UPADHYAY JN,1.0
12314,2025-11-12,GAYA,GAYA JN,2.0
12314,2025-11-12,DHN,DHANBAD JN,5.0
12314,2025-11-12,ASN,ASANSOL JN,21.0
12314,2025-11-12,DGR,DURGAPUR,25.0
12314,2025-11-12,SDAH,SEALDAH,7.0
12314,2025-11-13,NDLS,NEW DELHI,1.0
12314,2025-11-13,CNB,KANPUR CENTRAL,13.0
12314,2025-11-13,DDU,PT DEEN DAYAL UPADHYAY JN,3.0
12314,2025-11-13,GAYA,GAYA JN,12.0
12314,2025-11-13,DHN,DHANBAD JN,13.0
12314,2025-11-13,ASN,ASANSOL JN,25.0
12314,2025-11-13,DGR,DURGAPUR,29.0
12314,2025-11-13,SDAH,SEALDAH,7.0
12314,2025-11-14,NDLS,NEW DELHI,0.0
12314,2025-11-14,CNB,KANPUR CENTRAL,6.0
12314,2025-11-14,DDU,PT DEEN DAYAL UPADHYAY JN,0.0
12314,2025-11-14,GAYA,GAYA JN,6.0
12314,2025-11-14,DHN,DHANBAD JN,18.0
12314,2025-11-14,ASN,ASANSOL JN,32.0
12314,2025-11-14,DGR,DURGAPUR,37.0
12314,2025-11-14,SDAH,SEALDAH,11.0
12314,2025-11-15,NDLS,NEW DELHI,0.0
12314,2025-11-15,CNB,KANPUR CENTRAL,5.0
12314,2025-11-15,DDU,PT DEEN DAYAL UPADHYAY JN,0.0
12314,2025-11-15,GAYA,GAYA JN,12.0
12314,2025-11-15,DHN,DHANBAD JN,1.0
12314,2025-11-15,ASN,ASANSOL JN,10.0
12314,2025-11-15,DGR,DURGAPUR,13.0
12314,2025-11-15,SDAH,SEALDAH,-12.0
12314,2025-11-16,NDLS,NEW DELHI,0.0
12314,2025-11-16,CNB,KANPUR CENTRAL,5.0
12314,2025-11-16,DDU,PT DEEN DAYAL UPADHYAY JN,1.0
12314,2025-11-16,GAYA,GAYA JN,11.0
12314,2025-11-16,DHN,DHANBAD JN,0.0
12314,2025-11-16,ASN,ASANSOL JN,12.0
12314,2025-11-16,DGR,DURGAPUR,21.0
12314,2025-11-16,SDAH,SEALDAH,6.0
12314,2025-11-17,NDLS,NEW DELHI,0.0
12314,2025-11-17,CNB,KANPUR CENTRAL,19.0
12314,2025-11-17,DDU,PT DEEN DAYAL UPADHYAY JN,8.0
12314,2025-11-17,GAYA,GAYA JN,14.0
12314,2025-11-17,DHN,DHANBAD JN,4.0
12314,2025-11-17,ASN,ASANSOL JN,14.0
12314,2025-11-17,DGR,DURGAPUR,18.0
12314,2025-11-17,SDAH,SEALDAH,0.0
12314,2025-11-18,NDLS,NEW DELHI,0.0
12314,2025-11-18,CNB,KANPUR CENTRAL,13.0
12314,2025-11-18,DDU,PT DEEN DAYAL UPADHYAY JN,0.0
12314,2025-11-18,GAYA,GAYA JN,14.0
12314,2025-11-18,DHN,DHANBAD JN,1.0
12314,2025-11-18,ASN,ASANSOL JN,18.0
12314,2025-11-18,DGR,DURGAPUR,23.0
12314,2025-11-18,SDAH,SEALDAH,4.0
12314,2025-11-19,NDLS,NEW DELHI,0.0
12314,2025-11-19,CNB,KANPUR CENTRAL,15.0
12314,2025-11-19,DDU,PT DEEN DAYAL UPADHYAY JN,7.0
12314,2025-11-19,GAYA,GAYA JN,16.0
12314,2025-11-19,DHN,DHANBAD JN,9.0
12314,2025-11-19,ASN,ASANSOL JN,19.0
12314,2025-11-19,DGR,DURGAPUR,22.0
12314,2025-11-19,SDAH,SEALDAH,15.0
12314,2025-11-20,NDLS,NEW DELHI,0.0
12314,2025-11-20,CNB,KANPUR CENTRAL,10.0
12314,2025-11-20,DDU,PT DEEN DAYAL UPADHYAY JN,1.0
12314,2025-11-20,GAYA,GAYA JN,19.0
12314,2025-11-20,DHN,DHANBAD JN,2.0
12314,2025-11-20,ASN,ASANSOL JN,15.0
12314,2025-11-20,DGR,DURGAPUR,32.0
12314,2025-11-20,SDAH,SEALDAH,7.0
12314,2025-11-21,NDLS,NEW DELHI,1.0
12314,2025-11-21,CNB,KANPUR CENTRAL,24.0
12314,2025-11-21,DDU,PT DEEN DAYAL UPADHYAY JN,7.0
12314,2025-11-21,GAYA,GAYA JN,17.0
12314,2025-11-21,DHN,DHANBAD JN,0.0
12314,2025-11-21,ASN,ASANSOL JN,11.0
12314,2025-11-21,DGR,DURGAPUR,28.0
12314,2025-11-21,SDAH,SEALDAH,-4.0
12314,2025-11-22,NDLS,NEW DELHI,1.0
12314,2025-11-22,CNB,KANPUR CENTRAL,13.0
12314,2025-11-22,DDU,PT DEEN DAYAL UPADHYAY JN,5.0
12314,2025-11-22,GAYA,GAYA JN,14.0
12314,2025-11-22,DHN,DHANBAD JN,5.0
12314,2025-11-22,ASN,ASANSOL JN,13.0
12314,2025-11-22,DGR,DURGAPUR,15.0
12314,2025-11-22,SDAH,SEALDAH,-14.0
12314,2025-11-23,NDLS,NEW DELHI,0.0
12314,2025-11-23,CNB,KANPUR CENTRAL,9.0
12314,2025-11-23,DDU,PT DEEN DAYAL UPADHYAY JN,1.0
12314,2025-11-23,GAYA,GAYA JN,5.0
12314,2025-11-23,DHN,DHANBAD JN,0.0
12314,2025-11-23,ASN,ASANSOL JN,16.0
12314,2025-11-23,DGR,DURGAPUR,19.0
12314,2025-11-23,SDAH,SEALDAH,-1.0
12314,2025-11-24,NDLS,NEW DELHI,0.0
12314,2025-11-24,CNB,KANPUR CENTRAL,14.0
12314,2025-11-24,DDU,PT DEEN DAYAL UPADHYAY JN,1.0
12314,2025-11-24,GAYA,GAYA JN,6.0
12314,2025-11-24,DHN,DHANBAD JN,1.0
12314,2025-11-24,ASN,ASANSOL JN,9.0
12314,2025-11-24,DGR,DURGAPUR,15.0
12314,2025-11-24,SDAH,SEALDAH,0.0
12314,2025-11-25,NDLS,NEW DELHI,2.0
12314,2025-11-25,CNB,KANPUR CENTRAL,31.0
12314,2025-11-25,DDU,PT DEEN DAYAL UPADHYAY JN,15.0
12314,2025-11-25,GAYA,GAYA JN,17.0
12314,2025-11-25,DHN,DHANBAD JN,0.0
12314,2025-11-25,ASN,ASANSOL JN,16.0
12314,2025-11-25,DGR,DURGAPUR,10.0
12314,2025-11-25,SDAH,SEALDAH,-2.0
12314,2025-11-26,NDLS,NEW DELHI,0.0
12314,2025-11-26,CNB,KANPUR CENTRAL,26.0
12314,2025-11-26,DDU,PT DEEN DAYAL UPADHYAY JN,12.0
12314,2025-11-26,GAYA,GAYA JN,19.0
12314,2025-11-26,DHN,DHANBAD JN,1.0
12314,2025-11-26,ASN,ASANSOL JN,9.0
12314,2025-11-26,DGR,DURGAPUR,14.0
12314,2025-11-26,SDAH,SEALDAH,1.0
12314,2025-11-27,NDLS,NEW DELHI,0.0
12314,2025-11-27,CNB,KANPUR CENTRAL,12.0
12314,2025-11-27,DDU,PT DEEN DAYAL UPADHYAY JN,0.0
12314,2025-11-27,GAYA,GAYA JN,14.0
12314,2025-11-27,DHN,DHANBAD JN,1.0
12314,2025-11-27,ASN,ASANSOL JN,10.0
12314,2025-11-27,DGR,DURGAPUR,2.0
12314,2025-11-27,SDAH,SEALDAH,-7.0
12314,2025-11-28,NDLS,NEW DELHI,0.0
12314,2025-11-28,CNB,KANPUR CENTRAL,21.0
12314,2025-11-28,DDU,PT DEEN DAYAL UPADHYAY JN,0.0
12314,2025-11-28,GAYA,GAYA JN,7.0
12314,2025-11-28,DHN,DHANBAD JN,0.0
12314,2025-11-28,ASN,ASANSOL JN,13.0
12314,2025-11-28,DGR,DURGAPUR,26.0
12314,2025-11-28,SDAH,SEALDAH,6.0
12314,2025-11-29,NDLS,NEW DELHI,0.0
12314,2025-11-29,CNB,KANPUR CENTRAL,9.0
12314,2025-11-29,DDU,PT DEEN DAYAL UPADHYAY JN,0.0
12314,2025-11-29,GAYA,GAYA JN,2.0
12314,2025-11-29,DHN,DHANBAD JN,2.0
12314,2025-11-29,ASN,ASANSOL JN,13.0
12314,2025-11-29,DGR,DURGAPUR,19.0
12314,2025-11-29,SDAH,SEALDAH,-10.0
12314,2025-11-30,NDLS,NEW DELHI,0.0
12314,2025-11-30,CNB,KANPUR CENTRAL,4.0
12314,2025-11-30,DDU,PT DEEN DAYAL UPADHYAY JN,0.0
12314,2025-11-30,GAYA,GAYA JN,15.0
12314,2025-11-30,DHN,DHANBAD JN,1.0
12314,2025-11-30,ASN,ASANSOL JN,13.0
12314,2025-11-30,DGR,DURGAPUR,24.0
12314,2025-11-30,SDAH,SEALDAH,4.0
12314,2025-12-01,NDLS,NEW DELHI,1.0
12314,2025-12-01,CNB,KANPUR CENTRAL,2.0
12314,2025-12-01,DDU,PT DEEN DAYAL UPADHYAY JN,0.0
12314,2025-12-01,GAYA,GAYA JN,6.0
12314,2025-12-01,DHN,DHANBAD JN,0.0
12314,2025-12-01,ASN,ASANSOL JN,12.0
12314,2025-12-01,DGR,DURGAPUR,0.0
12314,2025-12-01,SDAH,SEALDAH,-1.0
12314,2025-12-02,NDLS,NEW DELHI,0.0
12314,2025-12-02,CNB,KANPUR CENTRAL,0.0
12314,2025-12-02,DDU,PT DEEN DAYAL UPADHYAY JN,0.0
12314,2025-12-02,GAYA,GAYA JN,9.0
12314,2025-12-02,DHN,DHANBAD JN,1.0
12314,2025-12-02,ASN,ASANSOL JN,11.0
12314,2025-12-02,DGR,DURGAPUR,14.0
12314,2025-12-02,SDAH,SEALDAH,-9.0
12314,2025-12-03,NDLS,NEW DELHI,0.0
12314,2025-12-03,CNB,KANPUR CENTRAL,5.0
12314,2025-12-03,DDU,PT DEEN DAYAL UPADHYAY JN,0.0
12314,2025-12-03,GAYA,GAYA JN,3.0
12314,2025-12-03,DHN,DHANBAD JN,0.0
12314,2025-12-03,ASN,ASANSOL JN,14.0
12314,2025-12-03,DGR,DURGAPUR,18.0
12314,2025-12-03,SDAH,SEALDAH,6.0
12314,2025-12-04,NDLS,NEW DELHI,0.0
12314,2025-12-04,CNB,KANPUR CENTRAL,0.0
12314,2025-12-04,DDU,PT DEEN DAYAL UPADHYAY JN,0.0
12314,2025-12-04,GAYA,GAYA JN,9.0
12314,2025-12-04,DHN,DHANBAD JN,2.0
12314,2025-12-04,ASN,ASANSOL JN,16.0
12314,2025-12-04,DGR,DURGAPUR,20.0
12314,2025-12-04,SDAH,SEALDAH,2.0
12314,2025-12-05,NDLS,NEW DELHI,0.0
12314,2025-12-05,CNB,KANPUR CENTRAL,3.0
12314,2025-12-05,DDU,PT DEEN DAYAL UPADHYAY JN,0.0
12314,2025-12-05,GAYA,GAYA JN,8.0
12314,2025-12-05,DHN,DHANBAD JN,7.0
12314,2025-12-05,ASN,ASANSOL JN,34.0
12314,2025-12-05,DGR,DURGAPUR,25.0
12314,2025-12-05,SDAH,SEALDAH,34.0
12314,2025-12-06,NDLS,NEW DELHI,4.0
12314,2025-12-06,CNB,KANPUR CENTRAL,18.0
12314,2025-12-06,DDU,PT DEEN DAYAL UPADHYAY JN,3.0
12314,2025-12-06,GAYA,GAYA JN,7.0
12314,2025-12-06,DHN,DHANBAD JN,1.0
12314,2025-12-06,ASN,ASANSOL JN,15.0
12314,2025-12-06,DGR,DURGAPUR,22.0
12314,2025-12-06,SDAH,SEALDAH,18.0
12314,2025-12-07,NDLS,NEW DELHI,0.0
12314,2025-12-07,CNB,KANPUR CENTRAL,4.0
12314,2025-12-07,DDU,PT DEEN DAYAL UPADHYAY JN,0.0
12314,2025-12-07,GAYA,GAYA JN,12.0
12314,2025-12-07,DHN,DHANBAD JN,26.0
12314,2025-12-07,ASN,ASANSOL JN,36.0
12314,2025-12-07,DGR,DURGAPUR,23.0
12314,2025-12-07,SDAH,SEALDAH,130.0
12314,2025-12-08,NDLS,NEW DELHI,0.0
12314,2025-12-08,CNB,KANPUR CENTRAL,1.0
12314,2025-12-08,DDU,PT DEEN DAYAL UPADHYAY JN,0.0
12314,2025-12-08,GAYA,GAYA JN,7.0
12314,2025-12-08,DHN,DHANBAD JN,0.0
12314,2025-12-08,ASN,ASANSOL JN,9.0
12314,2025-12-08,DGR,DURGAPUR,11.0
12314,2025-12-08,SDAH,SEALDAH,44.0
12314,2025-12-09,NDLS,NEW DELHI,4.0
12314,2025-12-09,CNB,KANPUR CENTRAL,0.0
12314,2025-12-09,DDU,PT DEEN DAYAL UPADHYAY JN,1.0
12314,2025-12-09,GAYA,GAYA JN,13.0
12314,2025-12-09,DHN,DHANBAD JN,0.0
12314,2025-12-09,ASN,ASANSOL JN,14.0
12314,2025-12-09,DGR,DURGAPUR,17.0
12314,2025-12-09,SDAH,SEALDAH,52.0
12314,2025-12-10,NDLS,NEW DELHI,4.0
12314,2025-12-10,CNB,KANPUR CENTRAL,11.0
12314,2025-12-10,DDU,PT DEEN DAYAL UPADHYAY JN,0.0
12314,2025-12-10,GAYA,GAYA JN,11.0
12314,2025-12-10,DHN,DHANBAD JN,0.0
12314,2025-12-10,ASN,ASANSOL JN,13.0
12314,2025-12-10,DGR,DURGAPUR,16.0
12314,2025-12-10,SDAH,SEALDAH,135.0
12314,2025-12-11,NDLS,NEW DELHI,5.0
12314,2025-12-11,CNB,KANPUR CENTRAL,5.0
12314,2025-12-11,DDU,PT DEEN DAYAL UPADHYAY JN,0.0
12314,2025-12-11,GAYA,GAYA JN,5.0
12314,2025-12-11,DHN,DHANBAD JN,1.0
12314,2025-12-11,ASN,ASANSOL JN,10.0
12314,2025-12-11,DGR,DURGAPUR,14.0
12314,2025-12-11,SDAH,SEALDAH,61.0
12314,2025-12-12,NDLS,NEW DELHI,0.0
12314,2025-12-12,CNB,KANPUR CENTRAL,6.0
12314,2025-12-12,DDU,PT DEEN DAYAL UPADHYAY JN,0.0
12314,2025-12-12,GAYA,GAYA JN,5.0
12314,2025-12-12,DHN,DHANBAD JN,1.0
12314,2025-12-12,ASN,ASANSOL JN,18.0
12314,2025-12-12,DGR,DURGAPUR,20.0
12314,2025-12-12,SDAH,SEALDAH,2.0
12314,2025-12-13,NDLS,NEW DELHI,110.0
12314,2025-12-13,CNB,KANPUR CENTRAL,125.0
12314,2025-12-13,DDU,PT DEEN DAYAL UPADHYAY JN,208.0
12314,2025-12-13,GAYA,GAYA JN,253.0
12314,2025-12-13,DHN,DHANBAD JN,232.0
12314,2025-12-13,ASN,ASANSOL JN,242.0
12314,2025-12-13,DGR,DURGAPUR,246.0
12314,2025-12-13,SDAH,SEALDAH,223.0
12314,2025-12-14,NDLS,NEW DELHI,117.0
12314,2025-12-14,CNB,KANPUR CENTRAL,141.0
12314,2025-12-14,DDU,PT DEEN DAYAL UPADHYAY JN,204.0
12314,2025-12-14,GAYA,GAYA JN,221.0
12314,2025-12-14,DHN,DHANBAD JN,201.0
12314,2025-12-14,ASN,ASANSOL JN,216.0
12314,2025-12-14,DGR,DURGAPUR,206.0
12314,2025-12-14,SDAH,SEALDAH,191.0
12314,2025-12-15,NDLS,NEW DELHI,298.0
12314,2025-12-15,CNB,KANPUR CENTRAL,928.0
12314,2025-12-15,DDU,PT DEEN DAYAL UPADHYAY JN,957.0
12314,2025-12-15,GAYA,GAYA JN,974.0
12314,2025-12-15,DHN,DHANBAD JN,962.0
12314,2025-12-15,ASN,ASANSOL JN,978.0
12314,2025-12-15,DGR,DURGAPUR,982.0
12314,2025-12-15,SDAH,SEALDAH,971.0
12314,2025-12-16,NDLS,NEW DELHI,257.0
12314,2025-12-16,CNB,KANPUR CENTRAL,306.0
12314,2025-12-16,DDU,PT DEEN DAYAL UPADHYAY JN,344.0
12314,2025-12-16,GAYA,GAYA JN,351.0
12314,2025-12-16,DHN,DHANBAD JN,342.0
12314,2025-12-16,ASN,ASANSOL JN,357.0
12314,2025-12-16,DGR,DURGAPUR,361.0
12314,2025-12-16,SDAH,SEALDAH,336.0
12314,2025-12-17,NDLS,NEW DELHI,1.0
12314,2025-12-17,CNB,KANPUR CENTRAL,7.0
12314,2025-12-17,DDU,PT DEEN DAYAL UPADHYAY JN,30.0
12314,2025-12-17,GAYA,GAYA JN,97.0
12314,2025-12-17,DHN,DHANBAD JN,100.0
12314,2025-12-17,ASN,ASANSOL JN,116.0
12314,2025-12-17,DGR,DURGAPUR,119.0
12314,2025-12-17,SDAH,SEALDAH,105.0
12314,2025-12-18,NDLS,NEW DELHI,178.0
12314,2025-12-18,CNB,KANPUR CENTRAL,285.0
12314,2025-12-18,DDU,PT DEEN DAYAL UPADHYAY JN,294.0
12314,2025-12-18,GAYA,GAYA JN,297.0
12314,2025-12-18,DHN,DHANBAD JN,298.0
12314,2025-12-18,ASN,ASANSOL JN,322.0
12314,2025-12-18,DGR,DURGAPUR,323.0
12314,2025-12-18,SDAH,SEALDAH,298.0
12314,2025-12-19,NDLS,NEW DELHI,144.0
12314,2025-12-19,CNB,KANPUR CENTRAL,490.0
12314,2025-12-19,DDU,PT DEEN DAYAL UPADHYAY JN,537.0
12314,2025-12-19,GAYA,GAYA JN,576.0
12314,2025-12-19,DHN,DHANBAD JN,559.0
12314,2025-12-19,ASN,ASANSOL JN,573.0
12314,2025-12-19,DGR,DURGAPUR,578.0
12314,2025-12-19,SDAH,SEALDAH,558.0
12314,2025-12-20,NDLS,NEW DELHI,260.0
12314,2025-12-20,CNB,KANPUR CENTRAL,516.0
12314,2025-12-20,DDU,PT DEEN DAYAL UPADHYAY JN,543.0
12314,2025-12-20,GAYA,GAYA JN,540.0
12314,2025-12-20,DHN,DHANBAD JN,528.0
12314,2025-12-20,ASN,ASANSOL JN,539.0
12314,2025-12-20,DGR,DURGAPUR,545.0
12314,2025-12-20,SDAH,SEALDAH,515.0
12314,2025-12-21,NDLS,NEW DELHI,292.0
12314,2025-12-21,CNB,KANPUR CENTRAL,493.0
12314,2025-12-21,DDU,PT DEEN DAYAL UPADHYAY JN,633.0
12314,2025-12-21,GAYA,GAYA JN,636.0
12314,2025-12-21,DHN,DHANBAD JN,629.0
12314,2025-12-21,ASN,ASANSOL JN,644.0
12314,2025-12-21,DGR,DURGAPUR,645.0
12314,2025-12-21,SDAH,SEALDAH,652.0
12314,2025-12-22,NDLS,NEW DELHI,396.0
12314,2025-12-22,CNB,KANPUR CENTRAL,879.0
12314,2025-12-22,DDU,PT DEEN DAYAL UPADHYAY JN,1013.0
12314,2025-12-22,GAYA,GAYA JN,1014.0
12314,2025-12-22,DHN,DHANBAD JN,1002.0
12314,2025-12-22,ASN,ASANSOL JN,1015.0
12314,2025-12-22,DGR,DURGAPUR,1018.0
12314,2025-12-22,SDAH,SEALDAH,1009.0
12314,2025-12-23,NDLS,NEW DELHI,520.0
12314,2025-12-23,CNB,KANPUR CENTRAL,695.0
12314,2025-12-23,DDU,PT DEEN DAYAL UPADHYAY JN,822.0
12314,2025-12-23,GAYA,GAYA JN,838.0
12314,2025-12-23,DHN,DHANBAD JN,855.0
12314,2025-12-23,ASN,ASANSOL JN,875.0
12314,2025-12-23,DGR,DURGAPUR,877.0
12314,2025-12-23,SDAH,SEALDAH,860.0
12314,2025-12-24,NDLS,NEW DELHI,525.0
12314,2025-12-24,CNB,KANPUR CENTRAL,805.0
12314,2025-12-24,DDU,PT DEEN DAYAL UPADHYAY JN,828.0
12314,2025-12-24,GAYA,GAYA JN,852.0
12314,2025-12-24,DHN,DHANBAD JN,838.0
12314,2025-12-24,ASN,ASANSOL JN,858.0
12314,2025-12-24,DGR,DURGAPUR,872.0
12314,2025-12-24,SDAH,SEALDAH,854.0
12314,2025-12-25,NDLS,NEW DELHI,355.0
12314,2025-12-25,CNB,KANPUR CENTRAL,749.0
12314,2025-12-25,DDU,PT DEEN DAYAL UPADHYAY JN,822.0
12314,2025-12-25,GAYA,GAYA JN,828.0
12314,2025-12-25,DHN,DHANBAD JN,819.0
12314,2025-12-25,ASN,ASANSOL JN,848.0
12314,2025-12-25,DGR,DURGAPUR,850.0
12314,2025-12-25,SDAH,SEALDAH,826.0
12314,2025-12-26,NDLS,NEW DELHI,435.0
12314,2025-12-26,CNB,KANPUR CENTRAL,858.0
12314,2025-12-26,DDU,PT DEEN DAYAL UPADHYAY JN,932.0
12314,2025-12-26,GAYA,GAYA JN,933.0
12314,2025-12-26,DHN,DHANBAD JN,935.0
12314,2025-12-26,ASN,ASANSOL JN,953.0
12314,2025-12-26,DGR,DURGAPUR,957.0
12314,2025-12-26,SDAH,SEALDAH,942.0
12314,2025-12-27,NDLS,NEW DELHI,532.0
12314,2025-12-27,CNB,KANPUR CENTRAL,926.0
12314,2025-12-27,DDU,PT DEEN DAYAL UPADHYAY JN,997.0
12314,2025-12-27,GAYA,GAYA JN,1001.0
12314,2025-12-27,DHN,DHANBAD JN,992.0
12314,2025-12-27,ASN,ASANSOL JN,1008.0
12314,2025-12-27,DGR,DURGAPUR,1011.0
12314,2025-12-27,SDAH,SEALDAH,1003.0
12314,2025-12-28,NDLS,NEW DELHI,633.0
12314,2025-12-28,CNB,KANPUR CENTRAL,1004.0
12314,2025-12-28,DDU,PT DEEN DAYAL UPADHYAY JN,1121.0
12314,2025-12-28,GAYA,GAYA JN,1126.0
12314,2025-12-28,DHN,DHANBAD JN,1121.0
12314,2025-12-28,ASN,ASANSOL JN,1141.0
12314,2025-12-28,DGR,DURGAPUR,1142.0
12314,2025-12-28,SDAH,SEALDAH,1127.0
12314,2025-12-29,NDLS,NEW DELHI,258.0
12314,2025-12-29,CNB,KANPUR CENTRAL,684.0
12314,2025-12-29,DDU,PT DEEN DAYAL UPADHYAY JN,739.0
12314,2025-12-29,GAYA,GAYA JN,752.0
12314,2025-12-29,DHN,DHANBAD JN,768.0
12314,2025-12-29,ASN,ASANSOL JN,786.0
12314,2025-12-29,DGR,DURGAPUR,788.0
12314,2025-12-29,SDAH,SEALDAH,782.0
12314,2025-12-30,NDLS,NEW DELHI,241.0
12314,2025-12-30,CNB,KANPUR CENTRAL,698.0
12314,2025-12-30,DDU,PT DEEN DAYAL UPADHYAY JN,775.0
12314,2025-12-30,GAYA,GAYA JN,820.0
12314,2025-12-30,DHN,DHANBAD JN,817.0
12314,2025-12-30,ASN,ASANSOL JN,835.0
12314,2025-12-30,DGR,DURGAPUR,846.0
12314,2025-12-30,SDAH,SEALDAH,837.0
12314,2025-12-31,NDLS,NEW DELHI,565.0
12314,2025-12-31,CNB,KANPUR CENTRAL,836.0
12314,2025-12-31,DDU,PT DEEN DAYAL UPADHYAY JN,895.0
12314,2025-12-31,GAYA,GAYA JN,984.0
12314,2025-12-31,DHN,DHANBAD JN,996.0
12314,2025-12-31,ASN,ASANSOL JN,1016.0
12314,2025-12-31,DGR,DURGAPUR,1018.0
12314,2025-12-31,SDAH,SEALDAH,1005.0
12314,2026-01-01,NDLS,NEW DELHI,17.0
12314,2026-01-01,CNB,KANPUR CENTRAL,25.0
12314,2026-01-01,DDU,PT DEEN DAYAL UPADHYAY JN,209.0
12314,2026-01-01,GAYA,GAYA JN,260.0
12314,2026-01-01,DHN,DHANBAD JN,259.0
12314,2026-01-01,ASN,ASANSOL JN,273.0
12314,2026-01-01,DGR,DURGAPUR,275.0
12314,2026-01-01,SDAH,SEALDAH,252.0
12314,2026-01-02,NDLS,NEW DELHI,0.0
12314,2026-01-02,CNB,KANPUR CENTRAL,10.0
12314,2026-01-02,DDU,PT DEEN DAYAL UPADHYAY JN,10.0
12314,2026-01-02,GAYA,GAYA JN,13.0
12314,2026-01-02,DHN,DHANBAD JN,19.0
12314,2026-01-02,ASN,ASANSOL JN,34.0
12314,2026-01-02,DGR,DURGAPUR,37.0
12314,2026-01-02,SDAH,SEALDAH,8.0
12314,2026-01-03,NDLS,NEW DELHI,1.0
12314,2026-01-03,CNB,KANPUR CENTRAL,18.0
12314,2026-01-03,DDU,PT DEEN DAYAL UPADHYAY JN,1.0
12314,2026-01-03,GAYA,GAYA JN,0.0
12314,2026-01-03,DHN,DHANBAD JN,9.0
12314,2026-01-03,ASN,ASANSOL JN,23.0
12314,2026-01-03,DGR,DURGAPUR,26.0
12314,2026-01-03,SDAH,SEALDAH,2.0
12314,2026-01-04,NDLS,NEW DELHI,1.0
12314,2026-01-04,CNB,KANPUR CENTRAL,30.0
12314,2026-01-04,DDU,PT DEEN DAYAL UPADHYAY JN,95.0
12314,2026-01-04,GAYA,GAYA JN,99.0
12314,2026-01-04,DHN,DHANBAD JN,86.0
12314,2026-01-04,ASN,ASANSOL JN,103.0
12314,2026-01-04,DGR,DURGAPUR,123.0
12314,2026-01-04,SDAH,SEALDAH,100.0
12314,2026-01-05,NDLS,NEW DELHI,7.0
12314,2026-01-05,CNB,KANPUR CENTRAL,31.0
12314,2026-01-05,DDU,PT DEEN DAYAL UPADHYAY JN,31.0
12314,2026-01-05,GAYA,GAYA JN,42.0
12314,2026-01-05,DHN,DHANBAD JN,76.0
12314,2026-01-05,ASN,ASANSOL JN,90.0
12314,2026-01-05,DGR,DURGAPUR,94.0
12314,2026-01-05,SDAH,SEALDAH,74.0
12314,2026-01-06,NDLS,NEW DELHI,19.0
12314,2026-01-06,CNB,KANPUR CENTRAL,39.0
12314,2026-01-06,DDU,PT DEEN DAYAL UPADHYAY JN,141.0
12314,2026-01-06,GAYA,GAYA JN,144.0
12314,2026-01-06,DHN,DHANBAD JN,144.0
12314,2026-01-06,ASN,ASANSOL JN,160.0
12314,2026-01-06,DGR,DURGAPUR,162.0
12314,2026-01-06,SDAH,SEALDAH,139.0
12314,2026-01-07,NDLS,NEW DELHI,0.0
12314,2026-01-07,CNB,KANPUR CENTRAL,17.0
12314,2026-01-07,DDU,PT DEEN DAYAL UPADHYAY JN,140.0
12314,2026-01-07,GAYA,GAYA JN,214.0
12314,2026-01-07,DHN,DHANBAD JN,228.0
12314,2026-01-07,ASN,ASANSOL JN,241.0
12314,2026-01-07,DGR,DURGAPUR,244.0
12314,2026-01-07,SDAH,SEALDAH,224.0
12314,2026-01-08,NDLS,NEW DELHI,0.0
12314,2026-01-08,CNB,KANPUR CENTRAL,4.0
12314,2026-01-08,DDU,PT DEEN DAYAL UPADHYAY JN,113.0
12314,2026-01-08,GAYA,GAYA JN,118.0
12314,2026-01-08,DHN,DHANBAD JN,116.0
12314,2026-01-08,ASN,ASANSOL JN,132.0
12314,2026-01-08,DGR,DURGAPUR,136.0
12314,2026-01-08,SDAH,SEALDAH,129.0
12314,2026-01-09,NDLS,NEW DELHI,1.0
12314,2026-01-09,CNB,KANPUR CENTRAL,33.0
12314,2026-01-09,DDU,PT DEEN DAYAL UPADHYAY JN,17.0
12314,2026-01-09,GAYA,GAYA JN,40.0
12314,2026-01-09,DHN,DHANBAD JN,45.0
12314,2026-01-09,ASN,ASANSOL JN,60.0
12314,2026-01-09,DGR,DURGAPUR,62.0
12314,2026-01-09,SDAH,SEALDAH,33.0
12314,2026-01-10,NDLS,NEW DELHI,1.0
12314,2026-01-10,CNB,KANPUR CENTRAL,6.0
12314,2026-01-10,DDU,PT DEEN DAYAL UPADHYAY JN,8.0
12314,2026-01-10,GAYA,GAYA JN,5.0
12314,2026-01-10,DHN,DHANBAD JN,0.0
12314,2026-01-10,ASN,ASANSOL JN,15.0
12314,2026-01-10,DGR,DURGAPUR,17.0
12314,2026-01-10,SDAH,SEALDAH,-6.0
12314,2026-01-11,NDLS,NEW DELHI,1.0
12314,2026-01-11,CNB,KANPUR CENTRAL,30.0
12314,2026-01-11,DDU,PT DEEN DAYAL UPADHYAY JN,9.0
12314,2026-01-11,GAYA,GAYA JN,7.0
12314,2026-01-11,DHN,DHANBAD JN,0.0
12314,2026-01-11,ASN,ASANSOL JN,15.0
12314,2026-01-11,DGR,DURGAPUR,19.0
12314,2026-01-11,SDAH,SEALDAH,6.0
12314,2026-01-12,NDLS,NEW DELHI,2.0
12314,2026-01-12,CNB,KANPUR CENTRAL,25.0
12314,2026-01-12,DDU,PT DEEN DAYAL UPADHYAY JN,19.0
12314,2026-01-12,GAYA,GAYA JN,32.0
12314,2026-01-12,DHN,DHANBAD JN,21.0
12314,2026-01-12,ASN,ASANSOL JN,36.0
12314,2026-01-12,DGR,DURGAPUR,39.0
12314,2026-01-12,SDAH,SEALDAH,19.0
12314,2026-01-13,NDLS,NEW DELHI,1.0
12314,2026-01-13,CNB,KANPUR CENTRAL,6.0
12314,2026-01-13,DDU,PT DEEN DAYAL UPADHYAY JN,2.0
12314,2026-01-13,GAYA,GAYA JN,13.0
12314,2026-01-13,DHN,DHANBAD JN,0.0
12314,2026-01-13,ASN,ASANSOL JN,14.0
12314,2026-01-13,DGR,DURGAPUR,19.0
12314,2026-01-13,SDAH,SEALDAH,-8.0
12314,2026-01-14,NDLS,NEW DELHI,0.0
12314,2026-01-14,CNB,KANPUR CENTRAL,24.0
12314,2026-01-14,DDU,PT DEEN DAYAL UPADHYAY JN,6.0
12314,2026-01-14,GAYA,GAYA JN,13.0
12314,2026-01-14,DHN,DHANBAD JN,2.0
12314,2026-01-14,ASN,ASANSOL JN,13.0
12314,2026-01-14,DGR,DURGAPUR,20.0
12314,2026-01-14,SDAH,SEALDAH,-2.0
12314,2026-01-15,NDLS,NEW DELHI,0.0
12314,2026-01-15,CNB,KANPUR CENTRAL,11.0
12314,2026-01-15,DDU,PT DEEN DAYAL UPADHYAY JN,0.0
12314,2026-01-15,GAYA,GAYA JN,13.0
12314,2026-01-15,DHN,DHANBAD JN,0.0
12314,2026-01-15,ASN,ASANSOL JN,14.0
12314,2026-01-15,DGR,DURGAPUR,23.0
12314,2026-01-15,SDAH,SEALDAH,-5.0
12314,2026-01-16,NDLS,NEW DELHI,5.0
12314,2026-01-16,CNB,KANPUR CENTRAL,14.0
12314,2026-01-16,DDU,PT DEEN DAYAL UPADHYAY JN,0.0
12314,2026-01-16,GAYA,GAYA JN,5.0
12314,2026-01-16,DHN,DHANBAD JN,1.0
12314,2026-01-16,ASN,ASANSOL JN,19.0
12314,2026-01-16,DGR,DURGAPUR,20.0
12314,2026-01-16,SDAH,SEALDAH,-7.0
12314,2026-01-17,NDLS,NEW DELHI,43.0
12314,2026-01-17,CNB,KANPUR CENTRAL,43.0
12314,2026-01-17,DDU,PT DEEN DAYAL UPADHYAY JN,1.0
12314,2026-01-17,GAYA,GAYA JN,17.0
12314,2026-01-17,DHN,DHANBAD JN,8.0
12314,2026-01-17,ASN,ASANSOL JN,22.0
12314,2026-01-17,DGR,DURGAPUR,25.0
12314,2026-01-17,SDAH,SEALDAH,-7.0
12314,2026-01-18,NDLS,NEW DELHI,1.0
12314,2026-01-18,CNB,KANPUR CENTRAL,11.0
12314,2026-01-18,DDU,PT DEEN DAYAL UPADHYAY JN,4.0
12314,2026-01-18,GAYA,GAYA JN,24.0
12314,2026-01-18,DHN,DHANBAD JN,6.0
12314,2026-01-18,ASN,ASANSOL JN,21.0
12314,2026-01-18,DGR,DURGAPUR,22.0
12314,2026-01-18,SDAH,SEALDAH,-6.0
12314,2026-01-19,NDLS,NEW DELHI,1.0
12314,2026-01-19,CNB,KANPUR CENTRAL,38.0
12314,2026-01-19,DDU,PT DEEN DAYAL UPADHYAY JN,4.0
12314,2026-01-19,GAYA,GAYA JN,14.0
12314,2026-01-19,DHN,DHANBAD JN,7.0
12314,2026-01-19,ASN,ASANSOL JN,23.0
12314,2026-01-19,DGR,DURGAPUR,25.0
12314,2026-01-19,SDAH,SEALDAH,0.0
12314,2026-01-20,NDLS,NEW DELHI,1.0
12314,2026-01-20,CNB,KANPUR CENTRAL,7.0
12314,2026-01-20,DDU,PT DEEN DAYAL UPADHYAY JN,1.0
12314,2026-01-20,GAYA,GAYA JN,16.0
12314,2026-01-20,DHN,DHANBAD JN,0.0
12314,2026-01-20,ASN,ASANSOL JN,11.0
12314,2026-01-20,DGR,DURGAPUR,11.0
12314,2026-01-20,SDAH,SEALDAH,-8.0
12314,2026-01-21,NDLS,NEW DELHI,0.0
12314,2026-01-21,CNB,KANPUR CENTRAL,12.0
12314,2026-01-21,DDU,PT DEEN DAYAL UPADHYAY JN,0.0
12314,2026-01-21,GAYA,GAYA JN,7.0
12314,2026-01-21,DHN,DHANBAD JN,1.0
12314,2026-01-21,ASN,ASANSOL JN,20.0
12314,2026-01-21,DGR,DURGAPUR,23.0
12314,2026-01-21,SDAH,SEALDAH,-8.0
12314,2026-01-22,NDLS,NEW DELHI,0.0
12314,2026-01-22,CNB,KANPUR CENTRAL,7.0
12314,2026-01-22,DDU,PT DEEN DAYAL UPADHYAY JN,0.0
12314,2026-01-22,GAYA,GAYA JN,9.0
12314,2026-01-22,DHN,DHANBAD JN,0.0
12314,2026-01-22,ASN,ASANSOL JN,14.0
12314,2026-01-22,DGR,DURGAPUR,16.0
12314,2026-01-22,SDAH,SEALDAH,-2.0
12314,2026-01-23,NDLS,NEW DELHI,0.0
12314,2026-01-23,CNB,KANPUR CENTRAL,17.0
12314,2026-01-23,DDU,PT DEEN DAYAL UPADHYAY JN,0.0
12314,2026-01-23,GAYA,GAYA JN,2.0
12314,2026-01-23,DHN,DHANBAD JN,1.0
12314,2026-01-23,ASN,ASANSOL JN,18.0
12314,2026-01-23,DGR,DURGAPUR,21.0
12314,2026-01-23,SDAH,SEALDAH,-3.0
12314,2026-01-24,NDLS,NEW DELHI,0.0
12314,2026-01-24,CNB,KANPUR CENTRAL,0.0
12314,2026-01-24,DDU,PT DEEN DAYAL UPADHYAY JN,0.0
12314,2026-01-24,GAYA,GAYA JN,2.0
12314,2026-01-24,DHN,DHANBAD JN,0.0
12314,2026-01-24,ASN,ASANSOL JN,14.0
12314,2026-01-24,DGR,DURGAPUR,16.0
12314,2026-01-24,SDAH,SEALDAH,-19.0
12314,2026-01-25,NDLS,NEW DELHI,0.0
12314,2026-01-25,CNB,KANPUR CENTRAL,0.0
12314,2026-01-25,DDU,PT DEEN DAYAL UPADHYAY JN,0.0
12314,2026-01-25,GAYA,GAYA JN,10.0
12314,2026-01-25,DHN,DHANBAD JN,0.0
12314,2026-01-25,ASN,ASANSOL JN,13.0
12314,2026-01-25,DGR,DURGAPUR,15.0
12314,2026-01-25,SDAH,SEALDAH,-7.0
12314,2026-01-26,NDLS,NEW DELHI,0.0
12314,2026-01-26,CNB,KANPUR CENTRAL,5.0
12314,2026-01-26,DDU,PT DEEN DAYAL UPADHYAY JN,0.0
12314,2026-01-26,GAYA,GAYA JN,6.0
12314,2026-01-26,DHN,DHANBAD JN,0.0
12314,2026-01-26,ASN,ASANSOL JN,16.0
12314,2026-01-26,DGR,DURGAPUR,22.0
12314,2026-01-26,SDAH,SEALDAH,1.0
12314,2026-01-27,NDLS,NEW DELHI,0.0
12314,2026-01-27,CNB,KANPUR CENTRAL,14.0
12314,2026-01-27,DDU,PT DEEN DAYAL UPADHYAY JN,1.0
12314,2026-01-27,GAYA,GAYA JN,13.0
12314,2026-01-27,DHN,DHANBAD JN,0.0
12314,2026-01-27,ASN,ASANSOL JN,19.0
12314,2026-01-27,DGR,DURGAPUR,21.0
12314,2026-01-27,SDAH,SEALDAH,5.0
12314,2026-01-28,NDLS,NEW DELHI,0.0
12314,2026-01-28,CNB,KANPUR CENTRAL,0.0
12314,2026-01-28,DDU,PT DEEN DAYAL UPADHYAY JN,0.0
12314,2026-01-28,GAYA,GAYA JN,6.0
12314,2026-01-28,DHN,DHANBAD JN,1.0
12314,2026-01-28,ASN,ASANSOL JN,14.0
12314,2026-01-28,DGR,DURGAPUR,17.0
12314,2026-01-28,SDAH,SEALDAH,9.0
12314,2026-01-29,NDLS,NEW DELHI,127.0
12314,2026-01-29,CNB,KANPUR CENTRAL,205.0
12314,2026-01-29,DDU,PT DEEN DAYAL UPADHYAY JN,185.0
12314,2026-01-29,GAYA,GAYA JN,200.0
12314,2026-01-29,DHN,DHANBAD JN,203.0
12314,2026-01-29,ASN,ASANSOL JN,222.0
12314,2026-01-29,DGR,DURGAPUR,227.0
12314,2026-01-29,SDAH,SEALDAH,207.0
12314,2026-01-30,NDLS,NEW DELHI,343.0
12314,2026-01-30,CNB,KANPUR CENTRAL,702.0
12314,2026-01-30,DDU,PT DEEN DAYAL UPADHYAY JN,792.0
12314,2026-01-30,GAYA,GAYA JN,809.0
12314,2026-01-30,DHN,DHANBAD JN,800.0
12314,2026-01-30,ASN,ASANSOL JN,818.0
12314,2026-01-30,DGR,DURGAPUR,823.0
12314,2026-01-30,SDAH,SEALDAH,799.0
12314,2026-01-31,NDLS,NEW DELHI,16.0
12314,2026-01-31,CNB,KANPUR CENTRAL,99.0
12314,2026-01-31,DDU,PT DEEN DAYAL UPADHYAY JN,163.0
12314,2026-01-31,GAYA,GAYA JN,202.0
12314,2026-01-31,DHN,DHANBAD JN,208.0
12314,2026-01-31,ASN,ASANSOL JN,244.0
12314,2026-01-31,DGR,DURGAPUR,250.0
12314,2026-01-31,SDAH,SEALDAH,210.0
12314,2026-02-01,NDLS,NEW DELHI,1.0
12314,2026-02-01,CNB,KANPUR CENTRAL,5.0
12314,2026-02-01,DDU,PT DEEN DAYAL UPADHYAY JN,1.0
12314,2026-02-01,GAYA,GAYA JN,6.0
12314,2026-02-01,DHN,DHANBAD JN,10.0
12314,2026-02-01,ASN,ASANSOL JN,26.0
12314,2026-02-01,DGR,DURGAPUR,29.0
12314,2026-02-01,SDAH,SEALDAH,11.0
12314,2026-02-02,NDLS,NEW DELHI,4.0
12314,2026-02-02,CNB,KANPUR CENTRAL,7.0
12314,2026-02-02,DDU,PT DEEN DAYAL UPADHYAY JN,6.0
12314,2026-02-02,GAYA,GAYA JN,14.0
12314,2026-02-02,DHN,DHANBAD JN,0.0
12314,2026-02-02,ASN,ASANSOL JN,15.0
12314,2026-02-02,DGR,DURGAPUR,17.0
12314,2026-02-02,SDAH,SEALDAH,0.0
12314,2026-02-03,NDLS,NEW DELHI,2.0
12314,2026-02-03,CNB,KANPUR CENTRAL,5.0
12314,2026-02-03,DDU,PT DEEN DAYAL UPADHYAY JN,15.0
12314,2026-02-03,GAYA,GAYA JN,15.0
12314,2026-02-03,DHN,DHANBAD JN,13.0
12314,2026-02-03,ASN,ASANSOL JN,27.0
12314,2026-02-03,DGR,DURGAPUR,29.0
12314,2026-02-03,SDAH,SEALDAH,2.0
12314,2026-02-04,NDLS,NEW DELHI,1.0
12314,2026-02-04,CNB,KANPUR CENTRAL,11.0
12314,2026-02-04,DDU,PT DEEN DAYAL UPADHYAY JN,6.0
12314,2026-02-04,GAYA,GAYA JN,10.0
12314,2026-02-04,DHN,DHANBAD JN,2.0
12314,2026-02-04,ASN,ASANSOL JN,15.0
12314,2026-02-04,DGR,DURGAPUR,18.0
12314,2026-02-04,SDAH,SEALDAH,-5.0
12314,2026-02-05,NDLS,NEW DELHI,0.0
12314,2026-02-05,CNB,KANPUR CENTRAL,0.0
12314,2026-02-05,DDU,PT DEEN DAYAL UPADHYAY JN,0.0
12314,2026-02-05,GAYA,GAYA JN,10.0
12314,2026-02-05,DHN,DHANBAD JN,0.0
12314,2026-02-05,ASN,ASANSOL JN,15.0
12314,2026-02-05,DGR,DURGAPUR,18.0
12314,2026-02-05,SDAH,SEALDAH,0.0
12314,2026-02-06,NDLS,NEW DELHI,1.0
12314,2026-02-06,CNB,KANPUR CENTRAL,7.0
12314,2026-02-06,DDU,PT DEEN DAYAL UPADHYAY JN,0.0
12314,2026-02-06,GAYA,GAYA JN,19.0
12314,2026-02-06,DHN,DHANBAD JN,4.0
12314,2026-02-06,ASN,ASANSOL JN,20.0
12314,2026-02-06,DGR,DURGAPUR,26.0
12314,2026-02-06,SDAH,SEALDAH,-6.0
12314,2026-02-07,NDLS,NEW DELHI,0.0
12314,2026-02-07,CNB,KANPUR CENTRAL,2.0
12314,2026-02-07,DDU,PT DEEN DAYAL UPADHYAY JN,0.0
12314,2026-02-07,GAYA,GAYA JN,12.0
12314,2026-02-07,DHN,DHANBAD JN,8.0
12314,2026-02-07,ASN,ASANSOL JN,24.0
12314,2026-02-07,DGR,DURGAPUR,28.0
12314,2026-02-07,SDAH,SEALDAH,-7.0
12314,2026-02-08,NDLS,NEW DELHI,0.0
12314,2026-02-08,CNB,KANPUR CENTRAL,16.0
12314,2026-02-08,DDU,PT DEEN DAYAL UPADHYAY JN,1.0
12314,2026-02-08,GAYA,GAYA JN,13.0
12314,2026-02-08,DHN,DHANBAD JN,1.0
12314,2026-02-08,ASN,ASANSOL JN,16.0
12314,2026-02-08,DGR,DURGAPUR,19.0
12314,2026-02-08,SDAH,SEALDAH,12.0
12314,2026-02-09,NDLS,NEW DELHI,111.0
12314,2026-02-09,CNB,KANPUR CENTRAL,139.0
12314,2026-02-09,DDU,PT DEEN DAYAL UPADHYAY JN,108.0
12314,2026-02-09,GAYA,GAYA JN,119.0
12314,2026-02-09,DHN,DHANBAD JN,111.0
12314,2026-02-09,ASN,ASANSOL JN,126.0
12314,2026-02-09,DGR,DURGAPUR,128.0
12314,2026-02-09,SDAH,SEALDAH,106.0
12314,2026-02-10,NDLS,NEW DELHI,0.0
12314,2026-02-10,CNB,KANPUR CENTRAL,11.0
12314,2026-02-10,DDU,PT DEEN DAYAL UPADHYAY JN,4.0
12314,2026-02-10,GAYA,GAYA JN,22.0
12314,2026-02-10,DHN,DHANBAD JN,18.0
12314,2026-02-10,ASN,ASANSOL JN,34.0
12314,2026-02-10,DGR,DURGAPUR,36.0
12314,2026-02-10,SDAH,SEALDAH,16.0
12314,2026-02-11,NDLS,NEW DELHI,0.0
12314,2026-02-11,CNB,KANPUR CENTRAL,8.0
12314,2026-02-11,DDU,PT DEEN DAYAL UPADHYAY JN,2.0
12314,2026-02-11,GAYA,GAYA JN,9.0
12314,2026-02-11,DHN,DHANBAD JN,0.0
12314,2026-02-11,ASN,ASANSOL JN,17.0
12314,2026-02-11,DGR,DURGAPUR,20.0
12314,2026-02-11,SDAH,SEALDAH,-1.0
12314,2026-02-12,NDLS,NEW DELHI,0.0
12314,2026-02-12,CNB,KANPUR CENTRAL,9.0
12314,2026-02-12,DDU,PT DEEN DAYAL UPADHYAY JN,0.0
12314,2026-02-12,GAYA,GAYA JN,12.0
12314,2026-02-12,DHN,DHANBAD JN,9.0
12314,2026-02-12,ASN,ASANSOL JN,21.0
12314,2026-02-12,DGR,DURGAPUR,26.0
12314,2026-02-12,SDAH,SEALDAH,6.0
12314,2026-02-13,NDLS,NEW DELHI,0.0
12314,2026-02-13,CNB,KANPUR CENTRAL,12.0
12314,2026-02-13,DDU,PT DEEN DAYAL UPADHYAY JN,0.0
12314,2026-02-13,GAYA,GAYA JN,11.0
12314,2026-02-13,DHN,DHANBAD JN,0.0
12314,2026-02-13,ASN,ASANSOL JN,13.0
12314,2026-02-13,DGR,DURGAPUR,14.0
12314,2026-02-13,SDAH,SEALDAH,-5.0
12314,2026-02-14,NDLS,NEW DELHI,0.0
12314,2026-02-14,CNB,KANPUR CENTRAL,14.0
12314,2026-02-14,DDU,PT DEEN DAYAL UPADHYAY JN,0.0
12314,2026-02-14,GAYA,GAYA JN,7.0
12314,2026-02-14,DHN,DHANBAD JN,0.0
12314,2026-02-14,ASN,ASANSOL JN,18.0
12314,2026-02-14,DGR,DURGAPUR,19.0
12314,2026-02-14,SDAH,SEALDAH,-9.0
12314,2026-02-15,NDLS,NEW DELHI,0.0
12314,2026-02-15,CNB,KANPUR CENTRAL,0.0
12314,2026-02-15,DDU,PT DEEN DAYAL UPADHYAY JN,2.0
12314,2026-02-15,GAYA,GAYA JN,29.0
12314,2026-02-15,DHN,DHANBAD JN,14.0
12314,2026-02-15,ASN,ASANSOL JN,27.0
12314,2026-02-15,DGR,DURGAPUR,30.0
12314,2026-02-15,SDAH,SEALDAH,19.0
12314,2026-02-16,NDLS,NEW DELHI,1.0
12314,2026-02-16,CNB,KANPUR CENTRAL,21.0
12314,2026-02-16,DDU,PT DEEN DAYAL UPADHYAY JN,6.0
12314,2026-02-16,GAYA,GAYA JN,23.0
12314,2026-02-16,DHN,DHANBAD JN,25.0
12314,2026-02-16,ASN,ASANSOL JN,41.0
12314,2026-02-16,DGR,DURGAPUR,42.0
12314,2026-02-16,SDAH,SEALDAH,12.0
12314,2026-02-17,NDLS,NEW DELHI,0.0
12314,2026-02-17,CNB,KANPUR CENTRAL,2.0
12314,2026-02-17,DDU,PT DEEN DAYAL UPADHYAY JN,0.0
12314,2026-02-17,GAYA,GAYA JN,10.0
12314,2026-02-17,DHN,DHANBAD JN,0.0
12314,2026-02-17,ASN,ASANSOL JN,15.0
12314,2026-02-17,DGR,DURGAPUR,19.0
12314,2026-02-17,SDAH,SEALDAH,2.0
12314,2026-02-18,NDLS,NEW DELHI,3.0
12314,2026-02-18,CNB,KANPUR CENTRAL,36.0
12314,2026-02-18,DDU,PT DEEN DAYAL UPADHYAY JN,7.0
12314,2026-02-18,GAYA,GAYA JN,17.0
12314,2026-02-18,DHN,DHANBAD JN,11.0
12314,2026-02-18,ASN,ASANSOL JN,22.0
12314,2026-02-18,DGR,DURGAPUR,25.0
12314,2026-02-18,SDAH,SEALDAH,-2.0
12314,2026-02-19,NDLS,NEW DELHI,1.0
12314,2026-02-19,CNB,KANPUR CENTRAL,12.0
12314,2026-02-19,DDU,PT DEEN DAYAL UPADHYAY JN,7.0
12314,2026-02-19,GAYA,GAYA JN,22.0
12314,2026-02-19,DHN,DHANBAD JN,6.0
12314,2026-02-19,ASN,ASANSOL JN,19.0
12314,2026-02-19,DGR,DURGAPUR,21.0
12314,2026-02-19,SDAH,SEALDAH,-5.0
12314,2026-02-20,NDLS,NEW DELHI,1.0
12314,2026-02-20,CNB,KANPUR CENTRAL,23.0
12314,2026-02-20,DDU,PT DEEN DAYAL UPADHYAY JN,10.0
12314,2026-02-20,GAYA,GAYA JN,29.0
12314,2026-02-20,DHN,DHANBAD JN,18.0
12314,2026-02-20,ASN,ASANSOL JN,28.0
12314,2026-02-20,DGR,DURGAPUR,30.0
12314,2026-02-20,SDAH,SEALDAH,1.0
12314,2026-02-21,NDLS,NEW DELHI,2.0
12314,2026-02-21,CNB,KANPUR CENTRAL,13.0
12314,2026-02-21,DDU,PT DEEN DAYAL UPADHYAY JN,0.0
12314,2026-02-21,GAYA,GAYA JN,29.0
12314,2026-02-21,DHN,DHANBAD JN,12.0
12314,2026-02-21,ASN,ASANSOL JN,22.0
12314,2026-02-21,DGR,DURGAPUR,23.0
12314,2026-02-21,SDAH,SEALDAH,-7.0
12314,2026-02-22,NDLS,NEW DELHI,0.0
12314,2026-02-22,CNB,KANPUR CENTRAL,17.0
12314,2026-02-22,DDU,PT DEEN DAYAL UPADHYAY JN,3.0
12314,2026-02-22,GAYA,GAYA JN,20.0
12314,2026-02-22,DHN,DHANBAD JN,5.0
12314,2026-02-22,ASN,ASANSOL JN,21.0
12314,2026-02-22,DGR,DURGAPUR,23.0
12314,2026-02-22,SDAH,SEALDAH,-6.0
12314,2026-02-23,NDLS,NEW DELHI,0.0
12314,2026-02-23,CNB,KANPUR CENTRAL,16.0
12314,2026-02-23,DDU,PT DEEN DAYAL UPADHYAY JN,0.0
12314,2026-02-23,GAYA,GAYA JN,11.0
12314,2026-02-23,DHN,DHANBAD JN,7.0
12314,2026-02-23,ASN,ASANSOL JN,18.0
12314,2026-02-23,DGR,DURGAPUR,21.0
12314,2026-02-23,SDAH,SEALDAH,1.0
12314,2026-02-24,NDLS,NEW DELHI,0.0
12314,2026-02-24,CNB,KANPUR CENTRAL,18.0
12314,2026-02-24,DDU,PT DEEN DAYAL UPADHYAY JN,13.0
12314,2026-02-24,GAYA,GAYA JN,23.0
12314,2026-02-24,DHN,DHANBAD JN,9.0
12314,2026-02-24,ASN,ASANSOL JN,21.0
12314,2026-02-24,DGR,DURGAPUR,23.0
12314,2026-02-24,SDAH,SEALDAH,-6.0
12314,2026-02-25,NDLS,NEW DELHI,0.0
12314,2026-02-25,CNB,KANPUR CENTRAL,5.0
12314,2026-02-25,DDU,PT DEEN DAYAL UPADHYAY JN,3.0
12314,2026-02-25,GAYA,GAYA JN,14.0
12314,2026-02-25,DHN,DHANBAD JN,7.0
12314,2026-02-25,ASN,ASANSOL JN,28.0
12314,2026-02-25,DGR,DURGAPUR,30.0
12314,2026-02-25,SDAH,SEALDAH,-5.0
12314,2026-02-26,NDLS,NEW DELHI,0.0
12314,2026-02-26,CNB,KANPUR CENTRAL,18.0
12314,2026-02-26,DDU,PT DEEN DAYAL UPADHYAY JN,17.0
12314,2026-02-26,GAYA,GAYA JN,41.0
12314,2026-02-26,DHN,DHANBAD JN,28.0
12314,2026-02-26,ASN,ASANSOL JN,41.0
12314,2026-02-26,DGR,DURGAPUR,46.0
12314,2026-02-26,SDAH,SEALDAH,16.0
12314,2026-02-27,NDLS,NEW DELHI,0.0
12314,2026-02-27,CNB,KANPUR CENTRAL,9.0
12314,2026-02-27,DDU,PT DEEN DAYAL UPADHYAY JN,0.0
12314,2026-02-27,GAYA,GAYA JN,23.0
12314,2026-02-27,DHN,DHANBAD JN,15.0
12314,2026-02-27,ASN,ASANSOL JN,31.0
12314,2026-02-27,DGR,DURGAPUR,37.0
12314,2026-02-27,SDAH,SEALDAH,6.0
12314,2026-02-28,NDLS,NEW DELHI,0.0
12314,2026-02-28,CNB,KANPUR CENTRAL,5.0
12314,2026-02-28,DDU,PT DEEN DAYAL UPADHYAY JN,0.0
12314,2026-02-28,GAYA,GAYA JN,9.0
12314,2026-02-28,DHN,DHANBAD JN,18.0
12314,2026-02-28,ASN,ASANSOL JN,37.0
12314,2026-02-28,DGR,DURGAPUR,42.0
12314,2026-02-28,SDAH,SEALDAH,17.0
12314,2026-03-01,NDLS,NEW DELHI,0.0
12314,2026-03-01,CNB,KANPUR CENTRAL,34.0
12314,2026-03-01,DDU,PT DEEN DAYAL UPADHYAY JN,22.0
12314,2026-03-01,GAYA,GAYA JN,45.0
12314,2026-03-01,DHN,DHANBAD JN,36.0
12314,2026-03-01,ASN,ASANSOL JN,48.0
12314,2026-03-01,DGR,DURGAPUR,52.0
12314,2026-03-01,SDAH,SEALDAH,30.0
12314,2026-03-02,NDLS,NEW DELHI,0.0
12314,2026-03-02,CNB,KANPUR CENTRAL,25.0
12314,2026-03-02,DDU,PT DEEN DAYAL UPADHYAY JN,4.0
12314,2026-03-02,GAYA,GAYA JN,17.0
12314,2026-03-02,DHN,DHANBAD JN,10.0
12314,2026-03-02,ASN,ASANSOL JN,25.0
12314,2026-03-02,DGR,DURGAPUR,28.0
12314,2026-03-02,SDAH,SEALDAH,1.0
12314,2026-03-03,NDLS,NEW DELHI,0.0
12314,2026-03-03,CNB,KANPUR CENTRAL,8.0
12314,2026-03-03,DDU,PT DEEN DAYAL UPADHYAY JN,0.0
12314,2026-03-03,GAYA,GAYA JN,18.0
12314,2026-03-03,DHN,DHANBAD JN,1.0
12314,2026-03-03,ASN,ASANSOL JN,21.0
12314,2026-03-03,DGR,DURGAPUR,23.0
12314,2026-03-03,SDAH,SEALDAH,-7.0
12314,2026-03-04,NDLS,NEW DELHI,1.0
12314,2026-03-04,CNB,KANPUR CENTRAL,20.0
12314,2026-03-04,DDU,PT DEEN DAYAL UPADHYAY JN,0.0
12314,2026-03-04,GAYA,GAYA JN,10.0
12314,2026-03-04,DHN,DHANBAD JN,4.0
12314,2026-03-04,ASN,ASANSOL JN,16.0
12314,2026-03-04,DGR,DURGAPUR,21.0
12314,2026-03-04,SDAH,SEALDAH,4.0
12314,2026-03-05,NDLS,NEW DELHI,26.0
12314,2026-03-05,CNB,KANPUR CENTRAL,50.0
12314,2026-03-05,DDU,PT DEEN DAYAL UPADHYAY JN,9.0
12314,2026-03-05,GAYA,GAYA JN,57.0
12314,2026-03-05,DHN,DHANBAD JN,41.0
12314,2026-03-05,ASN,ASANSOL JN,53.0
12314,2026-03-05,DGR,DURGAPUR,55.0
12314,2026-03-05,SDAH,SEALDAH,26.0
12314,2026-03-06,NDLS,NEW DELHI,1.0
12314,2026-03-06,CNB,KANPUR CENTRAL,4.0
12314,2026-03-06,DDU,PT DEEN DAYAL UPADHYAY JN,0.0
12314,2026-03-06,GAYA,GAYA JN,17.0
12314,2026-03-06,DHN,DHANBAD JN,10.0
12314,2026-03-06,ASN,ASANSOL JN,25.0
12314,2026-03-06,DGR,DURGAPUR,27.0
12314,2026-03-06,SDAH,SEALDAH,2.0
12314,2026-03-07,NDLS,NEW DELHI,0.0
12314,2026-03-07,CNB,KANPUR CENTRAL,19.0
12314,2026-03-07,DDU,PT DEEN DAYAL UPADHYAY JN,0.0
12314,2026-03-07,GAYA,GAYA JN,69.0
12314,2026-03-07,DHN,DHANBAD JN,72.0
12314,2026-03-07,ASN,ASANSOL JN,92.0
12314,2026-03-07,DGR,DURGAPUR,94.0
12314,2026-03-07,SDAH,SEALDAH,88.0
12314,2026-03-08,NDLS,NEW DELHI,120.0
12314,2026-03-08,CNB,KANPUR CENTRAL,149.0
12314,2026-03-08,DDU,PT DEEN DAYAL UPADHYAY JN,147.0
12314,2026-03-08,GAYA,GAYA JN,183.0
12314,2026-03-08,DHN,DHANBAD JN,197.0
12314,2026-03-08,ASN,ASANSOL JN,212.0
12314,2026-03-08,DGR,DURGAPUR,214.0
12314,2026-03-08,SDAH,SEALDAH,194.0
12314,2026-03-09,NDLS,NEW DELHI,3.0
12314,2026-03-09,CNB,KANPUR CENTRAL,19.0
12314,2026-03-09,DDU,PT DEEN DAYAL UPADHYAY JN,0.0
12314,2026-03-09,GAYA,GAYA JN,8.0
12314,2026-03-09,DHN,DHANBAD JN,0.0
12314,2026-03-09,ASN,ASANSOL JN,19.0
12314,2026-03-09,DGR,DURGAPUR,26.0
12314,2026-03-09,SDAH,SEALDAH,-1.0
12314,2026-03-10,NDLS,NEW DELHI,93.0
12314,2026-03-10,CNB,KANPUR CENTRAL,110.0
12314,2026-03-10,DDU,PT DEEN DAYAL UPADHYAY JN,84.0
12314,2026-03-10,GAYA,GAYA JN,91.0
12314,2026-03-10,DHN,DHANBAD JN,77.0
12314,2026-03-10,ASN,ASANSOL JN,97.0
12314,2026-03-10,DGR,DURGAPUR,100.0
12314,2026-03-10,SDAH,SEALDAH,91.0
12314,2026-03-11,NDLS,NEW DELHI,0.0
12314,2026-03-11,CNB,KANPUR CENTRAL,5.0
12314,2026-03-11,DDU,PT DEEN DAYAL UPADHYAY JN,1.0
12314,2026-03-11,GAYA,GAYA JN,51.0
12314,2026-03-11,DHN,DHANBAD JN,46.0
12314,2026-03-11,ASN,ASANSOL JN,60.0
12314,2026-03-11,DGR,DURGAPUR,61.0
12314,2026-03-11,SDAH,SEALDAH,32.0
12314,2026-03-12,NDLS,NEW DELHI,0.0
12314,2026-03-12,CNB,KANPUR CENTRAL,13.0
12314,2026-03-12,DDU,PT DEEN DAYAL UPADHYAY JN,1.0
12314,2026-03-12,GAYA,GAYA JN,22.0
12314,2026-03-12,DHN,DHANBAD JN,22.0
12314,2026-03-12,ASN,ASANSOL JN,33.0
12314,2026-03-12,DGR,DURGAPUR,36.0
12314,2026-03-12,SDAH,SEALDAH,3.0
12314,2026-03-13,NDLS,NEW DELHI,1.0
12314,2026-03-13,CNB,KANPUR CENTRAL,14.0
12314,2026-03-13,DDU,PT DEEN DAYAL UPADHYAY JN,1.0
12314,2026-03-13,GAYA,GAYA JN,17.0
12314,2026-03-13,DHN,DHANBAD JN,10.0
12314,2026-03-13,ASN,ASANSOL JN,24.0
12314,2026-03-13,DGR,DURGAPUR,28.0
12314,2026-03-13,SDAH,SEALDAH,-3.0
12314,2026-03-14,NDLS,NEW DELHI,0.0
12314,2026-03-14,CNB,KANPUR CENTRAL,12.0
12314,2026-03-14,DDU,PT DEEN DAYAL UPADHYAY JN,0.0
12314,2026-03-14,GAYA,GAYA JN,14.0
12314,2026-03-14,DHN,DHANBAD JN,0.0
12314,2026-03-14,ASN,ASANSOL JN,16.0
12314,2026-03-14,DGR,DURGAPUR,20.0
12314,2026-03-14,SDAH,SEALDAH,7.0
12314,2026-03-15,NDLS,NEW DELHI,0.0
12314,2026-03-15,CNB,KANPUR CENTRAL,2.0
12314,2026-03-15,DDU,PT DEEN DAYAL UPADHYAY JN,0.0
12314,2026-03-15,GAYA,GAYA JN,16.0
12314,2026-03-15,DHN,DHANBAD JN,2.0
12314,2026-03-15,ASN,ASANSOL JN,17.0
12314,2026-03-15,DGR,DURGAPUR,19.0
12314,2026-03-15,SDAH,SEALDAH,-6.0
12314,2026-03-16,NDLS,NEW DELHI,0.0
12314,2026-03-16,CNB,KANPUR CENTRAL,21.0
12314,2026-03-16,DDU,PT DEEN DAYAL UPADHYAY JN,8.0
12314,2026-03-16,GAYA,GAYA JN,34.0
12314,2026-03-16,DHN,DHANBAD JN,27.0
12314,2026-03-16,ASN,ASANSOL JN,43.0
12314,2026-03-16,DGR,DURGAPUR,47.0
12314,2026-03-16,SDAH,SEALDAH,18.0
12314,2026-03-17,NDLS,NEW DELHI,0.0
12314,2026-03-17,CNB,KANPUR CENTRAL,24.0
12314,2026-03-17,DDU,PT DEEN DAYAL UPADHYAY JN,9.0
12314,2026-03-17,GAYA,GAYA JN,18.0
12314,2026-03-17,DHN,DHANBAD JN,9.0
12314,2026-03-17,ASN,ASANSOL JN,23.0
12314,2026-03-17,DGR,DURGAPUR,28.0
12314,2026-03-17,SDAH,SEALDAH,5.0
12314,2026-03-18,NDLS,NEW DELHI,0.0
12314,2026-03-18,CNB,KANPUR CENTRAL,13.0
12314,2026-03-18,DDU,PT DEEN DAYAL UPADHYAY JN,0.0
12314,2026-03-18,GAYA,GAYA JN,10.0
12314,2026-03-18,DHN,DHANBAD JN,1.0
12314,2026-03-18,ASN,ASANSOL JN,18.0
12314,2026-03-18,DGR,DURGAPUR,21.0
12314,2026-03-18,SDAH,SEALDAH,-3.0
12314,2026-03-19,NDLS,NEW DELHI,0.0
12314,2026-03-19,CNB,KANPUR CENTRAL,16.0
12314,2026-03-19,DDU,PT DEEN DAYAL UPADHYAY JN,0.0
12314,2026-03-19,GAYA,GAYA JN,21.0
12314,2026-03-19,DHN,DHANBAD JN,66.0
12314,2026-03-19,ASN,ASANSOL JN,81.0
12314,2026-03-19,DGR,DURGAPUR,84.0
12314,2026-03-19,SDAH,SEALDAH,59.0
12314,2026-03-20,NDLS,NEW DELHI,0.0
12314,2026-03-20,CNB,KANPUR CENTRAL,23.0
12314,2026-03-20,DDU,PT DEEN DAYAL UPADHYAY JN,19.0
12314,2026-03-20,GAYA,GAYA JN,29.0
12314,2026-03-20,DHN,DHANBAD JN,10.0
12314,2026-03-20,ASN,ASANSOL JN,32.0
12314,2026-03-20,DGR,DURGAPUR,35.0
12314,2026-03-20,SDAH,SEALDAH,18.0
12314,2026-03-21,NDLS,NEW DELHI,77.0
12314,2026-03-21,CNB,KANPUR CENTRAL,122.0
12314,2026-03-21,DDU,PT DEEN DAYAL UPADHYAY JN,103.0
12314,2026-03-21,GAYA,GAYA JN,117.0
12314,2026-03-21,DHN,DHANBAD JN,106.0
12314,2026-03-21,ASN,ASANSOL JN,125.0
12314,2026-03-21,DGR,DURGAPUR,127.0
12314,2026-03-21,SDAH,SEALDAH,92.0
12314,2026-03-22,NDLS,NEW DELHI,0.0
12314,2026-03-22,CNB,KANPUR CENTRAL,7.0
12314,2026-03-22,DDU,PT DEEN DAYAL UPADHYAY JN,1.0
12314,2026-03-22,GAYA,GAYA JN,0.0
12314,2026-03-22,DHN,DHANBAD JN,0.0
12314,2026-03-22,ASN,ASANSOL JN,7.0
12314,2026-03-22,DGR,DURGAPUR,18.0
12314,2026-03-22,SDAH,SEALDAH,7.0
12314,2026-03-23,NDLS,NEW DELHI,0.0
12314,2026-03-23,CNB,KANPUR CENTRAL,19.0
12314,2026-03-23,DDU,PT DEEN DAYAL UPADHYAY JN,2.0
12314,2026-03-23,GAYA,GAYA JN,5.0
12314,2026-03-23,DHN,DHANBAD JN,0.0
12314,2026-03-23,ASN,ASANSOL JN,16.0
12314,2026-03-23,DGR,DURGAPUR,21.0
12314,2026-03-23,SDAH,SEALDAH,-1.0
12314,2026-03-24,NDLS,NEW DELHI,0.0
12314,2026-03-24,CNB,KANPUR CENTRAL,5.0
12314,2026-03-24,DDU,PT DEEN DAYAL UPADHYAY JN,0.0
12314,2026-03-24,GAYA,GAYA JN,11.0
12314,2026-03-24,DHN,DHANBAD JN,0.0
12314,2026-03-24,ASN,ASANSOL JN,18.0
12314,2026-03-24,DGR,DURGAPUR,25.0
12314,2026-03-24,SDAH,SEALDAH,1.0
12314,2026-03-25,NDLS,NEW DELHI,0.0
12314,2026-03-25,CNB,KANPUR CENTRAL,13.0
12314,2026-03-25,DDU,PT DEEN DAYAL UPADHYAY JN,1.0
12314,2026-03-25,GAYA,GAYA JN,4.0
12314,2026-03-25,DHN,DHANBAD JN,0.0
12314,2026-03-25,ASN,ASANSOL JN,18.0
12314,2026-03-25,DGR,DURGAPUR,23.0
12314,2026-03-25,SDAH,SEALDAH,4.0
12314,2026-03-26,NDLS,NEW DELHI,0.0
12314,2026-03-26,CNB,KANPUR CENTRAL,13.0
12314,2026-03-26,DDU,PT DEEN DAYAL UPADHYAY JN,0.0
12314,2026-03-26,GAYA,GAYA JN,12.0
12314,2026-03-26,DHN,DHANBAD JN,0.0
12314,2026-03-26,ASN,ASANSOL JN,16.0
12314,2026-03-26,DGR,DURGAPUR,25.0
12314,2026-03-26,SDAH,SEALDAH,7.0
12314,2026-03-27,NDLS,NEW DELHI,4.0
12314,2026-03-27,CNB,KANPUR CENTRAL,25.0
12314,2026-03-27,DDU,PT DEEN DAYAL UPADHYAY JN,0.0
12314,2026-03-27,GAYA,GAYA JN,8.0
12314,2026-03-27,DHN,DHANBAD JN,0.0
12314,2026-03-27,ASN,ASANSOL JN,16.0
12314,2026-03-27,DGR,DURGAPUR,33.0
12314,2026-03-27,SDAH,SEALDAH,6.0
12314,2026-03-28,NDLS,NEW DELHI,0.0
12314,2026-03-28,CNB,KANPUR CENTRAL,10.0
12314,2026-03-28,DDU,PT DEEN DAYAL UPADHYAY JN,0.0
12314,2026-03-28,GAYA,GAYA JN,10.0
12314,2026-03-28,DHN,DHANBAD JN,0.0
12314,2026-03-28,ASN,ASANSOL JN,27.0
12314,2026-03-28,DGR,DURGAPUR,33.0
12314,2026-03-28,SDAH,SEALDAH,5.0
12314,2026-03-29,NDLS,NEW DELHI,0.0
12314,2026-03-29,CNB,KANPUR CENTRAL,2.0
12314,2026-03-29,DDU,PT DEEN DAYAL UPADHYAY JN,25.0
12314,2026-03-29,GAYA,GAYA JN,28.0
12314,2026-03-29,DHN,DHANBAD JN,9.0
12314,2026-03-29,ASN,ASANSOL JN,24.0
12314,2026-03-29,DGR,DURGAPUR,30.0
12314,2026-03-29,SDAH,SEALDAH,1.0
12314,2026-03-30,NDLS,NEW DELHI,0.0
12314,2026-03-30,CNB,KANPUR CENTRAL,12.0
12314,2026-03-30,DDU,PT DEEN DAYAL UPADHYAY JN,2.0
12314,2026-03-30,GAYA,GAYA JN,13.0
12314,2026-03-30,DHN,DHANBAD JN,11.0
12314,2026-03-30,ASN,ASANSOL JN,36.0
12314,2026-03-30,DGR,DURGAPUR,41.0
12314,2026-03-30,SDAH,SEALDAH,15.0
12314,2026-03-31,NDLS,NEW DELHI,0.0
12314,2026-03-31,CNB,KANPUR CENTRAL,16.0
12314,2026-03-31,DDU,PT DEEN DAYAL UPADHYAY JN,1.0
12314,2026-03-31,GAYA,GAYA JN,16.0
12314,2026-03-31,DHN,DHANBAD JN,0.0
12314,2026-03-31,ASN,ASANSOL JN,16.0
12314,2026-03-31,DGR,DURGAPUR,23.0
12314,2026-03-31,SDAH,SEALDAH,-8.0
12314,2026-04-01,NDLS,NEW DELHI,1.0
12314,2026-04-01,CNB,KANPUR CENTRAL,10.0
12314,2026-04-01,DDU,PT DEEN DAYAL UPADHYAY JN,0.0
12314,2026-04-01,GAYA,GAYA JN,9.0
12314,2026-04-01,DHN,DHANBAD JN,1.0
12314,2026-04-01,ASN,ASANSOL JN,15.0
12314,2026-04-01,DGR,DURGAPUR,21.0
12314,2026-04-01,SDAH,SEALDAH,-2.0
12314,2026-04-02,NDLS,NEW DELHI,0.0
12314,2026-04-02,CNB,KANPUR CENTRAL,3.0
12314,2026-04-02,DDU,PT DEEN DAYAL UPADHYAY JN,0.0
12314,2026-04-02,GAYA,GAYA JN,15.0
12314,2026-04-02,DHN,DHANBAD JN,4.0
12314,2026-04-02,ASN,ASANSOL JN,24.0
12314,2026-04-02,DGR,DURGAPUR,28.0
12314,2026-04-02,SDAH,SEALDAH,1.0
12314,2026-04-03,NDLS,NEW DELHI,0.0
12314,2026-04-03,CNB,KANPUR CENTRAL,1.0
12314,2026-04-03,DDU,PT DEEN DAYAL UPADHYAY JN,0.0
12314,2026-04-03,GAYA,GAYA JN,13.0
12314,2026-04-03,DHN,DHANBAD JN,2.0
12314,2026-04-03,ASN,ASANSOL JN,17.0
12314,2026-04-03,DGR,DURGAPUR,22.0
12314,2026-04-03,SDAH,SEALDAH,-9.0
12314,2026-04-04,NDLS,NEW DELHI,0.0
12314,2026-04-04,CNB,KANPUR CENTRAL,0.0
12314,2026-04-04,DDU,PT DEEN DAYAL UPADHYAY JN,11.0
12314,2026-04-04,GAYA,GAYA JN,20.0
12314,2026-04-04,DHN,DHANBAD JN,7.0
12314,2026-04-04,ASN,ASANSOL JN,26.0
12314,2026-04-04,DGR,DURGAPUR,36.0
12314,2026-04-04,SDAH,SEALDAH,6.0
12314,2026-04-05,NDLS,NEW DELHI,0.0
12314,2026-04-05,CNB,KANPUR CENTRAL,0.0
12314,2026-04-05,DDU,PT DEEN DAYAL UPADHYAY JN,1.0
12314,2026-04-05,GAYA,GAYA JN,23.0
12314,2026-04-05,DHN,DHANBAD JN,6.0
12314,2026-04-05,ASN,ASANSOL JN,24.0
12314,2026-04-05,DGR,DURGAPUR,30.0
12314,2026-04-05,SDAH,SEALDAH,-1.0
12314,2026-04-06,NDLS,NEW DELHI,0.0
12314,2026-04-06,CNB,KANPUR CENTRAL,5.0
12314,2026-04-06,DDU,PT DEEN DAYAL UPADHYAY JN,8.0
12314,2026-04-06,GAYA,GAYA JN,15.0
12314,2026-04-06,DHN,DHANBAD JN,6.0
12314,2026-04-06,ASN,ASANSOL JN,23.0
12314,2026-04-06,DGR,DURGAPUR,28.0
12314,2026-04-06,SDAH,SEALDAH,0.0
12314,2026-04-07,NDLS,NEW DELHI,4.0
12314,2026-04-07,CNB,KANPUR CENTRAL,1.0
12314,2026-04-07,DDU,PT DEEN DAYAL UPADHYAY JN,3.0
12314,2026-04-07,GAYA,GAYA JN,5.0
12314,2026-04-07,DHN,DHANBAD JN,1.0
12314,2026-04-07,ASN,ASANSOL JN,17.0
12314,2026-04-07,DGR,DURGAPUR,22.0
12314,2026-04-07,SDAH,SEALDAH,2.0
12314,2026-04-08,NDLS,NEW DELHI,2.0
12314,2026-04-08,CNB,KANPUR CENTRAL,1.0
12314,2026-04-08,DDU,PT DEEN DAYAL UPADHYAY JN,0.0
12314,2026-04-08,GAYA,GAYA JN,4.0
12314,2026-04-08,DHN,DHANBAD JN,0.0
12314,2026-04-08,ASN,ASANSOL JN,27.0
12314,2026-04-08,DGR,DURGAPUR,34.0
12314,2026-04-08,SDAH,SEALDAH,9.0
12314,2026-04-09,NDLS,NEW DELHI,0.0
12314,2026-04-09,CNB,KANPUR CENTRAL,5.0
12314,2026-04-09,DDU,PT DEEN DAYAL UPADHYAY JN,0.0
12314,2026-04-09,GAYA,GAYA JN,2.0
12314,2026-04-09,DHN,DHANBAD JN,0.0
12314,2026-04-09,ASN,ASANSOL JN,21.0
12314,2026-04-09,DGR,DURGAPUR,26.0
12314,2026-04-09,SDAH,SEALDAH,-3.0
12314,2026-04-10,NDLS,NEW DELHI,1.0
12314,2026-04-10,CNB,KANPUR CENTRAL,10.0
12314,2026-04-10,DDU,PT DEEN DAYAL UPADHYAY JN,4.0
12314,2026-04-10,GAYA,GAYA JN,4.0
12314,2026-04-10,DHN,DHANBAD JN,10.0
12314,2026-04-10,ASN,ASANSOL JN,28.0
12314,2026-04-10,DGR,DURGAPUR,29.0
12314,2026-04-10,SDAH,SEALDAH,3.0
12314,2026-04-11,NDLS,NEW DELHI,0.0
12314,2026-04-11,CNB,KANPUR CENTRAL,5.0
12314,2026-04-11,DDU,PT DEEN DAYAL UPADHYAY JN,0.0
12314,2026-04-11,GAYA,GAYA JN,6.0
12314,2026-04-11,DHN,DHANBAD JN,0.0
12314,2026-04-11,ASN,ASANSOL JN,18.0
12314,2026-04-11,DGR,DURGAPUR,19.0
12314,2026-04-11,SDAH,SEALDAH,-9.0
12314,2026-04-12,NDLS,NEW DELHI,2.0
12314,2026-04-12,CNB,KANPUR CENTRAL,3.0
12314,2026-04-12,DDU,PT DEEN DAYAL UPADHYAY JN,0.0
12314,2026-04-12,GAYA,GAYA JN,5.0
12314,2026-04-12,DHN,DHANBAD JN,0.0
12314,2026-04-12,ASN,ASANSOL JN,18.0
12314,2026-04-12,DGR,DURGAPUR,22.0
12314,2026-04-12,SDAH,SEALDAH,10.0
12314,2026-04-13,NDLS,NEW DELHI,0.0
12314,2026-04-13,CNB,KANPUR CENTRAL,1.0
12314,2026-04-13,DDU,PT DEEN DAYAL UPADHYAY JN,0.0
12314,2026-04-13,GAYA,GAYA JN,10.0
12314,2026-04-13,DHN,DHANBAD JN,1.0
12314,2026-04-13,ASN,ASANSOL JN,18.0
12314,2026-04-13,DGR,DURGAPUR,21.0
12314,2026-04-13,SDAH,SEALDAH,-6.0
12314,2026-04-14,NDLS,NEW DELHI,1.0
12314,2026-04-14,CNB,KANPUR CENTRAL,15.0
12314,2026-04-14,DDU,PT DEEN DAYAL UPADHYAY JN,0.0
12314,2026-04-14,GAYA,GAYA JN,10.0
12314,2026-04-14,DHN,DHANBAD JN,0.0
12314,2026-04-14,ASN,ASANSOL JN,14.0
12314,2026-04-14,DGR,DURGAPUR,16.0
12314,2026-04-14,SDAH,SEALDAH,9.0
12314,2026-04-15,NDLS,NEW DELHI,0.0
12314,2026-04-15,CNB,KANPUR CENTRAL,17.0
12314,2026-04-15,DDU,PT DEEN DAYAL UPADHYAY JN,1.0
12314,2026-04-15,GAYA,GAYA JN,2.0
12314,2026-04-15,DHN,DHANBAD JN,0.0
12314,2026-04-15,ASN,ASANSOL JN,33.0
12314,2026-04-15,DGR,DURGAPUR,35.0
12314,2026-04-15,SDAH,SEALDAH,5.0
12314,2026-04-16,NDLS,NEW DELHI,0.0
12314,2026-04-16,CNB,KANPUR CENTRAL,7.0
12314,2026-04-16,DDU,PT DEEN DAYAL UPADHYAY JN,5.0
12314,2026-04-16,GAYA,GAYA JN,11.0
12314,2026-04-16,DHN,DHANBAD JN,0.0
12314,2026-04-16,ASN,ASANSOL JN,16.0
12314,2026-04-16,DGR,DURGAPUR,18.0
12314,2026-04-16,SDAH,SEALDAH,-7.0
12314,2026-04-17,NDLS,NEW DELHI,93.0
12314,2026-04-17,CNB,KANPUR CENTRAL,129.0
12314,2026-04-17,DDU,PT DEEN DAYAL UPADHYAY JN,110.0
12314,2026-04-17,GAYA,GAYA JN,134.0
12314,2026-04-17,DHN,DHANBAD JN,116.0
12314,2026-04-17,ASN,ASANSOL JN,142.0
12314,2026-04-17,DGR,DURGAPUR,145.0
12314,2026-04-17,SDAH,SEALDAH,131.0
12314,2026-04-18,NDLS,NEW DELHI,0.0
12314,2026-04-18,CNB,KANPUR CENTRAL,27.0
12314,2026-04-18,DDU,PT DEEN DAYAL UPADHYAY JN,1.0
12314,2026-04-18,GAYA,GAYA JN,4.0
12314,2026-04-18,DHN,DHANBAD JN,1.0
12314,2026-04-18,ASN,ASANSOL JN,24.0
12314,2026-04-18,DGR,DURGAPUR,25.0
12314,2026-04-18,SDAH,SEALDAH,1.0
12314,2026-04-19,NDLS,NEW DELHI,29.0
12314,2026-04-19,CNB,KANPUR CENTRAL,57.0
12314,2026-04-19,DDU,PT DEEN DAYAL UPADHYAY JN,40.0
12314,2026-04-19,GAYA,GAYA JN,47.0
12314,2026-04-19,DHN,DHANBAD JN,36.0
12314,2026-04-19,ASN,ASANSOL JN,54.0
12314,2026-04-19,DGR,DURGAPUR,56.0
12314,2026-04-19,SDAH,SEALDAH,21.0
12314,2026-04-20,NDLS,NEW DELHI,1.0
12314,2026-04-20,CNB,KANPUR CENTRAL,30.0
12314,2026-04-20,DDU,PT DEEN DAYAL UPADHYAY JN,8.0
12314,2026-04-20,GAYA,GAYA JN,44.0
12314,2026-04-20,DHN,DHANBAD JN,27.0
12314,2026-04-20,ASN,ASANSOL JN,49.0
12314,2026-04-20,DGR,DURGAPUR,53.0
12314,2026-04-20,SDAH,SEALDAH,26.0
12314,2026-04-21,NDLS,NEW DELHI,1.0
12314,2026-04-21,CNB,KANPUR CENTRAL,11.0
12314,2026-04-21,DDU,PT DEEN DAYAL UPADHYAY JN,0.0
12314,2026-04-21,GAYA,GAYA JN,21.0
12314,2026-04-21,DHN,DHANBAD JN,13.0
12314,2026-04-21,ASN,ASANSOL JN,30.0
12314,2026-04-21,DGR,DURGAPUR,34.0
12314,2026-04-21,SDAH,SEALDAH,14.0
12314,2026-04-22,NDLS,NEW DELHI,1.0
12314,2026-04-22,CNB,KANPUR CENTRAL,13.0
12314,2026-04-22,DDU,PT DEEN DAYAL UPADHYAY JN,16.0
12314,2026-04-22,GAYA,GAYA JN,16.0
12314,2026-04-22,DHN,DHANBAD JN,0.0
12314,2026-04-22,ASN,ASANSOL JN,19.0
12314,2026-04-22,DGR,DURGAPUR,22.0
12314,2026-04-22,SDAH,SEALDAH,-2.0
12314,2026-04-23,NDLS,NEW DELHI,5.0
12314,2026-04-23,CNB,KANPUR CENTRAL,20.0
12314,2026-04-23,DDU,PT DEEN DAYAL UPADHYAY JN,0.0
12314,2026-04-23,GAYA,GAYA JN,10.0
12314,2026-04-23,DHN,DHANBAD JN,1.0
12314,2026-04-23,ASN,ASANSOL JN,27.0
12314,2026-04-23,DGR,DURGAPUR,29.0
12314,2026-04-23,SDAH,SEALDAH,-3.0
12314,2026-04-24,NDLS,NEW DELHI,0.0
12314,2026-04-24,CNB,KANPUR CENTRAL,17.0
12314,2026-04-24,DDU,PT DEEN DAYAL UPADHYAY JN,3.0
12314,2026-04-24,GAYA,GAYA JN,8.0
12314,2026-04-24,DHN,DHANBAD JN,2.0
12314,2026-04-24,ASN,ASANSOL JN,23.0
12314,2026-04-24,DGR,DURGAPUR,24.0
12314,2026-04-24,SDAH,SEALDAH,-5.0
12314,2026-04-25,NDLS,NEW DELHI,1.0
12314,2026-04-25,CNB,KANPUR CENTRAL,20.0
12314,2026-04-25,DDU,PT DEEN DAYAL UPADHYAY JN,9.0
12314,2026-04-25,GAYA,GAYA JN,13.0
12314,2026-04-25,DHN,DHANBAD JN,9.0
12314,2026-04-25,ASN,ASANSOL JN,31.0
12314,2026-04-25,DGR,DURGAPUR,33.0
12314,2026-04-25,SDAH,SEALDAH,3.0
12314,2026-04-26,NDLS,NEW DELHI,0.0
12314,2026-04-26,CNB,KANPUR CENTRAL,18.0
12314,2026-04-26,DDU,PT DEEN DAYAL UPADHYAY JN,0.0
12314,2026-04-26,GAYA,GAYA JN,14.0
12314,2026-04-26,DHN,DHANBAD JN,0.0
12314,2026-04-26,ASN,ASANSOL JN,30.0
12314,2026-04-26,DGR,DURGAPUR,32.0
12314,2026-04-26,SDAH,SEALDAH,6.0
12314,2026-04-27,NDLS,NEW DELHI,1.0
12314,2026-04-27,CNB,KANPUR CENTRAL,31.0
12314,2026-04-27,DDU,PT DEEN DAYAL UPADHYAY JN,17.0
12314,2026-04-27,GAYA,GAYA JN,27.0
12314,2026-04-27,DHN,DHANBAD JN,21.0
12314,2026-04-27,ASN,ASANSOL JN,39.0
12314,2026-04-27,DGR,DURGAPUR,46.0
12314,2026-04-27,SDAH,SEALDAH,6.0
12314,2026-04-28,NDLS,NEW DELHI,0.0
12314,2026-04-28,CNB,KANPUR CENTRAL,15.0
12314,2026-04-28,DDU,PT DEEN DAYAL UPADHYAY JN,2.0
12314,2026-04-28,GAYA,GAYA JN,24.0
12314,2026-04-28,DHN,DHANBAD JN,12.0
12314,2026-04-28,ASN,ASANSOL JN,33.0
12314,2026-04-28,DGR,DURGAPUR,37.0
12314,2026-04-28,SDAH,SEALDAH,8.0
12314,2026-04-29,NDLS,NEW DELHI,8.0
12314,2026-04-29,CNB,KANPUR CENTRAL,21.0
12314,2026-04-29,DDU,PT DEEN DAYAL UPADHYAY JN,3.0
12314,2026-04-29,GAYA,GAYA JN,3.0
12314,2026-04-29,DHN,DHANBAD JN,0.0
12314,2026-04-29,ASN,ASANSOL JN,18.0
12314,2026-04-29,DGR,DURGAPUR,21.0
12314,2026-04-29,SDAH,SEALDAH,-5.0
12314,2026-04-30,NDLS,NEW DELHI,8.0
12314,2026-04-30,CNB,KANPUR CENTRAL,26.0
12314,2026-04-30,DDU,PT DEEN DAYAL UPADHYAY JN,19.0
12314,2026-04-30,GAYA,GAYA JN,89.0
12314,2026-04-30,DHN,DHANBAD JN,86.0
12314,2026-04-30,ASN,ASANSOL JN,104.0
12314,2026-04-30,DGR,DURGAPUR,106.0
12314,2026-04-30,SDAH,SEALDAH,70.0
12314,2026-05-01,NDLS,NEW DELHI,0.0
12314,2026-05-01,CNB,KANPUR CENTRAL,12.0
12314,2026-05-01,DDU,PT DEEN DAYAL UPADHYAY JN,7.0
12314,2026-05-01,GAYA,GAYA JN,18.0
12314,2026-05-01,DHN,DHANBAD JN,6.0
12314,2026-05-01,ASN,ASANSOL JN,24.0
12314,2026-05-01,DGR,DURGAPUR,26.0
12314,2026-05-01,SDAH,SEALDAH,8.0
12314,2026-05-02,NDLS,NEW DELHI,0.0
12314,2026-05-02,CNB,KANPUR CENTRAL,14.0
12314,2026-05-02,DDU,PT DEEN DAYAL UPADHYAY JN,4.0
12314,2026-05-02,GAYA,GAYA JN,13.0
12314,2026-05-02,DHN,DHANBAD JN,6.0
12314,2026-05-02,ASN,ASANSOL JN,22.0
12314,2026-05-02,DGR,DURGAPUR,25.0
12314,2026-05-02,SDAH,SEALDAH,-4.0
12314,2026-05-03,NDLS,NEW DELHI,0.0
12314,2026-05-03,CNB,KANPUR CENTRAL,14.0
12314,2026-05-03,DDU,PT DEEN DAYAL UPADHYAY JN,0.0
12314,2026-05-03,GAYA,GAYA JN,14.0
12314,2026-05-03,DHN,DHANBAD JN,8.0
12314,2026-05-03,ASN,ASANSOL JN,23.0
12314,2026-05-03,DGR,DURGAPUR,25.0
12314,2026-05-03,SDAH,SEALDAH,-6.0
12314,2026-05-04,NDLS,NEW DELHI,0.0
12314,2026-05-04,CNB,KANPUR CENTRAL,11.0
12314,2026-05-04,DDU,PT DEEN DAYAL UPADHYAY JN,32.0
12314,2026-05-04,GAYA,GAYA JN,56.0
12314,2026-05-04,DHN,DHANBAD JN,44.0
12314,2026-05-04,ASN,ASANSOL JN,60.0
12314,2026-05-04,DGR,DURGAPUR,64.0
12314,2026-05-04,SDAH,SEALDAH,25.0
12314,2026-05-05,NDLS,NEW DELHI,0.0
12314,2026-05-05,CNB,KANPUR CENTRAL,1.0
12314,2026-05-05,DDU,PT DEEN DAYAL UPADHYAY JN,7.0
12314,2026-05-05,GAYA,GAYA JN,14.0
12314,2026-05-05,DHN,DHANBAD JN,13.0
12314,2026-05-05,ASN,ASANSOL JN,30.0
12314,2026-05-05,DGR,DURGAPUR,33.0
12314,2026-05-05,SDAH,SEALDAH,1.0
12314,2026-05-06,NDLS,NEW DELHI,0.0
12314,2026-05-06,CNB,KANPUR CENTRAL,15.0
12314,2026-05-06,DDU,PT DEEN DAYAL UPADHYAY JN,5.0
12314,2026-05-06,GAYA,GAYA JN,9.0
12314,2026-05-06,DHN,DHANBAD JN,3.0
12314,2026-05-06,ASN,ASANSOL JN,18.0
12314,2026-05-06,DGR,DURGAPUR,20.0
12314,2026-05-06,SDAH,SEALDAH,-2.0
12314,2026-05-07,NDLS,NEW DELHI,1.0
12314,2026-05-07,CNB,KANPUR CENTRAL,12.0
12314,2026-05-07,DDU,PT DEEN DAYAL UPADHYAY JN,6.0
12314,2026-05-07,GAYA,GAYA JN,12.0
12314,2026-05-07,DHN,DHANBAD JN,3.0
12314,2026-05-07,ASN,ASANSOL JN,15.0
12314,2026-05-07,DGR,DURGAPUR,16.0
12314,2026-05-07,SDAH,SEALDAH,-4.0
12314,2026-05-08,NDLS,NEW DELHI,0.0
12314,2026-05-08,CNB,KANPUR CENTRAL,7.0
12314,2026-05-08,DDU,PT DEEN DAYAL UPADHYAY JN,0.0
12314,2026-05-08,GAYA,GAYA JN,5.0
12314,2026-05-08,DHN,DHANBAD JN,0.0
12314,2026-05-08,ASN,ASANSOL JN,20.0
12314,2026-05-08,DGR,DURGAPUR,23.0
12314,2026-05-08,SDAH,SEALDAH,-8.0
12314,2026-05-09,NDLS,NEW DELHI,1.0
12314,2026-05-09,CNB,KANPUR CENTRAL,15.0
12314,2026-05-09,DDU,PT DEEN DAYAL UPADHYAY JN,4.0
12314,2026-05-09,GAYA,GAYA JN,15.0
12314,2026-05-09,DHN,DHANBAD JN,14.0
12314,2026-05-09,ASN,ASANSOL JN,24.0
12314,2026-05-09,DGR,DURGAPUR,25.0
12314,2026-05-09,SDAH,SEALDAH,-2.0
12314,2026-05-10,NDLS,NEW DELHI,5.0
12314,2026-05-10,CNB,KANPUR CENTRAL,14.0
12314,2026-05-10,DDU,PT DEEN DAYAL UPADHYAY JN,2.0
12314,2026-05-10,GAYA,GAYA JN,13.0
12314,2026-05-10,DHN,DHANBAD JN,0.0
12314,2026-05-10,ASN,ASANSOL JN,21.0
12314,2026-05-10,DGR,DURGAPUR,23.0
12314,2026-05-10,SDAH,SEALDAH,-5.0
12314,2026-05-11,NDLS,NEW DELHI,4.0
12314,2026-05-11,CNB,KANPUR CENTRAL,18.0
12314,2026-05-11,DDU,PT DEEN DAYAL UPADHYAY JN,7.0
12314,2026-05-11,GAYA,GAYA JN,11.0
12314,2026-05-11,DHN,DHANBAD JN,0.0
12314,2026-05-11,ASN,ASANSOL JN,15.0
12314,2026-05-11,DGR,DURGAPUR,17.0
12314,2026-05-11,SDAH,SEALDAH,-4.0
12314,2026-05-12,NDLS,NEW DELHI,3.0
12314,2026-05-12,CNB,KANPUR CENTRAL,13.0
12314,2026-05-12,DDU,PT DEEN DAYAL UPADHYAY JN,0.0
12314,2026-05-12,GAYA,GAYA JN,7.0
12314,2026-05-12,DHN,DHANBAD JN,13.0
12314,2026-05-12,ASN,ASANSOL JN,26.0
12314,2026-05-12,DGR,DURGAPUR,29.0
12314,2026-05-12,SDAH,SEALDAH,2.0
12314,2026-05-13,NDLS,NEW DELHI,0.0
12314,2026-05-13,CNB,KANPUR CENTRAL,17.0
12314,2026-05-13,DDU,PT DEEN DAYAL UPADHYAY JN,71.0
12314,2026-05-13,GAYA,GAYA JN,85.0
12314,2026-05-13,DHN,DHANBAD JN,84.0
12314,2026-05-13,ASN,ASANSOL JN,96.0
12314,2026-05-13,DGR,DURGAPUR,99.0
12314,2026-05-13,SDAH,SEALDAH,67.0
12314,2026-05-14,NDLS,NEW DELHI,1.0
12314,2026-05-14,CNB,KANPUR CENTRAL,8.0
12314,2026-05-14,DDU,PT DEEN DAYAL UPADHYAY JN,0.0
12314,2026-05-14,GAYA,GAYA JN,11.0
12314,2026-05-14,DHN,DHANBAD JN,0.0
12314,2026-05-14,ASN,ASANSOL JN,10.0
12314,2026-05-14,DGR,DURGAPUR,12.0
12314,2026-05-14,SDAH,SEALDAH,-3.0
12314,2026-05-15,NDLS,NEW DELHI,1.0
12314,2026-05-15,CNB,KANPUR CENTRAL,7.0
12314,2026-05-15,DDU,PT DEEN DAYAL UPADHYAY JN,1.0
12314,2026-05-15,GAYA,GAYA JN,4.0
12314,2026-05-15,DHN,DHANBAD JN,6.0
12314,2026-05-15,ASN,ASANSOL JN,18.0
12314,2026-05-15,DGR,DURGAPUR,24.0
12314,2026-05-15,SDAH,SEALDAH,5.0
12314,2026-05-16,NDLS,NEW DELHI,3.0
12314,2026-05-16,CNB,KANPUR CENTRAL,38.0
12314,2026-05-16,DDU,PT DEEN DAYAL UPADHYAY JN,11.0
12314,2026-05-16,GAYA,GAYA JN,12.0
12314,2026-05-16,DHN,DHANBAD JN,11.0
12314,2026-05-16,ASN,ASANSOL JN,23.0
12314,2026-05-16,DGR,DURGAPUR,27.0
12314,2026-05-16,SDAH,SEALDAH,0.0
12314,2026-05-17,NDLS,NEW DELHI,0.0
12314,2026-05-17,CNB,KANPUR CENTRAL,9.0
12314,2026-05-17,DDU,PT DEEN DAYAL UPADHYAY JN,0.0
12314,2026-05-17,GAYA,GAYA JN,2.0
12314,2026-05-17,DHN,DHANBAD JN,0.0
12314,2026-05-17,ASN,ASANSOL JN,10.0
12314,2026-05-17,DGR,DURGAPUR,19.0
12314,2026-05-17,SDAH,SEALDAH,-5.0
12314,2026-05-18,NDLS,NEW DELHI,0.0
12314,2026-05-18,CNB,KANPUR CENTRAL,16.0
12314,2026-05-18,DDU,PT DEEN DAYAL UPADHYAY JN,10.0
12314,2026-05-18,GAYA,GAYA JN,18.0
12314,2026-05-18,DHN,DHANBAD JN,12.0
12314,2026-05-18,ASN,ASANSOL JN,20.0
12314,2026-05-18,DGR,DURGAPUR,25.0
12314,2026-05-18,SDAH,SEALDAH,1.0
12314,2026-05-19,NDLS,NEW DELHI,1.0
12314,2026-05-19,CNB,KANPUR CENTRAL,8.0
12314,2026-05-19,DDU,PT DEEN DAYAL UPADHYAY JN,0.0
12314,2026-05-19,GAYA,GAYA JN,9.0
12314,2026-05-19,DHN,DHANBAD JN,0.0
12314,2026-05-19,ASN,ASANSOL JN,12.0
12314,2026-05-19,DGR,DURGAPUR,19.0
12314,2026-05-19,SDAH,SEALDAH,1.0
12314,2026-05-20,NDLS,NEW DELHI,2.0
12314,2026-05-20,CNB,KANPUR CENTRAL,14.0
12314,2026-05-20,DDU,PT DEEN DAYAL UPADHYAY JN,2.0
12314,2026-05-20,GAYA,GAYA JN,6.0
12314,2026-05-20,DHN,DHANBAD JN,0.0
12314,2026-05-20,ASN,ASANSOL JN,11.0
12314,2026-05-20,DGR,DURGAPUR,14.0
12314,2026-05-20,SDAH,SEALDAH,41.0
12314,2026-05-21,NDLS,NEW DELHI,1.0
12314,2026-05-21,CNB,KANPUR CENTRAL,13.0
12314,2026-05-21,DDU,PT DEEN DAYAL UPADHYAY JN,1.0
12314,2026-05-21,GAYA,GAYA JN,6.0
12314,2026-05-21,DHN,DHANBAD JN,1.0
12314,2026-05-21,ASN,ASANSOL JN,15.0
12314,2026-05-21,DGR,DURGAPUR,19.0
12314,2026-05-21,SDAH,SEALDAH,-13.0
12314,2026-05-22,NDLS,NEW DELHI,0.0
12314,2026-05-22,CNB,KANPUR CENTRAL,11.0
12314,2026-05-22,DDU,PT DEEN DAYAL UPADHYAY JN,5.0
12314,2026-05-22,GAYA,GAYA JN,13.0
12314,2026-05-22,DHN,DHANBAD JN,3.0
12314,2026-05-22,ASN,ASANSOL JN,14.0
12314,2026-05-22,DGR,DURGAPUR,18.0
12314,2026-05-22,SDAH,SEALDAH,-11.0
12314,2026-05-23,NDLS,NEW DELHI,0.0
12314,2026-05-23,CNB,KANPUR CENTRAL,16.0
12314,2026-05-23,DDU,PT DEEN DAYAL UPADHYAY JN,3.0
12314,2026-05-23,GAYA,GAYA JN,7.0
12314,2026-05-23,DHN,DHANBAD JN,0.0
12314,2026-05-23,ASN,ASANSOL JN,16.0
12314,2026-05-23,DGR,DURGAPUR,19.0
12314,2026-05-23,SDAH,SEALDAH,-1.0
12314,2026-05-24,NDLS,NEW DELHI,1.0
12314,2026-05-24,CNB,KANPUR CENTRAL,22.0
12314,2026-05-24,DDU,PT DEEN DAYAL UPADHYAY JN,1.0
12314,2026-05-24,GAYA,GAYA JN,12.0
12314,2026-05-24,DHN,DHANBAD JN,2.0
12314,2026-05-24,ASN,ASANSOL JN,18.0
12314,2026-05-24,DGR,DURGAPUR,26.0
12314,2026-05-24,SDAH,SEALDAH,-8.0
12314,2026-05-25,NDLS,NEW DELHI,0.0
12314,2026-05-25,CNB,KANPUR CENTRAL,10.0
12314,2026-05-25,DDU,PT DEEN DAYAL UPADHYAY JN,0.0
12314,2026-05-25,GAYA,GAYA JN,2.0
12314,2026-05-25,DHN,DHANBAD JN,0.0
12314,2026-05-25,ASN,ASANSOL JN,9.0
12314,2026-05-25,DGR,DURGAPUR,10.0
12314,2026-05-25,SDAH,SEALDAH,-7.0
12314,2026-05-26,NDLS,NEW DELHI,1.0
12314,2026-05-26,CNB,KANPUR CENTRAL,19.0
12314,2026-05-26,DDU,PT DEEN DAYAL UPADHYAY JN,0.0
12314,2026-05-26,GAYA,GAYA JN,14.0
12314,2026-05-26,DHN,DHANBAD JN,8.0
12314,2026-05-26,ASN,ASANSOL JN,19.0
12314,2026-05-26,DGR,DURGAPUR,23.0
12314,2026-05-26,SDAH,SEALDAH,1.0
12314,2026-05-27,NDLS,NEW DELHI,2.0
12314,2026-05-27,CNB,KANPUR CENTRAL,12.0
12314,2026-05-27,DDU,PT DEEN DAYAL UPADHYAY JN,10.0
12314,2026-05-27,GAYA,GAYA JN,16.0
12314,2026-05-27,DHN,DHANBAD JN,4.0
12314,2026-05-27,ASN,ASANSOL JN,15.0
12314,2026-05-27,DGR,DURGAPUR,19.0
12314,2026-05-27,SDAH,SEALDAH,-1.0
12314,2026-05-28,NDLS,NEW DELHI,0.0
12314,2026-05-28,CNB,KANPUR CENTRAL,14.0
12314,2026-05-28,DDU,PT DEEN DAYAL UPADHYAY JN,0.0
12314,2026-05-28,GAYA,GAYA JN,10.0
12314,2026-05-28,DHN,DHANBAD JN,0.0
12314,2026-05-28,ASN,ASANSOL JN,12.0
12314,2026-05-28,DGR,DURGAPUR,19.0
12314,2026-05-28,SDAH,SEALDAH,-1.0
12314,2026-05-29,NDLS,NEW DELHI,0.0
12314,2026-05-29,CNB,KANPUR CENTRAL,36.0
12314,2026-05-29,DDU,PT DEEN DAYAL UPADHYAY JN,10.0
12314,2026-05-29,GAYA,GAYA JN,11.0
12314,2026-05-29,DHN,DHANBAD JN,32.0
12314,2026-05-29,ASN,ASANSOL JN,48.0
12314,2026-05-29,DGR,DURGAPUR,56.0
12314,2026-05-29,SDAH,SEALDAH,29.0
12314,2026-05-30,NDLS,NEW DELHI,3.0
12314,2026-05-30,CNB,KANPUR CENTRAL,25.0
12314,2026-05-30,DDU,PT DEEN DAYAL UPADHYAY JN,8.0
12314,2026-05-30,GAYA,GAYA JN,14.0
12314,2026-05-30,DHN,DHANBAD JN,0.0
12314,2026-05-30,ASN,ASANSOL JN,17.0
12314,2026-05-30,DGR,DURGAPUR,19.0
12314,2026-05-30,SDAH,SEALDAH,-15.0
12314,2026-05-31,NDLS,NEW DELHI,19.0
12314,2026-05-31,CNB,KANPUR CENTRAL,20.0
12314,2026-05-31,DDU,PT DEEN DAYAL UPADHYAY JN,12.0
12314,2026-05-31,GAYA,GAYA JN,18.0
12314,2026-05-31,DHN,DHANBAD JN,0.0
12314,2026-05-31,ASN,ASANSOL JN,13.0
12314,2026-05-31,DGR,DURGAPUR,17.0
12314,2026-05-31,SDAH,SEALDAH,-6.0
12314,2026-06-01,NDLS,NEW DELHI,1.0
12314,2026-06-01,CNB,KANPUR CENTRAL,11.0
12314,2026-06-01,DDU,PT DEEN DAYAL UPADHYAY JN,0.0
12314,2026-06-01,GAYA,GAYA JN,3.0
12314,2026-06-01,DHN,DHANBAD JN,0.0
12314,2026-06-01,ASN,ASANSOL JN,24.0
12314,2026-06-01,DGR,DURGAPUR,34.0
12314,2026-06-01,SDAH,SEALDAH,7.0
12314,2026-06-02,NDLS,NEW DELHI,1.0
12314,2026-06-02,CNB,KANPUR CENTRAL,10.0
12314,2026-06-02,DDU,PT DEEN DAYAL UPADHYAY JN,1.0
12314,2026-06-02,GAYA,GAYA JN,23.0
12314,2026-06-02,DHN,DHANBAD JN,4.0
12314,2026-06-02,ASN,ASANSOL JN,18.0
12314,2026-06-02,DGR,DURGAPUR,21.0
12314,2026-06-02,SDAH,SEALDAH,0.0
12314,2026-06-03,NDLS,NEW DELHI,2.0
12314,2026-06-03,CNB,KANPUR CENTRAL,11.0
12314,2026-06-03,DDU,PT DEEN DAYAL UPADHYAY JN,9.0
12314,2026-06-03,GAYA,GAYA JN,10.0
12314,2026-06-03,DHN,DHANBAD JN,0.0
12314,2026-06-03,ASN,ASANSOL JN,12.0
12314,2026-06-03,DGR,DURGAPUR,14.0
12314,2026-06-03,SDAH,SEALDAH,2.0
12314,2026-06-04,NDLS,NEW DELHI,1.0
12314,2026-06-04,CNB,KANPUR CENTRAL,16.0
12314,2026-06-04,DDU,PT DEEN DAYAL UPADHYAY JN,0.0
12314,2026-06-04,GAYA,GAYA JN,12.0
12314,2026-06-04,DHN,DHANBAD JN,1.0
12314,2026-06-04,ASN,ASANSOL JN,28.0
12314,2026-06-04,DGR,DURGAPUR,31.0
12314,2026-06-04,SDAH,SEALDAH,0.0
12314,2026-06-05,NDLS,NEW DELHI,0.0
12314,2026-06-05,CNB,KANPUR CENTRAL,18.0
12314,2026-06-05,DDU,PT DEEN DAYAL UPADHYAY JN,0.0
12314,2026-06-05,GAYA,GAYA JN,5.0
12314,2026-06-05,DHN,DHANBAD JN,4.0
12314,2026-06-05,ASN,ASANSOL JN,14.0
12314,2026-06-05,DGR,DURGAPUR,28.0
12314,2026-06-05,SDAH,SEALDAH,-9.0
12314,2026-06-06,NDLS,NEW DELHI,1.0
12314,2026-06-06,CNB,KANPUR CENTRAL,11.0
12314,2026-06-06,DDU,PT DEEN DAYAL UPADHYAY JN,8.0
12314,2026-06-06,GAYA,GAYA JN,12.0
12314,2026-06-06,DHN,DHANBAD JN,2.0
12314,2026-06-06,ASN,ASANSOL JN,14.0
12314,2026-06-06,DGR,DURGAPUR,16.0
12314,2026-06-06,SDAH,SEALDAH,6.0
12314,2026-06-07,NDLS,NEW DELHI,0.0
12314,2026-06-07,CNB,KANPUR CENTRAL,35.0
12314,2026-06-07,DDU,PT DEEN DAYAL UPADHYAY JN,14.0
12314,2026-06-07,GAYA,GAYA JN,112.0
12314,2026-06-07,DHN,DHANBAD JN,98.0
12314,2026-06-07,ASN,ASANSOL JN,111.0
12314,2026-06-07,DGR,DURGAPUR,116.0
12314,2026-06-07,SDAH,SEALDAH,86.0
12314,2026-06-08,NDLS,NEW DELHI,1.0
12314,2026-06-08,CNB,KANPUR CENTRAL,23.0
12314,2026-06-08,DDU,PT DEEN DAYAL UPADHYAY JN,4.0
12314,2026-06-08,GAYA,GAYA JN,5.0
12314,2026-06-08,DHN,DHANBAD JN,4.0
12314,2026-06-08,ASN,ASANSOL JN,21.0
12314,2026-06-08,DGR,DURGAPUR,21.0
12314,2026-06-08,SDAH,SEALDAH,-5.0
12314,2026-06-09,NDLS,NEW DELHI,1.0
12314,2026-06-09,CNB,KANPUR CENTRAL,28.0
12314,2026-06-09,DDU,PT DEEN DAYAL UPADHYAY JN,3.0
12314,2026-06-09,GAYA,GAYA JN,8.0
12314,2026-06-09,DHN,DHANBAD JN,0.0
12314,2026-06-09,ASN,ASANSOL JN,19.0
12314,2026-06-09,DGR,DURGAPUR,23.0
12314,2026-06-09,SDAH,SEALDAH,1.0
12314,2026-06-10,NDLS,NEW DELHI,0.0
12314,2026-06-10,CNB,KANPUR CENTRAL,22.0
12314,2026-06-10,DDU,PT DEEN DAYAL UPADHYAY JN,0.0
12314,2026-06-10,GAYA,GAYA JN,69.0
12314,2026-06-10,DHN,DHANBAD JN,88.0
12314,2026-06-10,ASN,ASANSOL JN,108.0
12314,2026-06-10,DGR,DURGAPUR,110.0
12314,2026-06-10,SDAH,SEALDAH,83.0
12314,2026-06-11,NDLS,NEW DELHI,6.0
12314,2026-06-11,CNB,KANPUR CENTRAL,12.0
12314,2026-06-11,DDU,PT DEEN DAYAL UPADHYAY JN,47.0
12314,2026-06-11,GAYA,GAYA JN,55.0
12314,2026-06-11,DHN,DHANBAD JN,48.0
12314,2026-06-11,ASN,ASANSOL JN,62.0
12314,2026-06-11,DGR,DURGAPUR,65.0
12314,2026-06-11,SDAH,SEALDAH,35.0
12314,2026-06-12,NDLS,NEW DELHI,1.0
12314,2026-06-12,CNB,KANPUR CENTRAL,9.0
12314,2026-06-12,DDU,PT DEEN DAYAL UPADHYAY JN,0.0
12314,2026-06-12,GAYA,GAYA JN,11.0
12314,2026-06-12,DHN,DHANBAD JN,3.0
12314,2026-06-12,ASN,ASANSOL JN,19.0
12314,2026-06-12,DGR,DURGAPUR,22.0
12314,2026-06-12,SDAH,SEALDAH,-2.0
12314,2026-06-13,NDLS,NEW DELHI,5.0
12314,2026-06-13,CNB,KANPUR CENTRAL,28.0
12314,2026-06-13,DDU,PT DEEN DAYAL UPADHYAY JN,11.0
12314,2026-06-13,GAYA,GAYA JN,15.0
12314,2026-06-13,DHN,DHANBAD JN,1.0
12314,2026-06-13,ASN,ASANSOL JN,19.0
12314,2026-06-13,DGR,DURGAPUR,24.0
12314,2026-06-13,SDAH,SEALDAH,-4.0
12314,2026-06-14,NDLS,NEW DELHI,0.0
12314,2026-06-14,CNB,KANPUR CENTRAL,2.0
12314,2026-06-14,DDU,PT DEEN DAYAL UPADHYAY JN,0.0
12314,2026-06-14,GAYA,GAYA JN,12.0
12314,2026-06-14,DHN,DHANBAD JN,5.0
12314,2026-06-14,ASN,ASANSOL JN,19.0
12314,2026-06-14,DGR,DURGAPUR,22.0
12314,2026-06-14,SDAH,SEALDAH,-7.0
12314,2026-06-15,NDLS,NEW DELHI,1.0
12314,2026-06-15,CNB,KANPUR CENTRAL,16.0
12314,2026-06-15,DDU,PT DEEN DAYAL UPADHYAY JN,12.0
12314,2026-06-15,GAYA,GAYA JN,15.0
12314,2026-06-15,DHN,DHANBAD JN,5.0
12314,2026-06-15,ASN,ASANSOL JN,23.0
12314,2026-06-15,DGR,DURGAPUR,25.0
12314,2026-06-15,SDAH,SEALDAH,-1.0
12314,2026-06-16,NDLS,NEW DELHI,0.0
12314,2026-06-16,CNB,KANPUR CENTRAL,15.0
12314,2026-06-16,DDU,PT DEEN DAYAL UPADHYAY JN,22.0
12314,2026-06-16,GAYA,GAYA JN,26.0
12314,2026-06-16,DHN,DHANBAD JN,22.0
12314,2026-06-16,ASN,ASANSOL JN,38.0
12314,2026-06-16,DGR,DURGAPUR,42.0
12314,2026-06-16,SDAH,SEALDAH,10.0
12314,2026-06-17,NDLS,NEW DELHI,0.0
12314,2026-06-17,CNB,KANPUR CENTRAL,2.0
12314,2026-06-17,DDU,PT DEEN DAYAL UPADHYAY JN,6.0
12314,2026-06-17,GAYA,GAYA JN,11.0
12314,2026-06-17,DHN,DHANBAD JN,11.0
12314,2026-06-17,ASN,ASANSOL JN,26.0
12314,2026-06-17,DGR,DURGAPUR,28.0
12314,2026-06-17,SDAH,SEALDAH,-6.0
12314,2026-06-18,NDLS,NEW DELHI,0.0
12314,2026-06-18,CNB,KANPUR CENTRAL,4.0
12314,2026-06-18,DDU,PT DEEN DAYAL UPADHYAY JN,8.0
12314,2026-06-18,GAYA,GAYA JN,11.0
12314,2026-06-18,DHN,DHANBAD JN,2.0
12314,2026-06-18,ASN,ASANSOL JN,20.0
12314,2026-06-18,DGR,DURGAPUR,24.0
12314,2026-06-18,SDAH,SEALDAH,-4.0
12314,2026-06-19,NDLS,NEW DELHI,0.0
12314,2026-06-19,CNB,KANPUR CENTRAL,1.0
12314,2026-06-19,DDU,PT DEEN DAYAL UPADHYAY JN,1.0
12314,2026-06-19,GAYA,GAYA JN,5.0
12314,2026-06-19,DHN,DHANBAD JN,3.0
12314,2026-06-19,ASN,ASANSOL JN,22.0
12314,2026-06-19,DGR,DURGAPUR,24.0
12314,2026-06-19,SDAH,SEALDAH,10.0
12314,2026-06-20,NDLS,NEW DELHI,0.0
12314,2026-06-20,CNB,KANPUR CENTRAL,3.0
12314,2026-06-20,DDU,PT DEEN DAYAL UPADHYAY JN,0.0
12314,2026-06-20,GAYA,GAYA JN,2.0
12314,2026-06-20,DHN,DHANBAD JN,17.0
12314,2026-06-20,ASN,ASANSOL JN,35.0
12314,2026-06-20,DGR,DURGAPUR,37.0
12314,2026-06-20,SDAH,SEALDAH,2.0
12314,2026-06-21,NDLS,NEW DELHI,0.0
12314,2026-06-21,CNB,KANPUR CENTRAL,4.0
12314,2026-06-21,DDU,PT DEEN DAYAL UPADHYAY JN,1.0
12314,2026-06-21,GAYA,GAYA JN,7.0
12314,2026-06-21,DHN,DHANBAD JN,0.0
12314,2026-06-21,ASN,ASANSOL JN,51.0
12314,2026-06-21,DGR,DURGAPUR,56.0
12314,2026-06-21,SDAH,SEALDAH,25.0
12314,2026-06-22,NDLS,NEW DELHI,0.0
12314,2026-06-22,CNB,KANPUR CENTRAL,3.0
12314,2026-06-22,DDU,PT DEEN DAYAL UPADHYAY JN,0.0
12314,2026-06-22,GAYA,GAYA JN,0.0
12314,2026-06-22,DHN,DHANBAD JN,0.0
12314,2026-06-22,ASN,ASANSOL JN,18.0
12314,2026-06-22,DGR,DURGAPUR,22.0
12314,2026-06-22,SDAH,SEALDAH,-14.0
12314,2026-06-23,NDLS,NEW DELHI,1.0
12314,2026-06-23,CNB,KANPUR CENTRAL,13.0
12314,2026-06-23,DDU,PT DEEN DAYAL UPADHYAY JN,7.0
12314,2026-06-23,GAYA,GAYA JN,8.0
12314,2026-06-23,DHN,DHANBAD JN,0.0
12314,2026-06-23,ASN,ASANSOL JN,23.0
12314,2026-06-23,DGR,DURGAPUR,25.0
12314,2026-06-23,SDAH,SEALDAH,-1.0
12314,2026-06-24,NDLS,NEW DELHI,0.0
12314,2026-06-24,CNB,KANPUR CENTRAL,0.0
12314,2026-06-24,DDU,PT DEEN DAYAL UPADHYAY JN,0.0
12314,2026-06-24,GAYA,GAYA JN,5.0
12314,2026-06-24,DHN,DHANBAD JN,16.0
12314,2026-06-24,ASN,ASANSOL JN,34.0
12314,2026-06-24,DGR,DURGAPUR,36.0
12314,2026-06-24,SDAH,SEALDAH,7.0
12314,2026-06-25,NDLS,NEW DELHI,1.0
12314,2026-06-25,CNB,KANPUR CENTRAL,19.0
12314,2026-06-25,DDU,PT DEEN DAYAL UPADHYAY JN,0.0
12314,2026-06-25,GAYA,GAYA JN,13.0
12314,2026-06-25,DHN,DHANBAD JN,0.0
12314,2026-06-25,ASN,ASANSOL JN,20.0
12314,2026-06-25,DGR,DURGAPUR,32.0
12314,2026-06-25,SDAH,SEALDAH,1.0
12314,2026-06-26,NDLS,NEW DELHI,1.0
12314,2026-06-26,CNB,KANPUR CENTRAL,10.0
12314,2026-06-26,DDU,PT DEEN DAYAL UPADHYAY JN,3.0
12314,2026-06-26,GAYA,GAYA JN,5.0
12314,2026-06-26,DHN,DHANBAD JN,2.0
12314,2026-06-26,ASN,ASANSOL JN,25.0
12314,2026-06-26,DGR,DURGAPUR,31.0
12314,2026-06-26,SDAH,SEALDAH,8.0
12314,2026-06-27,NDLS,NEW DELHI,1.0
12314,2026-06-27,CNB,KANPUR CENTRAL,19.0
12314,2026-06-27,DDU,PT DEEN DAYAL UPADHYAY JN,5.0
12314,2026-06-27,GAYA,GAYA JN,4.0
12314,2026-06-27,DHN,DHANBAD JN,1.0
12314,2026-06-27,ASN,ASANSOL JN,21.0
12314,2026-06-27,DGR,DURGAPUR,29.0
12314,2026-06-27,SDAH,SEALDAH,0.0
12314,2026-06-28,NDLS,NEW DELHI,1.0
12314,2026-06-28,CNB,KANPUR CENTRAL,5.0
12314,2026-06-28,DDU,PT DEEN DAYAL UPADHYAY JN,0.0
12314,2026-06-28,GAYA,GAYA JN,15.0
12314,2026-06-28,DHN,DHANBAD JN,17.0
12314,2026-06-28,ASN,ASANSOL JN,38.0
12314,2026-06-28,DGR,DURGAPUR,45.0
12314,2026-06-28,SDAH,SEALDAH,24.0
12314,2026-06-29,NDLS,NEW DELHI,1.0
12314,2026-06-29,CNB,KANPUR CENTRAL,3.0
12314,2026-06-29,DDU,PT DEEN DAYAL UPADHYAY JN,3.0
12314,2026-06-29,GAYA,GAYA JN,7.0
12314,2026-06-29,DHN,DHANBAD JN,8.0
12314,2026-06-29,ASN,ASANSOL JN,28.0
12314,2026-06-29,DGR,DURGAPUR,35.0
12314,2026-06-29,SDAH,SEALDAH,14.0
12314,2026-06-30,NDLS,NEW DELHI,0.0
12314,2026-06-30,CNB,KANPUR CENTRAL,12.0
12314,2026-06-30,DDU,PT DEEN DAYAL UPADHYAY JN,16.0
12314,2026-06-30,GAYA,GAYA JN,21.0
12314,2026-06-30,DHN,DHANBAD JN,12.0
12314,2026-06-30,ASN,ASANSOL JN,34.0
12314,2026-06-30,DGR,DURGAPUR,43.0
12314,2026-06-30,SDAH,SEALDAH,10.0
12314,2026-07-01,NDLS,NEW DELHI,0.0
12314,2026-07-01,CNB,KANPUR CENTRAL,13.0
12314,2026-07-01,DDU,PT DEEN DAYAL UPADHYAY JN,12.0
12314,2026-07-01,GAYA,GAYA JN,18.0
12314,2026-07-01,DHN,DHANBAD JN,10.0
12314,2026-07-01,ASN,ASANSOL JN,32.0
12314,2026-07-01,DGR,DURGAPUR,41.0
12314,2026-07-01,SDAH,SEALDAH,9.0
12314,2026-07-02,NDLS,NEW DELHI,3.0
12314,2026-07-02,CNB,KANPUR CENTRAL,1.0
12314,2026-07-02,DDU,PT DEEN DAYAL UPADHYAY JN,0.0
12314,2026-07-02,GAYA,GAYA JN,17.0
12314,2026-07-02,DHN,DHANBAD JN,2.0
12314,2026-07-02,ASN,ASANSOL JN,27.0
12314,2026-07-02,DGR,DURGAPUR,34.0
12314,2026-07-02,SDAH,SEALDAH,-3.0
12314,2026-07-03,NDLS,NEW DELHI,3.0
12314,2026-07-03,CNB,KANPUR CENTRAL,13.0
12314,2026-07-03,DDU,PT DEEN DAYAL UPADHYAY JN,10.0
12314,2026-07-03,GAYA,GAYA JN,21.0
12314,2026-07-03,DHN,DHANBAD JN,11.0
12314,2026-07-03,ASN,ASANSOL JN,31.0
12314,2026-07-03,DGR,DURGAPUR,40.0
12314,2026-07-03,SDAH,SEALDAH,8.0
12314,2026-07-04,NDLS,NEW DELHI,1.0
12314,2026-07-04,CNB,KANPUR CENTRAL,10.0
12314,2026-07-04,DDU,PT DEEN DAYAL UPADHYAY JN,0.0
12314,2026-07-04,GAYA,GAYA JN,5.0
12314,2026-07-04,DHN,DHANBAD JN,15.0
12314,2026-07-04,ASN,ASANSOL JN,37.0
12314,2026-07-04,DGR,DURGAPUR,44.0
12314,2026-07-04,SDAH,SEALDAH,47.0
12314,2026-07-05,NDLS,NEW DELHI,0.0
12314,2026-07-05,CNB,KANPUR CENTRAL,7.0
12314,2026-07-05,DDU,PT DEEN DAYAL UPADHYAY JN,3.0
12314,2026-07-05,GAYA,GAYA JN,10.0
12314,2026-07-05,DHN,DHANBAD JN,3.0
12314,2026-07-05,ASN,ASANSOL JN,31.0
12314,2026-07-05,DGR,DURGAPUR,40.0
12314,2026-07-05,SDAH,SEALDAH,16.0
12314,2026-07-06,NDLS,NEW DELHI,1.0
12314,2026-07-06,CNB,KANPUR CENTRAL,10.0
12314,2026-07-06,DDU,PT DEEN DAYAL UPADHYAY JN,2.0
12314,2026-07-06,GAYA,GAYA JN,16.0
12314,2026-07-06,DHN,DHANBAD JN,12.0
12314,2026-07-06,ASN,ASANSOL JN,35.0
12314,2026-07-06,DGR,DURGAPUR,43.0
12314,2026-07-06,SDAH,SEALDAH,14.0
12314,2026-07-07,NDLS,NEW DELHI,0.0
12314,2026-07-07,CNB,KANPUR CENTRAL,3.0
12314,2026-07-07,DDU,PT DEEN DAYAL UPADHYAY JN,0.0
12314,2026-07-07,GAYA,GAYA JN,9.0
12314,2026-07-07,DHN,DHANBAD JN,0.0
12314,2026-07-07,ASN,ASANSOL JN,21.0
12314,2026-07-07,DGR,DURGAPUR,29.0
12314,2026-07-07,SDAH,SEALDAH,12.0
12314,2026-07-08,NDLS,NEW DELHI,0.0
12314,2026-07-08,CNB,KANPUR CENTRAL,13.0
12314,2026-07-08,DDU,PT DEEN DAYAL UPADHYAY JN,0.0
12314,2026-07-08,GAYA,GAYA JN,8.0
12314,2026-07-08,DHN,DHANBAD JN,0.0
12314,2026-07-08,ASN,ASANSOL JN,23.0
12314,2026-07-08,DGR,DURGAPUR,31.0
12314,2026-07-08,SDAH,SEALDAH,-7.0
12314,2026-07-09,NDLS,NEW DELHI,1.0
12314,2026-07-09,CNB,KANPUR CENTRAL,21.0
12314,2026-07-09,DDU,PT DEEN DAYAL UPADHYAY JN,0.0
12314,2026-07-09,GAYA,GAYA JN,11.0
12314,2026-07-09,DHN,DHANBAD JN,1.0
12314,2026-07-09,ASN,ASANSOL JN,21.0
12314,2026-07-09,DGR,DURGAPUR,31.0
12314,2026-07-09,SDAH,SEALDAH,-6.0
12314,2026-07-10,NDLS,NEW DELHI,0.0
12314,2026-07-10,CNB,KANPUR CENTRAL,27.0
12314,2026-07-10,DDU,PT DEEN DAYAL UPADHYAY JN,1.0
12314,2026-07-10,GAYA,GAYA JN,14.0
12314,2026-07-10,DHN,DHANBAD JN,7.0
12314,2026-07-10,ASN,ASANSOL JN,30.0
12314,2026-07-10,DGR,DURGAPUR,38.0
12314,2026-07-10,SDAH,SEALDAH,8.0
12314,2026-07-11,NDLS,NEW DELHI,0.0
12314,2026-07-11,CNB,KANPUR CENTRAL,7.0
12314,2026-07-11,DDU,PT DEEN DAYAL UPADHYAY JN,8.0
12314,2026-07-11,GAYA,GAYA JN,13.0
12314,2026-07-11,DHN,DHANBAD JN,0.0
12314,2026-07-11,ASN,ASANSOL JN,19.0
12314,2026-07-11,DGR,DURGAPUR,32.0
12314,2026-07-11,SDAH,SEALDAH,-5.0
12314,2026-07-12,NDLS,NEW DELHI,0.0
12314,2026-07-12,CNB,KANPUR CENTRAL,1.0
12314,2026-07-12,DDU,PT DEEN DAYAL UPADHYAY JN,0.0
12314,2026-07-12,GAYA,GAYA JN,10.0
12314,2026-07-12,DHN,DHANBAD JN,0.0
12314,2026-07-12,ASN,ASANSOL JN,21.0
12314,2026-07-12,DGR,DURGAPUR,35.0
12314,2026-07-12,SDAH,SEALDAH,4.0
12314,2026-07-13,NDLS,NEW DELHI,2.0
12314,2026-07-13,CNB,KANPUR CENTRAL,33.0
12314,2026-07-13,DDU,PT DEEN DAYAL UPADHYAY JN,9.0
12314,2026-07-13,GAYA,GAYA JN,15.0
12314,2026-07-13,DHN,DHANBAD JN,11.0
12314,2026-07-13,ASN,ASANSOL JN,30.0
12314,2026-07-13,DGR,DURGAPUR,38.0
12314,2026-07-13,SDAH,SEALDAH,0.0
12314,2026-07-14,NDLS,NEW DELHI,0.0
12314,2026-07-14,CNB,KANPUR CENTRAL,17.0
12314,2026-07-14,DDU,PT DEEN DAYAL UPADHYAY JN,10.0
12314,2026-07-14,GAYA,GAYA JN,13.0
12314,2026-07-14,DHN,DHANBAD JN,2.0
12314,2026-07-14,ASN,ASANSOL JN,24.0
12314,2026-07-14,DGR,DURGAPUR,33.0
12314,2026-07-14,SDAH,SEALDAH,-1.0
12314,2026-07-15,NDLS,NEW DELHI,0.0
12314,2026-07-15,CNB,KANPUR CENTRAL,10.0
12314,2026-07-15,DDU,PT DEEN DAYAL UPADHYAY JN,1.0
12314,2026-07-15,GAYA,GAYA JN,6.0
12314,2026-07-15,DHN,DHANBAD JN,1.0
12314,2026-07-15,ASN,ASANSOL JN,19.0
12314,2026-07-15,DGR,DURGAPUR,25.0
12314,2026-07-15,SDAH,SEALDAH,5.0
12314,2026-07-16,NDLS,NEW DELHI,1.0
12314,2026-07-16,CNB,KANPUR CENTRAL,16.0
12314,2026-07-16,DDU,PT DEEN DAYAL UPADHYAY JN,1.0
12314,2026-07-16,GAYA,GAYA JN,13.0
12314,2026-07-16,DHN,DHANBAD JN,0.0
12314,2026-07-16,ASN,ASANSOL JN,23.0
12314,2026-07-16,DGR,DURGAPUR,30.0
12314,2026-07-16,SDAH,SEALDAH,0.0
12314,2026-07-17,NDLS,NEW DELHI,1.0
12314,2026-07-17,CNB,KANPUR CENTRAL,10.0
12314,2026-07-17,DDU,PT DEEN DAYAL UPADHYAY JN,5.0
12314,2026-07-17,GAYA,GAYA JN,9.0
12314,2026-07-17,DHN,DHANBAD JN,0.0
12314,2026-07-17,ASN,ASANSOL JN,30.0
12314,2026-07-17,DGR,DURGAPUR,38.0
12314,2026-07-17,SDAH,SEALDAH,5.0
12314,2026-07-18,NDLS,NEW DELHI,3.0
12314,2026-07-18,CNB,KANPUR CENTRAL,11.0
12314,2026-07-18,DDU,PT DEEN DAYAL UPADHYAY JN,0.0
12314,2026-07-18,GAYA,GAYA JN,17.0
12314,2026-07-18,DHN,DHANBAD JN,0.0
12314,2026-07-18,ASN,ASANSOL JN,22.0
12314,2026-07-18,DGR,DURGAPUR,33.0
12314,2026-07-18,SDAH,SEALDAH,7.0
12314,2026-07-19,NDLS,NEW DELHI,0.0
12314,2026-07-19,CNB,KANPUR CENTRAL,24.0
12314,2026-07-19,DDU,PT DEEN DAYAL UPADHYAY JN,0.0
12314,2026-07-19,GAYA,GAYA JN,6.0
12314,2026-07-19,DHN,DHANBAD JN,0.0
12314,2026-07-19,ASN,ASANSOL JN,22.0
12314,2026-07-19,DGR,DURGAPUR,30.0
12314,2026-07-19,SDAH,SEALDAH,9.0
12314,2026-07-20,NDLS,NEW DELHI,0.0
12314,2026-07-20,CNB,KANPUR CENTRAL,30.0
12314,2026-07-20,DDU,PT DEEN DAYAL UPADHYAY JN,16.0
12314,2026-07-20,GAYA,GAYA JN,23.0
12314,2026-07-20,DHN,DHANBAD JN,0.0
12314,2026-07-20,ASN,ASANSOL JN,17.0
12314,2026-07-20,DGR,DURGAPUR,24.0
12314,2026-07-20,SDAH,SEALDAH,-5.0
12314,2026-07-21,NDLS,NEW DELHI,174.0
12314,2026-07-21,CNB,KANPUR CENTRAL,228.0
12314,2026-07-21,DDU,PT DEEN DAYAL UPADHYAY JN,192.0
12314,2026-07-21,GAYA,GAYA JN,198.0
12314,2026-07-21,DHN,DHANBAD JN,180.0
12314,2026-07-21,ASN,ASANSOL JN,197.0
12314,2026-07-21,DGR,DURGAPUR,204.0
12314,2026-07-21,SDAH,SEALDAH,175.0
12314,2026-07-22,NDLS,NEW DELHI,89.0
12314,2026-07-22,CNB,KANPUR CENTRAL,95.0
12314,2026-07-22,DDU,PT DEEN DAYAL UPADHYAY JN,65.0
12314,2026-07-22,GAYA,GAYA JN,69.0
12314,2026-07-22,DHN,DHANBAD JN,54.0
12314,2026-07-22,ASN,ASANSOL JN,84.0
12314,2026-07-22,DGR,DURGAPUR,98.0
12314,2026-07-22,SDAH,SEALDAH,74.0
12314,2026-07-23,NDLS,NEW DELHI,0.0
12314,2026-07-23,CNB,KANPUR CENTRAL,7.0
12314,2026-07-23,DDU,PT DEEN DAYAL UPADHYAY JN,3.0
12314,2026-07-23,GAYA,GAYA JN,28.0
12314,2026-07-23,DHN,DHANBAD JN,13.0
12314,2026-07-23,ASN,ASANSOL JN,30.0
12314,2026-07-23,DGR,DURGAPUR,44.0
12314,2026-07-23,SDAH,SEALDAH,10.0
12314,2026-07-24,NDLS,NEW DELHI,0.0
12314,2026-07-24,CNB,KANPUR CENTRAL,1.0
12314,2026-07-24,DDU,PT DEEN DAYAL UPADHYAY JN,0.0
12314,2026-07-24,GAYA,GAYA JN,14.0
12314,2026-07-24,DHN,DHANBAD JN,5.0
12314,2026-07-24,ASN,ASANSOL JN,23.0
12314,2026-07-24,DGR,DURGAPUR,34.0
12314,2026-07-24,SDAH,SEALDAH,-1.0
12314,2026-07-25,NDLS,NEW DELHI,0.0
12314,2026-07-25,CNB,KANPUR CENTRAL,8.0
12314,2026-07-25,DDU,PT DEEN DAYAL UPADHYAY JN,1.0
12314,2026-07-25,GAYA,GAYA JN,2.0
12314,2026-07-25,DHN,DHANBAD JN,1.0
12314,2026-07-25,ASN,ASANSOL JN,21.0
12314,2026-07-25,DGR,DURGAPUR,36.0
12314,2026-07-25,SDAH,SEALDAH,-1.0
12314,2026-07-26,NDLS,NEW DELHI,0.0
12314,2026-07-26,CNB,KANPUR CENTRAL,2.0
12314,2026-07-26,DDU,PT DEEN DAYAL UPADHYAY JN,4.0
12314,2026-07-26,GAYA,GAYA JN,13.0
12314,2026-07-26,DHN,DHANBAD JN,1.0
12314,2026-07-26,ASN,ASANSOL JN,22.0
12314,2026-07-26,DGR,DURGAPUR,32.0
12314,2026-07-26,SDAH,SEALDAH,-4.0
12314,2026-07-27,NDLS,NEW DELHI,0.0
12314,2026-07-27,CNB,KANPUR CENTRAL,23.0
12314,2026-07-27,DDU,PT DEEN DAYAL UPADHYAY JN,6.0
12314,2026-07-27,GAYA,GAYA JN,12.0
12314,2026-07-27,DHN,DHANBAD JN,0.0
12314,2026-07-27,ASN,ASANSOL JN,50.0
12314,2026-07-27,DGR,DURGAPUR,60.0
12314,2026-07-27,SDAH,SEALDAH,29.0
12314,2026-07-28,NDLS,NEW DELHI,1.0
12314,2026-07-28,CNB,KANPUR CENTRAL,53.0
12314,2026-07-28,DDU,PT DEEN DAYAL UPADHYAY JN,18.0
12314,2026-07-28,GAYA,GAYA JN,18.0
12314,2026-07-28,DHN,DHANBAD JN,7.0
12314,2026-07-28,ASN,ASANSOL JN,24.0
12314,2026-07-28,DGR,DURGAPUR,34.0
12314,2026-07-28,SDAH,SEALDAH,3.0
12314,2026-07-29,NDLS,NEW DELHI,1.0
12314,2026-07-29,CNB,KANPUR CENTRAL,26.0
12314,2026-07-29,DDU,PT DEEN DAYAL UPADHYAY JN,1.0
12314,2026-07-29,GAYA,GAYA JN,6.0
12314,2026-07-29,DHN,DHANBAD JN,1.0
12314,2026-07-29,ASN,ASANSOL JN,18.0
12314,2026-07-29,DGR,DURGAPUR,24.0
12314,2026-07-29,SDAH,SEALDAH,-1.0
12314,2026-07-30,NDLS,NEW DELHI,1.0
12314,2026-07-30,CNB,KANPUR CENTRAL,41.0
12314,2026-07-30,DDU,PT DEEN DAYAL UPADHYAY JN,18.0
12314,2026-07-30,GAYA,GAYA JN,16.0
12314,2026-07-30,DHN,DHANBAD JN,2.0
12314,2026-07-30,ASN,ASANSOL JN,22.0
12314,2026-07-30,DGR,DURGAPUR,32.0
12314,2026-07-30,SDAH,SEALDAH,5.0
12314,2026-07-31,NDLS,NEW DELHI,2.0
12314,2026-07-31,CNB,KANPUR CENTRAL,12.0
12314,2026-07-31,DDU,PT DEEN DAYAL UPADHYAY JN,1.0
12314,2026-07-31,GAYA,GAYA JN,0.0
12314,2026-07-31,DHN,DHANBAD JN,0.0
12314,2026-07-31,ASN,ASANSOL JN,20.0
12314,2026-07-31,DGR,DURGAPUR,33.0
12314,2026-07-31,SDAH,SEALDAH,6.0
12314,2026-08-01,NDLS,NEW DELHI,1.0
12314,2026-08-01,CNB,KANPUR CENTRAL,21.0
12314,2026-08-01,DDU,PT DEEN DAYAL UPADHYAY JN,0.0
12314,2026-08-01,GAYA,GAYA JN,0.0
12314,2026-08-01,DHN,DHANBAD JN,0.0
12314,2026-08-01,ASN,ASANSOL JN,20.0
12314,2026-08-01,DGR,DURGAPUR,30.0
12314,2026-08-01,SDAH,SEALDAH,1.0
12314,2026-08-02,NDLS,NEW DELHI,1.0
12314,2026-08-02,CNB,KANPUR CENTRAL,31.0
12314,2026-08-02,DDU,PT DEEN DAYAL UPADHYAY JN,19.0
12314,2026-08-02,GAYA,GAYA JN,21.0
12314,2026-08-02,DHN,DHANBAD JN,3.0
12314,2026-08-02,ASN,ASANSOL JN,26.0
12314,2026-08-02,DGR,DURGAPUR,41.0
12314,2026-08-02,SDAH,SEALDAH,5.0
12314,2026-08-03,NDLS,NEW DELHI,1.0
12314,2026-08-03,CNB,KANPUR CENTRAL,27.0
12314,2026-08-03,DDU,PT DEEN DAYAL UPADHYAY JN,3.0
12314,2026-08-03,GAYA,GAYA JN,6.0
12314,2026-08-03,DHN,DHANBAD JN,2.0
12314,2026-08-03,ASN,ASANSOL JN,21.0
12314,2026-08-03,DGR,DURGAPUR,29.0
12314,2026-08-03,SDAH,SEALDAH,11.0
12314,2026-08-04,NDLS,NEW DELHI,1.0
12314,2026-08-04,CNB,KANPUR CENTRAL,33.0
12314,2026-08-04,DDU,PT DEEN DAYAL UPADHYAY JN,8.0
12314,2026-08-04,GAYA,GAYA JN,12.0
12314,2026-08-04,DHN,DHANBAD JN,2.0
12314,2026-08-04,ASN,ASANSOL JN,26.0
12314,2026-08-04,DGR,DURGAPUR,35.0
12314,2026-08-04,SDAH,SEALDAH,2.0
12314,2026-08-05,NDLS,NEW DELHI,0.0
12314,2026-08-05,CNB,KANPUR CENTRAL,70.0
12314,2026-08-05,DDU,PT DEEN DAYAL UPADHYAY JN,73.0
12314,2026-08-05,GAYA,GAYA JN,82.0
12314,2026-08-05,DHN,DHANBAD JN,130.0
12314,2026-08-05,ASN,ASANSOL JN,147.0
12314,2026-08-05,DGR,DURGAPUR,157.0
12314,2026-08-05,SDAH,SEALDAH,132.0
12314,2026-08-06,NDLS,NEW DELHI,0.0
12314,2026-08-06,CNB,KANPUR CENTRAL,37.0
12314,2026-08-06,DDU,PT DEEN DAYAL UPADHYAY JN,7.0
12314,2026-08-06,GAYA,GAYA JN,9.0
12314,2026-08-06,DHN,DHANBAD JN,0.0
12314,2026-08-06,ASN,ASANSOL JN,19.0
12314,2026-08-06,DGR,DURGAPUR,29.0
12314,2026-08-06,SDAH,SEALDAH,-4.0
12314,2026-08-07,NDLS,NEW DELHI,2.0
12314,2026-08-07,CNB,KANPUR CENTRAL,21.0
12314,2026-08-07,DDU,PT DEEN DAYAL UPADHYAY JN,11.0
12314,2026-08-07,GAYA,GAYA JN,14.0
12314,2026-08-07,DHN,DHANBAD JN,8.0
12314,2026-08-07,ASN,ASANSOL JN,26.0
12314,2026-08-07,DGR,DURGAPUR,36.0
12314,2026-08-07,SDAH,SEALDAH,11.0
12314,2026-08-08,NDLS,NEW DELHI,3.0
12314,2026-08-08,CNB,KANPUR CENTRAL,28.0
12314,2026-08-08,DDU,PT DEEN DAYAL UPADHYAY JN,10.0
12314,2026-08-08,GAYA,GAYA JN,7.0
12314,2026-08-08,DHN,DHANBAD JN,1.0
12314,2026-08-08,ASN,ASANSOL JN,19.0
12314,2026-08-08,DGR,DURGAPUR,31.0
12314,2026-08-08,SDAH,SEALDAH,-5.0
12314,2026-08-09,NDLS,NEW DELHI,1.0
12314,2026-08-09,CNB,KANPUR CENTRAL,8.0
12314,2026-08-09,DDU,PT DEEN DAYAL UPADHYAY JN,4.0
12314,2026-08-09,GAYA,GAYA JN,4.0
12314,2026-08-09,DHN,DHANBAD JN,1.0
12314,2026-08-09,ASN,ASANSOL JN,23.0
12314,2026-08-09,DGR,DURGAPUR,32.0
12314,2026-08-09,SDAH,SEALDAH,4.0
12314,2026-08-10,NDLS,NEW DELHI,0.0
12314,2026-08-10,CNB,KANPUR CENTRAL,37.0
12314,2026-08-10,DDU,PT DEEN DAYAL UPADHYAY JN,10.0
12314,2026-08-10,GAYA,GAYA JN,6.0
12314,2026-08-10,DHN,DHANBAD JN,0.0
12314,2026-08-10,ASN,ASANSOL JN,21.0
12314,2026-08-10,DGR,DURGAPUR,29.0
12314,2026-08-10,SDAH,SEALDAH,-6.0
12314,2026-08-11,NDLS,NEW DELHI,0.0
12314,2026-08-11,CNB,KANPUR CENTRAL,15.0
12314,2026-08-11,DDU,PT DEEN DAYAL UPADHYAY JN,0.0
12314,2026-08-11,GAYA,GAYA JN,7.0
12314,2026-08-11,DHN,DHANBAD JN,0.0
12314,2026-08-11,ASN,ASANSOL JN,20.0
12314,2026-08-11,DGR,DURGAPUR,26.0
12314,2026-08-11,SDAH,SEALDAH,-2.0
12314,2026-08-12,NDLS,NEW DELHI,0.0
12314,2026-08-12,CNB,KANPUR CENTRAL,28.0
12314,2026-08-12,DDU,PT DEEN DAYAL UPADHYAY JN,0.0
12314,2026-08-12,GAYA,GAYA JN,0.0
12314,2026-08-12,DHN,DHANBAD JN,1.0
12314,2026-08-12,ASN,ASANSOL JN,17.0
12314,2026-08-12,DGR,DURGAPUR,23.0
12314,2026-08-12,SDAH,SEALDAH,2.0
12314,2026-08-13,NDLS,NEW DELHI,3.0
12314,2026-08-13,CNB,KANPUR CENTRAL,17.0
12314,2026-08-13,DDU,PT DEEN DAYAL UPADHYAY JN,3.0
12314,2026-08-13,GAYA,GAYA JN,12.0
12314,2026-08-13,DHN,DHANBAD JN,1.0
12314,2026-08-13,ASN,ASANSOL JN,19.0
12314,2026-08-13,DGR,DURGAPUR,22.0
12314,2026-08-13,SDAH,SEALDAH,2.0
12314,2026-08-14,NDLS,NEW DELHI,1.0
12314,2026-08-14,CNB,KANPUR CENTRAL,16.0
12314,2026-08-14,DDU,PT DEEN DAYAL UPADHYAY JN,3.0
12314,2026-08-14,GAYA,GAYA JN,3.0
12314,2026-08-14,DHN,DHANBAD JN,7.0
12314,2026-08-14,ASN,ASANSOL JN,23.0
12314,2026-08-14,DGR,DURGAPUR,28.0
12314,2026-08-14,SDAH,SEALDAH,-5.0
12314,2026-08-15,NDLS,NEW DELHI,1.0
12314,2026-08-15,CNB,KANPUR CENTRAL,39.0
12314,2026-08-15,DDU,PT DEEN DAYAL UPADHYAY JN,9.0
12314,2026-08-15,GAYA,GAYA JN,14.0
12314,2026-08-15,DHN,DHANBAD JN,1.0
12314,2026-08-15,ASN,ASANSOL JN,20.0
12314,2026-08-15,DGR,DURGAPUR,25.0
12314,2026-08-15,SDAH,SEALDAH,-4.0
12314,2026-08-16,NDLS,NEW DELHI,0.0
12314,2026-08-16,CNB,KANPUR CENTRAL,23.0
12314,2026-08-16,DDU,PT DEEN DAYAL UPADHYAY JN,2.0
12314,2026-08-16,GAYA,GAYA JN,10.0
12314,2026-08-16,DHN,DHANBAD JN,9.0
12314,2026-08-16,ASN,ASANSOL JN,26.0
12314,2026-08-16,DGR,DURGAPUR,33.0
12314,2026-08-16,SDAH,SEALDAH,11.0
12314,2026-08-17,NDLS,NEW DELHI,0.0
12314,2026-08-17,CNB,KANPUR CENTRAL,68.0
12314,2026-08-17,DDU,PT DEEN DAYAL UPADHYAY JN,78.0
12314,2026-08-17,GAYA,GAYA JN,90.0
12314,2026-08-17,DHN,DHANBAD JN,78.0
12314,2026-08-17,ASN,ASANSOL JN,93.0
12314,2026-08-17,DGR,DURGAPUR,106.0
12314,2026-08-17,SDAH,SEALDAH,86.0
12314,2026-08-18,NDLS,NEW DELHI,1.0
12314,2026-08-18,CNB,KANPUR CENTRAL,25.0
12314,2026-08-18,DDU,PT DEEN DAYAL UPADHYAY JN,1.0
12314,2026-08-18,GAYA,GAYA JN,6.0
12314,2026-08-18,DHN,DHANBAD JN,1.0
12314,2026-08-18,ASN,ASANSOL JN,20.0
12314,2026-08-18,DGR,DURGAPUR,30.0
12314,2026-08-18,SDAH,SEALDAH,6.0
12314,2026-08-19,NDLS,NEW DELHI,0.0
12314,2026-08-19,CNB,KANPUR CENTRAL,36.0
12314,2026-08-19,DDU,PT DEEN DAYAL UPADHYAY JN,17.0
12314,2026-08-19,GAYA,GAYA JN,21.0
12314,2026-08-19,DHN,DHANBAD JN,7.0
12314,2026-08-19,ASN,ASANSOL JN,23.0
12314,2026-08-19,DGR,DURGAPUR,32.0
12314,2026-08-19,SDAH,SEALDAH,4.0
12314,2026-08-20,NDLS,NEW DELHI,0.0
12314,2026-08-20,CNB,KANPUR CENTRAL,25.0
12314,2026-08-20,DDU,PT DEEN DAYAL UPADHYAY JN,11.0
12314,2026-08-20,GAYA,GAYA JN,24.0
12314,2026-08-20,DHN,DHANBAD JN,1.0
12314,2026-08-20,ASN,ASANSOL JN,18.0
12314,2026-08-20,DGR,DURGAPUR,25.0
12314,2026-08-20,SDAH,SEALDAH,6.0
12314,2026-08-21,NDLS,NEW DELHI,1.0
12314,2026-08-21,CNB,KANPUR CENTRAL,37.0
12314,2026-08-21,DDU,PT DEEN DAYAL UPADHYAY JN,34.0
12314,2026-08-21,GAYA,GAYA JN,56.0
12314,2026-08-21,DHN,DHANBAD JN,39.0
12314,2026-08-21,ASN,ASANSOL JN,51.0
12314,2026-08-21,DGR,DURGAPUR,61.0
12314,2026-08-21,SDAH,SEALDAH,46.0
12314,2026-08-22,NDLS,NEW DELHI,1.0
12314,2026-08-22,CNB,KANPUR CENTRAL,49.0
12314,2026-08-22,DDU,PT DEEN DAYAL UPADHYAY JN,47.0
12314,2026-08-22,GAYA,GAYA JN,49.0
12314,2026-08-22,DHN,DHANBAD JN,34.0
12314,2026-08-22,ASN,ASANSOL JN,54.0
12314,2026-08-22,DGR,DURGAPUR,63.0
12314,2026-08-22,SDAH,SEALDAH,27.0
12314,2026-08-23,NDLS,NEW DELHI,4.0
12314,2026-08-23,CNB,KANPUR CENTRAL,13.0
12314,2026-08-23,DDU,PT DEEN DAYAL UPADHYAY JN,1.0
12314,2026-08-23,GAYA,GAYA JN,9.0
12314,2026-08-23,DHN,DHANBAD JN,10.0
12314,2026-08-23,ASN,ASANSOL JN,23.0
12314,2026-08-23,DGR,DURGAPUR,32.0
12314,2026-08-23,SDAH,SEALDAH,42.0
12314,2026-08-24,NDLS,NEW DELHI,0.0
12314,2026-08-24,CNB,KANPUR CENTRAL,25.0
12314,2026-08-24,DDU,PT DEEN DAYAL UPADHYAY JN,9.0
12314,2026-08-24,GAYA,GAYA JN,12.0
12314,2026-08-24,DHN,DHANBAD JN,1.0
12314,2026-08-24,ASN,ASANSOL JN,15.0
12314,2026-08-24,DGR,DURGAPUR,24.0
12314,2026-08-24,SDAH,SEALDAH,1.0
12314,2026-08-25,NDLS,NEW DELHI,1.0
12314,2026-08-25,CNB,KANPUR CENTRAL,8.0
12314,2026-08-25,DDU,PT DEEN DAYAL UPADHYAY JN,1.0
12314,2026-08-25,GAYA,GAYA JN,12.0
12314,2026-08-25,DHN,DHANBAD JN,6.0
12314,2026-08-25,ASN,ASANSOL JN,21.0
12314,2026-08-25,DGR,DURGAPUR,32.0
12314,2026-08-25,SDAH,SEALDAH,5.0
12314,2026-08-26,NDLS,NEW DELHI,2.0
12314,2026-08-26,CNB,KANPUR CENTRAL,19.0
12314,2026-08-26,DDU,PT DEEN DAYAL UPADHYAY JN,6.0
12314,2026-08-26,GAYA,GAYA JN,10.0
12314,2026-08-26,DHN,DHANBAD JN,1.0
12314,2026-08-26,ASN,ASANSOL JN,13.0
12314,2026-08-26,DGR,DURGAPUR,23.0
12314,2026-08-26,SDAH,SEALDAH,-8.0
12314,2026-08-27,NDLS,NEW DELHI,1.0
12314,2026-08-27,CNB,KANPUR CENTRAL,18.0
12314,2026-08-27,DDU,PT DEEN DAYAL UPADHYAY JN,15.0
12314,2026-08-27,GAYA,GAYA JN,17.0
12314,2026-08-27,DHN,DHANBAD JN,1.0
12314,2026-08-27,ASN,ASANSOL JN,15.0
12314,2026-08-27,DGR,DURGAPUR,25.0
12314,2026-08-27,SDAH,SEALDAH,-7.0
12314,2026-08-28,NDLS,NEW DELHI,0.0
12314,2026-08-28,CNB,KANPUR CENTRAL,17.0
12314,2026-08-28,DDU,PT DEEN DAYAL UPADHYAY JN,0.0
12314,2026-08-28,GAYA,GAYA JN,20.0
12314,2026-08-28,DHN,DHANBAD JN,6.0
12314,2026-08-28,ASN,ASANSOL JN,21.0
12314,2026-08-28,DGR,DURGAPUR,31.0
12314,2026-08-28,SDAH,SEALDAH,1.0
12314,2026-08-29,NDLS,NEW DELHI,1.0
12314,2026-08-29,CNB,KANPUR CENTRAL,49.0
12314,2026-08-29,DDU,PT DEEN DAYAL UPADHYAY JN,40.0
12314,2026-08-29,GAYA,GAYA JN,39.0
12314,2026-08-29,DHN,DHANBAD JN,33.0
12314,2026-08-29,ASN,ASANSOL JN,48.0
12314,2026-08-29,DGR,DURGAPUR,59.0
12314,2026-08-29,SDAH,SEALDAH,20.0
12314,2026-08-30,NDLS,NEW DELHI,0.0
12314,2026-08-30,CNB,KANPUR CENTRAL,8.0
12314,2026-08-30,DDU,PT DEEN DAYAL UPADHYAY JN,8.0
12314,2026-08-30,GAYA,GAYA JN,15.0
12314,2026-08-30,DHN,DHANBAD JN,1.0
12314,2026-08-30,ASN,ASANSOL JN,18.0
12314,2026-08-30,DGR,DURGAPUR,27.0
12314,2026-08-30,SDAH,SEALDAH,-8.0
12314,2026-08-31,NDLS,NEW DELHI,1.0
12314,2026-08-31,CNB,KANPUR CENTRAL,7.0
12314,2026-08-31,DDU,PT DEEN DAYAL UPADHYAY JN,0.0
12314,2026-08-31,GAYA,GAYA JN,14.0
12314,2026-08-31,DHN,DHANBAD JN,5.0
12314,2026-08-31,ASN,ASANSOL JN,22.0
12314,2026-08-31,DGR,DURGAPUR,18.0
12314,2026-08-31,SDAH,SEALDAH,1.0
12314,2026-09-01,NDLS,NEW DELHI,0.0
12314,2026-09-01,CNB,KANPUR CENTRAL,12.0
12314,2026-09-01,DDU,PT DEEN DAYAL UPADHYAY JN,7.0
12314,2026-09-01,GAYA,GAYA JN,11.0
12314,2026-09-01,DHN,DHANBAD JN,17.0
12314,2026-09-01,ASN,ASANSOL JN,42.0
12314,2026-09-01,DGR,DURGAPUR,53.0
12314,2026-09-01,SDAH,SEALDAH,28.0
12314,2026-09-02,NDLS,NEW DELHI,1.0
12314,2026-09-02,CNB,KANPUR CENTRAL,12.0
12314,2026-09-02,DDU,PT DEEN DAYAL UPADHYAY JN,1.0
12314,2026-09-02,GAYA,GAYA JN,7.0
12314,2026-09-02,DHN,DHANBAD JN,12.0
12314,2026-09-02,ASN,ASANSOL JN,29.0
12314,2026-09-02,DGR,DURGAPUR,39.0
12314,2026-09-02,SDAH,SEALDAH,12.0
12314,2026-09-03,NDLS,NEW DELHI,0.0
12314,2026-09-03,CNB,KANPUR CENTRAL,6.0
12314,2026-09-03,DDU,PT DEEN DAYAL UPADHYAY JN,0.0
12314,2026-09-03,GAYA,GAYA JN,12.0
12314,2026-09-03,DHN,DHANBAD JN,1.0
12314,2026-09-03,ASN,ASANSOL JN,15.0
12314,2026-09-03,DGR,DURGAPUR,22.0
12314,2026-09-03,SDAH,SEALDAH,-11.0
12314,2026-09-04,NDLS,NEW DELHI,1.0
12314,2026-09-04,CNB,KANPUR CENTRAL,17.0
12314,2026-09-04,DDU,PT DEEN DAYAL UPADHYAY JN,0.0
12314,2026-09-04,GAYA,GAYA JN,5.0
12314,2026-09-04,DHN,DHANBAD JN,0.0
12314,2026-09-04,ASN,ASANSOL JN,18.0
12314,2026-09-04,DGR,DURGAPUR,29.0
12314,2026-09-04,SDAH,SEALDAH,-4.0
