train_no,date,station_code,station_name,delay,distance
12428,2025-09-06,ANVT,ANAND VIHAR TRM,0.0,0
12428,2025-09-06,GZB,GHAZIABAD,6.0,13
12428,2025-09-06,ALJN,ALIGARH JN,21.0,119
12428,2025-09-06,JJK,JHINJHAK,20.0,365
12428,2025-09-06,CNB,KANPUR CENTRAL,21.0,427
12428,2025-09-06,FTP,FATEHPUR,34.0,504
12428,2025-09-06,SRO,SIRATHU,32.0,564
12428,2025-09-06,PRYJ,PRAYAGRAJ JN,31.0,621
12428,2025-09-06,SRJ,SHANKARGARH,21.0,666
12428,2025-09-06,DBR,DABHAURA,20.0,699
12428,2025-09-06,MKP,MANIKPUR JN,1.0,721
12428,2025-09-06,JTW,JAITWAR,14.0,779
12428,2025-09-06,STA,SATNA,6.0,799
12428,2025-09-06,REWA,REWA,0.0,848
12428,2025-09-07,ANVT,ANAND VIHAR TRM,0.0,0
12428,2025-09-07,GZB,GHAZIABAD,9.0,13
12428,2025-09-07,ALJN,ALIGARH JN,25.0,119
12428,2025-09-07,JJK,JHINJHAK,20.0,365
12428,2025-09-07,CNB,KANPUR CENTRAL,16.0,427
12428,2025-09-07,FTP,FATEHPUR,25.0,504
12428,2025-09-07,SRO,SIRATHU,25.0,564
12428,2025-09-07,PRYJ,PRAYAGRAJ JN,1.0,621
12428,2025-09-07,SRJ,SHANKARGARH,3.0,666
12428,2025-09-07,DBR,DABHAURA,2.0,699
12428,2025-09-07,MKP,MANIKPUR JN,0.0,721
12428,2025-09-07,JTW,JAITWAR,3.0,779
12428,2025-09-07,STA,SATNA,18.0,799
12428,2025-09-07,REWA,REWA,-7.0,848
12428,2025-09-08,ANVT,ANAND VIHAR TRM,1.0,0
12428,2025-09-08,GZB,GHAZIABAD,8.0,13
12428,2025-09-08,ALJN,ALIGARH JN,14.0,119
12428,2025-09-08,JJK,JHINJHAK,22.0,365
12428,2025-09-08,CNB,KANPUR CENTRAL,27.0,427
12428,2025-09-08,FTP,FATEHPUR,38.0,504
12428,2025-09-08,SRO,SIRATHU,36.0,564
12428,2025-09-08,PRYJ,PRAYAGRAJ JN,4.0,621
12428,2025-09-08,SRJ,SHANKARGARH,8.0,666
12428,2025-09-08,DBR,DABHAURA,15.0,699
12428,2025-09-08,MKP,MANIKPUR JN,0.0,721
12428,2025-09-08,JTW,JAITWAR,7.0,779
12428,2025-09-08,STA,SATNA,6.0,799
12428,2025-09-08,REWA,REWA,-16.0,848
12428,2025-09-09,ANVT,ANAND VIHAR TRM,0.0,0
12428,2025-09-09,GZB,GHAZIABAD,4.0,13
12428,2025-09-09,ALJN,ALIGARH JN,25.0,119
12428,2025-09-09,JJK,JHINJHAK,23.0,365
12428,2025-09-09,CNB,KANPUR CENTRAL,15.0,427
12428,2025-09-09,FTP,FATEHPUR,24.0,504
12428,2025-09-09,SRO,SIRATHU,26.0,564
12428,2025-09-09,PRYJ,PRAYAGRAJ JN,2.0,621
12428,2025-09-09,SRJ,SHANKARGARH,10.0,666
12428,2025-09-09,DBR,DABHAURA,19.0,699
12428,2025-09-09,MKP,MANIKPUR JN,1.0,721
12428,2025-09-09,JTW,JAITWAR,5.0,779
12428,2025-09-09,STA,SATNA,0.0,799
12428,2025-09-09,REWA,REWA,-18.0,848
12428,2025-09-10,ANVT,ANAND VIHAR TRM,0.0,0
12428,2025-09-10,GZB,GHAZIABAD,4.0,13
12428,2025-09-10,ALJN,ALIGARH JN,0.0,119
12428,2025-09-10,JJK,JHINJHAK,9.0,365
12428,2025-09-10,CNB,KANPUR CENTRAL,13.0,427
12428,2025-09-10,FTP,FATEHPUR,22.0,504
12428,2025-09-10,SRO,SIRATHU,19.0,564
12428,2025-09-10,PRYJ,PRAYAGRAJ JN,5.0,621
12428,2025-09-10,SRJ,SHANKARGARH,17.0,666
12428,2025-09-10,DBR,DABHAURA,18.0,699
12428,2025-09-10,MKP,MANIKPUR JN,1.0,721
12428,2025-09-10,JTW,JAITWAR,7.0,779
12428,2025-09-10,STA,SATNA,10.0,799
12428,2025-09-10,REWA,REWA,-2.0,848
12428,2025-09-11,ANVT,ANAND VIHAR TRM,0.0,0
12428,2025-09-11,GZB,GHAZIABAD,30.0,13
12428,2025-09-11,ALJN,ALIGARH JN,39.0,119
12428,2025-09-11,JJK,JHINJHAK,33.0,365
12428,2025-09-11,CNB,KANPUR CENTRAL,30.0,427
12428,2025-09-11,FTP,FATEHPUR,40.0,504
12428,2025-09-11,SRO,SIRATHU,38.0,564
12428,2025-09-11,PRYJ,PRAYAGRAJ JN,10.0,621
12428,2025-09-11,SRJ,SHANKARGARH,3.0,666
12428,2025-09-11,DBR,DABHAURA,6.0,699
12428,2025-09-11,MKP,MANIKPUR JN,0.0,721
12428,2025-09-11,JTW,JAITWAR,5.0,779
12428,2025-09-11,STA,SATNA,0.0,799
12428,2025-09-11,REWA,REWA,-19.0,848
12428,2025-09-12,ANVT,ANAND VIHAR TRM,0.0,0
12428,2025-09-12,GZB,GHAZIABAD,15.0,13
12428,2025-09-12,ALJN,ALIGARH JN,26.0,119
12428,2025-09-12,JJK,JHINJHAK,12.0,365
12428,2025-09-12,CNB,KANPUR CENTRAL,1.0,427
12428,2025-09-12,FTP,FATEHPUR,12.0,504
12428,2025-09-12,SRO,SIRATHU,27.0,564
12428,2025-09-12,PRYJ,PRAYAGRAJ JN,39.0,621
12428,2025-09-12,SRJ,SHANKARGARH,18.0,666
12428,2025-09-12,DBR,DABHAURA,20.0,699
12428,2025-09-12,MKP,MANIKPUR JN,0.0,721
12428,2025-09-12,JTW,JAITWAR,6.0,779
12428,2025-09-12,STA,SATNA,9.0,799
12428,2025-09-12,REWA,REWA,-16.0,848
12428,2025-09-13,ANVT,ANAND VIHAR TRM,0.0,0
12428,2025-09-13,GZB,GHAZIABAD,6.0,13
12428,2025-09-13,ALJN,ALIGARH JN,0.0,119
12428,2025-09-13,JJK,JHINJHAK,2.0,365
12428,2025-09-13,CNB,KANPUR CENTRAL,1.0,427
12428,2025-09-13,FTP,FATEHPUR,25.0,504
12428,2025-09-13,SRO,SIRATHU,27.0,564
12428,2025-09-13,PRYJ,PRAYAGRAJ JN,2.0,621
12428,2025-09-13,SRJ,SHANKARGARH,9.0,666
12428,2025-09-13,DBR,DABHAURA,21.0,699
12428,2025-09-13,MKP,MANIKPUR JN,1.0,721
12428,2025-09-13,JTW,JAITWAR,7.0,779
12428,2025-09-13,STA,SATNA,10.0,799
12428,2025-09-13,REWA,REWA,-18.0,848
12428,2025-09-14,ANVT,ANAND VIHAR TRM,0.0,0
12428,2025-09-14,GZB,GHAZIABAD,7.0,13
12428,2025-09-14,ALJN,ALIGARH JN,7.0,119
12428,2025-09-14,JJK,JHINJHAK,2.0,365
12428,2025-09-14,CNB,KANPUR CENTRAL,3.0,427
12428,2025-09-14,FTP,FATEHPUR,14.0,504
12428,2025-09-14,SRO,SIRATHU,13.0,564
12428,2025-09-14,PRYJ,PRAYAGRAJ JN,2.0,621
12428,2025-09-14,SRJ,SHANKARGARH,0.0,666
12428,2025-09-14,DBR,DABHAURA,6.0,699
12428,2025-09-14,MKP,MANIKPUR JN,0.0,721
12428,2025-09-14,JTW,JAITWAR,8.0,779
12428,2025-09-14,STA,SATNA,11.0,799
12428,2025-09-14,REWA,REWA,-19.0,848
12428,2025-09-15,ANVT,ANAND VIHAR TRM,0.0,0
12428,2025-09-15,GZB,GHAZIABAD,11.0,13
12428,2025-09-15,ALJN,ALIGARH JN,12.0,119
12428,2025-09-15,JJK,JHINJHAK,6.0,365
12428,2025-09-15,CNB,KANPUR CENTRAL,1.0,427
12428,2025-09-15,FTP,FATEHPUR,15.0,504
12428,2025-09-15,SRO,SIRATHU,16.0,564
12428,2025-09-15,PRYJ,PRAYAGRAJ JN,1.0,621
12428,2025-09-15,SRJ,SHANKARGARH,5.0,666
12428,2025-09-15,DBR,DABHAURA,11.0,699
12428,2025-09-15,MKP,MANIKPUR JN,7.0,721
12428,2025-09-15,JTW,JAITWAR,18.0,779
12428,2025-09-15,STA,SATNA,33.0,799
12428,2025-09-15,REWA,REWA,4.0,848
12428,2025-09-16,ANVT,ANAND VIHAR TRM,0.0,0
12428,2025-09-16,GZB,GHAZIABAD,7.0,13
12428,2025-09-16,ALJN,ALIGARH JN,18.0,119
12428,2025-09-16,JJK,JHINJHAK,37.0,365
12428,2025-09-16,CNB,KANPUR CENTRAL,29.0,427
12428,2025-09-16,FTP,FATEHPUR,35.0,504
12428,2025-09-16,SRO,SIRATHU,33.0,564
12428,2025-09-16,PRYJ,PRAYAGRAJ JN,8.0,621
12428,2025-09-16,SRJ,SHANKARGARH,10.0,666
12428,2025-09-16,DBR,DABHAURA,13.0,699
12428,2025-09-16,MKP,MANIKPUR JN,0.0,721
12428,2025-09-16,JTW,JAITWAR,9.0,779
12428,2025-09-16,STA,SATNA,1.0,799
12428,2025-09-16,REWA,REWA,-12.0,848
12428,2025-09-17,ANVT,ANAND VIHAR TRM,30.0,0
12428,2025-09-17,GZB,GHAZIABAD,23.0,13
12428,2025-09-17,ALJN,ALIGARH JN,47.0,119
12428,2025-09-17,JJK,JHINJHAK,51.0,365
12428,2025-09-17,CNB,KANPUR CENTRAL,54.0,427
12428,2025-09-17,FTP,FATEHPUR,67.0,504
12428,2025-09-17,SRO,SIRATHU,66.0,564
12428,2025-09-17,PRYJ,PRAYAGRAJ JN,39.0,621
12428,2025-09-17,SRJ,SHANKARGARH,39.0,666
12428,2025-09-17,DBR,DABHAURA,38.0,699
12428,2025-09-17,MKP,MANIKPUR JN,12.0,721
12428,2025-09-17,JTW,JAITWAR,18.0,779
12428,2025-09-17,STA,SATNA,13.0,799
12428,2025-09-17,REWA,REWA,-4.0,848
12428,2025-09-18,ANVT,ANAND VIHAR TRM,204.0,0
12428,2025-09-18,GZB,GHAZIABAD,206.0,13
12428,2025-09-18,ALJN,ALIGARH JN,209.0,119
12428,2025-09-18,JJK,JHINJHAK,192.0,365
12428,2025-09-18,CNB,KANPUR CENTRAL,214.0,427
12428,2025-09-18,FTP,FATEHPUR,226.0,504
12428,2025-09-18,SRO,SIRATHU,225.0,564
12428,2025-09-18,PRYJ,PRAYAGRAJ JN,194.0,621
12428,2025-09-18,SRJ,SHANKARGARH,176.0,666
12428,2025-09-18,DBR,DABHAURA,176.0,699
12428,2025-09-18,MKP,MANIKPUR JN,149.0,721
12428,2025-09-18,JTW,JAITWAR,172.0,779
12428,2025-09-18,STA,SATNA,164.0,799
12428,2025-09-18,REWA,REWA,145.0,848
12428,2025-09-19,ANVT,ANAND VIHAR TRM,0.0,0
12428,2025-09-19,GZB,GHAZIABAD,5.0,13
12428,2025-09-19,ALJN,ALIGARH JN,18.0,119
12428,2025-09-19,JJK,JHINJHAK,11.0,365
12428,2025-09-19,CNB,KANPUR CENTRAL,10.0,427
12428,2025-09-19,FTP,FATEHPUR,20.0,504
12428,2025-09-19,SRO,SIRATHU,20.0,564
12428,2025-09-19,PRYJ,PRAYAGRAJ JN,7.0,621
12428,2025-09-19,SRJ,SHANKARGARH,5.0,666
12428,2025-09-19,DBR,DABHAURA,7.0,699
12428,2025-09-19,MKP,MANIKPUR JN,0.0,721
12428,2025-09-19,JTW,JAITWAR,5.0,779
12428,2025-09-19,STA,SATNA,3.0,799
12428,2025-09-19,REWA,REWA,-12.0,848
12428,2025-09-20,ANVT,ANAND VIHAR TRM,1.0,0
12428,2025-09-20,GZB,GHAZIABAD,9.0,13
12428,2025-09-20,ALJN,ALIGARH JN,21.0,119
12428,2025-09-20,JJK,JHINJHAK,18.0,365
12428,2025-09-20,CNB,KANPUR CENTRAL,8.0,427
12428,2025-09-20,FTP,FATEHPUR,19.0,504
12428,2025-09-20,SRO,SIRATHU,17.0,564
12428,2025-09-20,PRYJ,PRAYAGRAJ JN,0.0,621
12428,2025-09-20,SRJ,SHANKARGARH,3.0,666
12428,2025-09-20,DBR,DABHAURA,5.0,699
12428,2025-09-20,MKP,MANIKPUR JN,0.0,721
12428,2025-09-20,JTW,JAITWAR,11.0,779
12428,2025-09-20,STA,SATNA,15.0,799
12428,2025-09-20,REWA,REWA,-13.0,848
12428,2025-09-21,ANVT,ANAND VIHAR TRM,0.0,0
12428,2025-09-21,GZB,GHAZIABAD,8.0,13
12428,2025-09-21,ALJN,ALIGARH JN,27.0,119
12428,2025-09-21,JJK,JHINJHAK,13.0,365
12428,2025-09-21,CNB,KANPUR CENTRAL,13.0,427
12428,2025-09-21,FTP,FATEHPUR,40.0,504
12428,2025-09-21,SRO,SIRATHU,39.0,564
12428,2025-09-21,PRYJ,PRAYAGRAJ JN,10.0,621
12428,2025-09-21,SRJ,SHANKARGARH,0.0,666
12428,2025-09-21,DBR,DABHAURA,0.0,699
12428,2025-09-21,MKP,MANIKPUR JN,0.0,721
12428,2025-09-21,JTW,JAITWAR,9.0,779
12428,2025-09-21,STA,SATNA,10.0,799
12428,2025-09-21,REWA,REWA,-18.0,848
12428,2025-09-22,ANVT,ANAND VIHAR TRM,1.0,0
12428,2025-09-22,GZB,GHAZIABAD,6.0,13
12428,2025-09-22,ALJN,ALIGARH JN,4.0,119
12428,2025-09-22,JJK,JHINJHAK,17.0,365
12428,2025-09-22,CNB,KANPUR CENTRAL,23.0,427
12428,2025-09-22,FTP,FATEHPUR,35.0,504
12428,2025-09-22,SRO,SIRATHU,35.0,564
12428,2025-09-22,PRYJ,PRAYAGRAJ JN,7.0,621
12428,2025-09-22,SRJ,SHANKARGARH,1.0,666
12428,2025-09-22,DBR,DABHAURA,1.0,699
12428,2025-09-22,MKP,MANIKPUR JN,0.0,721
12428,2025-09-22,JTW,JAITWAR,13.0,779
12428,2025-09-22,STA,SATNA,0.0,799
12428,2025-09-22,REWA,REWA,-11.0,848
12428,2025-09-23,ANVT,ANAND VIHAR TRM,21.0,0
12428,2025-09-23,GZB,GHAZIABAD,73.0,13
12428,2025-09-23,ALJN,ALIGARH JN,86.0,119
12428,2025-09-23,JJK,JHINJHAK,104.0,365
12428,2025-09-23,CNB,KANPUR CENTRAL,106.0,427
12428,2025-09-23,FTP,FATEHPUR,111.0,504
12428,2025-09-23,SRO,SIRATHU,110.0,564
12428,2025-09-23,PRYJ,PRAYAGRAJ JN,114.0,621
12428,2025-09-23,SRJ,SHANKARGARH,97.0,666
12428,2025-09-23,DBR,DABHAURA,93.0,699
12428,2025-09-23,MKP,MANIKPUR JN,71.0,721
12428,2025-09-23,JTW,JAITWAR,81.0,779
12428,2025-09-23,STA,SATNA,87.0,799
12428,2025-09-23,REWA,REWA,62.0,848
12428,2025-09-24,ANVT,ANAND VIHAR TRM,3.0,0
12428,2025-09-24,GZB,GHAZIABAD,9.0,13
12428,2025-09-24,ALJN,ALIGARH JN,17.0,119
12428,2025-09-24,JJK,JHINJHAK,27.0,365
12428,2025-09-24,CNB,KANPUR CENTRAL,21.0,427
12428,2025-09-24,FTP,FATEHPUR,33.0,504
12428,2025-09-24,SRO,SIRATHU,33.0,564
12428,2025-09-24,PRYJ,PRAYAGRAJ JN,14.0,621
12428,2025-09-24,SRJ,SHANKARGARH,14.0,666
12428,2025-09-24,DBR,DABHAURA,18.0,699
12428,2025-09-24,MKP,MANIKPUR JN,0.0,721
12428,2025-09-24,JTW,JAITWAR,9.0,779
12428,2025-09-24,STA,SATNA,9.0,799
12428,2025-09-24,REWA,REWA,-19.0,848
12428,2025-09-25,ANVT,ANAND VIHAR TRM,1.0,0
12428,2025-09-25,GZB,GHAZIABAD,1.0,13
12428,2025-09-25,ALJN,ALIGARH JN,12.0,119
12428,2025-09-25,JJK,JHINJHAK,7.0,365
12428,2025-09-25,CNB,KANPUR CENTRAL,6.0,427
12428,2025-09-25,FTP,FATEHPUR,18.0,504
12428,2025-09-25,SRO,SIRATHU,25.0,564
12428,2025-09-25,PRYJ,PRAYAGRAJ JN,4.0,621
12428,2025-09-25,SRJ,SHANKARGARH,15.0,666
12428,2025-09-25,DBR,DABHAURA,18.0,699
12428,2025-09-25,MKP,MANIKPUR JN,0.0,721
12428,2025-09-25,JTW,JAITWAR,4.0,779
12428,2025-09-25,STA,SATNA,0.0,799
12428,2025-09-25,REWA,REWA,7.0,848
12428,2025-09-26,ANVT,ANAND VIHAR TRM,0.0,0
12428,2025-09-26,GZB,GHAZIABAD,13.0,13
12428,2025-09-26,ALJN,ALIGARH JN,18.0,119
12428,2025-09-26,JJK,JHINJHAK,35.0,365
12428,2025-09-26,CNB,KANPUR CENTRAL,34.0,427
12428,2025-09-26,FTP,FATEHPUR,50.0,504
12428,2025-09-26,SRO,SIRATHU,50.0,564
12428,2025-09-26,PRYJ,PRAYAGRAJ JN,26.0,621
12428,2025-09-26,SRJ,SHANKARGARH,22.0,666
12428,2025-09-26,DBR,DABHAURA,26.0,699
12428,2025-09-26,MKP,MANIKPUR JN,5.0,721
12428,2025-09-26,JTW,JAITWAR,15.0,779
12428,2025-09-26,STA,SATNA,19.0,799
12428,2025-09-26,REWA,REWA,-3.0,848
12428,2025-09-27,ANVT,ANAND VIHAR TRM,1.0,0
12428,2025-09-27,GZB,GHAZIABAD,5.0,13
12428,2025-09-27,ALJN,ALIGARH JN,28.0,119
12428,2025-09-27,JJK,JHINJHAK,34.0,365
12428,2025-09-27,CNB,KANPUR CENTRAL,41.0,427
12428,2025-09-27,FTP,FATEHPUR,62.0,504
12428,2025-09-27,SRO,SIRATHU,61.0,564
12428,2025-09-27,PRYJ,PRAYAGRAJ JN,37.0,621
12428,2025-09-27,SRJ,SHANKARGARH,32.0,666
12428,2025-09-27,DBR,DABHAURA,34.0,699
12428,2025-09-27,MKP,MANIKPUR JN,3.0,721
12428,2025-09-27,JTW,JAITWAR,16.0,779
12428,2025-09-27,STA,SATNA,23.0,799
12428,2025-09-27,REWA,REWA,-7.0,848
12428,2025-09-28,ANVT,ANAND VIHAR TRM,1.0,0
12428,2025-09-28,GZB,GHAZIABAD,3.0,13
12428,2025-09-28,ALJN,ALIGARH JN,17.0,119
12428,2025-09-28,JJK,JHINJHAK,16.0,365
12428,2025-09-28,CNB,KANPUR CENTRAL,20.0,427
12428,2025-09-28,FTP,FATEHPUR,37.0,504
12428,2025-09-28,SRO,SIRATHU,36.0,564
12428,2025-09-28,PRYJ,PRAYAGRAJ JN,25.0,621
12428,2025-09-28,SRJ,SHANKARGARH,10.0,666
12428,2025-09-28,DBR,DABHAURA,11.0,699
12428,2025-09-28,MKP,MANIKPUR JN,1.0,721
12428,2025-09-28,JTW,JAITWAR,5.0,779
12428,2025-09-28,STA,SATNA,5.0,799
12428,2025-09-28,REWA,REWA,-11.0,848
12428,2025-09-29,ANVT,ANAND VIHAR TRM,0.0,0
12428,2025-09-29,GZB,GHAZIABAD,5.0,13
12428,2025-09-29,ALJN,ALIGARH JN,29.0,119
12428,2025-09-29,JJK,JHINJHAK,31.0,365
12428,2025-09-29,CNB,KANPUR CENTRAL,5.0,427
12428,2025-09-29,FTP,FATEHPUR,39.0,504
12428,2025-09-29,SRO,SIRATHU,38.0,564
12428,2025-09-29,PRYJ,PRAYAGRAJ JN,24.0,621
12428,2025-09-29,SRJ,SHANKARGARH,18.0,666
12428,2025-09-29,DBR,DABHAURA,22.0,699
12428,2025-09-29,MKP,MANIKPUR JN,0.0,721
12428,2025-09-29,JTW,JAITWAR,4.0,779
12428,2025-09-29,STA,SATNA,39.0,799
12428,2025-09-29,REWA,REWA,13.0,848
12428,2025-09-30,ANVT,ANAND VIHAR TRM,36.0,0
12428,2025-09-30,GZB,GHAZIABAD,113.0,13
12428,2025-09-30,ALJN,ALIGARH JN,138.0,119
12428,2025-09-30,JJK,JHINJHAK,157.0,365
12428,2025-09-30,CNB,KANPUR CENTRAL,163.0,427
12428,2025-09-30,FTP,FATEHPUR,176.0,504
12428,2025-09-30,SRO,SIRATHU,182.0,564
12428,2025-09-30,PRYJ,PRAYAGRAJ JN,195.0,621
12428,2025-09-30,SRJ,SHANKARGARH,193.0,666
12428,2025-09-30,DBR,DABHAURA,195.0,699
12428,2025-09-30,MKP,MANIKPUR JN,166.0,721
12428,2025-09-30,JTW,JAITWAR,172.0,779
12428,2025-09-30,STA,SATNA,165.0,799
12428,2025-09-30,REWA,REWA,145.0,848
12428,2025-10-01,ANVT,ANAND VIHAR TRM,1.0,0
12428,2025-10-01,GZB,GHAZIABAD,10.0,13
12428,2025-10-01,ALJN,ALIGARH JN,22.0,119
12428,2025-10-01,JJK,JHINJHAK,23.0,365
12428,2025-10-01,CNB,KANPUR CENTRAL,24.0,427
12428,2025-10-01,FTP,FATEHPUR,47.0,504
12428,2025-10-01,SRO,SIRATHU,47.0,564
12428,2025-10-01,PRYJ,PRAYAGRAJ JN,25.0,621
12428,2025-10-01,SRJ,SHANKARGARH,12.0,666
12428,2025-10-01,DBR,DABHAURA,15.0,699
12428,2025-10-01,MKP,MANIKPUR JN,0.0,721
12428,2025-10-01,JTW,JAITWAR,6.0,779
12428,2025-10-01,STA,SATNA,7.0,799
12428,2025-10-01,REWA,REWA,-18.0,848
12428,2025-10-02,ANVT,ANAND VIHAR TRM,0.0,0
12428,2025-10-02,GZB,GHAZIABAD,6.0,13
12428,2025-10-02,ALJN,ALIGARH JN,36.0,119
12428,2025-10-02,JJK,JHINJHAK,26.0,365
12428,2025-10-02,CNB,KANPUR CENTRAL,38.0,427
12428,2025-10-02,FTP,FATEHPUR,45.0,504
12428,2025-10-02,SRO,SIRATHU,55.0,564
12428,2025-10-02,PRYJ,PRAYAGRAJ JN,33.0,621
12428,2025-10-02,SRJ,SHANKARGARH,41.0,666
12428,2025-10-02,DBR,DABHAURA,44.0,699
12428,2025-10-02,MKP,MANIKPUR JN,17.0,721
12428,2025-10-02,JTW,JAITWAR,26.0,779
12428,2025-10-02,STA,SATNA,29.0,799
12428,2025-10-02,REWA,REWA,5.0,848
12428,2025-10-03,ANVT,ANAND VIHAR TRM,0.0,0
12428,2025-10-03,GZB,GHAZIABAD,9.0,13
12428,2025-10-03,ALJN,ALIGARH JN,26.0,119
12428,2025-10-03,JJK,JHINJHAK,38.0,365
12428,2025-10-03,CNB,KANPUR CENTRAL,40.0,427
12428,2025-10-03,FTP,FATEHPUR,69.0,504
12428,2025-10-03,SRO,SIRATHU,68.0,564
12428,2025-10-03,PRYJ,PRAYAGRAJ JN,39.0,621
12428,2025-10-03,SRJ,SHANKARGARH,25.0,666
12428,2025-10-03,DBR,DABHAURA,28.0,699
12428,2025-10-03,MKP,MANIKPUR JN,0.0,721
12428,2025-10-03,JTW,JAITWAR,12.0,779
12428,2025-10-03,STA,SATNA,17.0,799
12428,2025-10-03,REWA,REWA,-14.0,848
12428,2025-10-04,ANVT,ANAND VIHAR TRM,0.0,0
12428,2025-10-04,GZB,GHAZIABAD,2.0,13
12428,2025-10-04,ALJN,ALIGARH JN,12.0,119
12428,2025-10-04,JJK,JHINJHAK,22.0,365
12428,2025-10-04,CNB,KANPUR CENTRAL,38.0,427
12428,2025-10-04,FTP,FATEHPUR,53.0,504
12428,2025-10-04,SRO,SIRATHU,51.0,564
12428,2025-10-04,PRYJ,PRAYAGRAJ JN,21.0,621
12428,2025-10-04,SRJ,SHANKARGARH,10.0,666
12428,2025-10-04,DBR,DABHAURA,10.0,699
12428,2025-10-04,MKP,MANIKPUR JN,0.0,721
12428,2025-10-04,JTW,JAITWAR,4.0,779
12428,2025-10-04,STA,SATNA,0.0,799
12428,2025-10-04,REWA,REWA,-17.0,848
12428,2025-10-05,ANVT,ANAND VIHAR TRM,3.0,0
12428,2025-10-05,GZB,GHAZIABAD,6.0,13
12428,2025-10-05,ALJN,ALIGARH JN,10.0,119
12428,2025-10-05,JJK,JHINJHAK,31.0,365
12428,2025-10-05,CNB,KANPUR CENTRAL,30.0,427
12428,2025-10-05,FTP,FATEHPUR,50.0,504
12428,2025-10-05,SRO,SIRATHU,63.0,564
12428,2025-10-05,PRYJ,PRAYAGRAJ JN,32.0,621
12428,2025-10-05,SRJ,SHANKARGARH,13.0,666
12428,2025-10-05,DBR,DABHAURA,17.0,699
12428,2025-10-05,MKP,MANIKPUR JN,0.0,721
12428,2025-10-05,JTW,JAITWAR,6.0,779
12428,2025-10-05,STA,SATNA,9.0,799
12428,2025-10-05,REWA,REWA,-18.0,848
12428,2025-10-06,ANVT,ANAND VIHAR TRM,1.0,0
12428,2025-10-06,GZB,GHAZIABAD,10.0,13
12428,2025-10-06,ALJN,ALIGARH JN,32.0,119
12428,2025-10-06,JJK,JHINJHAK,63.0,365
12428,2025-10-06,CNB,KANPUR CENTRAL,58.0,427
12428,2025-10-06,FTP,FATEHPUR,67.0,504
12428,2025-10-06,SRO,SIRATHU,67.0,564
12428,2025-10-06,PRYJ,PRAYAGRAJ JN,35.0,621
12428,2025-10-06,SRJ,SHANKARGARH,35.0,666
12428,2025-10-06,DBR,DABHAURA,37.0,699
12428,2025-10-06,MKP,MANIKPUR JN,9.0,721
12428,2025-10-06,JTW,JAITWAR,14.0,779
12428,2025-10-06,STA,SATNA,16.0,799
12428,2025-10-06,REWA,REWA,-9.0,848
12428,2025-10-07,ANVT,ANAND VIHAR TRM,0.0,0
12428,2025-10-07,GZB,GHAZIABAD,5.0,13
12428,2025-10-07,ALJN,ALIGARH JN,25.0,119
12428,2025-10-07,JJK,JHINJHAK,57.0,365
12428,2025-10-07,CNB,KANPUR CENTRAL,63.0,427
12428,2025-10-07,FTP,FATEHPUR,76.0,504
12428,2025-10-07,SRO,SIRATHU,77.0,564
12428,2025-10-07,PRYJ,PRAYAGRAJ JN,61.0,621
12428,2025-10-07,SRJ,SHANKARGARH,62.0,666
12428,2025-10-07,DBR,DABHAURA,101.0,699
12428,2025-10-07,MKP,MANIKPUR JN,73.0,721
12428,2025-10-07,JTW,JAITWAR,81.0,779
12428,2025-10-07,STA,SATNA,84.0,799
12428,2025-10-07,REWA,REWA,67.0,848
12428,2025-10-08,ANVT,ANAND VIHAR TRM,114.0,0
12428,2025-10-08,GZB,GHAZIABAD,136.0,13
12428,2025-10-08,ALJN,ALIGARH JN,140.0,119
12428,2025-10-08,JJK,JHINJHAK,149.0,365
12428,2025-10-08,CNB,KANPUR CENTRAL,163.0,427
12428,2025-10-08,FTP,FATEHPUR,172.0,504
12428,2025-10-08,SRO,SIRATHU,171.0,564
12428,2025-10-08,PRYJ,PRAYAGRAJ JN,139.0,621
12428,2025-10-08,SRJ,SHANKARGARH,121.0,666
12428,2025-10-08,DBR,DABHAURA,120.0,699
12428,2025-10-08,MKP,MANIKPUR JN,91.0,721
12428,2025-10-08,JTW,JAITWAR,96.0,779
12428,2025-10-08,STA,SATNA,103.0,799
12428,2025-10-08,REWA,REWA,81.0,848
12428,2025-10-09,ANVT,ANAND VIHAR TRM,0.0,0
12428,2025-10-09,GZB,GHAZIABAD,6.0,13
12428,2025-10-09,ALJN,ALIGARH JN,28.0,119
12428,2025-10-09,JJK,JHINJHAK,44.0,365
12428,2025-10-09,CNB,KANPUR CENTRAL,56.0,427
12428,2025-10-09,FTP,FATEHPUR,67.0,504
12428,2025-10-09,SRO,SIRATHU,70.0,564
12428,2025-10-09,PRYJ,PRAYAGRAJ JN,48.0,621
12428,2025-10-09,SRJ,SHANKARGARH,33.0,666
12428,2025-10-09,DBR,DABHAURA,43.0,699
12428,2025-10-09,MKP,MANIKPUR JN,15.0,721
12428,2025-10-09,JTW,JAITWAR,19.0,779
12428,2025-10-09,STA,SATNA,23.0,799
12428,2025-10-09,REWA,REWA,4.0,848
12428,2025-10-10,ANVT,ANAND VIHAR TRM,0.0,0
12428,2025-10-10,GZB,GHAZIABAD,16.0,13
12428,2025-10-10,ALJN,ALIGARH JN,35.0,119
12428,2025-10-10,JJK,JHINJHAK,35.0,365
12428,2025-10-10,CNB,KANPUR CENTRAL,58.0,427
12428,2025-10-10,FTP,FATEHPUR,71.0,504
12428,2025-10-10,SRO,SIRATHU,71.0,564
12428,2025-10-10,PRYJ,PRAYAGRAJ JN,47.0,621
12428,2025-10-10,SRJ,SHANKARGARH,42.0,666
12428,2025-10-10,DBR,DABHAURA,48.0,699
12428,2025-10-10,MKP,MANIKPUR JN,21.0,721
12428,2025-10-10,JTW,JAITWAR,23.0,779
12428,2025-10-10,STA,SATNA,34.0,799
12428,2025-10-10,REWA,REWA,7.0,848
12428,2025-10-11,ANVT,ANAND VIHAR TRM,0.0,0
12428,2025-10-11,GZB,GHAZIABAD,13.0,13
12428,2025-10-11,ALJN,ALIGARH JN,23.0,119
12428,2025-10-11,JJK,JHINJHAK,37.0,365
12428,2025-10-11,CNB,KANPUR CENTRAL,68.0,427
12428,2025-10-11,FTP,FATEHPUR,75.0,504
12428,2025-10-11,SRO,SIRATHU,73.0,564
12428,2025-10-11,PRYJ,PRAYAGRAJ JN,46.0,621
12428,2025-10-11,SRJ,SHANKARGARH,35.0,666
12428,2025-10-11,DBR,DABHAURA,35.0,699
12428,2025-10-11,MKP,MANIKPUR JN,6.0,721
12428,2025-10-11,JTW,JAITWAR,15.0,779
12428,2025-10-11,STA,SATNA,13.0,799
12428,2025-10-11,REWA,REWA,1.0,848
12428,2025-10-12,ANVT,ANAND VIHAR TRM,116.0,0
12428,2025-10-12,GZB,GHAZIABAD,109.0,13
12428,2025-10-12,ALJN,ALIGARH JN,167.0,119
12428,2025-10-12,JJK,JHINJHAK,184.0,365
12428,2025-10-12,CNB,KANPUR CENTRAL,213.0,427
12428,2025-10-12,FTP,FATEHPUR,229.0,504
12428,2025-10-12,SRO,SIRATHU,228.0,564
12428,2025-10-12,PRYJ,PRAYAGRAJ JN,210.0,621
12428,2025-10-12,SRJ,SHANKARGARH,196.0,666
12428,2025-10-12,DBR,DABHAURA,212.0,699
12428,2025-10-12,MKP,MANIKPUR JN,196.0,721
12428,2025-10-12,JTW,JAITWAR,215.0,779
12428,2025-10-12,STA,SATNA,217.0,799
12428,2025-10-12,REWA,REWA,194.0,848
12428,2025-10-13,ANVT,ANAND VIHAR TRM,1.0,0
12428,2025-10-13,GZB,GHAZIABAD,7.0,13
12428,2025-10-13,ALJN,ALIGARH JN,21.0,119
12428,2025-10-13,JJK,JHINJHAK,30.0,365
12428,2025-10-13,CNB,KANPUR CENTRAL,35.0,427
12428,2025-10-13,FTP,FATEHPUR,56.0,504
12428,2025-10-13,SRO,SIRATHU,58.0,564
12428,2025-10-13,PRYJ,PRAYAGRAJ JN,41.0,621
12428,2025-10-13,SRJ,SHANKARGARH,38.0,666
12428,2025-10-13,DBR,DABHAURA,39.0,699
12428,2025-10-13,MKP,MANIKPUR JN,10.0,721
12428,2025-10-13,JTW,JAITWAR,21.0,779
12428,2025-10-13,STA,SATNA,22.0,799
12428,2025-10-13,REWA,REWA,-7.0,848
12428,2025-10-14,ANVT,ANAND VIHAR TRM,0.0,0
12428,2025-10-14,GZB,GHAZIABAD,9.0,13
12428,2025-10-14,ALJN,ALIGARH JN,54.0,119
12428,2025-10-14,JJK,JHINJHAK,164.0,365
12428,2025-10-14,CNB,KANPUR CENTRAL,287.0,427
12428,2025-10-14,FTP,FATEHPUR,304.0,504
12428,2025-10-14,SRO,SIRATHU,311.0,564
12428,2025-10-14,PRYJ,PRAYAGRAJ JN,276.0,621
12428,2025-10-14,SRJ,SHANKARGARH,281.0,666
12428,2025-10-14,DBR,DABHAURA,286.0,699
12428,2025-10-14,MKP,MANIKPUR JN,278.0,721
12428,2025-10-14,JTW,JAITWAR,293.0,779
12428,2025-10-14,STA,SATNA,297.0,799
12428,2025-10-14,REWA,REWA,270.0,848
12428,2025-10-15,ANVT,ANAND VIHAR TRM,0.0,0
12428,2025-10-15,GZB,GHAZIABAD,1.0,13
12428,2025-10-15,ALJN,ALIGARH JN,15.0,119
12428,2025-10-15,JJK,JHINJHAK,15.0,365
12428,2025-10-15,CNB,KANPUR CENTRAL,25.0,427
12428,2025-10-15,FTP,FATEHPUR,41.0,504
12428,2025-10-15,SRO,SIRATHU,46.0,564
12428,2025-10-15,PRYJ,PRAYAGRAJ JN,14.0,621
12428,2025-10-15,SRJ,SHANKARGARH,6.0,666
12428,2025-10-15,DBR,DABHAURA,18.0,699
12428,2025-10-15,MKP,MANIKPUR JN,2.0,721
12428,2025-10-15,JTW,JAITWAR,11.0,779
12428,2025-10-15,STA,SATNA,14.0,799
12428,2025-10-15,REWA,REWA,-17.0,848
12428,2025-10-16,ANVT,ANAND VIHAR TRM,1.0,0
12428,2025-10-16,GZB,GHAZIABAD,6.0,13
12428,2025-10-16,ALJN,ALIGARH JN,23.0,119
12428,2025-10-16,JJK,JHINJHAK,23.0,365
12428,2025-10-16,CNB,KANPUR CENTRAL,37.0,427
12428,2025-10-16,FTP,FATEHPUR,49.0,504
12428,2025-10-16,SRO,SIRATHU,53.0,564
12428,2025-10-16,PRYJ,PRAYAGRAJ JN,18.0,621
12428,2025-10-16,SRJ,SHANKARGARH,12.0,666
12428,2025-10-16,DBR,DABHAURA,14.0,699
12428,2025-10-16,MKP,MANIKPUR JN,0.0,721
12428,2025-10-16,JTW,JAITWAR,6.0,779
12428,2025-10-16,STA,SATNA,14.0,799
12428,2025-10-16,REWA,REWA,-13.0,848
12428,2025-10-17,ANVT,ANAND VIHAR TRM,0.0,0
12428,2025-10-17,GZB,GHAZIABAD,17.0,13
12428,2025-10-17,ALJN,ALIGARH JN,34.0,119
12428,2025-10-17,JJK,JHINJHAK,55.0,365
12428,2025-10-17,CNB,KANPUR CENTRAL,70.0,427
12428,2025-10-17,FTP,FATEHPUR,84.0,504
12428,2025-10-17,SRO,SIRATHU,90.0,564
12428,2025-10-17,PRYJ,PRAYAGRAJ JN,59.0,621
12428,2025-10-17,SRJ,SHANKARGARH,45.0,666
12428,2025-10-17,DBR,DABHAURA,46.0,699
12428,2025-10-17,MKP,MANIKPUR JN,18.0,721
12428,2025-10-17,JTW,JAITWAR,21.0,779
12428,2025-10-17,STA,SATNA,18.0,799
12428,2025-10-17,REWA,REWA,-1.0,848
12428,2025-10-18,ANVT,ANAND VIHAR TRM,5.0,0
12428,2025-10-18,GZB,GHAZIABAD,7.0,13
12428,2025-10-18,ALJN,ALIGARH JN,35.0,119
12428,2025-10-18,JJK,JHINJHAK,37.0,365
12428,2025-10-18,CNB,KANPUR CENTRAL,53.0,427
12428,2025-10-18,FTP,FATEHPUR,68.0,504
12428,2025-10-18,SRO,SIRATHU,74.0,564
12428,2025-10-18,PRYJ,PRAYAGRAJ JN,40.0,621
12428,2025-10-18,SRJ,SHANKARGARH,17.0,666
12428,2025-10-18,DBR,DABHAURA,33.0,699
12428,2025-10-18,MKP,MANIKPUR JN,5.0,721
12428,2025-10-18,JTW,JAITWAR,25.0,779
12428,2025-10-18,STA,SATNA,21.0,799
12428,2025-10-18,REWA,REWA,-5.0,848
12428,2025-10-19,ANVT,ANAND VIHAR TRM,0.0,0
12428,2025-10-19,GZB,GHAZIABAD,7.0,13
12428,2025-10-19,ALJN,ALIGARH JN,43.0,119
12428,2025-10-19,JJK,JHINJHAK,37.0,365
12428,2025-10-19,CNB,KANPUR CENTRAL,48.0,427
12428,2025-10-19,FTP,FATEHPUR,68.0,504
12428,2025-10-19,SRO,SIRATHU,70.0,564
12428,2025-10-19,PRYJ,PRAYAGRAJ JN,44.0,621
12428,2025-10-19,SRJ,SHANKARGARH,32.0,666
12428,2025-10-19,DBR,DABHAURA,33.0,699
12428,2025-10-19,MKP,MANIKPUR JN,3.0,721
12428,2025-10-19,JTW,JAITWAR,33.0,779
12428,2025-10-19,STA,SATNA,37.0,799
12428,2025-10-19,REWA,REWA,3.0,848
12428,2025-10-20,ANVT,ANAND VIHAR TRM,0.0,0
12428,2025-10-20,GZB,GHAZIABAD,5.0,13
12428,2025-10-20,ALJN,ALIGARH JN,31.0,119
12428,2025-10-20,JJK,JHINJHAK,27.0,365
12428,2025-10-20,CNB,KANPUR CENTRAL,26.0,427
12428,2025-10-20,FTP,FATEHPUR,44.0,504
12428,2025-10-20,SRO,SIRATHU,49.0,564
12428,2025-10-20,PRYJ,PRAYAGRAJ JN,25.0,621
12428,2025-10-20,SRJ,SHANKARGARH,23.0,666
12428,2025-10-20,DBR,DABHAURA,23.0,699
12428,2025-10-20,MKP,MANIKPUR JN,2.0,721
12428,2025-10-20,JTW,JAITWAR,19.0,779
12428,2025-10-20,STA,SATNA,25.0,799
12428,2025-10-20,REWA,REWA,-9.0,848
12428,2025-10-21,ANVT,ANAND VIHAR TRM,0.0,0
12428,2025-10-21,GZB,GHAZIABAD,13.0,13
12428,2025-10-21,ALJN,ALIGARH JN,36.0,119
12428,2025-10-21,JJK,JHINJHAK,32.0,365
12428,2025-10-21,CNB,KANPUR CENTRAL,35.0,427
12428,2025-10-21,FTP,FATEHPUR,47.0,504
12428,2025-10-21,SRO,SIRATHU,50.0,564
12428,2025-10-21,PRYJ,PRAYAGRAJ JN,52.0,621
12428,2025-10-21,SRJ,SHANKARGARH,34.0,666
12428,2025-10-21,DBR,DABHAURA,32.0,699
12428,2025-10-21,MKP,MANIKPUR JN,6.0,721
12428,2025-10-21,JTW,JAITWAR,35.0,779
12428,2025-10-21,STA,SATNA,34.0,799
12428,2025-10-21,REWA,REWA,3.0,848
12428,2025-10-22,ANVT,ANAND VIHAR TRM,10.0,0
12428,2025-10-22,GZB,GHAZIABAD,3.0,13
12428,2025-10-22,ALJN,ALIGARH JN,25.0,119
12428,2025-10-22,JJK,JHINJHAK,45.0,365
12428,2025-10-22,CNB,KANPUR CENTRAL,49.0,427
12428,2025-10-22,FTP,FATEHPUR,61.0,504
12428,2025-10-22,SRO,SIRATHU,63.0,564
12428,2025-10-22,PRYJ,PRAYAGRAJ JN,43.0,621
12428,2025-10-22,SRJ,SHANKARGARH,34.0,666
12428,2025-10-22,DBR,DABHAURA,23.0,699
12428,2025-10-22,MKP,MANIKPUR JN,0.0,721
12428,2025-10-22,JTW,JAITWAR,10.0,779
12428,2025-10-22,STA,SATNA,5.0,799
12428,2025-10-22,REWA,REWA,-22.0,848
12428,2025-10-23,ANVT,ANAND VIHAR TRM,1.0,0
12428,2025-10-23,GZB,GHAZIABAD,2.0,13
12428,2025-10-23,ALJN,ALIGARH JN,23.0,119
12428,2025-10-23,JJK,JHINJHAK,51.0,365
12428,2025-10-23,CNB,KANPUR CENTRAL,53.0,427
12428,2025-10-23,FTP,FATEHPUR,64.0,504
12428,2025-10-23,SRO,SIRATHU,76.0,564
12428,2025-10-23,PRYJ,PRAYAGRAJ JN,39.0,621
12428,2025-10-23,SRJ,SHANKARGARH,31.0,666
12428,2025-10-23,DBR,DABHAURA,35.0,699
12428,2025-10-23,MKP,MANIKPUR JN,6.0,721
12428,2025-10-23,JTW,JAITWAR,17.0,779
12428,2025-10-23,STA,SATNA,19.0,799
12428,2025-10-23,REWA,REWA,-10.0,848
12428,2025-10-24,ANVT,ANAND VIHAR TRM,12.0,0
12428,2025-10-24,GZB,GHAZIABAD,62.0,13
12428,2025-10-24,ALJN,ALIGARH JN,82.0,119
12428,2025-10-24,JJK,JHINJHAK,76.0,365
12428,2025-10-24,CNB,KANPUR CENTRAL,97.0,427
12428,2025-10-24,FTP,FATEHPUR,111.0,504
12428,2025-10-24,SRO,SIRATHU,113.0,564
12428,2025-10-24,PRYJ,PRAYAGRAJ JN,145.0,621
12428,2025-10-24,SRJ,SHANKARGARH,143.0,666
12428,2025-10-24,DBR,DABHAURA,171.0,699
12428,2025-10-24,MKP,MANIKPUR JN,142.0,721
12428,2025-10-24,JTW,JAITWAR,168.0,779
12428,2025-10-24,STA,SATNA,170.0,799
12428,2025-10-24,REWA,REWA,135.0,848
12428,2025-10-25,ANVT,ANAND VIHAR TRM,0.0,0
12428,2025-10-25,GZB,GHAZIABAD,11.0,13
12428,2025-10-25,ALJN,ALIGARH JN,20.0,119
12428,2025-10-25,JJK,JHINJHAK,22.0,365
12428,2025-10-25,CNB,KANPUR CENTRAL,21.0,427
12428,2025-10-25,FTP,FATEHPUR,26.0,504
12428,2025-10-25,SRO,SIRATHU,27.0,564
12428,2025-10-25,PRYJ,PRAYAGRAJ JN,20.0,621
12428,2025-10-25,SRJ,SHANKARGARH,24.0,666
12428,2025-10-25,DBR,DABHAURA,34.0,699
12428,2025-10-25,MKP,MANIKPUR JN,13.0,721
12428,2025-10-25,JTW,JAITWAR,30.0,779
12428,2025-10-25,STA,SATNA,34.0,799
12428,2025-10-25,REWA,REWA,4.0,848
12428,2025-10-26,ANVT,ANAND VIHAR TRM,2.0,0
12428,2025-10-26,GZB,GHAZIABAD,9.0,13
12428,2025-10-26,ALJN,ALIGARH JN,23.0,119
12428,2025-10-26,JJK,JHINJHAK,24.0,365
12428,2025-10-26,CNB,KANPUR CENTRAL,20.0,427
12428,2025-10-26,FTP,FATEHPUR,29.0,504
12428,2025-10-26,SRO,SIRATHU,36.0,564
12428,2025-10-26,PRYJ,PRAYAGRAJ JN,27.0,621
12428,2025-10-26,SRJ,SHANKARGARH,17.0,666
12428,2025-10-26,DBR,DABHAURA,22.0,699
12428,2025-10-26,MKP,MANIKPUR JN,2.0,721
12428,2025-10-26,JTW,JAITWAR,16.0,779
12428,2025-10-26,STA,SATNA,20.0,799
12428,2025-10-26,REWA,REWA,-10.0,848
12428,2025-10-27,ANVT,ANAND VIHAR TRM,1.0,0
12428,2025-10-27,GZB,GHAZIABAD,3.0,13
12428,2025-10-27,ALJN,ALIGARH JN,18.0,119
12428,2025-10-27,JJK,JHINJHAK,21.0,365
12428,2025-10-27,CNB,KANPUR CENTRAL,31.0,427
12428,2025-10-27,FTP,FATEHPUR,51.0,504
12428,2025-10-27,SRO,SIRATHU,50.0,564
12428,2025-10-27,PRYJ,PRAYAGRAJ JN,17.0,621
12428,2025-10-27,SRJ,SHANKARGARH,20.0,666
12428,2025-10-27,DBR,DABHAURA,24.0,699
12428,2025-10-27,MKP,MANIKPUR JN,1.0,721
12428,2025-10-27,JTW,JAITWAR,16.0,779
12428,2025-10-27,STA,SATNA,12.0,799
12428,2025-10-27,REWA,REWA,-15.0,848
12428,2025-10-28,ANVT,ANAND VIHAR TRM,1.0,0
12428,2025-10-28,GZB,GHAZIABAD,2.0,13
12428,2025-10-28,ALJN,ALIGARH JN,23.0,119
12428,2025-10-28,JJK,JHINJHAK,30.0,365
12428,2025-10-28,CNB,KANPUR CENTRAL,49.0,427
12428,2025-10-28,FTP,FATEHPUR,60.0,504
12428,2025-10-28,SRO,SIRATHU,68.0,564
12428,2025-10-28,PRYJ,PRAYAGRAJ JN,51.0,621
12428,2025-10-28,SRJ,SHANKARGARH,47.0,666
12428,2025-10-28,DBR,DABHAURA,35.0,699
12428,2025-10-28,MKP,MANIKPUR JN,5.0,721
12428,2025-10-28,JTW,JAITWAR,43.0,779
12428,2025-10-28,STA,SATNA,36.0,799
12428,2025-10-28,REWA,REWA,-2.0,848
12428,2025-10-29,ANVT,ANAND VIHAR TRM,20.0,0
12428,2025-10-29,GZB,GHAZIABAD,61.0,13
12428,2025-10-29,ALJN,ALIGARH JN,85.0,119
12428,2025-10-29,JJK,JHINJHAK,82.0,365
12428,2025-10-29,CNB,KANPUR CENTRAL,113.0,427
12428,2025-10-29,FTP,FATEHPUR,129.0,504
12428,2025-10-29,SRO,SIRATHU,133.0,564
12428,2025-10-29,PRYJ,PRAYAGRAJ JN,122.0,621
12428,2025-10-29,SRJ,SHANKARGARH,127.0,666
12428,2025-10-29,DBR,DABHAURA,130.0,699
12428,2025-10-29,MKP,MANIKPUR JN,102.0,721
12428,2025-10-29,JTW,JAITWAR,117.0,779
12428,2025-10-29,STA,SATNA,107.0,799
12428,2025-10-29,REWA,REWA,92.0,848
12428,2025-10-30,ANVT,ANAND VIHAR TRM,0.0,0
12428,2025-10-30,GZB,GHAZIABAD,7.0,13
12428,2025-10-30,ALJN,ALIGARH JN,21.0,119
12428,2025-10-30,JJK,JHINJHAK,27.0,365
12428,2025-10-30,CNB,KANPUR CENTRAL,37.0,427
12428,2025-10-30,FTP,FATEHPUR,49.0,504
12428,2025-10-30,SRO,SIRATHU,54.0,564
12428,2025-10-30,PRYJ,PRAYAGRAJ JN,30.0,621
12428,2025-10-30,SRJ,SHANKARGARH,25.0,666
12428,2025-10-30,DBR,DABHAURA,35.0,699
12428,2025-10-30,MKP,MANIKPUR JN,8.0,721
12428,2025-10-30,JTW,JAITWAR,15.0,779
12428,2025-10-30,STA,SATNA,7.0,799
12428,2025-10-30,REWA,REWA,-11.0,848
12428,2025-10-31,ANVT,ANAND VIHAR TRM,0.0,0
12428,2025-10-31,GZB,GHAZIABAD,8.0,13
12428,2025-10-31,ALJN,ALIGARH JN,22.0,119
12428,2025-10-31,JJK,JHINJHAK,33.0,365
12428,2025-10-31,CNB,KANPUR CENTRAL,51.0,427
12428,2025-10-31,FTP,FATEHPUR,63.0,504
12428,2025-10-31,SRO,SIRATHU,62.0,564
12428,2025-10-31,PRYJ,PRAYAGRAJ JN,34.0,621
12428,2025-10-31,SRJ,SHANKARGARH,23.0,666
12428,2025-10-31,DBR,DABHAURA,27.0,699
12428,2025-10-31,MKP,MANIKPUR JN,0.0,721
12428,2025-10-31,JTW,JAITWAR,8.0,779
12428,2025-10-31,STA,SATNA,6.0,799
12428,2025-10-31,REWA,REWA,-6.0,848
12428,2025-11-01,ANVT,ANAND VIHAR TRM,1.0,0
12428,2025-11-01,GZB,GHAZIABAD,10.0,13
12428,2025-11-01,ALJN,ALIGARH JN,22.0,119
12428,2025-11-01,JJK,JHINJHAK,29.0,365
12428,2025-11-01,CNB,KANPUR CENTRAL,27.0,427
12428,2025-11-01,FTP,FATEHPUR,41.0,504
12428,2025-11-01,SRO,SIRATHU,48.0,564
12428,2025-11-01,PRYJ,PRAYAGRAJ JN,27.0,621
12428,2025-11-01,SRJ,SHANKARGARH,22.0,666
12428,2025-11-01,DBR,DABHAURA,26.0,699
12428,2025-11-01,MKP,MANIKPUR JN,0.0,721
12428,2025-11-01,JTW,JAITWAR,12.0,779
12428,2025-11-01,STA,SATNA,9.0,799
12428,2025-11-01,REWA,REWA,-13.0,848
12428,2025-11-02,ANVT,ANAND VIHAR TRM,0.0,0
12428,2025-11-02,GZB,GHAZIABAD,5.0,13
12428,2025-11-02,ALJN,ALIGARH JN,17.0,119
12428,2025-11-02,JJK,JHINJHAK,31.0,365
12428,2025-11-02,CNB,KANPUR CENTRAL,50.0,427
12428,2025-11-02,FTP,FATEHPUR,66.0,504
12428,2025-11-02,SRO,SIRATHU,68.0,564
12428,2025-11-02,PRYJ,PRAYAGRAJ JN,38.0,621
12428,2025-11-02,SRJ,SHANKARGARH,32.0,666
12428,2025-11-02,DBR,DABHAURA,38.0,699
12428,2025-11-02,MKP,MANIKPUR JN,8.0,721
12428,2025-11-02,JTW,JAITWAR,21.0,779
12428,2025-11-02,STA,SATNA,12.0,799
12428,2025-11-02,REWA,REWA,-9.0,848
12428,2025-11-03,ANVT,ANAND VIHAR TRM,0.0,0
12428,2025-11-03,GZB,GHAZIABAD,1.0,13
12428,2025-11-03,ALJN,ALIGARH JN,11.0,119
12428,2025-11-03,JJK,JHINJHAK,25.0,365
12428,2025-11-03,CNB,KANPUR CENTRAL,35.0,427
12428,2025-11-03,FTP,FATEHPUR,49.0,504
12428,2025-11-03,SRO,SIRATHU,47.0,564
12428,2025-11-03,PRYJ,PRAYAGRAJ JN,39.0,621
12428,2025-11-03,SRJ,SHANKARGARH,58.0,666
12428,2025-11-03,DBR,DABHAURA,139.0,699
12428,2025-11-03,MKP,MANIKPUR JN,115.0,721
12428,2025-11-03,JTW,JAITWAR,122.0,779
12428,2025-11-03,STA,SATNA,125.0,799
12428,2025-11-03,REWA,REWA,102.0,848
12428,2025-11-04,ANVT,ANAND VIHAR TRM,0.0,0
12428,2025-11-04,GZB,GHAZIABAD,18.0,13
12428,2025-11-04,ALJN,ALIGARH JN,28.0,119
12428,2025-11-04,JJK,JHINJHAK,37.0,365
12428,2025-11-04,CNB,KANPUR CENTRAL,49.0,427
12428,2025-11-04,FTP,FATEHPUR,62.0,504
12428,2025-11-04,SRO,SIRATHU,61.0,564
12428,2025-11-04,PRYJ,PRAYAGRAJ JN,33.0,621
12428,2025-11-04,SRJ,SHANKARGARH,24.0,666
12428,2025-11-04,DBR,DABHAURA,37.0,699
12428,2025-11-04,MKP,MANIKPUR JN,11.0,721
12428,2025-11-04,JTW,JAITWAR,14.0,779
12428,2025-11-04,STA,SATNA,12.0,799
12428,2025-11-04,REWA,REWA,-3.0,848
12428,2025-11-05,ANVT,ANAND VIHAR TRM,22.0,0
12428,2025-11-05,GZB,GHAZIABAD,53.0,13
12428,2025-11-05,ALJN,ALIGARH JN,62.0,119
12428,2025-11-05,JJK,JHINJHAK,55.0,365
12428,2025-11-05,CNB,KANPUR CENTRAL,57.0,427
12428,2025-11-05,FTP,FATEHPUR,74.0,504
12428,2025-11-05,SRO,SIRATHU,73.0,564
12428,2025-11-05,PRYJ,PRAYAGRAJ JN,48.0,621
12428,2025-11-05,SRJ,SHANKARGARH,56.0,666
12428,2025-11-05,DBR,DABHAURA,73.0,699
12428,2025-11-05,MKP,MANIKPUR JN,52.0,721
12428,2025-11-05,JTW,JAITWAR,55.0,779
12428,2025-11-05,STA,SATNA,60.0,799
12428,2025-11-05,REWA,REWA,36.0,848
12428,2025-11-06,ANVT,ANAND VIHAR TRM,1.0,0
12428,2025-11-06,GZB,GHAZIABAD,10.0,13
12428,2025-11-06,ALJN,ALIGARH JN,28.0,119
12428,2025-11-06,JJK,JHINJHAK,27.0,365
12428,2025-11-06,CNB,KANPUR CENTRAL,66.0,427
12428,2025-11-06,FTP,FATEHPUR,75.0,504
12428,2025-11-06,SRO,SIRATHU,74.0,564
12428,2025-11-06,PRYJ,PRAYAGRAJ JN,42.0,621
12428,2025-11-06,SRJ,SHANKARGARH,39.0,666
12428,2025-11-06,DBR,DABHAURA,40.0,699
12428,2025-11-06,MKP,MANIKPUR JN,11.0,721
12428,2025-11-06,JTW,JAITWAR,22.0,779
12428,2025-11-06,STA,SATNA,21.0,799
12428,2025-11-06,REWA,REWA,-5.0,848
12428,2025-11-07,ANVT,ANAND VIHAR TRM,6.0,0
12428,2025-11-07,GZB,GHAZIABAD,2.0,13
12428,2025-11-07,ALJN,ALIGARH JN,26.0,119
12428,2025-11-07,JJK,JHINJHAK,33.0,365
12428,2025-11-07,CNB,KANPUR CENTRAL,38.0,427
12428,2025-11-07,FTP,FATEHPUR,48.0,504
12428,2025-11-07,SRO,SIRATHU,49.0,564
12428,2025-11-07,PRYJ,PRAYAGRAJ JN,28.0,621
12428,2025-11-07,SRJ,SHANKARGARH,36.0,666
12428,2025-11-07,DBR,DABHAURA,32.0,699
12428,2025-11-07,MKP,MANIKPUR JN,5.0,721
12428,2025-11-07,JTW,JAITWAR,27.0,779
12428,2025-11-07,STA,SATNA,37.0,799
12428,2025-11-07,REWA,REWA,14.0,848
12428,2025-11-08,ANVT,ANAND VIHAR TRM,1.0,0
12428,2025-11-08,GZB,GHAZIABAD,4.0,13
12428,2025-11-08,ALJN,ALIGARH JN,24.0,119
12428,2025-11-08,JJK,JHINJHAK,7.0,365
12428,2025-11-08,CNB,KANPUR CENTRAL,21.0,427
12428,2025-11-08,FTP,FATEHPUR,36.0,504
12428,2025-11-08,SRO,SIRATHU,36.0,564
12428,2025-11-08,PRYJ,PRAYAGRAJ JN,7.0,621
12428,2025-11-08,SRJ,SHANKARGARH,11.0,666
12428,2025-11-08,DBR,DABHAURA,16.0,699
12428,2025-11-08,MKP,MANIKPUR JN,0.0,721
12428,2025-11-08,JTW,JAITWAR,13.0,779
12428,2025-11-08,STA,SATNA,6.0,799
12428,2025-11-08,REWA,REWA,-2.0,848
12428,2025-11-09,ANVT,ANAND VIHAR TRM,3.0,0
12428,2025-11-09,GZB,GHAZIABAD,11.0,13
12428,2025-11-09,ALJN,ALIGARH JN,30.0,119
12428,2025-11-09,JJK,JHINJHAK,31.0,365
12428,2025-11-09,CNB,KANPUR CENTRAL,24.0,427
12428,2025-11-09,FTP,FATEHPUR,40.0,504
12428,2025-11-09,SRO,SIRATHU,40.0,564
12428,2025-11-09,PRYJ,PRAYAGRAJ JN,10.0,621
12428,2025-11-09,SRJ,SHANKARGARH,10.0,666
12428,2025-11-09,DBR,DABHAURA,13.0,699
12428,2025-11-09,MKP,MANIKPUR JN,0.0,721
12428,2025-11-09,JTW,JAITWAR,9.0,779
12428,2025-11-09,STA,SATNA,25.0,799
12428,2025-11-09,REWA,REWA,3.0,848
12428,2025-11-10,ANVT,ANAND VIHAR TRM,1.0,0
12428,2025-11-10,GZB,GHAZIABAD,6.0,13
12428,2025-11-10,ALJN,ALIGARH JN,29.0,119
12428,2025-11-10,JJK,JHINJHAK,22.0,365
12428,2025-11-10,CNB,KANPUR CENTRAL,25.0,427
12428,2025-11-10,FTP,FATEHPUR,50.0,504
12428,2025-11-10,SRO,SIRATHU,50.0,564
12428,2025-11-10,PRYJ,PRAYAGRAJ JN,18.0,621
12428,2025-11-10,SRJ,SHANKARGARH,19.0,666
12428,2025-11-10,DBR,DABHAURA,20.0,699
12428,2025-11-10,MKP,MANIKPUR JN,0.0,721
12428,2025-11-10,JTW,JAITWAR,8.0,779
12428,2025-11-10,STA,SATNA,15.0,799
12428,2025-11-10,REWA,REWA,-5.0,848
12428,2025-11-11,ANVT,ANAND VIHAR TRM,3.0,0
12428,2025-11-11,GZB,GHAZIABAD,5.0,13
12428,2025-11-11,ALJN,ALIGARH JN,33.0,119
12428,2025-11-11,JJK,JHINJHAK,30.0,365
12428,2025-11-11,CNB,KANPUR CENTRAL,49.0,427
12428,2025-11-11,FTP,FATEHPUR,94.0,504
12428,2025-11-11,SRO,SIRATHU,97.0,564
12428,2025-11-11,PRYJ,PRAYAGRAJ JN,86.0,621
12428,2025-11-11,SRJ,SHANKARGARH,122.0,666
12428,2025-11-11,DBR,DABHAURA,131.0,699
12428,2025-11-11,MKP,MANIKPUR JN,109.0,721
12428,2025-11-11,JTW,JAITWAR,119.0,779
12428,2025-11-11,STA,SATNA,113.0,799
12428,2025-11-11,REWA,REWA,104.0,848
12428,2025-11-12,ANVT,ANAND VIHAR TRM,2.0,0
12428,2025-11-12,GZB,GHAZIABAD,0.0,13
12428,2025-11-12,ALJN,ALIGARH JN,42.0,119
12428,2025-11-12,JJK,JHINJHAK,37.0,365
12428,2025-11-12,CNB,KANPUR CENTRAL,71.0,427
12428,2025-11-12,FTP,FATEHPUR,89.0,504
12428,2025-11-12,SRO,SIRATHU,90.0,564
12428,2025-11-12,PRYJ,PRAYAGRAJ JN,66.0,621
12428,2025-11-12,SRJ,SHANKARGARH,84.0,666
12428,2025-11-12,DBR,DABHAURA,106.0,699
12428,2025-11-12,MKP,MANIKPUR JN,86.0,721
12428,2025-11-12,JTW,JAITWAR,100.0,779
12428,2025-11-12,STA,SATNA,100.0,799
12428,2025-11-12,REWA,REWA,84.0,848
12428,2025-11-13,ANVT,ANAND VIHAR TRM,1.0,0
12428,2025-11-13,GZB,GHAZIABAD,10.0,13
12428,2025-11-13,ALJN,ALIGARH JN,22.0,119
12428,2025-11-13,JJK,JHINJHAK,19.0,365
12428,2025-11-13,CNB,KANPUR CENTRAL,32.0,427
12428,2025-11-13,FTP,FATEHPUR,47.0,504
12428,2025-11-13,SRO,SIRATHU,49.0,564
12428,2025-11-13,PRYJ,PRAYAGRAJ JN,46.0,621
12428,2025-11-13,SRJ,SHANKARGARH,109.0,666
12428,2025-11-13,DBR,DABHAURA,109.0,699
12428,2025-11-13,MKP,MANIKPUR JN,102.0,721
12428,2025-11-13,JTW,JAITWAR,120.0,779
12428,2025-11-13,STA,SATNA,124.0,799
12428,2025-11-13,REWA,REWA,102.0,848
12428,2025-11-14,ANVT,ANAND VIHAR TRM,1.0,0
12428,2025-11-14,GZB,GHAZIABAD,20.0,13
12428,2025-11-14,ALJN,ALIGARH JN,37.0,119
12428,2025-11-14,JJK,JHINJHAK,36.0,365
12428,2025-11-14,CNB,KANPUR CENTRAL,40.0,427
12428,2025-11-14,FTP,FATEHPUR,53.0,504
12428,2025-11-14,SRO,SIRATHU,52.0,564
12428,2025-11-14,PRYJ,PRAYAGRAJ JN,28.0,621
12428,2025-11-14,SRJ,SHANKARGARH,24.0,666
12428,2025-11-14,DBR,DABHAURA,24.0,699
12428,2025-11-14,MKP,MANIKPUR JN,1.0,721
12428,2025-11-14,JTW,JAITWAR,15.0,779
12428,2025-11-14,STA,SATNA,23.0,799
12428,2025-11-14,REWA,REWA,2.0,848
12428,2025-11-15,ANVT,ANAND VIHAR TRM,1.0,0
12428,2025-11-15,GZB,GHAZIABAD,11.0,13
12428,2025-11-15,ALJN,ALIGARH JN,38.0,119
12428,2025-11-15,JJK,JHINJHAK,30.0,365
12428,2025-11-15,CNB,KANPUR CENTRAL,32.0,427
12428,2025-11-15,FTP,FATEHPUR,43.0,504
12428,2025-11-15,SRO,SIRATHU,40.0,564
12428,2025-11-15,PRYJ,PRAYAGRAJ JN,13.0,621
12428,2025-11-15,SRJ,SHANKARGARH,10.0,666
12428,2025-11-15,DBR,DABHAURA,9.0,699
12428,2025-11-15,MKP,MANIKPUR JN,0.0,721
12428,2025-11-15,JTW,JAITWAR,29.0,779
12428,2025-11-15,STA,SATNA,19.0,799
12428,2025-11-15,REWA,REWA,8.0,848
12428,2025-11-16,ANVT,ANAND VIHAR TRM,0.0,0
12428,2025-11-16,GZB,GHAZIABAD,5.0,13
12428,2025-11-16,ALJN,ALIGARH JN,27.0,119
12428,2025-11-16,JJK,JHINJHAK,27.0,365
12428,2025-11-16,CNB,KANPUR CENTRAL,36.0,427
12428,2025-11-16,FTP,FATEHPUR,49.0,504
12428,2025-11-16,SRO,SIRATHU,50.0,564
12428,2025-11-16,PRYJ,PRAYAGRAJ JN,24.0,621
12428,2025-11-16,SRJ,SHANKARGARH,15.0,666
12428,2025-11-16,DBR,DABHAURA,14.0,699
12428,2025-11-16,MKP,MANIKPUR JN,0.0,721
12428,2025-11-16,JTW,JAITWAR,8.0,779
12428,2025-11-16,STA,SATNA,7.0,799
12428,2025-11-16,REWA,REWA,-12.0,848
12428,2025-11-17,ANVT,ANAND VIHAR TRM,0.0,0
12428,2025-11-17,GZB,GHAZIABAD,8.0,13
12428,2025-11-17,ALJN,ALIGARH JN,21.0,119
12428,2025-11-17,JJK,JHINJHAK,29.0,365
12428,2025-11-17,CNB,KANPUR CENTRAL,18.0,427
12428,2025-11-17,FTP,FATEHPUR,42.0,504
12428,2025-11-17,SRO,SIRATHU,45.0,564
12428,2025-11-17,PRYJ,PRAYAGRAJ JN,18.0,621
12428,2025-11-17,SRJ,SHANKARGARH,19.0,666
12428,2025-11-17,DBR,DABHAURA,17.0,699
12428,2025-11-17,MKP,MANIKPUR JN,2.0,721
12428,2025-11-17,JTW,JAITWAR,17.0,779
12428,2025-11-17,STA,SATNA,16.0,799
12428,2025-11-17,REWA,REWA,-5.0,848
12428,2025-11-18,ANVT,ANAND VIHAR TRM,53.0,0
12428,2025-11-18,GZB,GHAZIABAD,110.0,13
12428,2025-11-18,ALJN,ALIGARH JN,125.0,119
12428,2025-11-18,JJK,JHINJHAK,141.0,365
12428,2025-11-18,CNB,KANPUR CENTRAL,148.0,427
12428,2025-11-18,FTP,FATEHPUR,162.0,504
12428,2025-11-18,SRO,SIRATHU,162.0,564
12428,2025-11-18,PRYJ,PRAYAGRAJ JN,133.0,621
12428,2025-11-18,SRJ,SHANKARGARH,131.0,666
12428,2025-11-18,DBR,DABHAURA,143.0,699
12428,2025-11-18,MKP,MANIKPUR JN,120.0,721
12428,2025-11-18,JTW,JAITWAR,156.0,779
12428,2025-11-18,STA,SATNA,147.0,799
12428,2025-11-18,REWA,REWA,138.0,848
12428,2025-11-19,ANVT,ANAND VIHAR TRM,1.0,0
12428,2025-11-19,GZB,GHAZIABAD,6.0,13
12428,2025-11-19,ALJN,ALIGARH JN,38.0,119
12428,2025-11-19,JJK,JHINJHAK,34.0,365
12428,2025-11-19,CNB,KANPUR CENTRAL,43.0,427
12428,2025-11-19,FTP,FATEHPUR,60.0,504
12428,2025-11-19,SRO,SIRATHU,61.0,564
12428,2025-11-19,PRYJ,PRAYAGRAJ JN,38.0,621
12428,2025-11-19,SRJ,SHANKARGARH,25.0,666
12428,2025-11-19,DBR,DABHAURA,24.0,699
12428,2025-11-19,MKP,MANIKPUR JN,0.0,721
12428,2025-11-19,JTW,JAITWAR,17.0,779
12428,2025-11-19,STA,SATNA,19.0,799
12428,2025-11-19,REWA,REWA,-7.0,848
12428,2025-11-20,ANVT,ANAND VIHAR TRM,65.0,0
12428,2025-11-20,GZB,GHAZIABAD,81.0,13
12428,2025-11-20,ALJN,ALIGARH JN,97.0,119
12428,2025-11-20,JJK,JHINJHAK,97.0,365
12428,2025-11-20,CNB,KANPUR CENTRAL,89.0,427
12428,2025-11-20,FTP,FATEHPUR,114.0,504
12428,2025-11-20,SRO,SIRATHU,116.0,564
12428,2025-11-20,PRYJ,PRAYAGRAJ JN,100.0,621
12428,2025-11-20,SRJ,SHANKARGARH,95.0,666
12428,2025-11-20,DBR,DABHAURA,95.0,699
12428,2025-11-20,MKP,MANIKPUR JN,67.0,721
12428,2025-11-20,JTW,JAITWAR,75.0,779
12428,2025-11-20,STA,SATNA,75.0,799
12428,2025-11-20,REWA,REWA,53.0,848
12428,2025-11-21,ANVT,ANAND VIHAR TRM,34.0,0
12428,2025-11-21,GZB,GHAZIABAD,68.0,13
12428,2025-11-21,ALJN,ALIGARH JN,93.0,119
12428,2025-11-21,JJK,JHINJHAK,99.0,365
12428,2025-11-21,CNB,KANPUR CENTRAL,132.0,427
12428,2025-11-21,FTP,FATEHPUR,145.0,504
12428,2025-11-21,SRO,SIRATHU,152.0,564
12428,2025-11-21,PRYJ,PRAYAGRAJ JN,150.0,621
12428,2025-11-21,SRJ,SHANKARGARH,137.0,666
12428,2025-11-21,DBR,DABHAURA,144.0,699
12428,2025-11-21,MKP,MANIKPUR JN,116.0,721
12428,2025-11-21,JTW,JAITWAR,146.0,779
12428,2025-11-21,STA,SATNA,149.0,799
12428,2025-11-21,REWA,REWA,129.0,848
12428,2025-11-22,ANVT,ANAND VIHAR TRM,0.0,0
12428,2025-11-22,GZB,GHAZIABAD,8.0,13
12428,2025-11-22,ALJN,ALIGARH JN,24.0,119
12428,2025-11-22,JJK,JHINJHAK,17.0,365
12428,2025-11-22,CNB,KANPUR CENTRAL,0.0,427
12428,2025-11-22,FTP,FATEHPUR,19.0,504
12428,2025-11-22,SRO,SIRATHU,17.0,564
12428,2025-11-22,PRYJ,PRAYAGRAJ JN,8.0,621
12428,2025-11-22,SRJ,SHANKARGARH,12.0,666
12428,2025-11-22,DBR,DABHAURA,12.0,699
12428,2025-11-22,MKP,MANIKPUR JN,0.0,721
12428,2025-11-22,JTW,JAITWAR,28.0,779
12428,2025-11-22,STA,SATNA,37.0,799
12428,2025-11-22,REWA,REWA,13.0,848
12428,2025-11-23,ANVT,ANAND VIHAR TRM,0.0,0
12428,2025-11-23,GZB,GHAZIABAD,7.0,13
12428,2025-11-23,ALJN,ALIGARH JN,36.0,119
12428,2025-11-23,JJK,JHINJHAK,33.0,365
12428,2025-11-23,CNB,KANPUR CENTRAL,28.0,427
12428,2025-11-23,FTP,FATEHPUR,44.0,504
12428,2025-11-23,SRO,SIRATHU,47.0,564
12428,2025-11-23,PRYJ,PRAYAGRAJ JN,34.0,621
12428,2025-11-23,SRJ,SHANKARGARH,23.0,666
12428,2025-11-23,DBR,DABHAURA,21.0,699
12428,2025-11-23,MKP,MANIKPUR JN,6.0,721
12428,2025-11-23,JTW,JAITWAR,27.0,779
12428,2025-11-23,STA,SATNA,25.0,799
12428,2025-11-23,REWA,REWA,10.0,848
12428,2025-11-24,ANVT,ANAND VIHAR TRM,0.0,0
12428,2025-11-24,GZB,GHAZIABAD,17.0,13
12428,2025-11-24,ALJN,ALIGARH JN,33.0,119
12428,2025-11-24,JJK,JHINJHAK,35.0,365
12428,2025-11-24,CNB,KANPUR CENTRAL,30.0,427
12428,2025-11-24,FTP,FATEHPUR,40.0,504
12428,2025-11-24,SRO,SIRATHU,42.0,564
12428,2025-11-24,PRYJ,PRAYAGRAJ JN,11.0,621
12428,2025-11-24,SRJ,SHANKARGARH,5.0,666
12428,2025-11-24,DBR,DABHAURA,7.0,699
12428,2025-11-24,MKP,MANIKPUR JN,0.0,721
12428,2025-11-24,JTW,JAITWAR,14.0,779
12428,2025-11-24,STA,SATNA,12.0,799
12428,2025-11-24,REWA,REWA,-6.0,848
12428,2025-11-25,ANVT,ANAND VIHAR TRM,0.0,0
12428,2025-11-25,GZB,GHAZIABAD,5.0,13
12428,2025-11-25,ALJN,ALIGARH JN,21.0,119
12428,2025-11-25,JJK,JHINJHAK,20.0,365
12428,2025-11-25,CNB,KANPUR CENTRAL,63.0,427
12428,2025-11-25,FTP,FATEHPUR,75.0,504
12428,2025-11-25,SRO,SIRATHU,72.0,564
12428,2025-11-25,PRYJ,PRAYAGRAJ JN,34.0,621
12428,2025-11-25,SRJ,SHANKARGARH,29.0,666
12428,2025-11-25,DBR,DABHAURA,23.0,699
12428,2025-11-25,MKP,MANIKPUR JN,1.0,721
12428,2025-11-25,JTW,JAITWAR,31.0,779
12428,2025-11-25,STA,SATNA,15.0,799
12428,2025-11-25,REWA,REWA,5.0,848
12428,2025-11-26,ANVT,ANAND VIHAR TRM,0.0,0
12428,2025-11-26,GZB,GHAZIABAD,2.0,13
12428,2025-11-26,ALJN,ALIGARH JN,20.0,119
12428,2025-11-26,JJK,JHINJHAK,29.0,365
12428,2025-11-26,CNB,KANPUR CENTRAL,23.0,427
12428,2025-11-26,FTP,FATEHPUR,38.0,504
12428,2025-11-26,SRO,SIRATHU,39.0,564
12428,2025-11-26,PRYJ,PRAYAGRAJ JN,4.0,621
12428,2025-11-26,SRJ,SHANKARGARH,0.0,666
12428,2025-11-26,DBR,DABHAURA,2.0,699
12428,2025-11-26,MKP,MANIKPUR JN,0.0,721
12428,2025-11-26,JTW,JAITWAR,16.0,779
12428,2025-11-26,STA,SATNA,15.0,799
12428,2025-11-26,REWA,REWA,-8.0,848
12428,2025-11-27,ANVT,ANAND VIHAR TRM,0.0,0
12428,2025-11-27,GZB,GHAZIABAD,2.0,13
12428,2025-11-27,ALJN,ALIGARH JN,31.0,119
12428,2025-11-27,JJK,JHINJHAK,21.0,365
12428,2025-11-27,CNB,KANPUR CENTRAL,25.0,427
12428,2025-11-27,FTP,FATEHPUR,37.0,504
12428,2025-11-27,SRO,SIRATHU,37.0,564
12428,2025-11-27,PRYJ,PRAYAGRAJ JN,5.0,621
12428,2025-11-27,SRJ,SHANKARGARH,22.0,666
12428,2025-11-27,DBR,DABHAURA,21.0,699
12428,2025-11-27,MKP,MANIKPUR JN,2.0,721
12428,2025-11-27,JTW,JAITWAR,15.0,779
12428,2025-11-27,STA,SATNA,13.0,799
12428,2025-11-27,REWA,REWA,-4.0,848
12428,2025-11-28,ANVT,ANAND VIHAR TRM,1.0,0
12428,2025-11-28,GZB,GHAZIABAD,10.0,13
12428,2025-11-28,ALJN,ALIGARH JN,22.0,119
12428,2025-11-28,JJK,JHINJHAK,20.0,365
12428,2025-11-28,CNB,KANPUR CENTRAL,17.0,427
12428,2025-11-28,FTP,FATEHPUR,23.0,504
12428,2025-11-28,SRO,SIRATHU,26.0,564
12428,2025-11-28,PRYJ,PRAYAGRAJ JN,14.0,621
12428,2025-11-28,SRJ,SHANKARGARH,11.0,666
12428,2025-11-28,DBR,DABHAURA,11.0,699
12428,2025-11-28,MKP,MANIKPUR JN,0.0,721
12428,2025-11-28,JTW,JAITWAR,10.0,779
12428,2025-11-28,STA,SATNA,11.0,799
12428,2025-11-28,REWA,REWA,0.0,848
12428,2025-11-29,ANVT,ANAND VIHAR TRM,0.0,0
12428,2025-11-29,GZB,GHAZIABAD,10.0,13
12428,2025-11-29,ALJN,ALIGARH JN,31.0,119
12428,2025-11-29,JJK,JHINJHAK,22.0,365
12428,2025-11-29,CNB,KANPUR CENTRAL,31.0,427
12428,2025-11-29,FTP,FATEHPUR,41.0,504
12428,2025-11-29,SRO,SIRATHU,39.0,564
12428,2025-11-29,PRYJ,PRAYAGRAJ JN,21.0,621
12428,2025-11-29,SRJ,SHANKARGARH,16.0,666
12428,2025-11-29,DBR,DABHAURA,22.0,699
12428,2025-11-29,MKP,MANIKPUR JN,0.0,721
12428,2025-11-29,JTW,JAITWAR,8.0,779
12428,2025-11-29,STA,SATNA,7.0,799
12428,2025-11-29,REWA,REWA,-14.0,848
12428,2025-11-30,ANVT,ANAND VIHAR TRM,0.0,0
12428,2025-11-30,GZB,GHAZIABAD,2.0,13
12428,2025-11-30,ALJN,ALIGARH JN,8.0,119
12428,2025-11-30,JJK,JHINJHAK,13.0,365
12428,2025-11-30,CNB,KANPUR CENTRAL,13.0,427
12428,2025-11-30,FTP,FATEHPUR,30.0,504
12428,2025-11-30,SRO,SIRATHU,30.0,564
12428,2025-11-30,PRYJ,PRAYAGRAJ JN,12.0,621
12428,2025-11-30,SRJ,SHANKARGARH,6.0,666
12428,2025-11-30,DBR,DABHAURA,5.0,699
12428,2025-11-30,MKP,MANIKPUR JN,4.0,721
12428,2025-11-30,JTW,JAITWAR,10.0,779
12428,2025-11-30,STA,SATNA,10.0,799
12428,2025-11-30,REWA,REWA,-15.0,848
12428,2025-12-01,ANVT,ANAND VIHAR TRM,2.0,0
12428,2025-12-01,GZB,GHAZIABAD,1.0,13
12428,2025-12-01,ALJN,ALIGARH JN,6.0,119
12428,2025-12-01,JJK,JHINJHAK,2.0,365
12428,2025-12-01,CNB,KANPUR CENTRAL,1.0,427
12428,2025-12-01,FTP,FATEHPUR,16.0,504
12428,2025-12-01,SRO,SIRATHU,36.0,564
12428,2025-12-01,PRYJ,PRAYAGRAJ JN,22.0,621
12428,2025-12-01,SRJ,SHANKARGARH,25.0,666
12428,2025-12-01,DBR,DABHAURA,27.0,699
12428,2025-12-01,MKP,MANIKPUR JN,5.0,721
12428,2025-12-01,JTW,JAITWAR,31.0,779
12428,2025-12-01,STA,SATNA,33.0,799
12428,2025-12-01,REWA,REWA,11.0,848
12428,2025-12-02,ANVT,ANAND VIHAR TRM,0.0,0
12428,2025-12-02,GZB,GHAZIABAD,5.0,13
12428,2025-12-02,ALJN,ALIGARH JN,13.0,119
12428,2025-12-02,JJK,JHINJHAK,10.0,365
12428,2025-12-02,CNB,KANPUR CENTRAL,26.0,427
12428,2025-12-02,FTP,FATEHPUR,33.0,504
12428,2025-12-02,SRO,SIRATHU,35.0,564
12428,2025-12-02,PRYJ,PRAYAGRAJ JN,7.0,621
12428,2025-12-02,SRJ,SHANKARGARH,28.0,666
12428,2025-12-02,DBR,DABHAURA,26.0,699
12428,2025-12-02,MKP,MANIKPUR JN,0.0,721
12428,2025-12-02,JTW,JAITWAR,29.0,779
12428,2025-12-02,STA,SATNA,27.0,799
12428,2025-12-02,REWA,REWA,3.0,848
12428,2025-12-03,ANVT,ANAND VIHAR TRM,0.0,0
12428,2025-12-03,GZB,GHAZIABAD,5.0,13
12428,2025-12-03,ALJN,ALIGARH JN,15.0,119
12428,2025-12-03,JJK,JHINJHAK,8.0,365
12428,2025-12-03,CNB,KANPUR CENTRAL,16.0,427
12428,2025-12-03,FTP,FATEHPUR,22.0,504
12428,2025-12-03,SRO,SIRATHU,20.0,564
12428,2025-12-03,PRYJ,PRAYAGRAJ JN,2.0,621
12428,2025-12-03,SRJ,SHANKARGARH,0.0,666
12428,2025-12-03,DBR,DABHAURA,1.0,699
12428,2025-12-03,MKP,MANIKPUR JN,0.0,721
12428,2025-12-03,JTW,JAITWAR,15.0,779
12428,2025-12-03,STA,SATNA,15.0,799
12428,2025-12-03,REWA,REWA,-7.0,848
12428,2025-12-04,ANVT,ANAND VIHAR TRM,0.0,0
12428,2025-12-04,GZB,GHAZIABAD,5.0,13
12428,2025-12-04,ALJN,ALIGARH JN,14.0,119
12428,2025-12-04,JJK,JHINJHAK,5.0,365
12428,2025-12-04,CNB,KANPUR CENTRAL,5.0,427
12428,2025-12-04,FTP,FATEHPUR,16.0,504
12428,2025-12-04,SRO,SIRATHU,23.0,564
12428,2025-12-04,PRYJ,PRAYAGRAJ JN,14.0,621
12428,2025-12-04,SRJ,SHANKARGARH,7.0,666
12428,2025-12-04,DBR,DABHAURA,10.0,699
12428,2025-12-04,MKP,MANIKPUR JN,0.0,721
12428,2025-12-04,JTW,JAITWAR,15.0,779
12428,2025-12-04,STA,SATNA,16.0,799
12428,2025-12-04,REWA,REWA,-8.0,848
12428,2025-12-05,ANVT,ANAND VIHAR TRM,0.0,0
12428,2025-12-05,GZB,GHAZIABAD,11.0,13
12428,2025-12-05,ALJN,ALIGARH JN,26.0,119
12428,2025-12-05,JJK,JHINJHAK,13.0,365
12428,2025-12-05,CNB,KANPUR CENTRAL,8.0,427
12428,2025-12-05,FTP,FATEHPUR,20.0,504
12428,2025-12-05,SRO,SIRATHU,20.0,564
12428,2025-12-05,PRYJ,PRAYAGRAJ JN,3.0,621
12428,2025-12-05,SRJ,SHANKARGARH,3.0,666
12428,2025-12-05,DBR,DABHAURA,3.0,699
12428,2025-12-05,MKP,MANIKPUR JN,0.0,721
12428,2025-12-05,JTW,JAITWAR,22.0,779
12428,2025-12-05,STA,SATNA,20.0,799
12428,2025-12-05,REWA,REWA,-4.0,848
12428,2025-12-06,ANVT,ANAND VIHAR TRM,0.0,0
12428,2025-12-06,GZB,GHAZIABAD,2.0,13
12428,2025-12-06,ALJN,ALIGARH JN,9.0,119
12428,2025-12-06,JJK,JHINJHAK,7.0,365
12428,2025-12-06,CNB,KANPUR CENTRAL,1.0,427
12428,2025-12-06,FTP,FATEHPUR,22.0,504
12428,2025-12-06,SRO,SIRATHU,20.0,564
12428,2025-12-06,PRYJ,PRAYAGRAJ JN,4.0,621
12428,2025-12-06,SRJ,SHANKARGARH,0.0,666
12428,2025-12-06,DBR,DABHAURA,1.0,699
12428,2025-12-06,MKP,MANIKPUR JN,1.0,721
12428,2025-12-06,JTW,JAITWAR,7.0,779
12428,2025-12-06,STA,SATNA,7.0,799
12428,2025-12-06,REWA,REWA,-4.0,848
12428,2025-12-07,ANVT,ANAND VIHAR TRM,0.0,0
12428,2025-12-07,GZB,GHAZIABAD,7.0,13
12428,2025-12-07,ALJN,ALIGARH JN,17.0,119
12428,2025-12-07,JJK,JHINJHAK,19.0,365
12428,2025-12-07,CNB,KANPUR CENTRAL,16.0,427
12428,2025-12-07,FTP,FATEHPUR,25.0,504
12428,2025-12-07,SRO,SIRATHU,68.0,564
12428,2025-12-07,PRYJ,PRAYAGRAJ JN,43.0,621
12428,2025-12-07,SRJ,SHANKARGARH,25.0,666
12428,2025-12-07,DBR,DABHAURA,25.0,699
12428,2025-12-07,MKP,MANIKPUR JN,2.0,721
12428,2025-12-07,JTW,JAITWAR,8.0,779
12428,2025-12-07,STA,SATNA,0.0,799
12428,2025-12-07,REWA,REWA,-19.0,848
12428,2025-12-08,ANVT,ANAND VIHAR TRM,0.0,0
12428,2025-12-08,GZB,GHAZIABAD,2.0,13
12428,2025-12-08,ALJN,ALIGARH JN,20.0,119
12428,2025-12-08,JJK,JHINJHAK,12.0,365
12428,2025-12-08,CNB,KANPUR CENTRAL,20.0,427
12428,2025-12-08,FTP,FATEHPUR,28.0,504
12428,2025-12-08,SRO,SIRATHU,33.0,564
12428,2025-12-08,PRYJ,PRAYAGRAJ JN,16.0,621
12428,2025-12-08,SRJ,SHANKARGARH,15.0,666
12428,2025-12-08,DBR,DABHAURA,15.0,699
12428,2025-12-08,MKP,MANIKPUR JN,0.0,721
12428,2025-12-08,JTW,JAITWAR,5.0,779
12428,2025-12-08,STA,SATNA,0.0,799
12428,2025-12-08,REWA,REWA,-26.0,848
12428,2025-12-09,ANVT,ANAND VIHAR TRM,0.0,0
12428,2025-12-09,GZB,GHAZIABAD,3.0,13
12428,2025-12-09,ALJN,ALIGARH JN,24.0,119
12428,2025-12-09,JJK,JHINJHAK,42.0,365
12428,2025-12-09,CNB,KANPUR CENTRAL,63.0,427
12428,2025-12-09,FTP,FATEHPUR,69.0,504
12428,2025-12-09,SRO,SIRATHU,68.0,564
12428,2025-12-09,PRYJ,PRAYAGRAJ JN,39.0,621
12428,2025-12-09,SRJ,SHANKARGARH,22.0,666
12428,2025-12-09,DBR,DABHAURA,27.0,699
12428,2025-12-09,MKP,MANIKPUR JN,4.0,721
12428,2025-12-09,JTW,JAITWAR,6.0,779
12428,2025-12-09,STA,SATNA,36.0,799
12428,2025-12-09,REWA,REWA,8.0,848
12428,2025-12-10,ANVT,ANAND VIHAR TRM,0.0,0
12428,2025-12-10,GZB,GHAZIABAD,1.0,13
12428,2025-12-10,ALJN,ALIGARH JN,14.0,119
12428,2025-12-10,JJK,JHINJHAK,9.0,365
12428,2025-12-10,CNB,KANPUR CENTRAL,10.0,427
12428,2025-12-10,FTP,FATEHPUR,18.0,504
12428,2025-12-10,SRO,SIRATHU,21.0,564
12428,2025-12-10,PRYJ,PRAYAGRAJ JN,3.0,621
12428,2025-12-10,SRJ,SHANKARGARH,0.0,666
12428,2025-12-10,DBR,DABHAURA,0.0,699
12428,2025-12-10,MKP,MANIKPUR JN,0.0,721
12428,2025-12-10,JTW,JAITWAR,11.0,779
12428,2025-12-10,STA,SATNA,10.0,799
12428,2025-12-10,REWA,REWA,-9.0,848
12428,2025-12-11,ANVT,ANAND VIHAR TRM,6.0,0
12428,2025-12-11,GZB,GHAZIABAD,4.0,13
12428,2025-12-11,ALJN,ALIGARH JN,21.0,119
12428,2025-12-11,JJK,JHINJHAK,25.0,365
12428,2025-12-11,CNB,KANPUR CENTRAL,24.0,427
12428,2025-12-11,FTP,FATEHPUR,39.0,504
12428,2025-12-11,SRO,SIRATHU,41.0,564
12428,2025-12-11,PRYJ,PRAYAGRAJ JN,15.0,621
12428,2025-12-11,SRJ,SHANKARGARH,13.0,666
12428,2025-12-11,DBR,DABHAURA,11.0,699
12428,2025-12-11,MKP,MANIKPUR JN,0.0,721
12428,2025-12-11,JTW,JAITWAR,30.0,779
12428,2025-12-11,STA,SATNA,25.0,799
12428,2025-12-11,REWA,REWA,13.0,848
12428,2025-12-12,ANVT,ANAND VIHAR TRM,0.0,0
12428,2025-12-12,GZB,GHAZIABAD,4.0,13
12428,2025-12-12,ALJN,ALIGARH JN,12.0,119
12428,2025-12-12,JJK,JHINJHAK,23.0,365
12428,2025-12-12,CNB,KANPUR CENTRAL,30.0,427
12428,2025-12-12,FTP,FATEHPUR,99.0,504
12428,2025-12-12,SRO,SIRATHU,136.0,564
12428,2025-12-12,PRYJ,PRAYAGRAJ JN,120.0,621
12428,2025-12-12,SRJ,SHANKARGARH,114.0,666
12428,2025-12-12,DBR,DABHAURA,118.0,699
12428,2025-12-12,MKP,MANIKPUR JN,96.0,721
12428,2025-12-12,JTW,JAITWAR,128.0,779
12428,2025-12-12,STA,SATNA,133.0,799
12428,2025-12-12,REWA,REWA,91.0,848
12428,2025-12-13,ANVT,ANAND VIHAR TRM,1.0,0
12428,2025-12-13,GZB,GHAZIABAD,2.0,13
12428,2025-12-13,ALJN,ALIGARH JN,34.0,119
12428,2025-12-13,JJK,JHINJHAK,52.0,365
12428,2025-12-13,CNB,KANPUR CENTRAL,66.0,427
12428,2025-12-13,FTP,FATEHPUR,82.0,504
12428,2025-12-13,SRO,SIRATHU,105.0,564
12428,2025-12-13,PRYJ,PRAYAGRAJ JN,94.0,621
12428,2025-12-13,SRJ,SHANKARGARH,106.0,666
12428,2025-12-13,DBR,DABHAURA,119.0,699
12428,2025-12-13,MKP,MANIKPUR JN,99.0,721
12428,2025-12-13,JTW,JAITWAR,116.0,779
12428,2025-12-13,STA,SATNA,96.0,799
12428,2025-12-13,REWA,REWA,94.0,848
12428,2025-12-14,ANVT,ANAND VIHAR TRM,1.0,0
12428,2025-12-14,GZB,GHAZIABAD,4.0,13
12428,2025-12-14,ALJN,ALIGARH JN,93.0,119
12428,2025-12-14,JJK,JHINJHAK,274.0,365
12428,2025-12-14,CNB,KANPUR CENTRAL,318.0,427
12428,2025-12-14,FTP,FATEHPUR,334.0,504
12428,2025-12-14,SRO,SIRATHU,331.0,564
12428,2025-12-14,PRYJ,PRAYAGRAJ JN,301.0,621
12428,2025-12-14,SRJ,SHANKARGARH,325.0,666
12428,2025-12-14,DBR,DABHAURA,326.0,699
12428,2025-12-14,MKP,MANIKPUR JN,302.0,721
12428,2025-12-14,JTW,JAITWAR,310.0,779
12428,2025-12-14,STA,SATNA,314.0,799
12428,2025-12-14,REWA,REWA,284.0,848
12428,2025-12-15,ANVT,ANAND VIHAR TRM,2.0,0
12428,2025-12-15,GZB,GHAZIABAD,8.0,13
12428,2025-12-15,ALJN,ALIGARH JN,217.0,119
12428,2025-12-15,JJK,JHINJHAK,556.0,365
12428,2025-12-15,CNB,KANPUR CENTRAL,607.0,427
12428,2025-12-15,FTP,FATEHPUR,628.0,504
12428,2025-12-15,SRO,SIRATHU,630.0,564
12428,2025-12-15,PRYJ,PRAYAGRAJ JN,629.0,621
12428,2025-12-15,SRJ,SHANKARGARH,613.0,666
12428,2025-12-15,DBR,DABHAURA,612.0,699
12428,2025-12-15,MKP,MANIKPUR JN,583.0,721
12428,2025-12-15,JTW,JAITWAR,595.0,779
12428,2025-12-15,STA,SATNA,594.0,799
12428,2025-12-15,REWA,REWA,574.0,848
12428,2025-12-16,ANVT,ANAND VIHAR TRM,1.0,0
12428,2025-12-16,GZB,GHAZIABAD,4.0,13
12428,2025-12-16,ALJN,ALIGARH JN,8.0,119
12428,2025-12-16,JJK,JHINJHAK,26.0,365
12428,2025-12-16,CNB,KANPUR CENTRAL,27.0,427
12428,2025-12-16,FTP,FATEHPUR,52.0,504
12428,2025-12-16,SRO,SIRATHU,53.0,564
12428,2025-12-16,PRYJ,PRAYAGRAJ JN,24.0,621
12428,2025-12-16,SRJ,SHANKARGARH,20.0,666
12428,2025-12-16,DBR,DABHAURA,25.0,699
12428,2025-12-16,MKP,MANIKPUR JN,0.0,721
12428,2025-12-16,JTW,JAITWAR,34.0,779
12428,2025-12-16,STA,SATNA,36.0,799
12428,2025-12-16,REWA,REWA,13.0,848
12428,2025-12-17,ANVT,ANAND VIHAR TRM,0.0,0
12428,2025-12-17,GZB,GHAZIABAD,17.0,13
12428,2025-12-17,ALJN,ALIGARH JN,106.0,119
12428,2025-12-17,JJK,JHINJHAK,178.0,365
12428,2025-12-17,CNB,KANPUR CENTRAL,178.0,427
12428,2025-12-17,FTP,FATEHPUR,204.0,504
12428,2025-12-17,SRO,SIRATHU,231.0,564
12428,2025-12-17,PRYJ,PRAYAGRAJ JN,246.0,621
12428,2025-12-17,SRJ,SHANKARGARH,266.0,666
12428,2025-12-17,DBR,DABHAURA,267.0,699
12428,2025-12-17,MKP,MANIKPUR JN,243.0,721
12428,2025-12-17,JTW,JAITWAR,267.0,779
12428,2025-12-17,STA,SATNA,257.0,799
12428,2025-12-17,REWA,REWA,237.0,848
12428,2025-12-18,ANVT,ANAND VIHAR TRM,0.0,0
12428,2025-12-18,GZB,GHAZIABAD,1.0,13
12428,2025-12-18,ALJN,ALIGARH JN,181.0,119
12428,2025-12-18,JJK,JHINJHAK,231.0,365
12428,2025-12-18,CNB,KANPUR CENTRAL,236.0,427
12428,2025-12-18,FTP,FATEHPUR,253.0,504
12428,2025-12-18,SRO,SIRATHU,256.0,564
12428,2025-12-18,PRYJ,PRAYAGRAJ JN,233.0,621
12428,2025-12-18,SRJ,SHANKARGARH,218.0,666
12428,2025-12-18,DBR,DABHAURA,218.0,699
12428,2025-12-18,MKP,MANIKPUR JN,189.0,721
12428,2025-12-18,JTW,JAITWAR,217.0,779
12428,2025-12-18,STA,SATNA,205.0,799
12428,2025-12-18,REWA,REWA,183.0,848
12428,2025-12-19,ANVT,ANAND VIHAR TRM,0.0,0
12428,2025-12-19,GZB,GHAZIABAD,11.0,13
12428,2025-12-19,ALJN,ALIGARH JN,186.0,119
12428,2025-12-19,JJK,JHINJHAK,359.0,365
12428,2025-12-19,CNB,KANPUR CENTRAL,410.0,427
12428,2025-12-19,FTP,FATEHPUR,439.0,504
12428,2025-12-19,SRO,SIRATHU,463.0,564
12428,2025-12-19,PRYJ,PRAYAGRAJ JN,438.0,621
12428,2025-12-19,SRJ,SHANKARGARH,464.0,666
12428,2025-12-19,DBR,DABHAURA,494.0,699
12428,2025-12-19,MKP,MANIKPUR JN,469.0,721
12428,2025-12-19,JTW,JAITWAR,490.0,779
12428,2025-12-19,STA,SATNA,469.0,799
12428,2025-12-19,REWA,REWA,455.0,848
12428,2025-12-20,ANVT,ANAND VIHAR TRM,0.0,0
12428,2025-12-20,GZB,GHAZIABAD,5.0,13
12428,2025-12-20,ALJN,ALIGARH JN,10.0,119
12428,2025-12-20,JJK,JHINJHAK,188.0,365
12428,2025-12-20,CNB,KANPUR CENTRAL,262.0,427
12428,2025-12-20,FTP,FATEHPUR,282.0,504
12428,2025-12-20,SRO,SIRATHU,290.0,564
12428,2025-12-20,PRYJ,PRAYAGRAJ JN,305.0,621
12428,2025-12-20,SRJ,SHANKARGARH,296.0,666
12428,2025-12-20,DBR,DABHAURA,300.0,699
12428,2025-12-20,MKP,MANIKPUR JN,281.0,721
12428,2025-12-20,JTW,JAITWAR,296.0,779
12428,2025-12-20,STA,SATNA,288.0,799
12428,2025-12-20,REWA,REWA,284.0,848
12428,2025-12-21,ANVT,ANAND VIHAR TRM,53.0,0
12428,2025-12-21,GZB,GHAZIABAD,142.0,13
12428,2025-12-21,ALJN,ALIGARH JN,209.0,119
12428,2025-12-21,JJK,JHINJHAK,432.0,365
12428,2025-12-21,CNB,KANPUR CENTRAL,509.0,427
12428,2025-12-21,FTP,FATEHPUR,524.0,504
12428,2025-12-21,SRO,SIRATHU,523.0,564
12428,2025-12-21,PRYJ,PRAYAGRAJ JN,540.0,621
12428,2025-12-21,SRJ,SHANKARGARH,532.0,666
12428,2025-12-21,DBR,DABHAURA,531.0,699
12428,2025-12-21,MKP,MANIKPUR JN,508.0,721
12428,2025-12-21,JTW,JAITWAR,545.0,779
12428,2025-12-21,STA,SATNA,536.0,799
12428,2025-12-21,REWA,REWA,499.0,848
12428,2025-12-22,ANVT,ANAND VIHAR TRM,0.0,0
12428,2025-12-22,GZB,GHAZIABAD,16.0,13
12428,2025-12-22,ALJN,ALIGARH JN,80.0,119
12428,2025-12-22,JJK,JHINJHAK,334.0,365
12428,2025-12-22,CNB,KANPUR CENTRAL,386.0,427
12428,2025-12-22,FTP,FATEHPUR,422.0,504
12428,2025-12-22,SRO,SIRATHU,426.0,564
12428,2025-12-22,PRYJ,PRAYAGRAJ JN,401.0,621
12428,2025-12-22,SRJ,SHANKARGARH,442.0,666
12428,2025-12-22,DBR,DABHAURA,458.0,699
12428,2025-12-22,MKP,MANIKPUR JN,430.0,721
12428,2025-12-22,JTW,JAITWAR,439.0,779
12428,2025-12-22,STA,SATNA,438.0,799
12428,2025-12-22,REWA,REWA,409.0,848
12428,2025-12-23,ANVT,ANAND VIHAR TRM,224.0,0
12428,2025-12-23,GZB,GHAZIABAD,232.0,13
12428,2025-12-23,ALJN,ALIGARH JN,254.0,119
12428,2025-12-23,JJK,JHINJHAK,305.0,365
12428,2025-12-23,CNB,KANPUR CENTRAL,393.0,427
12428,2025-12-23,FTP,FATEHPUR,412.0,504
12428,2025-12-23,SRO,SIRATHU,421.0,564
12428,2025-12-23,PRYJ,PRAYAGRAJ JN,458.0,621
12428,2025-12-23,SRJ,SHANKARGARH,483.0,666
12428,2025-12-23,DBR,DABHAURA,486.0,699
12428,2025-12-23,MKP,MANIKPUR JN,467.0,721
12428,2025-12-23,JTW,JAITWAR,482.0,779
12428,2025-12-23,STA,SATNA,490.0,799
12428,2025-12-23,REWA,REWA,462.0,848
12428,2025-12-24,ANVT,ANAND VIHAR TRM,147.0,0
12428,2025-12-24,GZB,GHAZIABAD,164.0,13
12428,2025-12-24,ALJN,ALIGARH JN,175.0,119
12428,2025-12-24,JJK,JHINJHAK,365.0,365
12428,2025-12-24,CNB,KANPUR CENTRAL,460.0,427
12428,2025-12-24,FTP,FATEHPUR,489.0,504
12428,2025-12-24,SRO,SIRATHU,494.0,564
12428,2025-12-24,PRYJ,PRAYAGRAJ JN,516.0,621
12428,2025-12-24,SRJ,SHANKARGARH,505.0,666
12428,2025-12-24,DBR,DABHAURA,517.0,699
12428,2025-12-24,MKP,MANIKPUR JN,490.0,721
12428,2025-12-24,JTW,JAITWAR,505.0,779
12428,2025-12-24,STA,SATNA,515.0,799
12428,2025-12-24,REWA,REWA,485.0,848
12428,2025-12-25,ANVT,ANAND VIHAR TRM,125.0,0
12428,2025-12-25,GZB,GHAZIABAD,139.0,13
12428,2025-12-25,ALJN,ALIGARH JN,285.0,119
12428,2025-12-25,JJK,JHINJHAK,581.0,365
12428,2025-12-25,CNB,KANPUR CENTRAL,628.0,427
12428,2025-12-25,FTP,FATEHPUR,654.0,504
12428,2025-12-25,SRO,SIRATHU,656.0,564
12428,2025-12-25,PRYJ,PRAYAGRAJ JN,673.0,621
12428,2025-12-25,SRJ,SHANKARGARH,689.0,666
12428,2025-12-25,DBR,DABHAURA,693.0,699
12428,2025-12-25,MKP,MANIKPUR JN,666.0,721
12428,2025-12-25,JTW,JAITWAR,683.0,779
12428,2025-12-25,STA,SATNA,672.0,799
12428,2025-12-25,REWA,REWA,635.0,848
12428,2025-12-26,ANVT,ANAND VIHAR TRM,176.0,0
12428,2025-12-26,GZB,GHAZIABAD,199.0,13
12428,2025-12-26,ALJN,ALIGARH JN,330.0,119
12428,2025-12-26,JJK,JHINJHAK,597.0,365
12428,2025-12-26,CNB,KANPUR CENTRAL,611.0,427
12428,2025-12-26,FTP,FATEHPUR,663.0,504
12428,2025-12-26,SRO,SIRATHU,664.0,564
12428,2025-12-26,PRYJ,PRAYAGRAJ JN,638.0,621
12428,2025-12-26,SRJ,SHANKARGARH,628.0,666
12428,2025-12-26,DBR,DABHAURA,626.0,699
12428,2025-12-26,MKP,MANIKPUR JN,597.0,721
12428,2025-12-26,JTW,JAITWAR,616.0,779
12428,2025-12-26,STA,SATNA,621.0,799
12428,2025-12-26,REWA,REWA,590.0,848
12428,2025-12-27,ANVT,ANAND VIHAR TRM,304.0,0
12428,2025-12-27,GZB,GHAZIABAD,319.0,13
12428,2025-12-27,ALJN,ALIGARH JN,514.0,119
12428,2025-12-27,JJK,JHINJHAK,652.0,365
12428,2025-12-27,CNB,KANPUR CENTRAL,677.0,427
12428,2025-12-27,FTP,FATEHPUR,683.0,504
12428,2025-12-27,SRO,SIRATHU,687.0,564
12428,2025-12-27,PRYJ,PRAYAGRAJ JN,659.0,621
12428,2025-12-27,SRJ,SHANKARGARH,647.0,666
12428,2025-12-27,DBR,DABHAURA,646.0,699
12428,2025-12-27,MKP,MANIKPUR JN,619.0,721
12428,2025-12-27,JTW,JAITWAR,629.0,779
12428,2025-12-27,STA,SATNA,617.0,799
12428,2025-12-27,REWA,REWA,610.0,848
12428,2025-12-28,ANVT,ANAND VIHAR TRM,2.0,0
12428,2025-12-28,GZB,GHAZIABAD,4.0,13
12428,2025-12-28,ALJN,ALIGARH JN,165.0,119
12428,2025-12-28,JJK,JHINJHAK,254.0,365
12428,2025-12-28,CNB,KANPUR CENTRAL,268.0,427
12428,2025-12-28,FTP,FATEHPUR,275.0,504
12428,2025-12-28,SRO,SIRATHU,276.0,564
12428,2025-12-28,PRYJ,PRAYAGRAJ JN,262.0,621
12428,2025-12-28,SRJ,SHANKARGARH,275.0,666
12428,2025-12-28,DBR,DABHAURA,283.0,699
12428,2025-12-28,MKP,MANIKPUR JN,275.0,721
12428,2025-12-28,JTW,JAITWAR,350.0,779
12428,2025-12-28,STA,SATNA,433.0,799
12428,2025-12-28,REWA,REWA,427.0,848
12428,2025-12-29,ANVT,ANAND VIHAR TRM,0.0,0
12428,2025-12-29,GZB,GHAZIABAD,7.0,13
12428,2025-12-29,ALJN,ALIGARH JN,161.0,119
12428,2025-12-29,JJK,JHINJHAK,364.0,365
12428,2025-12-29,CNB,KANPUR CENTRAL,396.0,427
12428,2025-12-29,FTP,FATEHPUR,423.0,504
12428,2025-12-29,SRO,SIRATHU,421.0,564
12428,2025-12-29,PRYJ,PRAYAGRAJ JN,391.0,621
12428,2025-12-29,SRJ,SHANKARGARH,400.0,666
12428,2025-12-29,DBR,DABHAURA,473.0,699
12428,2025-12-29,MKP,MANIKPUR JN,445.0,721
12428,2025-12-29,JTW,JAITWAR,469.0,779
12428,2025-12-29,STA,SATNA,458.0,799
12428,2025-12-29,REWA,REWA,437.0,848
12428,2025-12-30,ANVT,ANAND VIHAR TRM,0.0,0
12428,2025-12-30,GZB,GHAZIABAD,5.0,13
12428,2025-12-30,ALJN,ALIGARH JN,152.0,119
12428,2025-12-30,JJK,JHINJHAK,384.0,365
12428,2025-12-30,CNB,KANPUR CENTRAL,441.0,427
12428,2025-12-30,FTP,FATEHPUR,467.0,504
12428,2025-12-30,SRO,SIRATHU,469.0,564
12428,2025-12-30,PRYJ,PRAYAGRAJ JN,439.0,621
12428,2025-12-30,SRJ,SHANKARGARH,459.0,666
12428,2025-12-30,DBR,DABHAURA,459.0,699
12428,2025-12-30,MKP,MANIKPUR JN,437.0,721
12428,2025-12-30,JTW,JAITWAR,460.0,779
12428,2025-12-30,STA,SATNA,454.0,799
12428,2025-12-30,REWA,REWA,429.0,848
12428,2025-12-31,ANVT,ANAND VIHAR TRM,4.0,0
12428,2025-12-31,GZB,GHAZIABAD,8.0,13
12428,2025-12-31,ALJN,ALIGARH JN,43.0,119
12428,2025-12-31,JJK,JHINJHAK,241.0,365
12428,2025-12-31,CNB,KANPUR CENTRAL,309.0,427
12428,2025-12-31,FTP,FATEHPUR,366.0,504
12428,2025-12-31,SRO,SIRATHU,396.0,564
12428,2025-12-31,PRYJ,PRAYAGRAJ JN,404.0,621
12428,2025-12-31,SRJ,SHANKARGARH,403.0,666
12428,2025-12-31,DBR,DABHAURA,428.0,699
12428,2025-12-31,MKP,MANIKPUR JN,406.0,721
12428,2025-12-31,JTW,JAITWAR,412.0,779
12428,2025-12-31,STA,SATNA,411.0,799
12428,2025-12-31,REWA,REWA,391.0,848
12428,2026-01-01,ANVT,ANAND VIHAR TRM,0.0,0
12428,2026-01-01,GZB,GHAZIABAD,3.0,13
12428,2026-01-01,ALJN,ALIGARH JN,38.0,119
12428,2026-01-01,JJK,JHINJHAK,193.0,365
12428,2026-01-01,CNB,KANPUR CENTRAL,234.0,427
12428,2026-01-01,FTP,FATEHPUR,330.0,504
12428,2026-01-01,SRO,SIRATHU,371.0,564
12428,2026-01-01,PRYJ,PRAYAGRAJ JN,341.0,621
12428,2026-01-01,SRJ,SHANKARGARH,344.0,666
12428,2026-01-01,DBR,DABHAURA,343.0,699
12428,2026-01-01,MKP,MANIKPUR JN,323.0,721
12428,2026-01-01,JTW,JAITWAR,342.0,779
12428,2026-01-01,STA,SATNA,339.0,799
12428,2026-01-01,REWA,REWA,322.0,848
12428,2026-01-02,ANVT,ANAND VIHAR TRM,1.0,0
12428,2026-01-02,GZB,GHAZIABAD,0.0,13
12428,2026-01-02,ALJN,ALIGARH JN,18.0,119
12428,2026-01-02,JJK,JHINJHAK,87.0,365
12428,2026-01-02,CNB,KANPUR CENTRAL,124.0,427
12428,2026-01-02,FTP,FATEHPUR,141.0,504
12428,2026-01-02,SRO,SIRATHU,138.0,564
12428,2026-01-02,PRYJ,PRAYAGRAJ JN,110.0,621
12428,2026-01-02,SRJ,SHANKARGARH,124.0,666
12428,2026-01-02,DBR,DABHAURA,123.0,699
12428,2026-01-02,MKP,MANIKPUR JN,113.0,721
12428,2026-01-02,JTW,JAITWAR,127.0,779
12428,2026-01-02,STA,SATNA,124.0,799
12428,2026-01-02,REWA,REWA,92.0,848
12428,2026-01-03,ANVT,ANAND VIHAR TRM,0.0,0
12428,2026-01-03,GZB,GHAZIABAD,6.0,13
12428,2026-01-03,ALJN,ALIGARH JN,20.0,119
12428,2026-01-03,JJK,JHINJHAK,98.0,365
12428,2026-01-03,CNB,KANPUR CENTRAL,151.0,427
12428,2026-01-03,FTP,FATEHPUR,200.0,504
12428,2026-01-03,SRO,SIRATHU,206.0,564
12428,2026-01-03,PRYJ,PRAYAGRAJ JN,170.0,621
12428,2026-01-03,SRJ,SHANKARGARH,160.0,666
12428,2026-01-03,DBR,DABHAURA,158.0,699
12428,2026-01-03,MKP,MANIKPUR JN,133.0,721
12428,2026-01-03,JTW,JAITWAR,149.0,779
12428,2026-01-03,STA,SATNA,138.0,799
12428,2026-01-03,REWA,REWA,118.0,848
12428,2026-01-04,ANVT,ANAND VIHAR TRM,0.0,0
12428,2026-01-04,GZB,GHAZIABAD,29.0,13
12428,2026-01-04,ALJN,ALIGARH JN,42.0,119
12428,2026-01-04,JJK,JHINJHAK,43.0,365
12428,2026-01-04,CNB,KANPUR CENTRAL,40.0,427
12428,2026-01-04,FTP,FATEHPUR,46.0,504
12428,2026-01-04,SRO,SIRATHU,60.0,564
12428,2026-01-04,PRYJ,PRAYAGRAJ JN,28.0,621
12428,2026-01-04,SRJ,SHANKARGARH,14.0,666
12428,2026-01-04,DBR,DABHAURA,12.0,699
12428,2026-01-04,MKP,MANIKPUR JN,0.0,721
12428,2026-01-04,JTW,JAITWAR,0.0,779
12428,2026-01-04,STA,SATNA,3.0,799
12428,2026-01-04,REWA,REWA,-17.0,848
12428,2026-01-05,ANVT,ANAND VIHAR TRM,0.0,0
12428,2026-01-05,GZB,GHAZIABAD,9.0,13
12428,2026-01-05,ALJN,ALIGARH JN,27.0,119
12428,2026-01-05,JJK,JHINJHAK,190.0,365
12428,2026-01-05,CNB,KANPUR CENTRAL,238.0,427
12428,2026-01-05,FTP,FATEHPUR,347.0,504
12428,2026-01-05,SRO,SIRATHU,366.0,564
12428,2026-01-05,PRYJ,PRAYAGRAJ JN,355.0,621
12428,2026-01-05,SRJ,SHANKARGARH,354.0,666
12428,2026-01-05,DBR,DABHAURA,370.0,699
12428,2026-01-05,MKP,MANIKPUR JN,347.0,721
12428,2026-01-05,JTW,JAITWAR,351.0,779
12428,2026-01-05,STA,SATNA,350.0,799
12428,2026-01-05,REWA,REWA,329.0,848
12428,2026-01-06,ANVT,ANAND VIHAR TRM,0.0,0
12428,2026-01-06,GZB,GHAZIABAD,6.0,13
12428,2026-01-06,ALJN,ALIGARH JN,159.0,119
12428,2026-01-06,JJK,JHINJHAK,225.0,365
12428,2026-01-06,CNB,KANPUR CENTRAL,252.0,427
12428,2026-01-06,FTP,FATEHPUR,268.0,504
12428,2026-01-06,SRO,SIRATHU,273.0,564
12428,2026-01-06,PRYJ,PRAYAGRAJ JN,256.0,621
12428,2026-01-06,SRJ,SHANKARGARH,246.0,666
12428,2026-01-06,DBR,DABHAURA,245.0,699
12428,2026-01-06,MKP,MANIKPUR JN,230.0,721
12428,2026-01-06,JTW,JAITWAR,264.0,779
12428,2026-01-06,STA,SATNA,260.0,799
12428,2026-01-06,REWA,REWA,218.0,848
12428,2026-01-07,ANVT,ANAND VIHAR TRM,3.0,0
12428,2026-01-07,GZB,GHAZIABAD,10.0,13
12428,2026-01-07,ALJN,ALIGARH JN,114.0,119
12428,2026-01-07,JJK,JHINJHAK,325.0,365
12428,2026-01-07,CNB,KANPUR CENTRAL,355.0,427
12428,2026-01-07,FTP,FATEHPUR,381.0,504
12428,2026-01-07,SRO,SIRATHU,389.0,564
12428,2026-01-07,PRYJ,PRAYAGRAJ JN,467.0,621
12428,2026-01-07,SRJ,SHANKARGARH,468.0,666
12428,2026-01-07,DBR,DABHAURA,467.0,699
12428,2026-01-07,MKP,MANIKPUR JN,452.0,721
12428,2026-01-07,JTW,JAITWAR,473.0,779
12428,2026-01-07,STA,SATNA,470.0,799
12428,2026-01-07,REWA,REWA,466.0,848
12428,2026-01-08,ANVT,ANAND VIHAR TRM,1.0,0
12428,2026-01-08,GZB,GHAZIABAD,3.0,13
12428,2026-01-08,ALJN,ALIGARH JN,40.0,119
12428,2026-01-08,JJK,JHINJHAK,271.0,365
12428,2026-01-08,CNB,KANPUR CENTRAL,273.0,427
12428,2026-01-08,FTP,FATEHPUR,333.0,504
12428,2026-01-08,SRO,SIRATHU,336.0,564
12428,2026-01-08,PRYJ,PRAYAGRAJ JN,314.0,621
12428,2026-01-08,SRJ,SHANKARGARH,309.0,666
12428,2026-01-08,DBR,DABHAURA,317.0,699
12428,2026-01-08,MKP,MANIKPUR JN,294.0,721
12428,2026-01-08,JTW,JAITWAR,350.0,779
12428,2026-01-08,STA,SATNA,372.0,799
12428,2026-01-08,REWA,REWA,356.0,848
12428,2026-01-09,ANVT,ANAND VIHAR TRM,102.0,0
12428,2026-01-09,GZB,GHAZIABAD,129.0,13
12428,2026-01-09,ALJN,ALIGARH JN,171.0,119
12428,2026-01-09,JJK,JHINJHAK,271.0,365
12428,2026-01-09,CNB,KANPUR CENTRAL,283.0,427
12428,2026-01-09,FTP,FATEHPUR,355.0,504
12428,2026-01-09,SRO,SIRATHU,355.0,564
12428,2026-01-09,PRYJ,PRAYAGRAJ JN,342.0,621
12428,2026-01-09,SRJ,SHANKARGARH,331.0,666
12428,2026-01-09,DBR,DABHAURA,335.0,699
12428,2026-01-09,MKP,MANIKPUR JN,322.0,721
12428,2026-01-09,JTW,JAITWAR,354.0,779
12428,2026-01-09,STA,SATNA,375.0,799
12428,2026-01-09,REWA,REWA,352.0,848
12428,2026-01-10,ANVT,ANAND VIHAR TRM,1.0,0
12428,2026-01-10,GZB,GHAZIABAD,16.0,13
12428,2026-01-10,ALJN,ALIGARH JN,34.0,119
12428,2026-01-10,JJK,JHINJHAK,28.0,365
12428,2026-01-10,CNB,KANPUR CENTRAL,21.0,427
12428,2026-01-10,FTP,FATEHPUR,37.0,504
12428,2026-01-10,SRO,SIRATHU,40.0,564
12428,2026-01-10,PRYJ,PRAYAGRAJ JN,20.0,621
12428,2026-01-10,SRJ,SHANKARGARH,14.0,666
12428,2026-01-10,DBR,DABHAURA,17.0,699
12428,2026-01-10,MKP,MANIKPUR JN,5.0,721
12428,2026-01-10,JTW,JAITWAR,24.0,779
12428,2026-01-10,STA,SATNA,27.0,799
12428,2026-01-10,REWA,REWA,3.0,848
12428,2026-01-11,ANVT,ANAND VIHAR TRM,0.0,0
12428,2026-01-11,GZB,GHAZIABAD,3.0,13
12428,2026-01-11,ALJN,ALIGARH JN,6.0,119
12428,2026-01-11,JJK,JHINJHAK,6.0,365
12428,2026-01-11,CNB,KANPUR CENTRAL,0.0,427
12428,2026-01-11,FTP,FATEHPUR,26.0,504
12428,2026-01-11,SRO,SIRATHU,35.0,564
12428,2026-01-11,PRYJ,PRAYAGRAJ JN,10.0,621
12428,2026-01-11,SRJ,SHANKARGARH,10.0,666
12428,2026-01-11,DBR,DABHAURA,15.0,699
12428,2026-01-11,MKP,MANIKPUR JN,1.0,721
12428,2026-01-11,JTW,JAITWAR,12.0,779
12428,2026-01-11,STA,SATNA,11.0,799
12428,2026-01-11,REWA,REWA,-15.0,848
12428,2026-01-12,ANVT,ANAND VIHAR TRM,1.0,0
12428,2026-01-12,GZB,GHAZIABAD,3.0,13
12428,2026-01-12,ALJN,ALIGARH JN,20.0,119
12428,2026-01-12,JJK,JHINJHAK,16.0,365
12428,2026-01-12,CNB,KANPUR CENTRAL,26.0,427
12428,2026-01-12,FTP,FATEHPUR,37.0,504
12428,2026-01-12,SRO,SIRATHU,37.0,564
12428,2026-01-12,PRYJ,PRAYAGRAJ JN,5.0,621
12428,2026-01-12,SRJ,SHANKARGARH,5.0,666
12428,2026-01-12,DBR,DABHAURA,6.0,699
12428,2026-01-12,MKP,MANIKPUR JN,0.0,721
12428,2026-01-12,JTW,JAITWAR,6.0,779
12428,2026-01-12,STA,SATNA,7.0,799
12428,2026-01-12,REWA,REWA,-19.0,848
12428,2026-01-13,ANVT,ANAND VIHAR TRM,1.0,0
12428,2026-01-13,GZB,GHAZIABAD,13.0,13
12428,2026-01-13,ALJN,ALIGARH JN,33.0,119
12428,2026-01-13,JJK,JHINJHAK,41.0,365
12428,2026-01-13,CNB,KANPUR CENTRAL,40.0,427
12428,2026-01-13,FTP,FATEHPUR,63.0,504
12428,2026-01-13,SRO,SIRATHU,67.0,564
12428,2026-01-13,PRYJ,PRAYAGRAJ JN,33.0,621
12428,2026-01-13,SRJ,SHANKARGARH,15.0,666
12428,2026-01-13,DBR,DABHAURA,16.0,699
12428,2026-01-13,MKP,MANIKPUR JN,5.0,721
12428,2026-01-13,JTW,JAITWAR,12.0,779
12428,2026-01-13,STA,SATNA,10.0,799
12428,2026-01-13,REWA,REWA,-16.0,848
12428,2026-01-14,ANVT,ANAND VIHAR TRM,0.0,0
12428,2026-01-14,GZB,GHAZIABAD,5.0,13
12428,2026-01-14,ALJN,ALIGARH JN,17.0,119
12428,2026-01-14,JJK,JHINJHAK,26.0,365
12428,2026-01-14,CNB,KANPUR CENTRAL,34.0,427
12428,2026-01-14,FTP,FATEHPUR,50.0,504
12428,2026-01-14,SRO,SIRATHU,57.0,564
12428,2026-01-14,PRYJ,PRAYAGRAJ JN,54.0,621
12428,2026-01-14,SRJ,SHANKARGARH,54.0,666
12428,2026-01-14,DBR,DABHAURA,63.0,699
12428,2026-01-14,MKP,MANIKPUR JN,45.0,721
12428,2026-01-14,JTW,JAITWAR,61.0,779
12428,2026-01-14,STA,SATNA,67.0,799
12428,2026-01-14,REWA,REWA,47.0,848
12428,2026-01-15,ANVT,ANAND VIHAR TRM,0.0,0
12428,2026-01-15,GZB,GHAZIABAD,4.0,13
12428,2026-01-15,ALJN,ALIGARH JN,19.0,119
12428,2026-01-15,JJK,JHINJHAK,31.0,365
12428,2026-01-15,CNB,KANPUR CENTRAL,52.0,427
12428,2026-01-15,FTP,FATEHPUR,70.0,504
12428,2026-01-15,SRO,SIRATHU,75.0,564
12428,2026-01-15,PRYJ,PRAYAGRAJ JN,48.0,621
12428,2026-01-15,SRJ,SHANKARGARH,34.0,666
12428,2026-01-15,DBR,DABHAURA,33.0,699
12428,2026-01-15,MKP,MANIKPUR JN,10.0,721
12428,2026-01-15,JTW,JAITWAR,17.0,779
12428,2026-01-15,STA,SATNA,15.0,799
12428,2026-01-15,REWA,REWA,-13.0,848
12428,2026-01-16,ANVT,ANAND VIHAR TRM,2.0,0
12428,2026-01-16,GZB,GHAZIABAD,6.0,13
12428,2026-01-16,ALJN,ALIGARH JN,73.0,119
12428,2026-01-16,JJK,JHINJHAK,296.0,365
12428,2026-01-16,CNB,KANPUR CENTRAL,320.0,427
12428,2026-01-16,FTP,FATEHPUR,359.0,504
12428,2026-01-16,SRO,SIRATHU,365.0,564
12428,2026-01-16,PRYJ,PRAYAGRAJ JN,356.0,621
12428,2026-01-16,SRJ,SHANKARGARH,340.0,666
12428,2026-01-16,DBR,DABHAURA,361.0,699
12428,2026-01-16,MKP,MANIKPUR JN,355.0,721
12428,2026-01-16,JTW,JAITWAR,372.0,779
12428,2026-01-16,STA,SATNA,365.0,799
12428,2026-01-16,REWA,REWA,341.0,848
12428,2026-01-17,ANVT,ANAND VIHAR TRM,0.0,0
12428,2026-01-17,GZB,GHAZIABAD,5.0,13
12428,2026-01-17,ALJN,ALIGARH JN,61.0,119
12428,2026-01-17,JJK,JHINJHAK,192.0,365
12428,2026-01-17,CNB,KANPUR CENTRAL,233.0,427
12428,2026-01-17,FTP,FATEHPUR,274.0,504
12428,2026-01-17,SRO,SIRATHU,270.0,564
12428,2026-01-17,PRYJ,PRAYAGRAJ JN,265.0,621
12428,2026-01-17,SRJ,SHANKARGARH,266.0,666
12428,2026-01-17,DBR,DABHAURA,263.0,699
12428,2026-01-17,MKP,MANIKPUR JN,243.0,721
12428,2026-01-17,JTW,JAITWAR,241.0,779
12428,2026-01-17,STA,SATNA,217.0,799
12428,2026-01-17,REWA,REWA,215.0,848
12428,2026-01-18,ANVT,ANAND VIHAR TRM,6.0,0
12428,2026-01-18,GZB,GHAZIABAD,9.0,13
12428,2026-01-18,ALJN,ALIGARH JN,23.0,119
12428,2026-01-18,JJK,JHINJHAK,50.0,365
12428,2026-01-18,CNB,KANPUR CENTRAL,50.0,427
12428,2026-01-18,FTP,FATEHPUR,54.0,504
12428,2026-01-18,SRO,SIRATHU,54.0,564
12428,2026-01-18,PRYJ,PRAYAGRAJ JN,36.0,621
12428,2026-01-18,SRJ,SHANKARGARH,37.0,666
12428,2026-01-18,DBR,DABHAURA,44.0,699
12428,2026-01-18,MKP,MANIKPUR JN,24.0,721
12428,2026-01-18,JTW,JAITWAR,31.0,779
12428,2026-01-18,STA,SATNA,21.0,799
12428,2026-01-18,REWA,REWA,0.0,848
12428,2026-01-19,ANVT,ANAND VIHAR TRM,0.0,0
12428,2026-01-19,GZB,GHAZIABAD,6.0,13
12428,2026-01-19,ALJN,ALIGARH JN,27.0,119
12428,2026-01-19,JJK,JHINJHAK,33.0,365
12428,2026-01-19,CNB,KANPUR CENTRAL,38.0,427
12428,2026-01-19,FTP,FATEHPUR,43.0,504
12428,2026-01-19,SRO,SIRATHU,41.0,564
12428,2026-01-19,PRYJ,PRAYAGRAJ JN,36.0,621
12428,2026-01-19,SRJ,SHANKARGARH,32.0,666
12428,2026-01-19,DBR,DABHAURA,32.0,699
12428,2026-01-19,MKP,MANIKPUR JN,12.0,721
12428,2026-01-19,JTW,JAITWAR,23.0,779
12428,2026-01-19,STA,SATNA,18.0,799
12428,2026-01-19,REWA,REWA,-5.0,848
12428,2026-01-20,ANVT,ANAND VIHAR TRM,2.0,0
12428,2026-01-20,GZB,GHAZIABAD,7.0,13
12428,2026-01-20,ALJN,ALIGARH JN,20.0,119
12428,2026-01-20,JJK,JHINJHAK,28.0,365
12428,2026-01-20,CNB,KANPUR CENTRAL,29.0,427
12428,2026-01-20,FTP,FATEHPUR,35.0,504
12428,2026-01-20,SRO,SIRATHU,31.0,564
12428,2026-01-20,PRYJ,PRAYAGRAJ JN,18.0,621
12428,2026-01-20,SRJ,SHANKARGARH,3.0,666
12428,2026-01-20,DBR,DABHAURA,7.0,699
12428,2026-01-20,MKP,MANIKPUR JN,0.0,721
12428,2026-01-20,JTW,JAITWAR,4.0,779
12428,2026-01-20,STA,SATNA,1.0,799
12428,2026-01-20,REWA,REWA,-22.0,848
12428,2026-01-21,ANVT,ANAND VIHAR TRM,0.0,0
12428,2026-01-21,GZB,GHAZIABAD,3.0,13
12428,2026-01-21,ALJN,ALIGARH JN,6.0,119
12428,2026-01-21,JJK,JHINJHAK,6.0,365
12428,2026-01-21,CNB,KANPUR CENTRAL,14.0,427
12428,2026-01-21,FTP,FATEHPUR,44.0,504
12428,2026-01-21,SRO,SIRATHU,44.0,564
12428,2026-01-21,PRYJ,PRAYAGRAJ JN,59.0,621
12428,2026-01-21,SRJ,SHANKARGARH,69.0,666
12428,2026-01-21,DBR,DABHAURA,72.0,699
12428,2026-01-21,MKP,MANIKPUR JN,54.0,721
12428,2026-01-21,JTW,JAITWAR,90.0,779
12428,2026-01-21,STA,SATNA,82.0,799
12428,2026-01-21,REWA,REWA,40.0,848
12428,2026-01-22,ANVT,ANAND VIHAR TRM,0.0,0
12428,2026-01-22,GZB,GHAZIABAD,5.0,13
12428,2026-01-22,ALJN,ALIGARH JN,13.0,119
12428,2026-01-22,JJK,JHINJHAK,19.0,365
12428,2026-01-22,CNB,KANPUR CENTRAL,31.0,427
12428,2026-01-22,FTP,FATEHPUR,39.0,504
12428,2026-01-22,SRO,SIRATHU,39.0,564
12428,2026-01-22,PRYJ,PRAYAGRAJ JN,20.0,621
12428,2026-01-22,SRJ,SHANKARGARH,9.0,666
12428,2026-01-22,DBR,DABHAURA,8.0,699
12428,2026-01-22,MKP,MANIKPUR JN,0.0,721
12428,2026-01-22,JTW,JAITWAR,57.0,779
12428,2026-01-22,STA,SATNA,44.0,799
12428,2026-01-22,REWA,REWA,0.0,848
12428,2026-01-23,ANVT,ANAND VIHAR TRM,0.0,0
12428,2026-01-23,GZB,GHAZIABAD,8.0,13
12428,2026-01-23,ALJN,ALIGARH JN,11.0,119
12428,2026-01-23,JJK,JHINJHAK,9.0,365
12428,2026-01-23,CNB,KANPUR CENTRAL,1.0,427
12428,2026-01-23,FTP,FATEHPUR,6.0,504
12428,2026-01-23,SRO,SIRATHU,7.0,564
12428,2026-01-23,PRYJ,PRAYAGRAJ JN,3.0,621
12428,2026-01-23,SRJ,SHANKARGARH,3.0,666
12428,2026-01-23,DBR,DABHAURA,1.0,699
12428,2026-01-23,MKP,MANIKPUR JN,0.0,721
12428,2026-01-23,JTW,JAITWAR,5.0,779
12428,2026-01-23,STA,SATNA,1.0,799
12428,2026-01-23,REWA,REWA,-25.0,848
12428,2026-01-24,ANVT,ANAND VIHAR TRM,1.0,0
12428,2026-01-24,GZB,GHAZIABAD,7.0,13
12428,2026-01-24,ALJN,ALIGARH JN,10.0,119
12428,2026-01-24,JJK,JHINJHAK,36.0,365
12428,2026-01-24,CNB,KANPUR CENTRAL,31.0,427
12428,2026-01-24,FTP,FATEHPUR,39.0,504
12428,2026-01-24,SRO,SIRATHU,40.0,564
12428,2026-01-24,PRYJ,PRAYAGRAJ JN,12.0,621
12428,2026-01-24,SRJ,SHANKARGARH,23.0,666
12428,2026-01-24,DBR,DABHAURA,24.0,699
12428,2026-01-24,MKP,MANIKPUR JN,3.0,721
12428,2026-01-24,JTW,JAITWAR,8.0,779
12428,2026-01-24,STA,SATNA,4.0,799
12428,2026-01-24,REWA,REWA,-23.0,848
12428,2026-01-25,ANVT,ANAND VIHAR TRM,67.0,0
12428,2026-01-25,GZB,GHAZIABAD,79.0,13
12428,2026-01-25,ALJN,ALIGARH JN,85.0,119
12428,2026-01-25,JJK,JHINJHAK,93.0,365
12428,2026-01-25,CNB,KANPUR CENTRAL,133.0,427
12428,2026-01-25,FTP,FATEHPUR,136.0,504
12428,2026-01-25,SRO,SIRATHU,134.0,564
12428,2026-01-25,PRYJ,PRAYAGRAJ JN,97.0,621
12428,2026-01-25,SRJ,SHANKARGARH,85.0,666
12428,2026-01-25,DBR,DABHAURA,95.0,699
12428,2026-01-25,MKP,MANIKPUR JN,72.0,721
12428,2026-01-25,JTW,JAITWAR,82.0,779
12428,2026-01-25,STA,SATNA,67.0,799
12428,2026-01-25,REWA,REWA,50.0,848
12428,2026-01-26,ANVT,ANAND VIHAR TRM,0.0,0
12428,2026-01-26,GZB,GHAZIABAD,4.0,13
12428,2026-01-26,ALJN,ALIGARH JN,9.0,119
12428,2026-01-26,JJK,JHINJHAK,20.0,365
12428,2026-01-26,CNB,KANPUR CENTRAL,29.0,427
12428,2026-01-26,FTP,FATEHPUR,48.0,504
12428,2026-01-26,SRO,SIRATHU,49.0,564
12428,2026-01-26,PRYJ,PRAYAGRAJ JN,13.0,621
12428,2026-01-26,SRJ,SHANKARGARH,7.0,666
12428,2026-01-26,DBR,DABHAURA,13.0,699
12428,2026-01-26,MKP,MANIKPUR JN,0.0,721
12428,2026-01-26,JTW,JAITWAR,4.0,779
12428,2026-01-26,STA,SATNA,0.0,799
12428,2026-01-26,REWA,REWA,-25.0,848
12428,2026-01-27,ANVT,ANAND VIHAR TRM,1.0,0
12428,2026-01-27,GZB,GHAZIABAD,6.0,13
12428,2026-01-27,ALJN,ALIGARH JN,15.0,119
12428,2026-01-27,JJK,JHINJHAK,17.0,365
12428,2026-01-27,CNB,KANPUR CENTRAL,21.0,427
12428,2026-01-27,FTP,FATEHPUR,28.0,504
12428,2026-01-27,SRO,SIRATHU,27.0,564
12428,2026-01-27,PRYJ,PRAYAGRAJ JN,1.0,621
12428,2026-01-27,SRJ,SHANKARGARH,1.0,666
12428,2026-01-27,DBR,DABHAURA,4.0,699
12428,2026-01-27,MKP,MANIKPUR JN,1.0,721
12428,2026-01-27,JTW,JAITWAR,8.0,779
12428,2026-01-27,STA,SATNA,19.0,799
12428,2026-01-27,REWA,REWA,3.0,848
12428,2026-01-28,ANVT,ANAND VIHAR TRM,4.0,0
12428,2026-01-28,GZB,GHAZIABAD,7.0,13
12428,2026-01-28,ALJN,ALIGARH JN,56.0,119
12428,2026-01-28,JJK,JHINJHAK,304.0,365
12428,2026-01-28,CNB,KANPUR CENTRAL,329.0,427
12428,2026-01-28,FTP,FATEHPUR,340.0,504
12428,2026-01-28,SRO,SIRATHU,340.0,564
12428,2026-01-28,PRYJ,PRAYAGRAJ JN,312.0,621
12428,2026-01-28,SRJ,SHANKARGARH,296.0,666
12428,2026-01-28,DBR,DABHAURA,299.0,699
12428,2026-01-28,MKP,MANIKPUR JN,281.0,721
12428,2026-01-28,JTW,JAITWAR,288.0,779
12428,2026-01-28,STA,SATNA,287.0,799
12428,2026-01-28,REWA,REWA,259.0,848
12428,2026-01-29,ANVT,ANAND VIHAR TRM,0.0,0
12428,2026-01-29,GZB,GHAZIABAD,7.0,13
12428,2026-01-29,ALJN,ALIGARH JN,12.0,119
12428,2026-01-29,JJK,JHINJHAK,245.0,365
12428,2026-01-29,CNB,KANPUR CENTRAL,245.0,427
12428,2026-01-29,FTP,FATEHPUR,253.0,504
12428,2026-01-29,SRO,SIRATHU,260.0,564
12428,2026-01-29,PRYJ,PRAYAGRAJ JN,246.0,621
12428,2026-01-29,SRJ,SHANKARGARH,235.0,666
12428,2026-01-29,DBR,DABHAURA,233.0,699
12428,2026-01-29,MKP,MANIKPUR JN,211.0,721
12428,2026-01-29,JTW,JAITWAR,225.0,779
12428,2026-01-29,STA,SATNA,210.0,799
12428,2026-01-29,REWA,REWA,189.0,848
12428,2026-01-30,ANVT,ANAND VIHAR TRM,0.0,0
12428,2026-01-30,GZB,GHAZIABAD,7.0,13
12428,2026-01-30,ALJN,ALIGARH JN,22.0,119
12428,2026-01-30,JJK,JHINJHAK,250.0,365
12428,2026-01-30,CNB,KANPUR CENTRAL,316.0,427
12428,2026-01-30,FTP,FATEHPUR,388.0,504
12428,2026-01-30,SRO,SIRATHU,395.0,564
12428,2026-01-30,PRYJ,PRAYAGRAJ JN,396.0,621
12428,2026-01-30,SRJ,SHANKARGARH,389.0,666
12428,2026-01-30,DBR,DABHAURA,388.0,699
12428,2026-01-30,MKP,MANIKPUR JN,365.0,721
12428,2026-01-30,JTW,JAITWAR,376.0,779
12428,2026-01-30,STA,SATNA,376.0,799
12428,2026-01-30,REWA,REWA,350.0,848
12428,2026-01-31,ANVT,ANAND VIHAR TRM,2.0,0
12428,2026-01-31,GZB,GHAZIABAD,2.0,13
12428,2026-01-31,ALJN,ALIGARH JN,32.0,119
12428,2026-01-31,JJK,JHINJHAK,111.0,365
12428,2026-01-31,CNB,KANPUR CENTRAL,179.0,427
12428,2026-01-31,FTP,FATEHPUR,216.0,504
12428,2026-01-31,SRO,SIRATHU,233.0,564
12428,2026-01-31,PRYJ,PRAYAGRAJ JN,222.0,621
12428,2026-01-31,SRJ,SHANKARGARH,204.0,666
12428,2026-01-31,DBR,DABHAURA,206.0,699
12428,2026-01-31,MKP,MANIKPUR JN,185.0,721
12428,2026-01-31,JTW,JAITWAR,207.0,779
12428,2026-01-31,STA,SATNA,185.0,799
12428,2026-01-31,REWA,REWA,163.0,848
12428,2026-02-01,ANVT,ANAND VIHAR TRM,0.0,0
12428,2026-02-01,GZB,GHAZIABAD,9.0,13
12428,2026-02-01,ALJN,ALIGARH JN,26.0,119
12428,2026-02-01,JJK,JHINJHAK,22.0,365
12428,2026-02-01,CNB,KANPUR CENTRAL,16.0,427
12428,2026-02-01,FTP,FATEHPUR,30.0,504
12428,2026-02-01,SRO,SIRATHU,31.0,564
12428,2026-02-01,PRYJ,PRAYAGRAJ JN,17.0,621
12428,2026-02-01,SRJ,SHANKARGARH,9.0,666
12428,2026-02-01,DBR,DABHAURA,8.0,699
12428,2026-02-01,MKP,MANIKPUR JN,0.0,721
12428,2026-02-01,JTW,JAITWAR,4.0,779
12428,2026-02-01,STA,SATNA,4.0,799
12428,2026-02-01,REWA,REWA,-12.0,848
12428,2026-02-02,ANVT,ANAND VIHAR TRM,1.0,0
12428,2026-02-02,GZB,GHAZIABAD,4.0,13
12428,2026-02-02,ALJN,ALIGARH JN,183.0,119
12428,2026-02-02,JJK,JHINJHAK,360.0,365
12428,2026-02-02,CNB,KANPUR CENTRAL,393.0,427
12428,2026-02-02,FTP,FATEHPUR,405.0,504
12428,2026-02-02,SRO,SIRATHU,404.0,564
12428,2026-02-02,PRYJ,PRAYAGRAJ JN,383.0,621
12428,2026-02-02,SRJ,SHANKARGARH,389.0,666
12428,2026-02-02,DBR,DABHAURA,400.0,699
12428,2026-02-02,MKP,MANIKPUR JN,376.0,721
12428,2026-02-02,JTW,JAITWAR,392.0,779
12428,2026-02-02,STA,SATNA,388.0,799
12428,2026-02-02,REWA,REWA,368.0,848
12428,2026-02-03,ANVT,ANAND VIHAR TRM,5.0,0
12428,2026-02-03,GZB,GHAZIABAD,7.0,13
12428,2026-02-03,ALJN,ALIGARH JN,189.0,119
12428,2026-02-03,JJK,JHINJHAK,387.0,365
12428,2026-02-03,CNB,KANPUR CENTRAL,438.0,427
12428,2026-02-03,FTP,FATEHPUR,439.0,504
12428,2026-02-03,SRO,SIRATHU,438.0,564
12428,2026-02-03,PRYJ,PRAYAGRAJ JN,407.0,621
12428,2026-02-03,SRJ,SHANKARGARH,408.0,666
12428,2026-02-03,DBR,DABHAURA,410.0,699
12428,2026-02-03,MKP,MANIKPUR JN,390.0,721
12428,2026-02-03,JTW,JAITWAR,400.0,779
12428,2026-02-03,STA,SATNA,407.0,799
12428,2026-02-03,REWA,REWA,384.0,848
12428,2026-02-04,ANVT,ANAND VIHAR TRM,1.0,0
12428,2026-02-04,GZB,GHAZIABAD,13.0,13
12428,2026-02-04,ALJN,ALIGARH JN,40.0,119
12428,2026-02-04,JJK,JHINJHAK,45.0,365
12428,2026-02-04,CNB,KANPUR CENTRAL,71.0,427
12428,2026-02-04,FTP,FATEHPUR,100.0,504
12428,2026-02-04,SRO,SIRATHU,123.0,564
12428,2026-02-04,PRYJ,PRAYAGRAJ JN,109.0,621
12428,2026-02-04,SRJ,SHANKARGARH,104.0,666
12428,2026-02-04,DBR,DABHAURA,129.0,699
12428,2026-02-04,MKP,MANIKPUR JN,131.0,721
12428,2026-02-04,JTW,JAITWAR,137.0,779
12428,2026-02-04,STA,SATNA,140.0,799
12428,2026-02-04,REWA,REWA,118.0,848
12428,2026-02-05,ANVT,ANAND VIHAR TRM,0.0,0
12428,2026-02-05,GZB,GHAZIABAD,1.0,13
12428,2026-02-05,ALJN,ALIGARH JN,4.0,119
12428,2026-02-05,JJK,JHINJHAK,0.0,365
12428,2026-02-05,CNB,KANPUR CENTRAL,1.0,427
12428,2026-02-05,FTP,FATEHPUR,10.0,504
12428,2026-02-05,SRO,SIRATHU,13.0,564
12428,2026-02-05,PRYJ,PRAYAGRAJ JN,5.0,621
12428,2026-02-05,SRJ,SHANKARGARH,0.0,666
12428,2026-02-05,DBR,DABHAURA,0.0,699
12428,2026-02-05,MKP,MANIKPUR JN,0.0,721
12428,2026-02-05,JTW,JAITWAR,13.0,779
12428,2026-02-05,STA,SATNA,9.0,799
12428,2026-02-05,REWA,REWA,-16.0,848
12428,2026-02-06,ANVT,ANAND VIHAR TRM,0.0,0
12428,2026-02-06,GZB,GHAZIABAD,5.0,13
12428,2026-02-06,ALJN,ALIGARH JN,9.0,119
12428,2026-02-06,JJK,JHINJHAK,13.0,365
12428,2026-02-06,CNB,KANPUR CENTRAL,22.0,427
12428,2026-02-06,FTP,FATEHPUR,18.0,504
12428,2026-02-06,SRO,SIRATHU,15.0,564
12428,2026-02-06,PRYJ,PRAYAGRAJ JN,0.0,621
12428,2026-02-06,SRJ,SHANKARGARH,1.0,666
12428,2026-02-06,DBR,DABHAURA,0.0,699
12428,2026-02-06,MKP,MANIKPUR JN,0.0,721
12428,2026-02-06,JTW,JAITWAR,9.0,779
12428,2026-02-06,STA,SATNA,16.0,799
12428,2026-02-06,REWA,REWA,-7.0,848
12428,2026-02-07,ANVT,ANAND VIHAR TRM,1.0,0
12428,2026-02-07,GZB,GHAZIABAD,8.0,13
12428,2026-02-07,ALJN,ALIGARH JN,20.0,119
12428,2026-02-07,JJK,JHINJHAK,4.0,365
12428,2026-02-07,CNB,KANPUR CENTRAL,8.0,427
12428,2026-02-07,FTP,FATEHPUR,8.0,504
12428,2026-02-07,SRO,SIRATHU,7.0,564
12428,2026-02-07,PRYJ,PRAYAGRAJ JN,4.0,621
12428,2026-02-07,SRJ,SHANKARGARH,6.0,666
12428,2026-02-07,DBR,DABHAURA,9.0,699
12428,2026-02-07,MKP,MANIKPUR JN,0.0,721
12428,2026-02-07,JTW,JAITWAR,8.0,779
12428,2026-02-07,STA,SATNA,7.0,799
12428,2026-02-07,REWA,REWA,-13.0,848
12428,2026-02-08,ANVT,ANAND VIHAR TRM,0.0,0
12428,2026-02-08,GZB,GHAZIABAD,3.0,13
12428,2026-02-08,ALJN,ALIGARH JN,21.0,119
12428,2026-02-08,JJK,JHINJHAK,15.0,365
12428,2026-02-08,CNB,KANPUR CENTRAL,31.0,427
12428,2026-02-08,FTP,FATEHPUR,35.0,504
12428,2026-02-08,SRO,SIRATHU,35.0,564
12428,2026-02-08,PRYJ,PRAYAGRAJ JN,4.0,621
12428,2026-02-08,SRJ,SHANKARGARH,4.0,666
12428,2026-02-08,DBR,DABHAURA,6.0,699
12428,2026-02-08,MKP,MANIKPUR JN,0.0,721
12428,2026-02-08,JTW,JAITWAR,7.0,779
12428,2026-02-08,STA,SATNA,4.0,799
12428,2026-02-08,REWA,REWA,-14.0,848
12428,2026-02-09,ANVT,ANAND VIHAR TRM,0.0,0
12428,2026-02-09,GZB,GHAZIABAD,3.0,13
12428,2026-02-09,ALJN,ALIGARH JN,20.0,119
12428,2026-02-09,JJK,JHINJHAK,22.0,365
12428,2026-02-09,CNB,KANPUR CENTRAL,36.0,427
12428,2026-02-09,FTP,FATEHPUR,35.0,504
12428,2026-02-09,SRO,SIRATHU,39.0,564
12428,2026-02-09,PRYJ,PRAYAGRAJ JN,19.0,621
12428,2026-02-09,SRJ,SHANKARGARH,1.0,666
12428,2026-02-09,DBR,DABHAURA,1.0,699
12428,2026-02-09,MKP,MANIKPUR JN,0.0,721
12428,2026-02-09,JTW,JAITWAR,7.0,779
12428,2026-02-09,STA,SATNA,11.0,799
12428,2026-02-09,REWA,REWA,-13.0,848
12428,2026-02-10,ANVT,ANAND VIHAR TRM,3.0,0
12428,2026-02-10,GZB,GHAZIABAD,10.0,13
12428,2026-02-10,ALJN,ALIGARH JN,18.0,119
12428,2026-02-10,JJK,JHINJHAK,10.0,365
12428,2026-02-10,CNB,KANPUR CENTRAL,0.0,427
12428,2026-02-10,FTP,FATEHPUR,4.0,504
12428,2026-02-10,SRO,SIRATHU,3.0,564
12428,2026-02-10,PRYJ,PRAYAGRAJ JN,3.0,621
12428,2026-02-10,SRJ,SHANKARGARH,4.0,666
12428,2026-02-10,DBR,DABHAURA,11.0,699
12428,2026-02-10,MKP,MANIKPUR JN,0.0,721
12428,2026-02-10,JTW,JAITWAR,6.0,779
12428,2026-02-10,STA,SATNA,0.0,799
12428,2026-02-10,REWA,REWA,-19.0,848
12428,2026-02-11,ANVT,ANAND VIHAR TRM,0.0,0
12428,2026-02-11,GZB,GHAZIABAD,3.0,13
12428,2026-02-11,ALJN,ALIGARH JN,19.0,119
12428,2026-02-11,JJK,JHINJHAK,8.0,365
12428,2026-02-11,CNB,KANPUR CENTRAL,13.0,427
12428,2026-02-11,FTP,FATEHPUR,15.0,504
12428,2026-02-11,SRO,SIRATHU,17.0,564
12428,2026-02-11,PRYJ,PRAYAGRAJ JN,1.0,621
12428,2026-02-11,SRJ,SHANKARGARH,9.0,666
12428,2026-02-11,DBR,DABHAURA,13.0,699
12428,2026-02-11,MKP,MANIKPUR JN,0.0,721
12428,2026-02-11,JTW,JAITWAR,8.0,779
12428,2026-02-11,STA,SATNA,9.0,799
12428,2026-02-11,REWA,REWA,-15.0,848
12428,2026-02-12,ANVT,ANAND VIHAR TRM,0.0,0
12428,2026-02-12,GZB,GHAZIABAD,3.0,13
12428,2026-02-12,ALJN,ALIGARH JN,6.0,119
12428,2026-02-12,JJK,JHINJHAK,10.0,365
12428,2026-02-12,CNB,KANPUR CENTRAL,7.0,427
12428,2026-02-12,FTP,FATEHPUR,10.0,504
12428,2026-02-12,SRO,SIRATHU,8.0,564
12428,2026-02-12,PRYJ,PRAYAGRAJ JN,3.0,621
12428,2026-02-12,SRJ,SHANKARGARH,9.0,666
12428,2026-02-12,DBR,DABHAURA,9.0,699
12428,2026-02-12,MKP,MANIKPUR JN,0.0,721
12428,2026-02-12,JTW,JAITWAR,2.0,779
12428,2026-02-12,STA,SATNA,0.0,799
12428,2026-02-12,REWA,REWA,-13.0,848
12428,2026-02-13,ANVT,ANAND VIHAR TRM,1.0,0
12428,2026-02-13,GZB,GHAZIABAD,5.0,13
12428,2026-02-13,ALJN,ALIGARH JN,6.0,119
12428,2026-02-13,JJK,JHINJHAK,9.0,365
12428,2026-02-13,CNB,KANPUR CENTRAL,25.0,427
12428,2026-02-13,FTP,FATEHPUR,25.0,504
12428,2026-02-13,SRO,SIRATHU,25.0,564
12428,2026-02-13,PRYJ,PRAYAGRAJ JN,3.0,621
12428,2026-02-13,SRJ,SHANKARGARH,1.0,666
12428,2026-02-13,DBR,DABHAURA,3.0,699
12428,2026-02-13,MKP,MANIKPUR JN,0.0,721
12428,2026-02-13,JTW,JAITWAR,3.0,779
12428,2026-02-13,STA,SATNA,16.0,799
12428,2026-02-13,REWA,REWA,-9.0,848
12428,2026-02-14,ANVT,ANAND VIHAR TRM,0.0,0
12428,2026-02-14,GZB,GHAZIABAD,1.0,13
12428,2026-02-14,ALJN,ALIGARH JN,6.0,119
12428,2026-02-14,JJK,JHINJHAK,22.0,365
12428,2026-02-14,CNB,KANPUR CENTRAL,20.0,427
12428,2026-02-14,FTP,FATEHPUR,26.0,504
12428,2026-02-14,SRO,SIRATHU,26.0,564
12428,2026-02-14,PRYJ,PRAYAGRAJ JN,0.0,621
12428,2026-02-14,SRJ,SHANKARGARH,2.0,666
12428,2026-02-14,DBR,DABHAURA,3.0,699
12428,2026-02-14,MKP,MANIKPUR JN,0.0,721
12428,2026-02-14,JTW,JAITWAR,5.0,779
12428,2026-02-14,STA,SATNA,7.0,799
12428,2026-02-14,REWA,REWA,-15.0,848
12428,2026-02-15,ANVT,ANAND VIHAR TRM,1.0,0
12428,2026-02-15,GZB,GHAZIABAD,3.0,13
12428,2026-02-15,ALJN,ALIGARH JN,8.0,119
12428,2026-02-15,JJK,JHINJHAK,13.0,365
12428,2026-02-15,CNB,KANPUR CENTRAL,6.0,427
12428,2026-02-15,FTP,FATEHPUR,13.0,504
12428,2026-02-15,SRO,SIRATHU,16.0,564
12428,2026-02-15,PRYJ,PRAYAGRAJ JN,2.0,621
12428,2026-02-15,SRJ,SHANKARGARH,5.0,666
12428,2026-02-15,DBR,DABHAURA,8.0,699
12428,2026-02-15,MKP,MANIKPUR JN,1.0,721
12428,2026-02-15,JTW,JAITWAR,5.0,779
12428,2026-02-15,STA,SATNA,3.0,799
12428,2026-02-15,REWA,REWA,-22.0,848
12428,2026-02-16,ANVT,ANAND VIHAR TRM,0.0,0
12428,2026-02-16,GZB,GHAZIABAD,2.0,13
12428,2026-02-16,ALJN,ALIGARH JN,4.0,119
12428,2026-02-16,JJK,JHINJHAK,0.0,365
12428,2026-02-16,CNB,KANPUR CENTRAL,3.0,427
12428,2026-02-16,FTP,FATEHPUR,7.0,504
12428,2026-02-16,SRO,SIRATHU,7.0,564
12428,2026-02-16,PRYJ,PRAYAGRAJ JN,1.0,621
12428,2026-02-16,SRJ,SHANKARGARH,5.0,666
12428,2026-02-16,DBR,DABHAURA,7.0,699
12428,2026-02-16,MKP,MANIKPUR JN,0.0,721
12428,2026-02-16,JTW,JAITWAR,12.0,779
12428,2026-02-16,STA,SATNA,13.0,799
12428,2026-02-16,REWA,REWA,-4.0,848
12428,2026-02-17,ANVT,ANAND VIHAR TRM,0.0,0
12428,2026-02-17,GZB,GHAZIABAD,15.0,13
12428,2026-02-17,ALJN,ALIGARH JN,71.0,119
12428,2026-02-17,JJK,JHINJHAK,77.0,365
12428,2026-02-17,CNB,KANPUR CENTRAL,83.0,427
12428,2026-02-17,FTP,FATEHPUR,91.0,504
12428,2026-02-17,SRO,SIRATHU,92.0,564
12428,2026-02-17,PRYJ,PRAYAGRAJ JN,61.0,621
12428,2026-02-17,SRJ,SHANKARGARH,48.0,666
12428,2026-02-17,DBR,DABHAURA,49.0,699
12428,2026-02-17,MKP,MANIKPUR JN,25.0,721
12428,2026-02-17,JTW,JAITWAR,31.0,779
12428,2026-02-17,STA,SATNA,19.0,799
12428,2026-02-17,REWA,REWA,14.0,848
12428,2026-02-18,ANVT,ANAND VIHAR TRM,0.0,0
12428,2026-02-18,GZB,GHAZIABAD,5.0,13
12428,2026-02-18,ALJN,ALIGARH JN,28.0,119
12428,2026-02-18,JJK,JHINJHAK,23.0,365
12428,2026-02-18,CNB,KANPUR CENTRAL,26.0,427
12428,2026-02-18,FTP,FATEHPUR,31.0,504
12428,2026-02-18,SRO,SIRATHU,35.0,564
12428,2026-02-18,PRYJ,PRAYAGRAJ JN,4.0,621
12428,2026-02-18,SRJ,SHANKARGARH,15.0,666
12428,2026-02-18,DBR,DABHAURA,17.0,699
12428,2026-02-18,MKP,MANIKPUR JN,3.0,721
12428,2026-02-18,JTW,JAITWAR,14.0,779
12428,2026-02-18,STA,SATNA,13.0,799
12428,2026-02-18,REWA,REWA,-10.0,848
12428,2026-02-19,ANVT,ANAND VIHAR TRM,0.0,0
12428,2026-02-19,GZB,GHAZIABAD,3.0,13
12428,2026-02-19,ALJN,ALIGARH JN,11.0,119
12428,2026-02-19,JJK,JHINJHAK,26.0,365
12428,2026-02-19,CNB,KANPUR CENTRAL,37.0,427
12428,2026-02-19,FTP,FATEHPUR,42.0,504
12428,2026-02-19,SRO,SIRATHU,50.0,564
12428,2026-02-19,PRYJ,PRAYAGRAJ JN,24.0,621
12428,2026-02-19,SRJ,SHANKARGARH,27.0,666
12428,2026-02-19,DBR,DABHAURA,31.0,699
12428,2026-02-19,MKP,MANIKPUR JN,10.0,721
12428,2026-02-19,JTW,JAITWAR,49.0,779
12428,2026-02-19,STA,SATNA,54.0,799
12428,2026-02-19,REWA,REWA,13.0,848
12428,2026-02-20,ANVT,ANAND VIHAR TRM,1.0,0
12428,2026-02-20,GZB,GHAZIABAD,13.0,13
12428,2026-02-20,ALJN,ALIGARH JN,21.0,119
12428,2026-02-20,JJK,JHINJHAK,30.0,365
12428,2026-02-20,CNB,KANPUR CENTRAL,26.0,427
12428,2026-02-20,FTP,FATEHPUR,30.0,504
12428,2026-02-20,SRO,SIRATHU,31.0,564
12428,2026-02-20,PRYJ,PRAYAGRAJ JN,7.0,621
12428,2026-02-20,SRJ,SHANKARGARH,0.0,666
12428,2026-02-20,DBR,DABHAURA,0.0,699
12428,2026-02-20,MKP,MANIKPUR JN,0.0,721
12428,2026-02-20,JTW,JAITWAR,19.0,779
12428,2026-02-20,STA,SATNA,20.0,799
12428,2026-02-20,REWA,REWA,-5.0,848
12428,2026-02-21,ANVT,ANAND VIHAR TRM,3.0,0
12428,2026-02-21,GZB,GHAZIABAD,14.0,13
12428,2026-02-21,ALJN,ALIGARH JN,26.0,119
12428,2026-02-21,JJK,JHINJHAK,35.0,365
12428,2026-02-21,CNB,KANPUR CENTRAL,31.0,427
12428,2026-02-21,FTP,FATEHPUR,35.0,504
12428,2026-02-21,SRO,SIRATHU,38.0,564
12428,2026-02-21,PRYJ,PRAYAGRAJ JN,9.0,621
12428,2026-02-21,SRJ,SHANKARGARH,13.0,666
12428,2026-02-21,DBR,DABHAURA,19.0,699
12428,2026-02-21,MKP,MANIKPUR JN,0.0,721
12428,2026-02-21,JTW,JAITWAR,14.0,779
12428,2026-02-21,STA,SATNA,19.0,799
12428,2026-02-21,REWA,REWA,2.0,848
12428,2026-02-22,ANVT,ANAND VIHAR TRM,0.0,0
12428,2026-02-22,GZB,GHAZIABAD,1.0,13
12428,2026-02-22,ALJN,ALIGARH JN,8.0,119
12428,2026-02-22,JJK,JHINJHAK,18.0,365
12428,2026-02-22,CNB,KANPUR CENTRAL,18.0,427
12428,2026-02-22,FTP,FATEHPUR,22.0,504
12428,2026-02-22,SRO,SIRATHU,28.0,564
12428,2026-02-22,PRYJ,PRAYAGRAJ JN,10.0,621
12428,2026-02-22,SRJ,SHANKARGARH,6.0,666
12428,2026-02-22,DBR,DABHAURA,7.0,699
12428,2026-02-22,MKP,MANIKPUR JN,6.0,721
12428,2026-02-22,JTW,JAITWAR,18.0,779
12428,2026-02-22,STA,SATNA,20.0,799
12428,2026-02-22,REWA,REWA,-2.0,848
12428,2026-02-23,ANVT,ANAND VIHAR TRM,0.0,0
12428,2026-02-23,GZB,GHAZIABAD,3.0,13
12428,2026-02-23,ALJN,ALIGARH JN,29.0,119
12428,2026-02-23,JJK,JHINJHAK,30.0,365
12428,2026-02-23,CNB,KANPUR CENTRAL,25.0,427
12428,2026-02-23,FTP,FATEHPUR,29.0,504
12428,2026-02-23,SRO,SIRATHU,33.0,564
12428,2026-02-23,PRYJ,PRAYAGRAJ JN,1.0,621
12428,2026-02-23,SRJ,SHANKARGARH,3.0,666
12428,2026-02-23,DBR,DABHAURA,7.0,699
12428,2026-02-23,MKP,MANIKPUR JN,0.0,721
12428,2026-02-23,JTW,JAITWAR,5.0,779
12428,2026-02-23,STA,SATNA,0.0,799
12428,2026-02-23,REWA,REWA,-24.0,848
12428,2026-02-24,ANVT,ANAND VIHAR TRM,0.0,0
12428,2026-02-24,GZB,GHAZIABAD,12.0,13
12428,2026-02-24,ALJN,ALIGARH JN,20.0,119
12428,2026-02-24,JJK,JHINJHAK,17.0,365
12428,2026-02-24,CNB,KANPUR CENTRAL,18.0,427
12428,2026-02-24,FTP,FATEHPUR,27.0,504
12428,2026-02-24,SRO,SIRATHU,34.0,564
12428,2026-02-24,PRYJ,PRAYAGRAJ JN,6.0,621
12428,2026-02-24,SRJ,SHANKARGARH,13.0,666
12428,2026-02-24,DBR,DABHAURA,18.0,699
12428,2026-02-24,MKP,MANIKPUR JN,0.0,721
12428,2026-02-24,JTW,JAITWAR,11.0,779
12428,2026-02-24,STA,SATNA,0.0,799
12428,2026-02-24,REWA,REWA,-13.0,848
12428,2026-02-25,ANVT,ANAND VIHAR TRM,1.0,0
12428,2026-02-25,GZB,GHAZIABAD,1.0,13
12428,2026-02-25,ALJN,ALIGARH JN,6.0,119
12428,2026-02-25,JJK,JHINJHAK,16.0,365
12428,2026-02-25,CNB,KANPUR CENTRAL,12.0,427
12428,2026-02-25,FTP,FATEHPUR,15.0,504
12428,2026-02-25,SRO,SIRATHU,19.0,564
12428,2026-02-25,PRYJ,PRAYAGRAJ JN,8.0,621
12428,2026-02-25,SRJ,SHANKARGARH,2.0,666
12428,2026-02-25,DBR,DABHAURA,7.0,699
12428,2026-02-25,MKP,MANIKPUR JN,3.0,721
12428,2026-02-25,JTW,JAITWAR,10.0,779
12428,2026-02-25,STA,SATNA,6.0,799
12428,2026-02-25,REWA,REWA,-5.0,848
12428,2026-02-26,ANVT,ANAND VIHAR TRM,0.0,0
12428,2026-02-26,GZB,GHAZIABAD,10.0,13
12428,2026-02-26,ALJN,ALIGARH JN,19.0,119
12428,2026-02-26,JJK,JHINJHAK,18.0,365
12428,2026-02-26,CNB,KANPUR CENTRAL,24.0,427
12428,2026-02-26,FTP,FATEHPUR,28.0,504
12428,2026-02-26,SRO,SIRATHU,33.0,564
12428,2026-02-26,PRYJ,PRAYAGRAJ JN,2.0,621
12428,2026-02-26,SRJ,SHANKARGARH,0.0,666
12428,2026-02-26,DBR,DABHAURA,0.0,699
12428,2026-02-26,MKP,MANIKPUR JN,0.0,721
12428,2026-02-26,JTW,JAITWAR,4.0,779
12428,2026-02-26,STA,SATNA,9.0,799
12428,2026-02-26,REWA,REWA,-18.0,848
12428,2026-02-27,ANVT,ANAND VIHAR TRM,0.0,0
12428,2026-02-27,GZB,GHAZIABAD,9.0,13
12428,2026-02-27,ALJN,ALIGARH JN,17.0,119
12428,2026-02-27,JJK,JHINJHAK,16.0,365
12428,2026-02-27,CNB,KANPUR CENTRAL,27.0,427
12428,2026-02-27,FTP,FATEHPUR,33.0,504
12428,2026-02-27,SRO,SIRATHU,37.0,564
12428,2026-02-27,PRYJ,PRAYAGRAJ JN,6.0,621
12428,2026-02-27,SRJ,SHANKARGARH,1.0,666
12428,2026-02-27,DBR,DABHAURA,11.0,699
12428,2026-02-27,MKP,MANIKPUR JN,5.0,721
12428,2026-02-27,JTW,JAITWAR,10.0,779
12428,2026-02-27,STA,SATNA,10.0,799
12428,2026-02-27,REWA,REWA,-5.0,848
12428,2026-02-28,ANVT,ANAND VIHAR TRM,1.0,0
12428,2026-02-28,GZB,GHAZIABAD,19.0,13
12428,2026-02-28,ALJN,ALIGARH JN,36.0,119
12428,2026-02-28,JJK,JHINJHAK,42.0,365
12428,2026-02-28,CNB,KANPUR CENTRAL,42.0,427
12428,2026-02-28,FTP,FATEHPUR,51.0,504
12428,2026-02-28,SRO,SIRATHU,65.0,564
12428,2026-02-28,PRYJ,PRAYAGRAJ JN,31.0,621
12428,2026-02-28,SRJ,SHANKARGARH,20.0,666
12428,2026-02-28,DBR,DABHAURA,20.0,699
12428,2026-02-28,MKP,MANIKPUR JN,0.0,721
12428,2026-02-28,JTW,JAITWAR,9.0,779
12428,2026-02-28,STA,SATNA,26.0,799
12428,2026-02-28,REWA,REWA,0.0,848
12428,2026-03-01,ANVT,ANAND VIHAR TRM,0.0,0
12428,2026-03-01,GZB,GHAZIABAD,7.0,13
12428,2026-03-01,ALJN,ALIGARH JN,13.0,119
12428,2026-03-01,JJK,JHINJHAK,25.0,365
12428,2026-03-01,CNB,KANPUR CENTRAL,42.0,427
12428,2026-03-01,FTP,FATEHPUR,60.0,504
12428,2026-03-01,SRO,SIRATHU,60.0,564
12428,2026-03-01,PRYJ,PRAYAGRAJ JN,24.0,621
12428,2026-03-01,SRJ,SHANKARGARH,14.0,666
12428,2026-03-01,DBR,DABHAURA,19.0,699
12428,2026-03-01,MKP,MANIKPUR JN,1.0,721
12428,2026-03-01,JTW,JAITWAR,10.0,779
12428,2026-03-01,STA,SATNA,28.0,799
12428,2026-03-01,REWA,REWA,4.0,848
12428,2026-03-02,ANVT,ANAND VIHAR TRM,0.0,0
12428,2026-03-02,GZB,GHAZIABAD,63.0,13
12428,2026-03-02,ALJN,ALIGARH JN,80.0,119
12428,2026-03-02,JJK,JHINJHAK,75.0,365
12428,2026-03-02,CNB,KANPUR CENTRAL,84.0,427
12428,2026-03-02,FTP,FATEHPUR,81.0,504
12428,2026-03-02,SRO,SIRATHU,83.0,564
12428,2026-03-02,PRYJ,PRAYAGRAJ JN,50.0,621
12428,2026-03-02,SRJ,SHANKARGARH,62.0,666
12428,2026-03-02,DBR,DABHAURA,60.0,699
12428,2026-03-02,MKP,MANIKPUR JN,36.0,721
12428,2026-03-02,JTW,JAITWAR,52.0,779
12428,2026-03-02,STA,SATNA,46.0,799
12428,2026-03-02,REWA,REWA,20.0,848
12428,2026-03-03,ANVT,ANAND VIHAR TRM,0.0,0
12428,2026-03-03,GZB,GHAZIABAD,8.0,13
12428,2026-03-03,ALJN,ALIGARH JN,19.0,119
12428,2026-03-03,JJK,JHINJHAK,17.0,365
12428,2026-03-03,CNB,KANPUR CENTRAL,15.0,427
12428,2026-03-03,FTP,FATEHPUR,14.0,504
12428,2026-03-03,SRO,SIRATHU,23.0,564
12428,2026-03-03,PRYJ,PRAYAGRAJ JN,7.0,621
12428,2026-03-03,SRJ,SHANKARGARH,0.0,666
12428,2026-03-03,DBR,DABHAURA,5.0,699
12428,2026-03-03,MKP,MANIKPUR JN,0.0,721
12428,2026-03-03,JTW,JAITWAR,16.0,779
12428,2026-03-03,STA,SATNA,11.0,799
12428,2026-03-03,REWA,REWA,-16.0,848
12428,2026-03-04,ANVT,ANAND VIHAR TRM,0.0,0
12428,2026-03-04,GZB,GHAZIABAD,3.0,13
12428,2026-03-04,ALJN,ALIGARH JN,7.0,119
12428,2026-03-04,JJK,JHINJHAK,0.0,365
12428,2026-03-04,CNB,KANPUR CENTRAL,8.0,427
12428,2026-03-04,FTP,FATEHPUR,9.0,504
12428,2026-03-04,SRO,SIRATHU,11.0,564
12428,2026-03-04,PRYJ,PRAYAGRAJ JN,2.0,621
12428,2026-03-04,SRJ,SHANKARGARH,1.0,666
12428,2026-03-04,DBR,DABHAURA,3.0,699
12428,2026-03-04,MKP,MANIKPUR JN,0.0,721
12428,2026-03-04,JTW,JAITWAR,15.0,779
12428,2026-03-04,STA,SATNA,13.0,799
12428,2026-03-04,REWA,REWA,-16.0,848
12428,2026-03-05,ANVT,ANAND VIHAR TRM,0.0,0
12428,2026-03-05,GZB,GHAZIABAD,3.0,13
12428,2026-03-05,ALJN,ALIGARH JN,13.0,119
12428,2026-03-05,JJK,JHINJHAK,17.0,365
12428,2026-03-05,CNB,KANPUR CENTRAL,9.0,427
12428,2026-03-05,FTP,FATEHPUR,9.0,504
12428,2026-03-05,SRO,SIRATHU,11.0,564
12428,2026-03-05,PRYJ,PRAYAGRAJ JN,0.0,621
12428,2026-03-05,SRJ,SHANKARGARH,0.0,666
12428,2026-03-05,DBR,DABHAURA,0.0,699
12428,2026-03-05,MKP,MANIKPUR JN,0.0,721
12428,2026-03-05,JTW,JAITWAR,3.0,779
12428,2026-03-05,STA,SATNA,1.0,799
12428,2026-03-05,REWA,REWA,-24.0,848
12428,2026-03-06,ANVT,ANAND VIHAR TRM,0.0,0
12428,2026-03-06,GZB,GHAZIABAD,3.0,13
12428,2026-03-06,ALJN,ALIGARH JN,7.0,119
12428,2026-03-06,JJK,JHINJHAK,23.0,365
12428,2026-03-06,CNB,KANPUR CENTRAL,28.0,427
12428,2026-03-06,FTP,FATEHPUR,27.0,504
12428,2026-03-06,SRO,SIRATHU,25.0,564
12428,2026-03-06,PRYJ,PRAYAGRAJ JN,1.0,621
12428,2026-03-06,SRJ,SHANKARGARH,1.0,666
12428,2026-03-06,DBR,DABHAURA,1.0,699
12428,2026-03-06,MKP,MANIKPUR JN,0.0,721
12428,2026-03-06,JTW,JAITWAR,2.0,779
12428,2026-03-06,STA,SATNA,2.0,799
12428,2026-03-06,REWA,REWA,-24.0,848
12428,2026-03-07,ANVT,ANAND VIHAR TRM,2.0,0
12428,2026-03-07,GZB,GHAZIABAD,2.0,13
12428,2026-03-07,ALJN,ALIGARH JN,13.0,119
12428,2026-03-07,JJK,JHINJHAK,14.0,365
12428,2026-03-07,CNB,KANPUR CENTRAL,16.0,427
12428,2026-03-07,FTP,FATEHPUR,14.0,504
12428,2026-03-07,SRO,SIRATHU,13.0,564
12428,2026-03-07,PRYJ,PRAYAGRAJ JN,1.0,621
12428,2026-03-07,SRJ,SHANKARGARH,0.0,666
12428,2026-03-07,DBR,DABHAURA,0.0,699
12428,2026-03-07,MKP,MANIKPUR JN,1.0,721
12428,2026-03-07,JTW,JAITWAR,11.0,779
12428,2026-03-07,STA,SATNA,10.0,799
12428,2026-03-07,REWA,REWA,-11.0,848
12428,2026-03-08,ANVT,ANAND VIHAR TRM,0.0,0
12428,2026-03-08,GZB,GHAZIABAD,4.0,13
12428,2026-03-08,ALJN,ALIGARH JN,18.0,119
12428,2026-03-08,JJK,JHINJHAK,12.0,365
12428,2026-03-08,CNB,KANPUR CENTRAL,31.0,427
12428,2026-03-08,FTP,FATEHPUR,32.0,504
12428,2026-03-08,SRO,SIRATHU,32.0,564
12428,2026-03-08,PRYJ,PRAYAGRAJ JN,12.0,621
12428,2026-03-08,SRJ,SHANKARGARH,6.0,666
12428,2026-03-08,DBR,DABHAURA,9.0,699
12428,2026-03-08,MKP,MANIKPUR JN,0.0,721
12428,2026-03-08,JTW,JAITWAR,7.0,779
12428,2026-03-08,STA,SATNA,20.0,799
12428,2026-03-08,REWA,REWA,-8.0,848
12428,2026-03-09,ANVT,ANAND VIHAR TRM,1.0,0
12428,2026-03-09,GZB,GHAZIABAD,11.0,13
12428,2026-03-09,ALJN,ALIGARH JN,9.0,119
12428,2026-03-09,JJK,JHINJHAK,20.0,365
12428,2026-03-09,CNB,KANPUR CENTRAL,24.0,427
12428,2026-03-09,FTP,FATEHPUR,36.0,504
12428,2026-03-09,SRO,SIRATHU,54.0,564
12428,2026-03-09,PRYJ,PRAYAGRAJ JN,43.0,621
12428,2026-03-09,SRJ,SHANKARGARH,50.0,666
12428,2026-03-09,DBR,DABHAURA,58.0,699
12428,2026-03-09,MKP,MANIKPUR JN,40.0,721
12428,2026-03-09,JTW,JAITWAR,51.0,779
12428,2026-03-09,STA,SATNA,50.0,799
12428,2026-03-09,REWA,REWA,28.0,848
12428,2026-03-10,ANVT,ANAND VIHAR TRM,0.0,0
12428,2026-03-10,GZB,GHAZIABAD,2.0,13
12428,2026-03-10,ALJN,ALIGARH JN,0.0,119
12428,2026-03-10,JJK,JHINJHAK,3.0,365
12428,2026-03-10,CNB,KANPUR CENTRAL,6.0,427
12428,2026-03-10,FTP,FATEHPUR,53.0,504
12428,2026-03-10,SRO,SIRATHU,80.0,564
12428,2026-03-10,PRYJ,PRAYAGRAJ JN,69.0,621
12428,2026-03-10,SRJ,SHANKARGARH,121.0,666
12428,2026-03-10,DBR,DABHAURA,127.0,699
12428,2026-03-10,MKP,MANIKPUR JN,112.0,721
12428,2026-03-10,JTW,JAITWAR,116.0,779
12428,2026-03-10,STA,SATNA,112.0,799
12428,2026-03-10,REWA,REWA,101.0,848
12428,2026-03-11,ANVT,ANAND VIHAR TRM,1.0,0
12428,2026-03-11,GZB,GHAZIABAD,2.0,13
12428,2026-03-11,ALJN,ALIGARH JN,8.0,119
12428,2026-03-11,JJK,JHINJHAK,3.0,365
12428,2026-03-11,CNB,KANPUR CENTRAL,10.0,427
12428,2026-03-11,FTP,FATEHPUR,10.0,504
12428,2026-03-11,SRO,SIRATHU,10.0,564
12428,2026-03-11,PRYJ,PRAYAGRAJ JN,1.0,621
12428,2026-03-11,SRJ,SHANKARGARH,3.0,666
12428,2026-03-11,DBR,DABHAURA,3.0,699
12428,2026-03-11,MKP,MANIKPUR JN,1.0,721
12428,2026-03-11,JTW,JAITWAR,10.0,779
12428,2026-03-11,STA,SATNA,13.0,799
12428,2026-03-11,REWA,REWA,-4.0,848
12428,2026-03-12,ANVT,ANAND VIHAR TRM,1.0,0
12428,2026-03-12,GZB,GHAZIABAD,2.0,13
12428,2026-03-12,ALJN,ALIGARH JN,6.0,119
12428,2026-03-12,JJK,JHINJHAK,4.0,365
12428,2026-03-12,CNB,KANPUR CENTRAL,6.0,427
12428,2026-03-12,FTP,FATEHPUR,5.0,504
12428,2026-03-12,SRO,SIRATHU,7.0,564
12428,2026-03-12,PRYJ,PRAYAGRAJ JN,1.0,621
12428,2026-03-12,SRJ,SHANKARGARH,6.0,666
12428,2026-03-12,DBR,DABHAURA,6.0,699
12428,2026-03-12,MKP,MANIKPUR JN,0.0,721
12428,2026-03-12,JTW,JAITWAR,14.0,779
12428,2026-03-12,STA,SATNA,11.0,799
12428,2026-03-12,REWA,REWA,-8.0,848
12428,2026-03-13,ANVT,ANAND VIHAR TRM,0.0,0
12428,2026-03-13,GZB,GHAZIABAD,5.0,13
12428,2026-03-13,ALJN,ALIGARH JN,6.0,119
12428,2026-03-13,JJK,JHINJHAK,15.0,365
12428,2026-03-13,CNB,KANPUR CENTRAL,4.0,427
12428,2026-03-13,FTP,FATEHPUR,2.0,504
12428,2026-03-13,SRO,SIRATHU,3.0,564
12428,2026-03-13,PRYJ,PRAYAGRAJ JN,1.0,621
12428,2026-03-13,SRJ,SHANKARGARH,4.0,666
12428,2026-03-13,DBR,DABHAURA,4.0,699
12428,2026-03-13,MKP,MANIKPUR JN,0.0,721
12428,2026-03-13,JTW,JAITWAR,6.0,779
12428,2026-03-13,STA,SATNA,7.0,799
12428,2026-03-13,REWA,REWA,-18.0,848
12428,2026-03-14,ANVT,ANAND VIHAR TRM,0.0,0
12428,2026-03-14,GZB,GHAZIABAD,3.0,13
12428,2026-03-14,ALJN,ALIGARH JN,3.0,119
12428,2026-03-14,JJK,JHINJHAK,11.0,365
12428,2026-03-14,CNB,KANPUR CENTRAL,16.0,427
12428,2026-03-14,FTP,FATEHPUR,18.0,504
12428,2026-03-14,SRO,SIRATHU,19.0,564
12428,2026-03-14,PRYJ,PRAYAGRAJ JN,0.0,621
12428,2026-03-14,SRJ,SHANKARGARH,8.0,666
12428,2026-03-14,DBR,DABHAURA,8.0,699
12428,2026-03-14,MKP,MANIKPUR JN,0.0,721
12428,2026-03-14,JTW,JAITWAR,22.0,779
12428,2026-03-14,STA,SATNA,22.0,799
12428,2026-03-14,REWA,REWA,0.0,848
12428,2026-03-15,ANVT,ANAND VIHAR TRM,1.0,0
12428,2026-03-15,GZB,GHAZIABAD,0.0,13
12428,2026-03-15,ALJN,ALIGARH JN,22.0,119
12428,2026-03-15,JJK,JHINJHAK,27.0,365
12428,2026-03-15,CNB,KANPUR CENTRAL,24.0,427
12428,2026-03-15,FTP,FATEHPUR,27.0,504
12428,2026-03-15,SRO,SIRATHU,27.0,564
12428,2026-03-15,PRYJ,PRAYAGRAJ JN,9.0,621
12428,2026-03-15,SRJ,SHANKARGARH,16.0,666
12428,2026-03-15,DBR,DABHAURA,14.0,699
12428,2026-03-15,MKP,MANIKPUR JN,0.0,721
12428,2026-03-15,JTW,JAITWAR,4.0,779
12428,2026-03-15,STA,SATNA,6.0,799
12428,2026-03-15,REWA,REWA,8.0,848
12428,2026-03-16,ANVT,ANAND VIHAR TRM,1.0,0
12428,2026-03-16,GZB,GHAZIABAD,5.0,13
12428,2026-03-16,ALJN,ALIGARH JN,12.0,119
12428,2026-03-16,JJK,JHINJHAK,34.0,365
12428,2026-03-16,CNB,KANPUR CENTRAL,34.0,427
12428,2026-03-16,FTP,FATEHPUR,35.0,504
12428,2026-03-16,SRO,SIRATHU,42.0,564
12428,2026-03-16,PRYJ,PRAYAGRAJ JN,13.0,621
12428,2026-03-16,SRJ,SHANKARGARH,16.0,666
12428,2026-03-16,DBR,DABHAURA,17.0,699
12428,2026-03-16,MKP,MANIKPUR JN,0.0,721
12428,2026-03-16,JTW,JAITWAR,3.0,779
12428,2026-03-16,STA,SATNA,10.0,799
12428,2026-03-16,REWA,REWA,-11.0,848
12428,2026-03-17,ANVT,ANAND VIHAR TRM,1.0,0
12428,2026-03-17,GZB,GHAZIABAD,5.0,13
12428,2026-03-17,ALJN,ALIGARH JN,5.0,119
12428,2026-03-17,JJK,JHINJHAK,34.0,365
12428,2026-03-17,CNB,KANPUR CENTRAL,41.0,427
12428,2026-03-17,FTP,FATEHPUR,45.0,504
12428,2026-03-17,SRO,SIRATHU,53.0,564
12428,2026-03-17,PRYJ,PRAYAGRAJ JN,34.0,621
12428,2026-03-17,SRJ,SHANKARGARH,22.0,666
12428,2026-03-17,DBR,DABHAURA,24.0,699
12428,2026-03-17,MKP,MANIKPUR JN,1.0,721
12428,2026-03-17,JTW,JAITWAR,6.0,779
12428,2026-03-17,STA,SATNA,4.0,799
12428,2026-03-17,REWA,REWA,-17.0,848
12428,2026-03-18,ANVT,ANAND VIHAR TRM,9.0,0
12428,2026-03-18,GZB,GHAZIABAD,19.0,13
12428,2026-03-18,ALJN,ALIGARH JN,24.0,119
12428,2026-03-18,JJK,JHINJHAK,27.0,365
12428,2026-03-18,CNB,KANPUR CENTRAL,35.0,427
12428,2026-03-18,FTP,FATEHPUR,42.0,504
12428,2026-03-18,SRO,SIRATHU,45.0,564
12428,2026-03-18,PRYJ,PRAYAGRAJ JN,15.0,621
12428,2026-03-18,SRJ,SHANKARGARH,26.0,666
12428,2026-03-18,DBR,DABHAURA,25.0,699
12428,2026-03-18,MKP,MANIKPUR JN,1.0,721
12428,2026-03-18,JTW,JAITWAR,11.0,779
12428,2026-03-18,STA,SATNA,31.0,799
12428,2026-03-18,REWA,REWA,-2.0,848
12428,2026-03-19,ANVT,ANAND VIHAR TRM,0.0,0
12428,2026-03-19,GZB,GHAZIABAD,18.0,13
12428,2026-03-19,ALJN,ALIGARH JN,19.0,119
12428,2026-03-19,JJK,JHINJHAK,5.0,365
12428,2026-03-19,CNB,KANPUR CENTRAL,1.0,427
12428,2026-03-19,FTP,FATEHPUR,1.0,504
12428,2026-03-19,SRO,SIRATHU,6.0,564
12428,2026-03-19,PRYJ,PRAYAGRAJ JN,0.0,621
12428,2026-03-19,SRJ,SHANKARGARH,54.0,666
12428,2026-03-19,DBR,DABHAURA,53.0,699
12428,2026-03-19,MKP,MANIKPUR JN,28.0,721
12428,2026-03-19,JTW,JAITWAR,43.0,779
12428,2026-03-19,STA,SATNA,39.0,799
12428,2026-03-19,REWA,REWA,21.0,848
12428,2026-03-20,ANVT,ANAND VIHAR TRM,4.0,0
12428,2026-03-20,GZB,GHAZIABAD,8.0,13
12428,2026-03-20,ALJN,ALIGARH JN,18.0,119
12428,2026-03-20,JJK,JHINJHAK,51.0,365
12428,2026-03-20,CNB,KANPUR CENTRAL,44.0,427
12428,2026-03-20,FTP,FATEHPUR,44.0,504
12428,2026-03-20,SRO,SIRATHU,51.0,564
12428,2026-03-20,PRYJ,PRAYAGRAJ JN,17.0,621
12428,2026-03-20,SRJ,SHANKARGARH,26.0,666
12428,2026-03-20,DBR,DABHAURA,26.0,699
12428,2026-03-20,MKP,MANIKPUR JN,1.0,721
12428,2026-03-20,JTW,JAITWAR,12.0,779
12428,2026-03-20,STA,SATNA,6.0,799
12428,2026-03-20,REWA,REWA,8.0,848
12428,2026-03-21,ANVT,ANAND VIHAR TRM,1.0,0
12428,2026-03-21,GZB,GHAZIABAD,7.0,13
12428,2026-03-21,ALJN,ALIGARH JN,11.0,119
12428,2026-03-21,JJK,JHINJHAK,33.0,365
12428,2026-03-21,CNB,KANPUR CENTRAL,23.0,427
12428,2026-03-21,FTP,FATEHPUR,22.0,504
12428,2026-03-21,SRO,SIRATHU,27.0,564
12428,2026-03-21,PRYJ,PRAYAGRAJ JN,23.0,621
12428,2026-03-21,SRJ,SHANKARGARH,13.0,666
12428,2026-03-21,DBR,DABHAURA,15.0,699
12428,2026-03-21,MKP,MANIKPUR JN,0.0,721
12428,2026-03-21,JTW,JAITWAR,18.0,779
12428,2026-03-21,STA,SATNA,13.0,799
12428,2026-03-21,REWA,REWA,10.0,848
12428,2026-03-22,ANVT,ANAND VIHAR TRM,1.0,0
12428,2026-03-22,GZB,GHAZIABAD,4.0,13
12428,2026-03-22,ALJN,ALIGARH JN,7.0,119
12428,2026-03-22,JJK,JHINJHAK,43.0,365
12428,2026-03-22,CNB,KANPUR CENTRAL,38.0,427
12428,2026-03-22,FTP,FATEHPUR,43.0,504
12428,2026-03-22,SRO,SIRATHU,50.0,564
12428,2026-03-22,PRYJ,PRAYAGRAJ JN,16.0,621
12428,2026-03-22,SRJ,SHANKARGARH,29.0,666
12428,2026-03-22,DBR,DABHAURA,27.0,699
12428,2026-03-22,MKP,MANIKPUR JN,3.0,721
12428,2026-03-22,JTW,JAITWAR,13.0,779
12428,2026-03-22,STA,SATNA,13.0,799
12428,2026-03-22,REWA,REWA,14.0,848
12428,2026-03-23,ANVT,ANAND VIHAR TRM,4.0,0
12428,2026-03-23,GZB,GHAZIABAD,11.0,13
12428,2026-03-23,ALJN,ALIGARH JN,21.0,119
12428,2026-03-23,JJK,JHINJHAK,35.0,365
12428,2026-03-23,CNB,KANPUR CENTRAL,30.0,427
12428,2026-03-23,FTP,FATEHPUR,30.0,504
12428,2026-03-23,SRO,SIRATHU,40.0,564
12428,2026-03-23,PRYJ,PRAYAGRAJ JN,19.0,621
12428,2026-03-23,SRJ,SHANKARGARH,13.0,666
12428,2026-03-23,DBR,DABHAURA,13.0,699
12428,2026-03-23,MKP,MANIKPUR JN,0.0,721
12428,2026-03-23,JTW,JAITWAR,8.0,779
12428,2026-03-23,STA,SATNA,4.0,799
12428,2026-03-23,REWA,REWA,-5.0,848
12428,2026-03-24,ANVT,ANAND VIHAR TRM,0.0,0
12428,2026-03-24,GZB,GHAZIABAD,4.0,13
12428,2026-03-24,ALJN,ALIGARH JN,15.0,119
12428,2026-03-24,JJK,JHINJHAK,30.0,365
12428,2026-03-24,CNB,KANPUR CENTRAL,30.0,427
12428,2026-03-24,FTP,FATEHPUR,27.0,504
12428,2026-03-24,SRO,SIRATHU,31.0,564
12428,2026-03-24,PRYJ,PRAYAGRAJ JN,6.0,621
12428,2026-03-24,SRJ,SHANKARGARH,29.0,666
12428,2026-03-24,DBR,DABHAURA,36.0,699
12428,2026-03-24,MKP,MANIKPUR JN,15.0,721
12428,2026-03-24,JTW,JAITWAR,18.0,779
12428,2026-03-24,STA,SATNA,20.0,799
12428,2026-03-24,REWA,REWA,6.0,848
12428,2026-03-25,ANVT,ANAND VIHAR TRM,7.0,0
12428,2026-03-25,GZB,GHAZIABAD,10.0,13
12428,2026-03-25,ALJN,ALIGARH JN,25.0,119
12428,2026-03-25,JJK,JHINJHAK,25.0,365
12428,2026-03-25,CNB,KANPUR CENTRAL,17.0,427
12428,2026-03-25,FTP,FATEHPUR,18.0,504
12428,2026-03-25,SRO,SIRATHU,27.0,564
12428,2026-03-25,PRYJ,PRAYAGRAJ JN,14.0,621
12428,2026-03-25,SRJ,SHANKARGARH,9.0,666
12428,2026-03-25,DBR,DABHAURA,7.0,699
12428,2026-03-25,MKP,MANIKPUR JN,0.0,721
12428,2026-03-25,JTW,JAITWAR,20.0,779
12428,2026-03-25,STA,SATNA,12.0,799
12428,2026-03-25,REWA,REWA,-10.0,848
12428,2026-03-26,ANVT,ANAND VIHAR TRM,1.0,0
12428,2026-03-26,GZB,GHAZIABAD,4.0,13
12428,2026-03-26,ALJN,ALIGARH JN,17.0,119
12428,2026-03-26,JJK,JHINJHAK,14.0,365
12428,2026-03-26,CNB,KANPUR CENTRAL,18.0,427
12428,2026-03-26,FTP,FATEHPUR,17.0,504
12428,2026-03-26,SRO,SIRATHU,22.0,564
12428,2026-03-26,PRYJ,PRAYAGRAJ JN,0.0,621
12428,2026-03-26,SRJ,SHANKARGARH,13.0,666
12428,2026-03-26,DBR,DABHAURA,12.0,699
12428,2026-03-26,MKP,MANIKPUR JN,0.0,721
12428,2026-03-26,JTW,JAITWAR,10.0,779
12428,2026-03-26,STA,SATNA,11.0,799
12428,2026-03-26,REWA,REWA,-8.0,848
12428,2026-03-27,ANVT,ANAND VIHAR TRM,0.0,0
12428,2026-03-27,GZB,GHAZIABAD,1.0,13
12428,2026-03-27,ALJN,ALIGARH JN,10.0,119
12428,2026-03-27,JJK,JHINJHAK,21.0,365
12428,2026-03-27,CNB,KANPUR CENTRAL,18.0,427
12428,2026-03-27,FTP,FATEHPUR,18.0,504
12428,2026-03-27,SRO,SIRATHU,21.0,564
12428,2026-03-27,PRYJ,PRAYAGRAJ JN,1.0,621
12428,2026-03-27,SRJ,SHANKARGARH,11.0,666
12428,2026-03-27,DBR,DABHAURA,9.0,699
12428,2026-03-27,MKP,MANIKPUR JN,0.0,721
12428,2026-03-27,JTW,JAITWAR,9.0,779
12428,2026-03-27,STA,SATNA,0.0,799
12428,2026-03-27,REWA,REWA,-13.0,848
12428,2026-03-28,ANVT,ANAND VIHAR TRM,15.0,0
12428,2026-03-28,GZB,GHAZIABAD,28.0,13
12428,2026-03-28,ALJN,ALIGARH JN,39.0,119
12428,2026-03-28,JJK,JHINJHAK,42.0,365
12428,2026-03-28,CNB,KANPUR CENTRAL,48.0,427
12428,2026-03-28,FTP,FATEHPUR,47.0,504
12428,2026-03-28,SRO,SIRATHU,48.0,564
12428,2026-03-28,PRYJ,PRAYAGRAJ JN,28.0,621
12428,2026-03-28,SRJ,SHANKARGARH,11.0,666
12428,2026-03-28,DBR,DABHAURA,9.0,699
12428,2026-03-28,MKP,MANIKPUR JN,0.0,721
12428,2026-03-28,JTW,JAITWAR,10.0,779
12428,2026-03-28,STA,SATNA,0.0,799
12428,2026-03-28,REWA,REWA,-14.0,848
12428,2026-03-29,ANVT,ANAND VIHAR TRM,1.0,0
12428,2026-03-29,GZB,GHAZIABAD,0.0,13
12428,2026-03-29,ALJN,ALIGARH JN,10.0,119
12428,2026-03-29,JJK,JHINJHAK,8.0,365
12428,2026-03-29,CNB,KANPUR CENTRAL,26.0,427
12428,2026-03-29,FTP,FATEHPUR,29.0,504
12428,2026-03-29,SRO,SIRATHU,31.0,564
12428,2026-03-29,PRYJ,PRAYAGRAJ JN,4.0,621
12428,2026-03-29,SRJ,SHANKARGARH,0.0,666
12428,2026-03-29,DBR,DABHAURA,0.0,699
12428,2026-03-29,MKP,MANIKPUR JN,1.0,721
12428,2026-03-29,JTW,JAITWAR,7.0,779
12428,2026-03-29,STA,SATNA,4.0,799
12428,2026-03-29,REWA,REWA,-19.0,848
12428,2026-03-30,ANVT,ANAND VIHAR TRM,62.0,0
12428,2026-03-30,GZB,GHAZIABAD,76.0,13
12428,2026-03-30,ALJN,ALIGARH JN,83.0,119
12428,2026-03-30,JJK,JHINJHAK,101.0,365
12428,2026-03-30,CNB,KANPUR CENTRAL,102.0,427
12428,2026-03-30,FTP,FATEHPUR,102.0,504
12428,2026-03-30,SRO,SIRATHU,103.0,564
12428,2026-03-30,PRYJ,PRAYAGRAJ JN,88.0,621
12428,2026-03-30,SRJ,SHANKARGARH,94.0,666
12428,2026-03-30,DBR,DABHAURA,119.0,699
12428,2026-03-30,MKP,MANIKPUR JN,97.0,721
12428,2026-03-30,JTW,JAITWAR,131.0,779
12428,2026-03-30,STA,SATNA,140.0,799
12428,2026-03-30,REWA,REWA,132.0,848
12428,2026-03-31,ANVT,ANAND VIHAR TRM,0.0,0
12428,2026-03-31,GZB,GHAZIABAD,7.0,13
12428,2026-03-31,ALJN,ALIGARH JN,17.0,119
12428,2026-03-31,JJK,JHINJHAK,48.0,365
12428,2026-03-31,CNB,KANPUR CENTRAL,37.0,427
12428,2026-03-31,FTP,FATEHPUR,33.0,504
12428,2026-03-31,SRO,SIRATHU,35.0,564
12428,2026-03-31,PRYJ,PRAYAGRAJ JN,22.0,621
12428,2026-03-31,SRJ,SHANKARGARH,13.0,666
12428,2026-03-31,DBR,DABHAURA,13.0,699
12428,2026-03-31,MKP,MANIKPUR JN,0.0,721
12428,2026-03-31,JTW,JAITWAR,12.0,779
12428,2026-03-31,STA,SATNA,5.0,799
12428,2026-03-31,REWA,REWA,0.0,848
12428,2026-04-01,ANVT,ANAND VIHAR TRM,18.0,0
12428,2026-04-01,GZB,GHAZIABAD,64.0,13
12428,2026-04-01,ALJN,ALIGARH JN,11.0,119
12428,2026-04-01,JJK,JHINJHAK,8.0,365
12428,2026-04-01,CNB,KANPUR CENTRAL,25.0,427
12428,2026-04-01,FTP,FATEHPUR,27.0,504
12428,2026-04-01,SRO,SIRATHU,26.0,564
12428,2026-04-01,PRYJ,PRAYAGRAJ JN,14.0,621
12428,2026-04-01,SRJ,SHANKARGARH,7.0,666
12428,2026-04-01,DBR,DABHAURA,10.0,699
12428,2026-04-01,MKP,MANIKPUR JN,3.0,721
12428,2026-04-01,JTW,JAITWAR,15.0,779
12428,2026-04-01,STA,SATNA,18.0,799
12428,2026-04-01,REWA,REWA,-4.0,848
12428,2026-04-02,ANVT,ANAND VIHAR TRM,1.0,0
12428,2026-04-02,GZB,GHAZIABAD,5.0,13
12428,2026-04-02,ALJN,ALIGARH JN,18.0,119
12428,2026-04-02,JJK,JHINJHAK,15.0,365
12428,2026-04-02,CNB,KANPUR CENTRAL,10.0,427
12428,2026-04-02,FTP,FATEHPUR,13.0,504
12428,2026-04-02,SRO,SIRATHU,16.0,564
12428,2026-04-02,PRYJ,PRAYAGRAJ JN,0.0,621
12428,2026-04-02,SRJ,SHANKARGARH,0.0,666
12428,2026-04-02,DBR,DABHAURA,6.0,699
12428,2026-04-02,MKP,MANIKPUR JN,0.0,721
12428,2026-04-02,JTW,JAITWAR,16.0,779
12428,2026-04-02,STA,SATNA,15.0,799
12428,2026-04-02,REWA,REWA,-3.0,848
12428,2026-04-03,ANVT,ANAND VIHAR TRM,1.0,0
12428,2026-04-03,GZB,GHAZIABAD,6.0,13
12428,2026-04-03,ALJN,ALIGARH JN,19.0,119
12428,2026-04-03,JJK,JHINJHAK,12.0,365
12428,2026-04-03,CNB,KANPUR CENTRAL,11.0,427
12428,2026-04-03,FTP,FATEHPUR,12.0,504
12428,2026-04-03,SRO,SIRATHU,13.0,564
12428,2026-04-03,PRYJ,PRAYAGRAJ JN,0.0,621
12428,2026-04-03,SRJ,SHANKARGARH,10.0,666
12428,2026-04-03,DBR,DABHAURA,11.0,699
12428,2026-04-03,MKP,MANIKPUR JN,0.0,721
12428,2026-04-03,JTW,JAITWAR,10.0,779
12428,2026-04-03,STA,SATNA,4.0,799
12428,2026-04-03,REWA,REWA,-17.0,848
12428,2026-04-04,ANVT,ANAND VIHAR TRM,0.0,0
12428,2026-04-04,GZB,GHAZIABAD,13.0,13
12428,2026-04-04,ALJN,ALIGARH JN,20.0,119
12428,2026-04-04,JJK,JHINJHAK,17.0,365
12428,2026-04-04,CNB,KANPUR CENTRAL,8.0,427
12428,2026-04-04,FTP,FATEHPUR,7.0,504
12428,2026-04-04,SRO,SIRATHU,10.0,564
12428,2026-04-04,PRYJ,PRAYAGRAJ JN,0.0,621
12428,2026-04-04,SRJ,SHANKARGARH,13.0,666
12428,2026-04-04,DBR,DABHAURA,10.0,699
12428,2026-04-04,MKP,MANIKPUR JN,0.0,721
12428,2026-04-04,JTW,JAITWAR,4.0,779
12428,2026-04-04,STA,SATNA,6.0,799
12428,2026-04-04,REWA,REWA,-7.0,848
12428,2026-04-05,ANVT,ANAND VIHAR TRM,0.0,0
12428,2026-04-05,GZB,GHAZIABAD,10.0,13
12428,2026-04-05,ALJN,ALIGARH JN,14.0,119
12428,2026-04-05,JJK,JHINJHAK,12.0,365
12428,2026-04-05,CNB,KANPUR CENTRAL,9.0,427
12428,2026-04-05,FTP,FATEHPUR,14.0,504
12428,2026-04-05,SRO,SIRATHU,23.0,564
12428,2026-04-05,PRYJ,PRAYAGRAJ JN,12.0,621
12428,2026-04-05,SRJ,SHANKARGARH,0.0,666
12428,2026-04-05,DBR,DABHAURA,3.0,699
12428,2026-04-05,MKP,MANIKPUR JN,0.0,721
12428,2026-04-05,JTW,JAITWAR,11.0,779
12428,2026-04-05,STA,SATNA,9.0,799
12428,2026-04-05,REWA,REWA,-15.0,848
12428,2026-04-06,ANVT,ANAND VIHAR TRM,0.0,0
12428,2026-04-06,GZB,GHAZIABAD,4.0,13
12428,2026-04-06,ALJN,ALIGARH JN,6.0,119
12428,2026-04-06,JJK,JHINJHAK,6.0,365
12428,2026-04-06,CNB,KANPUR CENTRAL,1.0,427
12428,2026-04-06,FTP,FATEHPUR,2.0,504
12428,2026-04-06,SRO,SIRATHU,5.0,564
12428,2026-04-06,PRYJ,PRAYAGRAJ JN,1.0,621
12428,2026-04-06,SRJ,SHANKARGARH,5.0,666
12428,2026-04-06,DBR,DABHAURA,7.0,699
12428,2026-04-06,MKP,MANIKPUR JN,0.0,721
12428,2026-04-06,JTW,JAITWAR,5.0,779
12428,2026-04-06,STA,SATNA,11.0,799
12428,2026-04-06,REWA,REWA,-5.0,848
12428,2026-04-07,ANVT,ANAND VIHAR TRM,1.0,0
12428,2026-04-07,GZB,GHAZIABAD,6.0,13
12428,2026-04-07,ALJN,ALIGARH JN,27.0,119
12428,2026-04-07,JJK,JHINJHAK,16.0,365
12428,2026-04-07,CNB,KANPUR CENTRAL,23.0,427
12428,2026-04-07,FTP,FATEHPUR,23.0,504
12428,2026-04-07,SRO,SIRATHU,24.0,564
12428,2026-04-07,PRYJ,PRAYAGRAJ JN,0.0,621
12428,2026-04-07,SRJ,SHANKARGARH,1.0,666
12428,2026-04-07,DBR,DABHAURA,0.0,699
12428,2026-04-07,MKP,MANIKPUR JN,9.0,721
12428,2026-04-07,JTW,JAITWAR,29.0,779
12428,2026-04-07,STA,SATNA,24.0,799
12428,2026-04-07,REWA,REWA,8.0,848
12428,2026-04-08,ANVT,ANAND VIHAR TRM,0.0,0
12428,2026-04-08,GZB,GHAZIABAD,7.0,13
12428,2026-04-08,ALJN,ALIGARH JN,21.0,119
12428,2026-04-08,JJK,JHINJHAK,7.0,365
12428,2026-04-08,CNB,KANPUR CENTRAL,13.0,427
12428,2026-04-08,FTP,FATEHPUR,13.0,504
12428,2026-04-08,SRO,SIRATHU,15.0,564
12428,2026-04-08,PRYJ,PRAYAGRAJ JN,9.0,621
12428,2026-04-08,SRJ,SHANKARGARH,8.0,666
12428,2026-04-08,DBR,DABHAURA,6.0,699
12428,2026-04-08,MKP,MANIKPUR JN,0.0,721
12428,2026-04-08,JTW,JAITWAR,6.0,779
12428,2026-04-08,STA,SATNA,3.0,799
12428,2026-04-08,REWA,REWA,-19.0,848
12428,2026-04-09,ANVT,ANAND VIHAR TRM,0.0,0
12428,2026-04-09,GZB,GHAZIABAD,2.0,13
12428,2026-04-09,ALJN,ALIGARH JN,16.0,119
12428,2026-04-09,JJK,JHINJHAK,6.0,365
12428,2026-04-09,CNB,KANPUR CENTRAL,6.0,427
12428,2026-04-09,FTP,FATEHPUR,4.0,504
12428,2026-04-09,SRO,SIRATHU,23.0,564
12428,2026-04-09,PRYJ,PRAYAGRAJ JN,1.0,621
12428,2026-04-09,SRJ,SHANKARGARH,14.0,666
12428,2026-04-09,DBR,DABHAURA,23.0,699
12428,2026-04-09,MKP,MANIKPUR JN,0.0,721
12428,2026-04-09,JTW,JAITWAR,12.0,779
12428,2026-04-09,STA,SATNA,3.0,799
12428,2026-04-09,REWA,REWA,-12.0,848
12428,2026-04-10,ANVT,ANAND VIHAR TRM,1.0,0
12428,2026-04-10,GZB,GHAZIABAD,2.0,13
12428,2026-04-10,ALJN,ALIGARH JN,12.0,119
12428,2026-04-10,JJK,JHINJHAK,14.0,365
12428,2026-04-10,CNB,KANPUR CENTRAL,20.0,427
12428,2026-04-10,FTP,FATEHPUR,16.0,504
12428,2026-04-10,SRO,SIRATHU,18.0,564
12428,2026-04-10,PRYJ,PRAYAGRAJ JN,1.0,621
12428,2026-04-10,SRJ,SHANKARGARH,0.0,666
12428,2026-04-10,DBR,DABHAURA,4.0,699
12428,2026-04-10,MKP,MANIKPUR JN,1.0,721
12428,2026-04-10,JTW,JAITWAR,12.0,779
12428,2026-04-10,STA,SATNA,5.0,799
12428,2026-04-10,REWA,REWA,-4.0,848
12428,2026-04-11,ANVT,ANAND VIHAR TRM,0.0,0
12428,2026-04-11,GZB,GHAZIABAD,2.0,13
12428,2026-04-11,ALJN,ALIGARH JN,7.0,119
12428,2026-04-11,JJK,JHINJHAK,9.0,365
12428,2026-04-11,CNB,KANPUR CENTRAL,8.0,427
12428,2026-04-11,FTP,FATEHPUR,11.0,504
12428,2026-04-11,SRO,SIRATHU,9.0,564
12428,2026-04-11,PRYJ,PRAYAGRAJ JN,1.0,621
12428,2026-04-11,SRJ,SHANKARGARH,1.0,666
12428,2026-04-11,DBR,DABHAURA,1.0,699
12428,2026-04-11,MKP,MANIKPUR JN,0.0,721
12428,2026-04-11,JTW,JAITWAR,24.0,779
12428,2026-04-11,STA,SATNA,4.0,799
12428,2026-04-11,REWA,REWA,-7.0,848
12428,2026-04-12,ANVT,ANAND VIHAR TRM,1.0,0
12428,2026-04-12,GZB,GHAZIABAD,5.0,13
12428,2026-04-12,ALJN,ALIGARH JN,20.0,119
12428,2026-04-12,JJK,JHINJHAK,6.0,365
12428,2026-04-12,CNB,KANPUR CENTRAL,25.0,427
12428,2026-04-12,FTP,FATEHPUR,37.0,504
12428,2026-04-12,SRO,SIRATHU,36.0,564
12428,2026-04-12,PRYJ,PRAYAGRAJ JN,22.0,621
12428,2026-04-12,SRJ,SHANKARGARH,19.0,666
12428,2026-04-12,DBR,DABHAURA,18.0,699
12428,2026-04-12,MKP,MANIKPUR JN,0.0,721
12428,2026-04-12,JTW,JAITWAR,5.0,779
12428,2026-04-12,STA,SATNA,0.0,799
12428,2026-04-12,REWA,REWA,-21.0,848
12428,2026-04-13,ANVT,ANAND VIHAR TRM,0.0,0
12428,2026-04-13,GZB,GHAZIABAD,5.0,13
12428,2026-04-13,ALJN,ALIGARH JN,8.0,119
12428,2026-04-13,JJK,JHINJHAK,9.0,365
12428,2026-04-13,CNB,KANPUR CENTRAL,63.0,427
12428,2026-04-13,FTP,FATEHPUR,66.0,504
12428,2026-04-13,SRO,SIRATHU,67.0,564
12428,2026-04-13,PRYJ,PRAYAGRAJ JN,49.0,621
12428,2026-04-13,SRJ,SHANKARGARH,35.0,666
12428,2026-04-13,DBR,DABHAURA,36.0,699
12428,2026-04-13,MKP,MANIKPUR JN,14.0,721
12428,2026-04-13,JTW,JAITWAR,43.0,779
12428,2026-04-13,STA,SATNA,41.0,799
12428,2026-04-13,REWA,REWA,13.0,848
12428,2026-04-14,ANVT,ANAND VIHAR TRM,0.0,0
12428,2026-04-14,GZB,GHAZIABAD,39.0,13
12428,2026-04-14,ALJN,ALIGARH JN,55.0,119
12428,2026-04-14,JJK,JHINJHAK,36.0,365
12428,2026-04-14,CNB,KANPUR CENTRAL,30.0,427
12428,2026-04-14,FTP,FATEHPUR,29.0,504
12428,2026-04-14,SRO,SIRATHU,29.0,564
12428,2026-04-14,PRYJ,PRAYAGRAJ JN,12.0,621
12428,2026-04-14,SRJ,SHANKARGARH,9.0,666
12428,2026-04-14,DBR,DABHAURA,14.0,699
12428,2026-04-14,MKP,MANIKPUR JN,0.0,721
12428,2026-04-14,JTW,JAITWAR,7.0,779
12428,2026-04-14,STA,SATNA,4.0,799
12428,2026-04-14,REWA,REWA,-9.0,848
12428,2026-04-15,ANVT,ANAND VIHAR TRM,4.0,0
12428,2026-04-15,GZB,GHAZIABAD,74.0,13
12428,2026-04-15,ALJN,ALIGARH JN,72.0,119
12428,2026-04-15,JJK,JHINJHAK,61.0,365
12428,2026-04-15,CNB,KANPUR CENTRAL,81.0,427
12428,2026-04-15,FTP,FATEHPUR,78.0,504
12428,2026-04-15,SRO,SIRATHU,76.0,564
12428,2026-04-15,PRYJ,PRAYAGRAJ JN,57.0,621
12428,2026-04-15,SRJ,SHANKARGARH,61.0,666
12428,2026-04-15,DBR,DABHAURA,64.0,699
12428,2026-04-15,MKP,MANIKPUR JN,44.0,721
12428,2026-04-15,JTW,JAITWAR,51.0,779
12428,2026-04-15,STA,SATNA,53.0,799
12428,2026-04-15,REWA,REWA,34.0,848
12428,2026-04-16,ANVT,ANAND VIHAR TRM,1.0,0
12428,2026-04-16,GZB,GHAZIABAD,2.0,13
12428,2026-04-16,ALJN,ALIGARH JN,17.0,119
12428,2026-04-16,JJK,JHINJHAK,16.0,365
12428,2026-04-16,CNB,KANPUR CENTRAL,20.0,427
12428,2026-04-16,FTP,FATEHPUR,21.0,504
12428,2026-04-16,SRO,SIRATHU,20.0,564
12428,2026-04-16,PRYJ,PRAYAGRAJ JN,0.0,621
12428,2026-04-16,SRJ,SHANKARGARH,10.0,666
12428,2026-04-16,DBR,DABHAURA,8.0,699
12428,2026-04-16,MKP,MANIKPUR JN,0.0,721
12428,2026-04-16,JTW,JAITWAR,14.0,779
12428,2026-04-16,STA,SATNA,7.0,799
12428,2026-04-16,REWA,REWA,-15.0,848
12428,2026-04-17,ANVT,ANAND VIHAR TRM,0.0,0
12428,2026-04-17,GZB,GHAZIABAD,0.0,13
12428,2026-04-17,ALJN,ALIGARH JN,24.0,119
12428,2026-04-17,JJK,JHINJHAK,17.0,365
12428,2026-04-17,CNB,KANPUR CENTRAL,21.0,427
12428,2026-04-17,FTP,FATEHPUR,21.0,504
12428,2026-04-17,SRO,SIRATHU,19.0,564
12428,2026-04-17,PRYJ,PRAYAGRAJ JN,15.0,621
12428,2026-04-17,SRJ,SHANKARGARH,7.0,666
12428,2026-04-17,DBR,DABHAURA,6.0,699
12428,2026-04-17,MKP,MANIKPUR JN,1.0,721
12428,2026-04-17,JTW,JAITWAR,7.0,779
12428,2026-04-17,STA,SATNA,0.0,799
12428,2026-04-17,REWA,REWA,-25.0,848
12428,2026-04-18,ANVT,ANAND VIHAR TRM,0.0,0
12428,2026-04-18,GZB,GHAZIABAD,3.0,13
12428,2026-04-18,ALJN,ALIGARH JN,23.0,119
12428,2026-04-18,JJK,JHINJHAK,20.0,365
12428,2026-04-18,CNB,KANPUR CENTRAL,26.0,427
12428,2026-04-18,FTP,FATEHPUR,26.0,504
12428,2026-04-18,SRO,SIRATHU,26.0,564
12428,2026-04-18,PRYJ,PRAYAGRAJ JN,10.0,621
12428,2026-04-18,SRJ,SHANKARGARH,6.0,666
12428,2026-04-18,DBR,DABHAURA,6.0,699
12428,2026-04-18,MKP,MANIKPUR JN,0.0,721
12428,2026-04-18,JTW,JAITWAR,12.0,779
12428,2026-04-18,STA,SATNA,7.0,799
12428,2026-04-18,REWA,REWA,-11.0,848
12428,2026-04-19,ANVT,ANAND VIHAR TRM,0.0,0
12428,2026-04-19,GZB,GHAZIABAD,4.0,13
12428,2026-04-19,ALJN,ALIGARH JN,11.0,119
12428,2026-04-19,JJK,JHINJHAK,7.0,365
12428,2026-04-19,CNB,KANPUR CENTRAL,14.0,427
12428,2026-04-19,FTP,FATEHPUR,14.0,504
12428,2026-04-19,SRO,SIRATHU,18.0,564
12428,2026-04-19,PRYJ,PRAYAGRAJ JN,4.0,621
12428,2026-04-19,SRJ,SHANKARGARH,0.0,666
12428,2026-04-19,DBR,DABHAURA,0.0,699
12428,2026-04-19,MKP,MANIKPUR JN,0.0,721
12428,2026-04-19,JTW,JAITWAR,8.0,779
12428,2026-04-19,STA,SATNA,1.0,799
12428,2026-04-19,REWA,REWA,-24.0,848
12428,2026-04-20,ANVT,ANAND VIHAR TRM,0.0,0
12428,2026-04-20,GZB,GHAZIABAD,8.0,13
12428,2026-04-20,ALJN,ALIGARH JN,29.0,119
12428,2026-04-20,JJK,JHINJHAK,29.0,365
12428,2026-04-20,CNB,KANPUR CENTRAL,34.0,427
12428,2026-04-20,FTP,FATEHPUR,32.0,504
12428,2026-04-20,SRO,SIRATHU,31.0,564
12428,2026-04-20,PRYJ,PRAYAGRAJ JN,4.0,621
12428,2026-04-20,SRJ,SHANKARGARH,12.0,666
12428,2026-04-20,DBR,DABHAURA,11.0,699
12428,2026-04-20,MKP,MANIKPUR JN,0.0,721
12428,2026-04-20,JTW,JAITWAR,16.0,779
12428,2026-04-20,STA,SATNA,8.0,799
12428,2026-04-20,REWA,REWA,-16.0,848
12428,2026-04-21,ANVT,ANAND VIHAR TRM,2.0,0
12428,2026-04-21,GZB,GHAZIABAD,0.0,13
12428,2026-04-21,ALJN,ALIGARH JN,95.0,119
12428,2026-04-21,JJK,JHINJHAK,113.0,365
12428,2026-04-21,CNB,KANPUR CENTRAL,104.0,427
12428,2026-04-21,FTP,FATEHPUR,103.0,504
12428,2026-04-21,SRO,SIRATHU,106.0,564
12428,2026-04-21,PRYJ,PRAYAGRAJ JN,122.0,621
12428,2026-04-21,SRJ,SHANKARGARH,128.0,666
12428,2026-04-21,DBR,DABHAURA,133.0,699
12428,2026-04-21,MKP,MANIKPUR JN,111.0,721
12428,2026-04-21,JTW,JAITWAR,117.0,779
12428,2026-04-21,STA,SATNA,100.0,799
12428,2026-04-21,REWA,REWA,97.0,848
12428,2026-04-22,ANVT,ANAND VIHAR TRM,0.0,0
12428,2026-04-22,GZB,GHAZIABAD,4.0,13
12428,2026-04-22,ALJN,ALIGARH JN,19.0,119
12428,2026-04-22,JJK,JHINJHAK,12.0,365
12428,2026-04-22,CNB,KANPUR CENTRAL,15.0,427
12428,2026-04-22,FTP,FATEHPUR,22.0,504
12428,2026-04-22,SRO,SIRATHU,21.0,564
12428,2026-04-22,PRYJ,PRAYAGRAJ JN,2.0,621
12428,2026-04-22,SRJ,SHANKARGARH,11.0,666
12428,2026-04-22,DBR,DABHAURA,11.0,699
12428,2026-04-22,MKP,MANIKPUR JN,0.0,721
12428,2026-04-22,JTW,JAITWAR,16.0,779
12428,2026-04-22,STA,SATNA,11.0,799
12428,2026-04-22,REWA,REWA,-11.0,848
12428,2026-04-23,ANVT,ANAND VIHAR TRM,0.0,0
12428,2026-04-23,GZB,GHAZIABAD,3.0,13
12428,2026-04-23,ALJN,ALIGARH JN,19.0,119
12428,2026-04-23,JJK,JHINJHAK,13.0,365
12428,2026-04-23,CNB,KANPUR CENTRAL,19.0,427
12428,2026-04-23,FTP,FATEHPUR,17.0,504
12428,2026-04-23,SRO,SIRATHU,17.0,564
12428,2026-04-23,PRYJ,PRAYAGRAJ JN,2.0,621
12428,2026-04-23,SRJ,SHANKARGARH,1.0,666
12428,2026-04-23,DBR,DABHAURA,1.0,699
12428,2026-04-23,MKP,MANIKPUR JN,1.0,721
12428,2026-04-23,JTW,JAITWAR,23.0,779
12428,2026-04-23,STA,SATNA,22.0,799
12428,2026-04-23,REWA,REWA,9.0,848
12428,2026-04-24,ANVT,ANAND VIHAR TRM,1.0,0
12428,2026-04-24,GZB,GHAZIABAD,10.0,13
12428,2026-04-24,ALJN,ALIGARH JN,29.0,119
12428,2026-04-24,JJK,JHINJHAK,32.0,365
12428,2026-04-24,CNB,KANPUR CENTRAL,35.0,427
12428,2026-04-24,FTP,FATEHPUR,34.0,504
12428,2026-04-24,SRO,SIRATHU,36.0,564
12428,2026-04-24,PRYJ,PRAYAGRAJ JN,12.0,621
12428,2026-04-24,SRJ,SHANKARGARH,16.0,666
12428,2026-04-24,DBR,DABHAURA,15.0,699
12428,2026-04-24,MKP,MANIKPUR JN,0.0,721
12428,2026-04-24,JTW,JAITWAR,10.0,779
12428,2026-04-24,STA,SATNA,3.0,799
12428,2026-04-24,REWA,REWA,-11.0,848
12428,2026-04-25,ANVT,ANAND VIHAR TRM,0.0,0
12428,2026-04-25,GZB,GHAZIABAD,3.0,13
12428,2026-04-25,ALJN,ALIGARH JN,17.0,119
12428,2026-04-25,JJK,JHINJHAK,12.0,365
12428,2026-04-25,CNB,KANPUR CENTRAL,49.0,427
12428,2026-04-25,FTP,FATEHPUR,66.0,504
12428,2026-04-25,SRO,SIRATHU,64.0,564
12428,2026-04-25,PRYJ,PRAYAGRAJ JN,40.0,621
12428,2026-04-25,SRJ,SHANKARGARH,33.0,666
12428,2026-04-25,DBR,DABHAURA,32.0,699
12428,2026-04-25,MKP,MANIKPUR JN,9.0,721
12428,2026-04-25,JTW,JAITWAR,32.0,779
12428,2026-04-25,STA,SATNA,16.0,799
12428,2026-04-25,REWA,REWA,3.0,848
12428,2026-04-26,ANVT,ANAND VIHAR TRM,0.0,0
12428,2026-04-26,GZB,GHAZIABAD,3.0,13
12428,2026-04-26,ALJN,ALIGARH JN,7.0,119
12428,2026-04-26,JJK,JHINJHAK,14.0,365
12428,2026-04-26,CNB,KANPUR CENTRAL,8.0,427
12428,2026-04-26,FTP,FATEHPUR,6.0,504
12428,2026-04-26,SRO,SIRATHU,4.0,564
12428,2026-04-26,PRYJ,PRAYAGRAJ JN,2.0,621
12428,2026-04-26,SRJ,SHANKARGARH,23.0,666
12428,2026-04-26,DBR,DABHAURA,22.0,699
12428,2026-04-26,MKP,MANIKPUR JN,0.0,721
12428,2026-04-26,JTW,JAITWAR,7.0,779
12428,2026-04-26,STA,SATNA,3.0,799
12428,2026-04-26,REWA,REWA,-22.0,848
12428,2026-04-27,ANVT,ANAND VIHAR TRM,1.0,0
12428,2026-04-27,GZB,GHAZIABAD,0.0,13
12428,2026-04-27,ALJN,ALIGARH JN,12.0,119
12428,2026-04-27,JJK,JHINJHAK,14.0,365
12428,2026-04-27,CNB,KANPUR CENTRAL,22.0,427
12428,2026-04-27,FTP,FATEHPUR,25.0,504
12428,2026-04-27,SRO,SIRATHU,33.0,564
12428,2026-04-27,PRYJ,PRAYAGRAJ JN,6.0,621
12428,2026-04-27,SRJ,SHANKARGARH,3.0,666
12428,2026-04-27,DBR,DABHAURA,3.0,699
12428,2026-04-27,MKP,MANIKPUR JN,0.0,721
12428,2026-04-27,JTW,JAITWAR,9.0,779
12428,2026-04-27,STA,SATNA,5.0,799
12428,2026-04-27,REWA,REWA,-1.0,848
12428,2026-04-28,ANVT,ANAND VIHAR TRM,1.0,0
12428,2026-04-28,GZB,GHAZIABAD,7.0,13
12428,2026-04-28,ALJN,ALIGARH JN,12.0,119
12428,2026-04-28,JJK,JHINJHAK,13.0,365
12428,2026-04-28,CNB,KANPUR CENTRAL,18.0,427
12428,2026-04-28,FTP,FATEHPUR,20.0,504
12428,2026-04-28,SRO,SIRATHU,20.0,564
12428,2026-04-28,PRYJ,PRAYAGRAJ JN,1.0,621
12428,2026-04-28,SRJ,SHANKARGARH,7.0,666
12428,2026-04-28,DBR,DABHAURA,7.0,699
12428,2026-04-28,MKP,MANIKPUR JN,0.0,721
12428,2026-04-28,JTW,JAITWAR,12.0,779
12428,2026-04-28,STA,SATNA,11.0,799
12428,2026-04-28,REWA,REWA,-10.0,848
12428,2026-04-29,ANVT,ANAND VIHAR TRM,0.0,0
12428,2026-04-29,GZB,GHAZIABAD,2.0,13
12428,2026-04-29,ALJN,ALIGARH JN,17.0,119
12428,2026-04-29,JJK,JHINJHAK,12.0,365
12428,2026-04-29,CNB,KANPUR CENTRAL,26.0,427
12428,2026-04-29,FTP,FATEHPUR,28.0,504
12428,2026-04-29,SRO,SIRATHU,27.0,564
12428,2026-04-29,PRYJ,PRAYAGRAJ JN,25.0,621
12428,2026-04-29,SRJ,SHANKARGARH,22.0,666
12428,2026-04-29,DBR,DABHAURA,24.0,699
12428,2026-04-29,MKP,MANIKPUR JN,8.0,721
12428,2026-04-29,JTW,JAITWAR,22.0,779
12428,2026-04-29,STA,SATNA,20.0,799
12428,2026-04-29,REWA,REWA,8.0,848
12428,2026-04-30,ANVT,ANAND VIHAR TRM,5.0,0
12428,2026-04-30,GZB,GHAZIABAD,2.0,13
12428,2026-04-30,ALJN,ALIGARH JN,29.0,119
12428,2026-04-30,JJK,JHINJHAK,73.0,365
12428,2026-04-30,CNB,KANPUR CENTRAL,64.0,427
12428,2026-04-30,FTP,FATEHPUR,44.0,504
12428,2026-04-30,SRO,SIRATHU,33.0,564
12428,2026-04-30,PRYJ,PRAYAGRAJ JN,27.0,621
12428,2026-04-30,SRJ,SHANKARGARH,16.0,666
12428,2026-04-30,DBR,DABHAURA,12.0,699
12428,2026-04-30,MKP,MANIKPUR JN,0.0,721
12428,2026-04-30,JTW,JAITWAR,33.0,779
12428,2026-04-30,STA,SATNA,20.0,799
12428,2026-04-30,REWA,REWA,11.0,848
12428,2026-05-01,ANVT,ANAND VIHAR TRM,0.0,0
12428,2026-05-01,GZB,GHAZIABAD,9.0,13
12428,2026-05-01,ALJN,ALIGARH JN,9.0,119
12428,2026-05-01,JJK,JHINJHAK,16.0,365
12428,2026-05-01,CNB,KANPUR CENTRAL,18.0,427
12428,2026-05-01,FTP,FATEHPUR,19.0,504
12428,2026-05-01,SRO,SIRATHU,17.0,564
12428,2026-05-01,PRYJ,PRAYAGRAJ JN,2.0,621
12428,2026-05-01,SRJ,SHANKARGARH,4.0,666
12428,2026-05-01,DBR,DABHAURA,4.0,699
12428,2026-05-01,MKP,MANIKPUR JN,0.0,721
12428,2026-05-01,JTW,JAITWAR,15.0,779
12428,2026-05-01,STA,SATNA,10.0,799
12428,2026-05-01,REWA,REWA,-8.0,848
12428,2026-05-02,ANVT,ANAND VIHAR TRM,0.0,0
12428,2026-05-02,GZB,GHAZIABAD,3.0,13
12428,2026-05-02,ALJN,ALIGARH JN,3.0,119
12428,2026-05-02,JJK,JHINJHAK,12.0,365
12428,2026-05-02,CNB,KANPUR CENTRAL,13.0,427
12428,2026-05-02,FTP,FATEHPUR,12.0,504
12428,2026-05-02,SRO,SIRATHU,10.0,564
12428,2026-05-02,PRYJ,PRAYAGRAJ JN,0.0,621
12428,2026-05-02,SRJ,SHANKARGARH,11.0,666
12428,2026-05-02,DBR,DABHAURA,10.0,699
12428,2026-05-02,MKP,MANIKPUR JN,0.0,721
12428,2026-05-02,JTW,JAITWAR,8.0,779
12428,2026-05-02,STA,SATNA,9.0,799
12428,2026-05-02,REWA,REWA,-15.0,848
12428,2026-05-03,ANVT,ANAND VIHAR TRM,0.0,0
12428,2026-05-03,GZB,GHAZIABAD,9.0,13
12428,2026-05-03,ALJN,ALIGARH JN,23.0,119
12428,2026-05-03,JJK,JHINJHAK,31.0,365
12428,2026-05-03,CNB,KANPUR CENTRAL,23.0,427
12428,2026-05-03,FTP,FATEHPUR,39.0,504
12428,2026-05-03,SRO,SIRATHU,40.0,564
12428,2026-05-03,PRYJ,PRAYAGRAJ JN,12.0,621
12428,2026-05-03,SRJ,SHANKARGARH,0.0,666
12428,2026-05-03,DBR,DABHAURA,0.0,699
12428,2026-05-03,MKP,MANIKPUR JN,0.0,721
12428,2026-05-03,JTW,JAITWAR,5.0,779
12428,2026-05-03,STA,SATNA,0.0,799
12428,2026-05-03,REWA,REWA,-19.0,848
12428,2026-05-04,ANVT,ANAND VIHAR TRM,1.0,0
12428,2026-05-04,GZB,GHAZIABAD,2.0,13
12428,2026-05-04,ALJN,ALIGARH JN,5.0,119
12428,2026-05-04,JJK,JHINJHAK,8.0,365
12428,2026-05-04,CNB,KANPUR CENTRAL,8.0,427
12428,2026-05-04,FTP,FATEHPUR,9.0,504
12428,2026-05-04,SRO,SIRATHU,14.0,564
12428,2026-05-04,PRYJ,PRAYAGRAJ JN,6.0,621
12428,2026-05-04,SRJ,SHANKARGARH,14.0,666
12428,2026-05-04,DBR,DABHAURA,17.0,699
12428,2026-05-04,MKP,MANIKPUR JN,0.0,721
12428,2026-05-04,JTW,JAITWAR,13.0,779
12428,2026-05-04,STA,SATNA,8.0,799
12428,2026-05-04,REWA,REWA,-16.0,848
12428,2026-05-05,ANVT,ANAND VIHAR TRM,1.0,0
12428,2026-05-05,GZB,GHAZIABAD,4.0,13
12428,2026-05-05,ALJN,ALIGARH JN,12.0,119
12428,2026-05-05,JJK,JHINJHAK,20.0,365
12428,2026-05-05,CNB,KANPUR CENTRAL,16.0,427
12428,2026-05-05,FTP,FATEHPUR,18.0,504
12428,2026-05-05,SRO,SIRATHU,17.0,564
12428,2026-05-05,PRYJ,PRAYAGRAJ JN,0.0,621
12428,2026-05-05,SRJ,SHANKARGARH,12.0,666
12428,2026-05-05,DBR,DABHAURA,12.0,699
12428,2026-05-05,MKP,MANIKPUR JN,0.0,721
12428,2026-05-05,JTW,JAITWAR,13.0,779
12428,2026-05-05,STA,SATNA,7.0,799
12428,2026-05-05,REWA,REWA,-17.0,848
12428,2026-05-06,ANVT,ANAND VIHAR TRM,0.0,0
12428,2026-05-06,GZB,GHAZIABAD,5.0,13
12428,2026-05-06,ALJN,ALIGARH JN,10.0,119
12428,2026-05-06,JJK,JHINJHAK,14.0,365
12428,2026-05-06,CNB,KANPUR CENTRAL,24.0,427
12428,2026-05-06,FTP,FATEHPUR,23.0,504
12428,2026-05-06,SRO,SIRATHU,24.0,564
12428,2026-05-06,PRYJ,PRAYAGRAJ JN,0.0,621
12428,2026-05-06,SRJ,SHANKARGARH,3.0,666
12428,2026-05-06,DBR,DABHAURA,3.0,699
12428,2026-05-06,MKP,MANIKPUR JN,0.0,721
12428,2026-05-06,JTW,JAITWAR,22.0,779
12428,2026-05-06,STA,SATNA,15.0,799
12428,2026-05-06,REWA,REWA,-3.0,848
12428,2026-05-07,ANVT,ANAND VIHAR TRM,0.0,0
12428,2026-05-07,GZB,GHAZIABAD,2.0,13
12428,2026-05-07,ALJN,ALIGARH JN,8.0,119
12428,2026-05-07,JJK,JHINJHAK,11.0,365
12428,2026-05-07,CNB,KANPUR CENTRAL,18.0,427
12428,2026-05-07,FTP,FATEHPUR,23.0,504
12428,2026-05-07,SRO,SIRATHU,25.0,564
12428,2026-05-07,PRYJ,PRAYAGRAJ JN,6.0,621
12428,2026-05-07,SRJ,SHANKARGARH,13.0,666
12428,2026-05-07,DBR,DABHAURA,13.0,699
12428,2026-05-07,MKP,MANIKPUR JN,1.0,721
12428,2026-05-07,JTW,JAITWAR,18.0,779
12428,2026-05-07,STA,SATNA,11.0,799
12428,2026-05-07,REWA,REWA,-12.0,848
12428,2026-05-08,ANVT,ANAND VIHAR TRM,1.0,0
12428,2026-05-08,GZB,GHAZIABAD,0.0,13
12428,2026-05-08,ALJN,ALIGARH JN,7.0,119
12428,2026-05-08,JJK,JHINJHAK,45.0,365
12428,2026-05-08,CNB,KANPUR CENTRAL,52.0,427
12428,2026-05-08,FTP,FATEHPUR,57.0,504
12428,2026-05-08,SRO,SIRATHU,57.0,564
12428,2026-05-08,PRYJ,PRAYAGRAJ JN,32.0,621
12428,2026-05-08,SRJ,SHANKARGARH,19.0,666
12428,2026-05-08,DBR,DABHAURA,18.0,699
12428,2026-05-08,MKP,MANIKPUR JN,0.0,721
12428,2026-05-08,JTW,JAITWAR,6.0,779
12428,2026-05-08,STA,SATNA,1.0,799
12428,2026-05-08,REWA,REWA,-18.0,848
12428,2026-05-09,ANVT,ANAND VIHAR TRM,0.0,0
12428,2026-05-09,GZB,GHAZIABAD,4.0,13
12428,2026-05-09,ALJN,ALIGARH JN,2.0,119
12428,2026-05-09,JJK,JHINJHAK,14.0,365
12428,2026-05-09,CNB,KANPUR CENTRAL,14.0,427
12428,2026-05-09,FTP,FATEHPUR,20.0,504
12428,2026-05-09,SRO,SIRATHU,19.0,564
12428,2026-05-09,PRYJ,PRAYAGRAJ JN,3.0,621
12428,2026-05-09,SRJ,SHANKARGARH,1.0,666
12428,2026-05-09,DBR,DABHAURA,0.0,699
12428,2026-05-09,MKP,MANIKPUR JN,0.0,721
12428,2026-05-09,JTW,JAITWAR,6.0,779
12428,2026-05-09,STA,SATNA,0.0,799
12428,2026-05-09,REWA,REWA,-14.0,848
12428,2026-05-10,ANVT,ANAND VIHAR TRM,0.0,0
12428,2026-05-10,GZB,GHAZIABAD,5.0,13
12428,2026-05-10,ALJN,ALIGARH JN,5.0,119
12428,2026-05-10,JJK,JHINJHAK,26.0,365
12428,2026-05-10,CNB,KANPUR CENTRAL,26.0,427
12428,2026-05-10,FTP,FATEHPUR,30.0,504
12428,2026-05-10,SRO,SIRATHU,30.0,564
12428,2026-05-10,PRYJ,PRAYAGRAJ JN,2.0,621
12428,2026-05-10,SRJ,SHANKARGARH,2.0,666
12428,2026-05-10,DBR,DABHAURA,20.0,699
12428,2026-05-10,MKP,MANIKPUR JN,0.0,721
12428,2026-05-10,JTW,JAITWAR,5.0,779
12428,2026-05-10,STA,SATNA,2.0,799
12428,2026-05-10,REWA,REWA,-24.0,848
12428,2026-05-11,ANVT,ANAND VIHAR TRM,0.0,0
12428,2026-05-11,GZB,GHAZIABAD,3.0,13
12428,2026-05-11,ALJN,ALIGARH JN,3.0,119
12428,2026-05-11,JJK,JHINJHAK,26.0,365
12428,2026-05-11,CNB,KANPUR CENTRAL,33.0,427
12428,2026-05-11,FTP,FATEHPUR,29.0,504
12428,2026-05-11,SRO,SIRATHU,28.0,564
12428,2026-05-11,PRYJ,PRAYAGRAJ JN,34.0,621
12428,2026-05-11,SRJ,SHANKARGARH,24.0,666
12428,2026-05-11,DBR,DABHAURA,23.0,699
12428,2026-05-11,MKP,MANIKPUR JN,4.0,721
12428,2026-05-11,JTW,JAITWAR,7.0,779
12428,2026-05-11,STA,SATNA,2.0,799
12428,2026-05-11,REWA,REWA,-24.0,848
12428,2026-05-12,ANVT,ANAND VIHAR TRM,0.0,0
12428,2026-05-12,GZB,GHAZIABAD,4.0,13
12428,2026-05-12,ALJN,ALIGARH JN,6.0,119
12428,2026-05-12,JJK,JHINJHAK,18.0,365
12428,2026-05-12,CNB,KANPUR CENTRAL,27.0,427
12428,2026-05-12,FTP,FATEHPUR,24.0,504
12428,2026-05-12,SRO,SIRATHU,26.0,564
12428,2026-05-12,PRYJ,PRAYAGRAJ JN,18.0,621
12428,2026-05-12,SRJ,SHANKARGARH,28.0,666
12428,2026-05-12,DBR,DABHAURA,31.0,699
12428,2026-05-12,MKP,MANIKPUR JN,8.0,721
12428,2026-05-12,JTW,JAITWAR,19.0,779
12428,2026-05-12,STA,SATNA,15.0,799
12428,2026-05-12,REWA,REWA,-14.0,848
12428,2026-05-13,ANVT,ANAND VIHAR TRM,1.0,0
12428,2026-05-13,GZB,GHAZIABAD,5.0,13
12428,2026-05-13,ALJN,ALIGARH JN,21.0,119
12428,2026-05-13,JJK,JHINJHAK,23.0,365
12428,2026-05-13,CNB,KANPUR CENTRAL,29.0,427
12428,2026-05-13,FTP,FATEHPUR,37.0,504
12428,2026-05-13,SRO,SIRATHU,38.0,564
12428,2026-05-13,PRYJ,PRAYAGRAJ JN,20.0,621
12428,2026-05-13,SRJ,SHANKARGARH,11.0,666
12428,2026-05-13,DBR,DABHAURA,19.0,699
12428,2026-05-13,MKP,MANIKPUR JN,0.0,721
12428,2026-05-13,JTW,JAITWAR,8.0,779
12428,2026-05-13,STA,SATNA,3.0,799
12428,2026-05-13,REWA,REWA,-4.0,848
12428,2026-05-14,ANVT,ANAND VIHAR TRM,0.0,0
12428,2026-05-14,GZB,GHAZIABAD,0.0,13
12428,2026-05-14,ALJN,ALIGARH JN,4.0,119
12428,2026-05-14,JJK,JHINJHAK,8.0,365
12428,2026-05-14,CNB,KANPUR CENTRAL,8.0,427
12428,2026-05-14,FTP,FATEHPUR,9.0,504
12428,2026-05-14,SRO,SIRATHU,12.0,564
12428,2026-05-14,PRYJ,PRAYAGRAJ JN,3.0,621
12428,2026-05-14,SRJ,SHANKARGARH,0.0,666
12428,2026-05-14,DBR,DABHAURA,1.0,699
12428,2026-05-14,MKP,MANIKPUR JN,0.0,721
12428,2026-05-14,JTW,JAITWAR,8.0,779
12428,2026-05-14,STA,SATNA,2.0,799
12428,2026-05-14,REWA,REWA,-17.0,848
12428,2026-05-15,ANVT,ANAND VIHAR TRM,1.0,0
12428,2026-05-15,GZB,GHAZIABAD,2.0,13
12428,2026-05-15,ALJN,ALIGARH JN,13.0,119
12428,2026-05-15,JJK,JHINJHAK,13.0,365
12428,2026-05-15,CNB,KANPUR CENTRAL,22.0,427
12428,2026-05-15,FTP,FATEHPUR,26.0,504
12428,2026-05-15,SRO,SIRATHU,27.0,564
12428,2026-05-15,PRYJ,PRAYAGRAJ JN,0.0,621
12428,2026-05-15,SRJ,SHANKARGARH,5.0,666
12428,2026-05-15,DBR,DABHAURA,5.0,699
12428,2026-05-15,MKP,MANIKPUR JN,0.0,721
12428,2026-05-15,JTW,JAITWAR,7.0,779
12428,2026-05-15,STA,SATNA,10.0,799
12428,2026-05-15,REWA,REWA,-14.0,848
12428,2026-05-16,ANVT,ANAND VIHAR TRM,0.0,0
12428,2026-05-16,GZB,GHAZIABAD,2.0,13
12428,2026-05-16,ALJN,ALIGARH JN,20.0,119
12428,2026-05-16,JJK,JHINJHAK,30.0,365
12428,2026-05-16,CNB,KANPUR CENTRAL,27.0,427
12428,2026-05-16,FTP,FATEHPUR,28.0,504
12428,2026-05-16,SRO,SIRATHU,30.0,564
12428,2026-05-16,PRYJ,PRAYAGRAJ JN,16.0,621
12428,2026-05-16,SRJ,SHANKARGARH,10.0,666
12428,2026-05-16,DBR,DABHAURA,16.0,699
12428,2026-05-16,MKP,MANIKPUR JN,0.0,721
12428,2026-05-16,JTW,JAITWAR,5.0,779
12428,2026-05-16,STA,SATNA,1.0,799
12428,2026-05-16,REWA,REWA,-20.0,848
12428,2026-05-17,ANVT,ANAND VIHAR TRM,0.0,0
12428,2026-05-17,GZB,GHAZIABAD,73.0,13
12428,2026-05-17,ALJN,ALIGARH JN,76.0,119
12428,2026-05-17,JJK,JHINJHAK,93.0,365
12428,2026-05-17,CNB,KANPUR CENTRAL,115.0,427
12428,2026-05-17,FTP,FATEHPUR,113.0,504
12428,2026-05-17,SRO,SIRATHU,112.0,564
12428,2026-05-17,PRYJ,PRAYAGRAJ JN,113.0,621
12428,2026-05-17,SRJ,SHANKARGARH,119.0,666
12428,2026-05-17,DBR,DABHAURA,121.0,699
12428,2026-05-17,MKP,MANIKPUR JN,99.0,721
12428,2026-05-17,JTW,JAITWAR,114.0,779
12428,2026-05-17,STA,SATNA,473.0,799
12428,2026-05-17,REWA,REWA,459.0,848
12428,2026-05-18,ANVT,ANAND VIHAR TRM,0.0,0
12428,2026-05-18,GZB,GHAZIABAD,3.0,13
12428,2026-05-18,ALJN,ALIGARH JN,7.0,119
12428,2026-05-18,JJK,JHINJHAK,20.0,365
12428,2026-05-18,CNB,KANPUR CENTRAL,24.0,427
12428,2026-05-18,FTP,FATEHPUR,24.0,504
12428,2026-05-18,SRO,SIRATHU,24.0,564
12428,2026-05-18,PRYJ,PRAYAGRAJ JN,11.0,621
12428,2026-05-18,SRJ,SHANKARGARH,4.0,666
12428,2026-05-18,DBR,DABHAURA,3.0,699
12428,2026-05-18,MKP,MANIKPUR JN,0.0,721
12428,2026-05-18,JTW,JAITWAR,64.0,779
12428,2026-05-18,STA,SATNA,77.0,799
12428,2026-05-18,REWA,REWA,62.0,848
12428,2026-05-19,ANVT,ANAND VIHAR TRM,0.0,0
12428,2026-05-19,GZB,GHAZIABAD,3.0,13
12428,2026-05-19,ALJN,ALIGARH JN,33.0,119
12428,2026-05-19,JJK,JHINJHAK,33.0,365
12428,2026-05-19,CNB,KANPUR CENTRAL,44.0,427
12428,2026-05-19,FTP,FATEHPUR,50.0,504
12428,2026-05-19,SRO,SIRATHU,49.0,564
12428,2026-05-19,PRYJ,PRAYAGRAJ JN,28.0,621
12428,2026-05-19,SRJ,SHANKARGARH,11.0,666
12428,2026-05-19,DBR,DABHAURA,20.0,699
12428,2026-05-19,MKP,MANIKPUR JN,1.0,721
12428,2026-05-19,JTW,JAITWAR,0.0,779
12428,2026-05-19,STA,SATNA,1.0,799
12428,2026-05-19,REWA,REWA,-11.0,848
12428,2026-05-20,ANVT,ANAND VIHAR TRM,77.0,0
12428,2026-05-20,GZB,GHAZIABAD,79.0,13
12428,2026-05-20,ALJN,ALIGARH JN,83.0,119
12428,2026-05-20,JJK,JHINJHAK,82.0,365
12428,2026-05-20,CNB,KANPUR CENTRAL,112.0,427
12428,2026-05-20,FTP,FATEHPUR,113.0,504
12428,2026-05-20,SRO,SIRATHU,112.0,564
12428,2026-05-20,PRYJ,PRAYAGRAJ JN,101.0,621
12428,2026-05-20,SRJ,SHANKARGARH,91.0,666
12428,2026-05-20,DBR,DABHAURA,95.0,699
12428,2026-05-20,MKP,MANIKPUR JN,71.0,721
12428,2026-05-20,JTW,JAITWAR,82.0,779
12428,2026-05-20,STA,SATNA,92.0,799
12428,2026-05-20,REWA,REWA,69.0,848
12428,2026-05-21,ANVT,ANAND VIHAR TRM,1.0,0
12428,2026-05-21,GZB,GHAZIABAD,4.0,13
12428,2026-05-21,ALJN,ALIGARH JN,0.0,119
12428,2026-05-21,JJK,JHINJHAK,18.0,365
12428,2026-05-21,CNB,KANPUR CENTRAL,43.0,427
12428,2026-05-21,FTP,FATEHPUR,55.0,504
12428,2026-05-21,SRO,SIRATHU,53.0,564
12428,2026-05-21,PRYJ,PRAYAGRAJ JN,35.0,621
12428,2026-05-21,SRJ,SHANKARGARH,25.0,666
12428,2026-05-21,DBR,DABHAURA,27.0,699
12428,2026-05-21,MKP,MANIKPUR JN,5.0,721
12428,2026-05-21,JTW,JAITWAR,21.0,779
12428,2026-05-21,STA,SATNA,16.0,799
12428,2026-05-21,REWA,REWA,-10.0,848
12428,2026-05-22,ANVT,ANAND VIHAR TRM,3.0,0
12428,2026-05-22,GZB,GHAZIABAD,0.0,13
12428,2026-05-22,ALJN,ALIGARH JN,6.0,119
12428,2026-05-22,JJK,JHINJHAK,12.0,365
12428,2026-05-22,CNB,KANPUR CENTRAL,20.0,427
12428,2026-05-22,FTP,FATEHPUR,23.0,504
12428,2026-05-22,SRO,SIRATHU,21.0,564
12428,2026-05-22,PRYJ,PRAYAGRAJ JN,2.0,621
12428,2026-05-22,SRJ,SHANKARGARH,0.0,666
12428,2026-05-22,DBR,DABHAURA,2.0,699
12428,2026-05-22,MKP,MANIKPUR JN,0.0,721
12428,2026-05-22,JTW,JAITWAR,8.0,779
12428,2026-05-22,STA,SATNA,0.0,799
12428,2026-05-22,REWA,REWA,-19.0,848
12428,2026-05-23,ANVT,ANAND VIHAR TRM,0.0,0
12428,2026-05-23,GZB,GHAZIABAD,3.0,13
12428,2026-05-23,ALJN,ALIGARH JN,3.0,119
12428,2026-05-23,JJK,JHINJHAK,6.0,365
12428,2026-05-23,CNB,KANPUR CENTRAL,2.0,427
12428,2026-05-23,FTP,FATEHPUR,1.0,504
12428,2026-05-23,SRO,SIRATHU,2.0,564
12428,2026-05-23,PRYJ,PRAYAGRAJ JN,2.0,621
12428,2026-05-23,SRJ,SHANKARGARH,0.0,666
12428,2026-05-23,DBR,DABHAURA,1.0,699
12428,2026-05-23,MKP,MANIKPUR JN,1.0,721
12428,2026-05-23,JTW,JAITWAR,21.0,779
12428,2026-05-23,STA,SATNA,13.0,799
12428,2026-05-23,REWA,REWA,-9.0,848
12428,2026-05-24,ANVT,ANAND VIHAR TRM,2.0,0
12428,2026-05-24,GZB,GHAZIABAD,6.0,13
12428,2026-05-24,ALJN,ALIGARH JN,18.0,119
12428,2026-05-24,JJK,JHINJHAK,19.0,365
12428,2026-05-24,CNB,KANPUR CENTRAL,39.0,427
12428,2026-05-24,FTP,FATEHPUR,40.0,504
12428,2026-05-24,SRO,SIRATHU,41.0,564
12428,2026-05-24,PRYJ,PRAYAGRAJ JN,28.0,621
12428,2026-05-24,SRJ,SHANKARGARH,11.0,666
12428,2026-05-24,DBR,DABHAURA,14.0,699
12428,2026-05-24,MKP,MANIKPUR JN,0.0,721
12428,2026-05-24,JTW,JAITWAR,22.0,779
12428,2026-05-24,STA,SATNA,5.0,799
12428,2026-05-24,REWA,REWA,-12.0,848
12428,2026-05-25,ANVT,ANAND VIHAR TRM,1.0,0
12428,2026-05-25,GZB,GHAZIABAD,4.0,13
12428,2026-05-25,ALJN,ALIGARH JN,19.0,119
12428,2026-05-25,JJK,JHINJHAK,19.0,365
12428,2026-05-25,CNB,KANPUR CENTRAL,20.0,427
12428,2026-05-25,FTP,FATEHPUR,19.0,504
12428,2026-05-25,SRO,SIRATHU,18.0,564
12428,2026-05-25,PRYJ,PRAYAGRAJ JN,5.0,621
12428,2026-05-25,SRJ,SHANKARGARH,0.0,666
12428,2026-05-25,DBR,DABHAURA,2.0,699
12428,2026-05-25,MKP,MANIKPUR JN,0.0,721
12428,2026-05-25,JTW,JAITWAR,8.0,779
12428,2026-05-25,STA,SATNA,1.0,799
12428,2026-05-25,REWA,REWA,-22.0,848
12428,2026-05-26,ANVT,ANAND VIHAR TRM,2.0,0
12428,2026-05-26,GZB,GHAZIABAD,15.0,13
12428,2026-05-26,ALJN,ALIGARH JN,22.0,119
12428,2026-05-26,JJK,JHINJHAK,37.0,365
12428,2026-05-26,CNB,KANPUR CENTRAL,38.0,427
12428,2026-05-26,FTP,FATEHPUR,38.0,504
12428,2026-05-26,SRO,SIRATHU,39.0,564
12428,2026-05-26,PRYJ,PRAYAGRAJ JN,26.0,621
12428,2026-05-26,SRJ,SHANKARGARH,14.0,666
12428,2026-05-26,DBR,DABHAURA,20.0,699
12428,2026-05-26,MKP,MANIKPUR JN,0.0,721
12428,2026-05-26,JTW,JAITWAR,21.0,779
12428,2026-05-26,STA,SATNA,17.0,799
12428,2026-05-26,REWA,REWA,-8.0,848
12428,2026-05-27,ANVT,ANAND VIHAR TRM,1.0,0
12428,2026-05-27,GZB,GHAZIABAD,0.0,13
12428,2026-05-27,ALJN,ALIGARH JN,19.0,119
12428,2026-05-27,JJK,JHINJHAK,26.0,365
12428,2026-05-27,CNB,KANPUR CENTRAL,25.0,427
12428,2026-05-27,FTP,FATEHPUR,31.0,504
12428,2026-05-27,SRO,SIRATHU,36.0,564
12428,2026-05-27,PRYJ,PRAYAGRAJ JN,11.0,621
12428,2026-05-27,SRJ,SHANKARGARH,42.0,666
12428,2026-05-27,DBR,DABHAURA,46.0,699
12428,2026-05-27,MKP,MANIKPUR JN,26.0,721
12428,2026-05-27,JTW,JAITWAR,31.0,779
12428,2026-05-27,STA,SATNA,16.0,799
12428,2026-05-27,REWA,REWA,5.0,848
12428,2026-05-28,ANVT,ANAND VIHAR TRM,0.0,0
12428,2026-05-28,GZB,GHAZIABAD,7.0,13
12428,2026-05-28,ALJN,ALIGARH JN,34.0,119
12428,2026-05-28,JJK,JHINJHAK,46.0,365
12428,2026-05-28,CNB,KANPUR CENTRAL,42.0,427
12428,2026-05-28,FTP,FATEHPUR,48.0,504
12428,2026-05-28,SRO,SIRATHU,48.0,564
12428,2026-05-28,PRYJ,PRAYAGRAJ JN,32.0,621
12428,2026-05-28,SRJ,SHANKARGARH,20.0,666
12428,2026-05-28,DBR,DABHAURA,26.0,699
12428,2026-05-28,MKP,MANIKPUR JN,3.0,721
12428,2026-05-28,JTW,JAITWAR,10.0,779
12428,2026-05-28,STA,SATNA,6.0,799
12428,2026-05-28,REWA,REWA,-14.0,848
12428,2026-05-29,ANVT,ANAND VIHAR TRM,1.0,0
12428,2026-05-29,GZB,GHAZIABAD,2.0,13
12428,2026-05-29,ALJN,ALIGARH JN,16.0,119
12428,2026-05-29,JJK,JHINJHAK,24.0,365
12428,2026-05-29,CNB,KANPUR CENTRAL,40.0,427
12428,2026-05-29,FTP,FATEHPUR,38.0,504
12428,2026-05-29,SRO,SIRATHU,36.0,564
12428,2026-05-29,PRYJ,PRAYAGRAJ JN,9.0,621
12428,2026-05-29,SRJ,SHANKARGARH,0.0,666
12428,2026-05-29,DBR,DABHAURA,6.0,699
12428,2026-05-29,MKP,MANIKPUR JN,1.0,721
12428,2026-05-29,JTW,JAITWAR,20.0,779
12428,2026-05-29,STA,SATNA,16.0,799
12428,2026-05-29,REWA,REWA,3.0,848
12428,2026-05-30,ANVT,ANAND VIHAR TRM,0.0,0
12428,2026-05-30,GZB,GHAZIABAD,2.0,13
12428,2026-05-30,ALJN,ALIGARH JN,9.0,119
12428,2026-05-30,JJK,JHINJHAK,14.0,365
12428,2026-05-30,CNB,KANPUR CENTRAL,9.0,427
12428,2026-05-30,FTP,FATEHPUR,8.0,504
12428,2026-05-30,SRO,SIRATHU,15.0,564
12428,2026-05-30,PRYJ,PRAYAGRAJ JN,32.0,621
12428,2026-05-30,SRJ,SHANKARGARH,14.0,666
12428,2026-05-30,DBR,DABHAURA,19.0,699
12428,2026-05-30,MKP,MANIKPUR JN,7.0,721
12428,2026-05-30,JTW,JAITWAR,22.0,779
12428,2026-05-30,STA,SATNA,17.0,799
12428,2026-05-30,REWA,REWA,-10.0,848
12428,2026-05-31,ANVT,ANAND VIHAR TRM,0.0,0
12428,2026-05-31,GZB,GHAZIABAD,2.0,13
12428,2026-05-31,ALJN,ALIGARH JN,17.0,119
12428,2026-05-31,JJK,JHINJHAK,20.0,365
12428,2026-05-31,CNB,KANPUR CENTRAL,12.0,427
12428,2026-05-31,FTP,FATEHPUR,20.0,504
12428,2026-05-31,SRO,SIRATHU,22.0,564
12428,2026-05-31,PRYJ,PRAYAGRAJ JN,6.0,621
12428,2026-05-31,SRJ,SHANKARGARH,66.0,666
12428,2026-05-31,DBR,DABHAURA,71.0,699
12428,2026-05-31,MKP,MANIKPUR JN,50.0,721
12428,2026-05-31,JTW,JAITWAR,63.0,779
12428,2026-05-31,STA,SATNA,60.0,799
12428,2026-05-31,REWA,REWA,37.0,848
12428,2026-06-01,ANVT,ANAND VIHAR TRM,0.0,0
12428,2026-06-01,GZB,GHAZIABAD,2.0,13
12428,2026-06-01,ALJN,ALIGARH JN,25.0,119
12428,2026-06-01,JJK,JHINJHAK,25.0,365
12428,2026-06-01,CNB,KANPUR CENTRAL,30.0,427
12428,2026-06-01,FTP,FATEHPUR,29.0,504
12428,2026-06-01,SRO,SIRATHU,28.0,564
12428,2026-06-01,PRYJ,PRAYAGRAJ JN,23.0,621
12428,2026-06-01,SRJ,SHANKARGARH,20.0,666
12428,2026-06-01,DBR,DABHAURA,25.0,699
12428,2026-06-01,MKP,MANIKPUR JN,0.0,721
12428,2026-06-01,JTW,JAITWAR,5.0,779
12428,2026-06-01,STA,SATNA,1.0,799
12428,2026-06-01,REWA,REWA,-26.0,848
12428,2026-06-02,ANVT,ANAND VIHAR TRM,0.0,0
12428,2026-06-02,GZB,GHAZIABAD,9.0,13
12428,2026-06-02,ALJN,ALIGARH JN,23.0,119
12428,2026-06-02,JJK,JHINJHAK,27.0,365
12428,2026-06-02,CNB,KANPUR CENTRAL,18.0,427
12428,2026-06-02,FTP,FATEHPUR,16.0,504
12428,2026-06-02,SRO,SIRATHU,16.0,564
12428,2026-06-02,PRYJ,PRAYAGRAJ JN,35.0,621
12428,2026-06-02,SRJ,SHANKARGARH,37.0,666
12428,2026-06-02,DBR,DABHAURA,41.0,699
12428,2026-06-02,MKP,MANIKPUR JN,18.0,721
12428,2026-06-02,JTW,JAITWAR,28.0,779
12428,2026-06-02,STA,SATNA,23.0,799
12428,2026-06-02,REWA,REWA,-3.0,848
12428,2026-06-03,ANVT,ANAND VIHAR TRM,0.0,0
12428,2026-06-03,GZB,GHAZIABAD,7.0,13
12428,2026-06-03,ALJN,ALIGARH JN,22.0,119
12428,2026-06-03,JJK,JHINJHAK,23.0,365
12428,2026-06-03,CNB,KANPUR CENTRAL,24.0,427
12428,2026-06-03,FTP,FATEHPUR,30.0,504
12428,2026-06-03,SRO,SIRATHU,31.0,564
12428,2026-06-03,PRYJ,PRAYAGRAJ JN,17.0,621
12428,2026-06-03,SRJ,SHANKARGARH,0.0,666
12428,2026-06-03,DBR,DABHAURA,3.0,699
12428,2026-06-03,MKP,MANIKPUR JN,0.0,721
12428,2026-06-03,JTW,JAITWAR,12.0,779
12428,2026-06-03,STA,SATNA,5.0,799
12428,2026-06-03,REWA,REWA,-19.0,848
12428,2026-06-04,ANVT,ANAND VIHAR TRM,2.0,0
12428,2026-06-04,GZB,GHAZIABAD,8.0,13
12428,2026-06-04,ALJN,ALIGARH JN,21.0,119
12428,2026-06-04,JJK,JHINJHAK,30.0,365
12428,2026-06-04,CNB,KANPUR CENTRAL,22.0,427
12428,2026-06-04,FTP,FATEHPUR,34.0,504
12428,2026-06-04,SRO,SIRATHU,36.0,564
12428,2026-06-04,PRYJ,PRAYAGRAJ JN,23.0,621
12428,2026-06-04,SRJ,SHANKARGARH,15.0,666
12428,2026-06-04,DBR,DABHAURA,18.0,699
12428,2026-06-04,MKP,MANIKPUR JN,0.0,721
12428,2026-06-04,JTW,JAITWAR,13.0,779
12428,2026-06-04,STA,SATNA,0.0,799
12428,2026-06-04,REWA,REWA,-15.0,848
12428,2026-06-05,ANVT,ANAND VIHAR TRM,0.0,0
12428,2026-06-05,GZB,GHAZIABAD,7.0,13
12428,2026-06-05,ALJN,ALIGARH JN,16.0,119
12428,2026-06-05,JJK,JHINJHAK,26.0,365
12428,2026-06-05,CNB,KANPUR CENTRAL,42.0,427
12428,2026-06-05,FTP,FATEHPUR,43.0,504
12428,2026-06-05,SRO,SIRATHU,43.0,564
12428,2026-06-05,PRYJ,PRAYAGRAJ JN,10.0,621
12428,2026-06-05,SRJ,SHANKARGARH,0.0,666
12428,2026-06-05,DBR,DABHAURA,5.0,699
12428,2026-06-05,MKP,MANIKPUR JN,0.0,721
12428,2026-06-05,JTW,JAITWAR,12.0,779
12428,2026-06-05,STA,SATNA,6.0,799
12428,2026-06-05,REWA,REWA,-13.0,848
12428,2026-06-06,ANVT,ANAND VIHAR TRM,1.0,0
12428,2026-06-06,GZB,GHAZIABAD,4.0,13
12428,2026-06-06,ALJN,ALIGARH JN,19.0,119
12428,2026-06-06,JJK,JHINJHAK,10.0,365
12428,2026-06-06,CNB,KANPUR CENTRAL,0.0,427
12428,2026-06-06,FTP,FATEHPUR,4.0,504
12428,2026-06-06,SRO,SIRATHU,4.0,564
12428,2026-06-06,PRYJ,PRAYAGRAJ JN,0.0,621
12428,2026-06-06,SRJ,SHANKARGARH,3.0,666
12428,2026-06-06,DBR,DABHAURA,7.0,699
12428,2026-06-06,MKP,MANIKPUR JN,0.0,721
12428,2026-06-06,JTW,JAITWAR,29.0,779
12428,2026-06-06,STA,SATNA,23.0,799
12428,2026-06-06,REWA,REWA,-1.0,848
12428,2026-06-07,ANVT,ANAND VIHAR TRM,1.0,0
12428,2026-06-07,GZB,GHAZIABAD,2.0,13
12428,2026-06-07,ALJN,ALIGARH JN,31.0,119
12428,2026-06-07,JJK,JHINJHAK,43.0,365
12428,2026-06-07,CNB,KANPUR CENTRAL,48.0,427
12428,2026-06-07,FTP,FATEHPUR,45.0,504
12428,2026-06-07,SRO,SIRATHU,50.0,564
12428,2026-06-07,PRYJ,PRAYAGRAJ JN,17.0,621
12428,2026-06-07,SRJ,SHANKARGARH,6.0,666
12428,2026-06-07,DBR,DABHAURA,14.0,699
12428,2026-06-07,MKP,MANIKPUR JN,1.0,721
12428,2026-06-07,JTW,JAITWAR,9.0,779
12428,2026-06-07,STA,SATNA,1.0,799
12428,2026-06-07,REWA,REWA,-15.0,848
12428,2026-06-08,ANVT,ANAND VIHAR TRM,0.0,0
12428,2026-06-08,GZB,GHAZIABAD,7.0,13
12428,2026-06-08,ALJN,ALIGARH JN,18.0,119
12428,2026-06-08,JJK,JHINJHAK,47.0,365
12428,2026-06-08,CNB,KANPUR CENTRAL,41.0,427
12428,2026-06-08,FTP,FATEHPUR,41.0,504
12428,2026-06-08,SRO,SIRATHU,42.0,564
12428,2026-06-08,PRYJ,PRAYAGRAJ JN,10.0,621
12428,2026-06-08,SRJ,SHANKARGARH,1.0,666
12428,2026-06-08,DBR,DABHAURA,5.0,699
12428,2026-06-08,MKP,MANIKPUR JN,0.0,721
12428,2026-06-08,JTW,JAITWAR,11.0,779
12428,2026-06-08,STA,SATNA,8.0,799
12428,2026-06-08,REWA,REWA,-13.0,848
12428,2026-06-09,ANVT,ANAND VIHAR TRM,2.0,0
12428,2026-06-09,GZB,GHAZIABAD,6.0,13
12428,2026-06-09,ALJN,ALIGARH JN,20.0,119
12428,2026-06-09,JJK,JHINJHAK,17.0,365
12428,2026-06-09,CNB,KANPUR CENTRAL,21.0,427
12428,2026-06-09,FTP,FATEHPUR,33.0,504
12428,2026-06-09,SRO,SIRATHU,40.0,564
12428,2026-06-09,PRYJ,PRAYAGRAJ JN,40.0,621
12428,2026-06-09,SRJ,SHANKARGARH,33.0,666
12428,2026-06-09,DBR,DABHAURA,37.0,699
12428,2026-06-09,MKP,MANIKPUR JN,12.0,721
12428,2026-06-09,JTW,JAITWAR,23.0,779
12428,2026-06-09,STA,SATNA,26.0,799
12428,2026-06-09,REWA,REWA,15.0,848
12428,2026-06-10,ANVT,ANAND VIHAR TRM,74.0,0
12428,2026-06-10,GZB,GHAZIABAD,108.0,13
12428,2026-06-10,ALJN,ALIGARH JN,165.0,119
12428,2026-06-10,JJK,JHINJHAK,167.0,365
12428,2026-06-10,CNB,KANPUR CENTRAL,168.0,427
12428,2026-06-10,FTP,FATEHPUR,173.0,504
12428,2026-06-10,SRO,SIRATHU,173.0,564
12428,2026-06-10,PRYJ,PRAYAGRAJ JN,168.0,621
12428,2026-06-10,SRJ,SHANKARGARH,161.0,666
12428,2026-06-10,DBR,DABHAURA,164.0,699
12428,2026-06-10,MKP,MANIKPUR JN,140.0,721
12428,2026-06-10,JTW,JAITWAR,164.0,779
12428,2026-06-10,STA,SATNA,146.0,799
12428,2026-06-10,REWA,REWA,133.0,848
12428,2026-06-11,ANVT,ANAND VIHAR TRM,1.0,0
12428,2026-06-11,GZB,GHAZIABAD,2.0,13
12428,2026-06-11,ALJN,ALIGARH JN,26.0,119
12428,2026-06-11,JJK,JHINJHAK,36.0,365
12428,2026-06-11,CNB,KANPUR CENTRAL,37.0,427
12428,2026-06-11,FTP,FATEHPUR,37.0,504
12428,2026-06-11,SRO,SIRATHU,39.0,564
12428,2026-06-11,PRYJ,PRAYAGRAJ JN,26.0,621
12428,2026-06-11,SRJ,SHANKARGARH,9.0,666
12428,2026-06-11,DBR,DABHAURA,9.0,699
12428,2026-06-11,MKP,MANIKPUR JN,1.0,721
12428,2026-06-11,JTW,JAITWAR,10.0,779
12428,2026-06-11,STA,SATNA,7.0,799
12428,2026-06-11,REWA,REWA,-8.0,848
12428,2026-06-12,ANVT,ANAND VIHAR TRM,2.0,0
12428,2026-06-12,GZB,GHAZIABAD,55.0,13
12428,2026-06-12,ALJN,ALIGARH JN,76.0,119
12428,2026-06-12,JJK,JHINJHAK,65.0,365
12428,2026-06-12,CNB,KANPUR CENTRAL,70.0,427
12428,2026-06-12,FTP,FATEHPUR,80.0,504
12428,2026-06-12,SRO,SIRATHU,81.0,564
12428,2026-06-12,PRYJ,PRAYAGRAJ JN,66.0,621
12428,2026-06-12,SRJ,SHANKARGARH,75.0,666
12428,2026-06-12,DBR,DABHAURA,77.0,699
12428,2026-06-12,MKP,MANIKPUR JN,54.0,721
12428,2026-06-12,JTW,JAITWAR,54.0,779
12428,2026-06-12,STA,SATNA,60.0,799
12428,2026-06-12,REWA,REWA,44.0,848
12428,2026-06-13,ANVT,ANAND VIHAR TRM,0.0,0
12428,2026-06-13,GZB,GHAZIABAD,8.0,13
12428,2026-06-13,ALJN,ALIGARH JN,22.0,119
12428,2026-06-13,JJK,JHINJHAK,24.0,365
12428,2026-06-13,CNB,KANPUR CENTRAL,13.0,427
12428,2026-06-13,FTP,FATEHPUR,21.0,504
12428,2026-06-13,SRO,SIRATHU,22.0,564
12428,2026-06-13,PRYJ,PRAYAGRAJ JN,23.0,621
12428,2026-06-13,SRJ,SHANKARGARH,9.0,666
12428,2026-06-13,DBR,DABHAURA,11.0,699
12428,2026-06-13,MKP,MANIKPUR JN,0.0,721
12428,2026-06-13,JTW,JAITWAR,14.0,779
12428,2026-06-13,STA,SATNA,9.0,799
12428,2026-06-13,REWA,REWA,-14.0,848
12428,2026-06-14,ANVT,ANAND VIHAR TRM,192.0,0
12428,2026-06-14,GZB,GHAZIABAD,199.0,13
12428,2026-06-14,ALJN,ALIGARH JN,216.0,119
12428,2026-06-14,JJK,JHINJHAK,233.0,365
12428,2026-06-14,CNB,KANPUR CENTRAL,230.0,427
12428,2026-06-14,FTP,FATEHPUR,235.0,504
12428,2026-06-14,SRO,SIRATHU,237.0,564
12428,2026-06-14,PRYJ,PRAYAGRAJ JN,233.0,621
12428,2026-06-14,SRJ,SHANKARGARH,229.0,666
12428,2026-06-14,DBR,DABHAURA,233.0,699
12428,2026-06-14,MKP,MANIKPUR JN,209.0,721
12428,2026-06-14,JTW,JAITWAR,226.0,779
12428,2026-06-14,STA,SATNA,213.0,799
12428,2026-06-14,REWA,REWA,245.0,848
12428,2026-06-15,ANVT,ANAND VIHAR TRM,66.0,0
12428,2026-06-15,GZB,GHAZIABAD,69.0,13
12428,2026-06-15,ALJN,ALIGARH JN,76.0,119
12428,2026-06-15,JJK,JHINJHAK,86.0,365
12428,2026-06-15,CNB,KANPUR CENTRAL,89.0,427
12428,2026-06-15,FTP,FATEHPUR,94.0,504
12428,2026-06-15,SRO,SIRATHU,93.0,564
12428,2026-06-15,PRYJ,PRAYAGRAJ JN,66.0,621
12428,2026-06-15,SRJ,SHANKARGARH,72.0,666
12428,2026-06-15,DBR,DABHAURA,79.0,699
12428,2026-06-15,MKP,MANIKPUR JN,57.0,721
12428,2026-06-15,JTW,JAITWAR,63.0,779
12428,2026-06-15,STA,SATNA,63.0,799
12428,2026-06-15,REWA,REWA,41.0,848
12428,2026-06-16,ANVT,ANAND VIHAR TRM,0.0,0
12428,2026-06-16,GZB,GHAZIABAD,19.0,13
12428,2026-06-16,ALJN,ALIGARH JN,31.0,119
12428,2026-06-16,JJK,JHINJHAK,27.0,365
12428,2026-06-16,CNB,KANPUR CENTRAL,16.0,427
12428,2026-06-16,FTP,FATEHPUR,21.0,504
12428,2026-06-16,SRO,SIRATHU,25.0,564
12428,2026-06-16,PRYJ,PRAYAGRAJ JN,50.0,621
12428,2026-06-16,SRJ,SHANKARGARH,38.0,666
12428,2026-06-16,DBR,DABHAURA,44.0,699
12428,2026-06-16,MKP,MANIKPUR JN,19.0,721
12428,2026-06-16,JTW,JAITWAR,26.0,779
12428,2026-06-16,STA,SATNA,20.0,799
12428,2026-06-16,REWA,REWA,0.0,848
12428,2026-06-17,ANVT,ANAND VIHAR TRM,3.0,0
12428,2026-06-17,GZB,GHAZIABAD,0.0,13
12428,2026-06-17,ALJN,ALIGARH JN,18.0,119
12428,2026-06-17,JJK,JHINJHAK,16.0,365
12428,2026-06-17,CNB,KANPUR CENTRAL,28.0,427
12428,2026-06-17,FTP,FATEHPUR,29.0,504
12428,2026-06-17,SRO,SIRATHU,28.0,564
12428,2026-06-17,PRYJ,PRAYAGRAJ JN,11.0,621
12428,2026-06-17,SRJ,SHANKARGARH,6.0,666
12428,2026-06-17,DBR,DABHAURA,6.0,699
12428,2026-06-17,MKP,MANIKPUR JN,0.0,721
12428,2026-06-17,JTW,JAITWAR,5.0,779
12428,2026-06-17,STA,SATNA,11.0,799
12428,2026-06-17,REWA,REWA,-12.0,848
12428,2026-06-18,ANVT,ANAND VIHAR TRM,0.0,0
12428,2026-06-18,GZB,GHAZIABAD,2.0,13
12428,2026-06-18,ALJN,ALIGARH JN,2.0,119
12428,2026-06-18,JJK,JHINJHAK,9.0,365
12428,2026-06-18,CNB,KANPUR CENTRAL,7.0,427
12428,2026-06-18,FTP,FATEHPUR,9.0,504
12428,2026-06-18,SRO,SIRATHU,15.0,564
12428,2026-06-18,PRYJ,PRAYAGRAJ JN,1.0,621
12428,2026-06-18,SRJ,SHANKARGARH,0.0,666
12428,2026-06-18,DBR,DABHAURA,7.0,699
12428,2026-06-18,MKP,MANIKPUR JN,0.0,721
12428,2026-06-18,JTW,JAITWAR,11.0,779
12428,2026-06-18,STA,SATNA,13.0,799
12428,2026-06-18,REWA,REWA,-11.0,848
12428,2026-06-19,ANVT,ANAND VIHAR TRM,0.0,0
12428,2026-06-19,GZB,GHAZIABAD,3.0,13
12428,2026-06-19,ALJN,ALIGARH JN,9.0,119
12428,2026-06-19,JJK,JHINJHAK,18.0,365
12428,2026-06-19,CNB,KANPUR CENTRAL,10.0,427
12428,2026-06-19,FTP,FATEHPUR,12.0,504
12428,2026-06-19,SRO,SIRATHU,24.0,564
12428,2026-06-19,PRYJ,PRAYAGRAJ JN,0.0,621
12428,2026-06-19,SRJ,SHANKARGARH,0.0,666
12428,2026-06-19,DBR,DABHAURA,0.0,699
12428,2026-06-19,MKP,MANIKPUR JN,0.0,721
12428,2026-06-19,JTW,JAITWAR,5.0,779
12428,2026-06-19,STA,SATNA,14.0,799
12428,2026-06-19,REWA,REWA,2.0,848
12428,2026-06-20,ANVT,ANAND VIHAR TRM,1.0,0
12428,2026-06-20,GZB,GHAZIABAD,9.0,13
12428,2026-06-20,ALJN,ALIGARH JN,14.0,119
12428,2026-06-20,JJK,JHINJHAK,3.0,365
12428,2026-06-20,CNB,KANPUR CENTRAL,13.0,427
12428,2026-06-20,FTP,FATEHPUR,14.0,504
12428,2026-06-20,SRO,SIRATHU,15.0,564
12428,2026-06-20,PRYJ,PRAYAGRAJ JN,1.0,621
12428,2026-06-20,SRJ,SHANKARGARH,0.0,666
12428,2026-06-20,DBR,DABHAURA,11.0,699
12428,2026-06-20,MKP,MANIKPUR JN,0.0,721
12428,2026-06-20,JTW,JAITWAR,12.0,779
12428,2026-06-20,STA,SATNA,8.0,799
12428,2026-06-20,REWA,REWA,-17.0,848
12428,2026-06-21,ANVT,ANAND VIHAR TRM,0.0,0
12428,2026-06-21,GZB,GHAZIABAD,6.0,13
12428,2026-06-21,ALJN,ALIGARH JN,14.0,119
12428,2026-06-21,JJK,JHINJHAK,19.0,365
12428,2026-06-21,CNB,KANPUR CENTRAL,13.0,427
12428,2026-06-21,FTP,FATEHPUR,11.0,504
12428,2026-06-21,SRO,SIRATHU,10.0,564
12428,2026-06-21,PRYJ,PRAYAGRAJ JN,18.0,621
12428,2026-06-21,SRJ,SHANKARGARH,0.0,666
12428,2026-06-21,DBR,DABHAURA,1.0,699
12428,2026-06-21,MKP,MANIKPUR JN,0.0,721
12428,2026-06-21,JTW,JAITWAR,8.0,779
12428,2026-06-21,STA,SATNA,3.0,799
12428,2026-06-21,REWA,REWA,-22.0,848
12428,2026-06-22,ANVT,ANAND VIHAR TRM,0.0,0
12428,2026-06-22,GZB,GHAZIABAD,3.0,13
12428,2026-06-22,ALJN,ALIGARH JN,12.0,119
12428,2026-06-22,JJK,JHINJHAK,14.0,365
12428,2026-06-22,CNB,KANPUR CENTRAL,16.0,427
12428,2026-06-22,FTP,FATEHPUR,12.0,504
12428,2026-06-22,SRO,SIRATHU,11.0,564
12428,2026-06-22,PRYJ,PRAYAGRAJ JN,38.0,621
12428,2026-06-22,SRJ,SHANKARGARH,19.0,666
12428,2026-06-22,DBR,DABHAURA,20.0,699
12428,2026-06-22,MKP,MANIKPUR JN,0.0,721
12428,2026-06-22,JTW,JAITWAR,9.0,779
12428,2026-06-22,STA,SATNA,3.0,799
12428,2026-06-22,REWA,REWA,-18.0,848
12428,2026-06-23,ANVT,ANAND VIHAR TRM,0.0,0
12428,2026-06-23,GZB,GHAZIABAD,3.0,13
12428,2026-06-23,ALJN,ALIGARH JN,13.0,119
12428,2026-06-23,JJK,JHINJHAK,10.0,365
12428,2026-06-23,CNB,KANPUR CENTRAL,25.0,427
12428,2026-06-23,FTP,FATEHPUR,23.0,504
12428,2026-06-23,SRO,SIRATHU,22.0,564
12428,2026-06-23,PRYJ,PRAYAGRAJ JN,8.0,621
12428,2026-06-23,SRJ,SHANKARGARH,0.0,666
12428,2026-06-23,DBR,DABHAURA,1.0,699
12428,2026-06-23,MKP,MANIKPUR JN,2.0,721
12428,2026-06-23,JTW,JAITWAR,14.0,779
12428,2026-06-23,STA,SATNA,8.0,799
12428,2026-06-23,REWA,REWA,-10.0,848
12428,2026-06-24,ANVT,ANAND VIHAR TRM,0.0,0
12428,2026-06-24,GZB,GHAZIABAD,3.0,13
12428,2026-06-24,ALJN,ALIGARH JN,20.0,119
12428,2026-06-24,JJK,JHINJHAK,16.0,365
12428,2026-06-24,CNB,KANPUR CENTRAL,12.0,427
12428,2026-06-24,FTP,FATEHPUR,12.0,504
12428,2026-06-24,SRO,SIRATHU,15.0,564
12428,2026-06-24,PRYJ,PRAYAGRAJ JN,2.0,621
12428,2026-06-24,SRJ,SHANKARGARH,0.0,666
12428,2026-06-24,DBR,DABHAURA,2.0,699
12428,2026-06-24,MKP,MANIKPUR JN,0.0,721
12428,2026-06-24,JTW,JAITWAR,17.0,779
12428,2026-06-24,STA,SATNA,16.0,799
12428,2026-06-24,REWA,REWA,-9.0,848
12428,2026-06-25,ANVT,ANAND VIHAR TRM,0.0,0
12428,2026-06-25,GZB,GHAZIABAD,2.0,13
12428,2026-06-25,ALJN,ALIGARH JN,5.0,119
12428,2026-06-25,JJK,JHINJHAK,31.0,365
12428,2026-06-25,CNB,KANPUR CENTRAL,34.0,427
12428,2026-06-25,FTP,FATEHPUR,32.0,504
12428,2026-06-25,SRO,SIRATHU,38.0,564
12428,2026-06-25,PRYJ,PRAYAGRAJ JN,19.0,621
12428,2026-06-25,SRJ,SHANKARGARH,8.0,666
12428,2026-06-25,DBR,DABHAURA,8.0,699
12428,2026-06-25,MKP,MANIKPUR JN,0.0,721
12428,2026-06-25,JTW,JAITWAR,12.0,779
12428,2026-06-25,STA,SATNA,2.0,799
12428,2026-06-25,REWA,REWA,-15.0,848
12428,2026-06-26,ANVT,ANAND VIHAR TRM,1.0,0
12428,2026-06-26,GZB,GHAZIABAD,2.0,13
12428,2026-06-26,ALJN,ALIGARH JN,31.0,119
12428,2026-06-26,JJK,JHINJHAK,39.0,365
12428,2026-06-26,CNB,KANPUR CENTRAL,46.0,427
12428,2026-06-26,FTP,FATEHPUR,49.0,504
12428,2026-06-26,SRO,SIRATHU,55.0,564
12428,2026-06-26,PRYJ,PRAYAGRAJ JN,28.0,621
12428,2026-06-26,SRJ,SHANKARGARH,16.0,666
12428,2026-06-26,DBR,DABHAURA,12.0,699
12428,2026-06-26,MKP,MANIKPUR JN,0.0,721
12428,2026-06-26,JTW,JAITWAR,11.0,779
12428,2026-06-26,STA,SATNA,10.0,799
12428,2026-06-26,REWA,REWA,-8.0,848
12428,2026-06-27,ANVT,ANAND VIHAR TRM,0.0,0
12428,2026-06-27,GZB,GHAZIABAD,3.0,13
12428,2026-06-27,ALJN,ALIGARH JN,18.0,119
12428,2026-06-27,JJK,JHINJHAK,5.0,365
12428,2026-06-27,CNB,KANPUR CENTRAL,6.0,427
12428,2026-06-27,FTP,FATEHPUR,14.0,504
12428,2026-06-27,SRO,SIRATHU,24.0,564
12428,2026-06-27,PRYJ,PRAYAGRAJ JN,6.0,621
12428,2026-06-27,SRJ,SHANKARGARH,0.0,666
12428,2026-06-27,DBR,DABHAURA,0.0,699
12428,2026-06-27,MKP,MANIKPUR JN,1.0,721
12428,2026-06-27,JTW,JAITWAR,6.0,779
12428,2026-06-27,STA,SATNA,2.0,799
12428,2026-06-27,REWA,REWA,-19.0,848
12428,2026-06-28,ANVT,ANAND VIHAR TRM,0.0,0
12428,2026-06-28,GZB,GHAZIABAD,11.0,13
12428,2026-06-28,ALJN,ALIGARH JN,20.0,119
12428,2026-06-28,JJK,JHINJHAK,50.0,365
12428,2026-06-28,CNB,KANPUR CENTRAL,67.0,427
12428,2026-06-28,FTP,FATEHPUR,78.0,504
12428,2026-06-28,SRO,SIRATHU,88.0,564
12428,2026-06-28,PRYJ,PRAYAGRAJ JN,54.0,621
12428,2026-06-28,SRJ,SHANKARGARH,42.0,666
12428,2026-06-28,DBR,DABHAURA,46.0,699
12428,2026-06-28,MKP,MANIKPUR JN,24.0,721
12428,2026-06-28,JTW,JAITWAR,35.0,779
12428,2026-06-28,STA,SATNA,32.0,799
12428,2026-06-28,REWA,REWA,10.0,848
12428,2026-06-29,ANVT,ANAND VIHAR TRM,1.0,0
12428,2026-06-29,GZB,GHAZIABAD,3.0,13
12428,2026-06-29,ALJN,ALIGARH JN,16.0,119
12428,2026-06-29,JJK,JHINJHAK,14.0,365
12428,2026-06-29,CNB,KANPUR CENTRAL,8.0,427
12428,2026-06-29,FTP,FATEHPUR,6.0,504
12428,2026-06-29,SRO,SIRATHU,10.0,564
12428,2026-06-29,PRYJ,PRAYAGRAJ JN,7.0,621
12428,2026-06-29,SRJ,SHANKARGARH,0.0,666
12428,2026-06-29,DBR,DABHAURA,6.0,699
12428,2026-06-29,MKP,MANIKPUR JN,0.0,721
12428,2026-06-29,JTW,JAITWAR,17.0,779
12428,2026-06-29,STA,SATNA,9.0,799
12428,2026-06-29,REWA,REWA,-14.0,848
12428,2026-06-30,ANVT,ANAND VIHAR TRM,0.0,0
12428,2026-06-30,GZB,GHAZIABAD,4.0,13
12428,2026-06-30,ALJN,ALIGARH JN,18.0,119
12428,2026-06-30,JJK,JHINJHAK,27.0,365
12428,2026-06-30,CNB,KANPUR CENTRAL,23.0,427
12428,2026-06-30,FTP,FATEHPUR,34.0,504
12428,2026-06-30,SRO,SIRATHU,42.0,564
12428,2026-06-30,PRYJ,PRAYAGRAJ JN,31.0,621
12428,2026-06-30,SRJ,SHANKARGARH,21.0,666
12428,2026-06-30,DBR,DABHAURA,21.0,699
12428,2026-06-30,MKP,MANIKPUR JN,2.0,721
12428,2026-06-30,JTW,JAITWAR,12.0,779
12428,2026-06-30,STA,SATNA,10.0,799
12428,2026-06-30,REWA,REWA,-16.0,848
12428,2026-07-01,ANVT,ANAND VIHAR TRM,1.0,0
12428,2026-07-01,GZB,GHAZIABAD,5.0,13
12428,2026-07-01,ALJN,ALIGARH JN,25.0,119
12428,2026-07-01,JJK,JHINJHAK,20.0,365
12428,2026-07-01,CNB,KANPUR CENTRAL,27.0,427
12428,2026-07-01,FTP,FATEHPUR,32.0,504
12428,2026-07-01,SRO,SIRATHU,38.0,564
12428,2026-07-01,PRYJ,PRAYAGRAJ JN,16.0,621
12428,2026-07-01,SRJ,SHANKARGARH,0.0,666
12428,2026-07-01,DBR,DABHAURA,0.0,699
12428,2026-07-01,MKP,MANIKPUR JN,0.0,721
12428,2026-07-01,JTW,JAITWAR,8.0,779
12428,2026-07-01,STA,SATNA,0.0,799
12428,2026-07-01,REWA,REWA,-15.0,848
12428,2026-07-02,ANVT,ANAND VIHAR TRM,0.0,0
12428,2026-07-02,GZB,GHAZIABAD,3.0,13
12428,2026-07-02,ALJN,ALIGARH JN,3.0,119
12428,2026-07-02,JJK,JHINJHAK,8.0,365
12428,2026-07-02,CNB,KANPUR CENTRAL,4.0,427
12428,2026-07-02,FTP,FATEHPUR,4.0,504
12428,2026-07-02,SRO,SIRATHU,7.0,564
12428,2026-07-02,PRYJ,PRAYAGRAJ JN,1.0,621
12428,2026-07-02,SRJ,SHANKARGARH,0.0,666
12428,2026-07-02,DBR,DABHAURA,2.0,699
12428,2026-07-02,MKP,MANIKPUR JN,0.0,721
12428,2026-07-02,JTW,JAITWAR,16.0,779
12428,2026-07-02,STA,SATNA,0.0,799
12428,2026-07-02,REWA,REWA,-10.0,848
12428,2026-07-03,ANVT,ANAND VIHAR TRM,0.0,0
12428,2026-07-03,GZB,GHAZIABAD,4.0,13
12428,2026-07-03,ALJN,ALIGARH JN,15.0,119
12428,2026-07-03,JJK,JHINJHAK,29.0,365
12428,2026-07-03,CNB,KANPUR CENTRAL,27.0,427
12428,2026-07-03,FTP,FATEHPUR,26.0,504
12428,2026-07-03,SRO,SIRATHU,33.0,564
12428,2026-07-03,PRYJ,PRAYAGRAJ JN,13.0,621
12428,2026-07-03,SRJ,SHANKARGARH,1.0,666
12428,2026-07-03,DBR,DABHAURA,1.0,699
12428,2026-07-03,MKP,MANIKPUR JN,0.0,721
12428,2026-07-03,JTW,JAITWAR,8.0,779
12428,2026-07-03,STA,SATNA,0.0,799
12428,2026-07-03,REWA,REWA,-21.0,848
12428,2026-07-04,ANVT,ANAND VIHAR TRM,1.0,0
12428,2026-07-04,GZB,GHAZIABAD,5.0,13
12428,2026-07-04,ALJN,ALIGARH JN,11.0,119
12428,2026-07-04,JJK,JHINJHAK,23.0,365
12428,2026-07-04,CNB,KANPUR CENTRAL,11.0,427
12428,2026-07-04,FTP,FATEHPUR,10.0,504
12428,2026-07-04,SRO,SIRATHU,14.0,564
12428,2026-07-04,PRYJ,PRAYAGRAJ JN,14.0,621
12428,2026-07-04,SRJ,SHANKARGARH,8.0,666
12428,2026-07-04,DBR,DABHAURA,7.0,699
12428,2026-07-04,MKP,MANIKPUR JN,1.0,721
12428,2026-07-04,JTW,JAITWAR,21.0,779
12428,2026-07-04,STA,SATNA,6.0,799
12428,2026-07-04,REWA,REWA,-5.0,848
12428,2026-07-05,ANVT,ANAND VIHAR TRM,0.0,0
12428,2026-07-05,GZB,GHAZIABAD,6.0,13
12428,2026-07-05,ALJN,ALIGARH JN,17.0,119
12428,2026-07-05,JJK,JHINJHAK,22.0,365
12428,2026-07-05,CNB,KANPUR CENTRAL,36.0,427
12428,2026-07-05,FTP,FATEHPUR,38.0,504
12428,2026-07-05,SRO,SIRATHU,48.0,564
12428,2026-07-05,PRYJ,PRAYAGRAJ JN,28.0,621
12428,2026-07-05,SRJ,SHANKARGARH,15.0,666
12428,2026-07-05,DBR,DABHAURA,16.0,699
12428,2026-07-05,MKP,MANIKPUR JN,1.0,721
12428,2026-07-05,JTW,JAITWAR,11.0,779
12428,2026-07-05,STA,SATNA,21.0,799
12428,2026-07-05,REWA,REWA,-3.0,848
12428,2026-07-06,ANVT,ANAND VIHAR TRM,1.0,0
12428,2026-07-06,GZB,GHAZIABAD,6.0,13
12428,2026-07-06,ALJN,ALIGARH JN,13.0,119
12428,2026-07-06,JJK,JHINJHAK,39.0,365
12428,2026-07-06,CNB,KANPUR CENTRAL,30.0,427
12428,2026-07-06,FTP,FATEHPUR,34.0,504
12428,2026-07-06,SRO,SIRATHU,41.0,564
12428,2026-07-06,PRYJ,PRAYAGRAJ JN,13.0,621
12428,2026-07-06,SRJ,SHANKARGARH,17.0,666
12428,2026-07-06,DBR,DABHAURA,21.0,699
12428,2026-07-06,MKP,MANIKPUR JN,1.0,721
12428,2026-07-06,JTW,JAITWAR,16.0,779
12428,2026-07-06,STA,SATNA,25.0,799
12428,2026-07-06,REWA,REWA,9.0,848
12428,2026-07-07,ANVT,ANAND VIHAR TRM,0.0,0
12428,2026-07-07,GZB,GHAZIABAD,6.0,13
12428,2026-07-07,ALJN,ALIGARH JN,17.0,119
12428,2026-07-07,JJK,JHINJHAK,21.0,365
12428,2026-07-07,CNB,KANPUR CENTRAL,23.0,427
12428,2026-07-07,FTP,FATEHPUR,28.0,504
12428,2026-07-07,SRO,SIRATHU,35.0,564
12428,2026-07-07,PRYJ,PRAYAGRAJ JN,6.0,621
12428,2026-07-07,SRJ,SHANKARGARH,1.0,666
12428,2026-07-07,DBR,DABHAURA,1.0,699
12428,2026-07-07,MKP,MANIKPUR JN,0.0,721
12428,2026-07-07,JTW,JAITWAR,11.0,779
12428,2026-07-07,STA,SATNA,1.0,799
12428,2026-07-07,REWA,REWA,-10.0,848
12428,2026-07-08,ANVT,ANAND VIHAR TRM,19.0,0
12428,2026-07-08,GZB,GHAZIABAD,78.0,13
12428,2026-07-08,ALJN,ALIGARH JN,98.0,119
12428,2026-07-08,JJK,JHINJHAK,106.0,365
12428,2026-07-08,CNB,KANPUR CENTRAL,103.0,427
12428,2026-07-08,FTP,FATEHPUR,105.0,504
12428,2026-07-08,SRO,SIRATHU,112.0,564
12428,2026-07-08,PRYJ,PRAYAGRAJ JN,99.0,621
12428,2026-07-08,SRJ,SHANKARGARH,100.0,666
12428,2026-07-08,DBR,DABHAURA,99.0,699
12428,2026-07-08,MKP,MANIKPUR JN,73.0,721
12428,2026-07-08,JTW,JAITWAR,78.0,779
12428,2026-07-08,STA,SATNA,82.0,799
12428,2026-07-08,REWA,REWA,58.0,848
12428,2026-07-09,ANVT,ANAND VIHAR TRM,96.0,0
12428,2026-07-09,GZB,GHAZIABAD,166.0,13
12428,2026-07-09,ALJN,ALIGARH JN,170.0,119
12428,2026-07-09,JJK,JHINJHAK,169.0,365
12428,2026-07-09,CNB,KANPUR CENTRAL,202.0,427
12428,2026-07-09,FTP,FATEHPUR,206.0,504
12428,2026-07-09,SRO,SIRATHU,212.0,564
12428,2026-07-09,PRYJ,PRAYAGRAJ JN,203.0,621
12428,2026-07-09,SRJ,SHANKARGARH,198.0,666
12428,2026-07-09,DBR,DABHAURA,198.0,699
12428,2026-07-09,MKP,MANIKPUR JN,176.0,721
12428,2026-07-09,JTW,JAITWAR,201.0,779
12428,2026-07-09,STA,SATNA,187.0,799
12428,2026-07-09,REWA,REWA,156.0,848
12428,2026-07-10,ANVT,ANAND VIHAR TRM,0.0,0
12428,2026-07-10,GZB,GHAZIABAD,12.0,13
12428,2026-07-10,ALJN,ALIGARH JN,29.0,119
12428,2026-07-10,JJK,JHINJHAK,38.0,365
12428,2026-07-10,CNB,KANPUR CENTRAL,49.0,427
12428,2026-07-10,FTP,FATEHPUR,48.0,504
12428,2026-07-10,SRO,SIRATHU,54.0,564
12428,2026-07-10,PRYJ,PRAYAGRAJ JN,25.0,621
12428,2026-07-10,SRJ,SHANKARGARH,14.0,666
12428,2026-07-10,DBR,DABHAURA,13.0,699
12428,2026-07-10,MKP,MANIKPUR JN,1.0,721
12428,2026-07-10,JTW,JAITWAR,8.0,779
12428,2026-07-10,STA,SATNA,8.0,799
12428,2026-07-10,REWA,REWA,-15.0,848
12428,2026-07-11,ANVT,ANAND VIHAR TRM,0.0,0
12428,2026-07-11,GZB,GHAZIABAD,3.0,13
12428,2026-07-11,ALJN,ALIGARH JN,8.0,119
12428,2026-07-11,JJK,JHINJHAK,16.0,365
12428,2026-07-11,CNB,KANPUR CENTRAL,13.0,427
12428,2026-07-11,FTP,FATEHPUR,20.0,504
12428,2026-07-11,SRO,SIRATHU,26.0,564
12428,2026-07-11,PRYJ,PRAYAGRAJ JN,43.0,621
12428,2026-07-11,SRJ,SHANKARGARH,24.0,666
12428,2026-07-11,DBR,DABHAURA,23.0,699
12428,2026-07-11,MKP,MANIKPUR JN,0.0,721
12428,2026-07-11,JTW,JAITWAR,11.0,779
12428,2026-07-11,STA,SATNA,10.0,799
12428,2026-07-11,REWA,REWA,-14.0,848
12428,2026-07-12,ANVT,ANAND VIHAR TRM,0.0,0
12428,2026-07-12,GZB,GHAZIABAD,4.0,13
12428,2026-07-12,ALJN,ALIGARH JN,9.0,119
12428,2026-07-12,JJK,JHINJHAK,61.0,365
12428,2026-07-12,CNB,KANPUR CENTRAL,56.0,427
12428,2026-07-12,FTP,FATEHPUR,61.0,504
12428,2026-07-12,SRO,SIRATHU,65.0,564
12428,2026-07-12,PRYJ,PRAYAGRAJ JN,33.0,621
12428,2026-07-12,SRJ,SHANKARGARH,21.0,666
12428,2026-07-12,DBR,DABHAURA,21.0,699
12428,2026-07-12,MKP,MANIKPUR JN,1.0,721
12428,2026-07-12,JTW,JAITWAR,11.0,779
12428,2026-07-12,STA,SATNA,6.0,799
12428,2026-07-12,REWA,REWA,-18.0,848
12428,2026-07-13,ANVT,ANAND VIHAR TRM,0.0,0
12428,2026-07-13,GZB,GHAZIABAD,6.0,13
12428,2026-07-13,ALJN,ALIGARH JN,8.0,119
12428,2026-07-13,JJK,JHINJHAK,16.0,365
12428,2026-07-13,CNB,KANPUR CENTRAL,8.0,427
12428,2026-07-13,FTP,FATEHPUR,8.0,504
12428,2026-07-13,SRO,SIRATHU,12.0,564
12428,2026-07-13,PRYJ,PRAYAGRAJ JN,0.0,621
12428,2026-07-13,SRJ,SHANKARGARH,0.0,666
12428,2026-07-13,DBR,DABHAURA,0.0,699
12428,2026-07-13,MKP,MANIKPUR JN,0.0,721
12428,2026-07-13,JTW,JAITWAR,6.0,779
12428,2026-07-13,STA,SATNA,0.0,799
12428,2026-07-13,REWA,REWA,-25.0,848
12428,2026-07-14,ANVT,ANAND VIHAR TRM,0.0,0
12428,2026-07-14,GZB,GHAZIABAD,6.0,13
12428,2026-07-14,ALJN,ALIGARH JN,19.0,119
12428,2026-07-14,JJK,JHINJHAK,20.0,365
12428,2026-07-14,CNB,KANPUR CENTRAL,20.0,427
12428,2026-07-14,FTP,FATEHPUR,22.0,504
12428,2026-07-14,SRO,SIRATHU,30.0,564
12428,2026-07-14,PRYJ,PRAYAGRAJ JN,17.0,621
12428,2026-07-14,SRJ,SHANKARGARH,0.0,666
12428,2026-07-14,DBR,DABHAURA,11.0,699
12428,2026-07-14,MKP,MANIKPUR JN,0.0,721
12428,2026-07-14,JTW,JAITWAR,10.0,779
12428,2026-07-14,STA,SATNA,3.0,799
12428,2026-07-14,REWA,REWA,-23.0,848
12428,2026-07-15,ANVT,ANAND VIHAR TRM,0.0,0
12428,2026-07-15,GZB,GHAZIABAD,8.0,13
12428,2026-07-15,ALJN,ALIGARH JN,29.0,119
12428,2026-07-15,JJK,JHINJHAK,28.0,365
12428,2026-07-15,CNB,KANPUR CENTRAL,28.0,427
12428,2026-07-15,FTP,FATEHPUR,29.0,504
12428,2026-07-15,SRO,SIRATHU,35.0,564
12428,2026-07-15,PRYJ,PRAYAGRAJ JN,19.0,621
12428,2026-07-15,SRJ,SHANKARGARH,9.0,666
12428,2026-07-15,DBR,DABHAURA,21.0,699
12428,2026-07-15,MKP,MANIKPUR JN,1.0,721
12428,2026-07-15,JTW,JAITWAR,9.0,779
12428,2026-07-15,STA,SATNA,2.0,799
12428,2026-07-15,REWA,REWA,-22.0,848
12428,2026-07-16,ANVT,ANAND VIHAR TRM,0.0,0
12428,2026-07-16,GZB,GHAZIABAD,9.0,13
12428,2026-07-16,ALJN,ALIGARH JN,13.0,119
12428,2026-07-16,JJK,JHINJHAK,16.0,365
12428,2026-07-16,CNB,KANPUR CENTRAL,21.0,427
12428,2026-07-16,FTP,FATEHPUR,26.0,504
12428,2026-07-16,SRO,SIRATHU,27.0,564
12428,2026-07-16,PRYJ,PRAYAGRAJ JN,1.0,621
12428,2026-07-16,SRJ,SHANKARGARH,3.0,666
12428,2026-07-16,DBR,DABHAURA,3.0,699
12428,2026-07-16,MKP,MANIKPUR JN,0.0,721
12428,2026-07-16,JTW,JAITWAR,11.0,779
12428,2026-07-16,STA,SATNA,0.0,799
12428,2026-07-16,REWA,REWA,-12.0,848
12428,2026-07-17,ANVT,ANAND VIHAR TRM,0.0,0
12428,2026-07-17,GZB,GHAZIABAD,3.0,13
12428,2026-07-17,ALJN,ALIGARH JN,10.0,119
12428,2026-07-17,JJK,JHINJHAK,6.0,365
12428,2026-07-17,CNB,KANPUR CENTRAL,9.0,427
12428,2026-07-17,FTP,FATEHPUR,12.0,504
12428,2026-07-17,SRO,SIRATHU,13.0,564
12428,2026-07-17,PRYJ,PRAYAGRAJ JN,1.0,621
12428,2026-07-17,SRJ,SHANKARGARH,4.0,666
12428,2026-07-17,DBR,DABHAURA,3.0,699
12428,2026-07-17,MKP,MANIKPUR JN,0.0,721
12428,2026-07-17,JTW,JAITWAR,5.0,779
12428,2026-07-17,STA,SATNA,7.0,799
12428,2026-07-17,REWA,REWA,-8.0,848
12428,2026-07-18,ANVT,ANAND VIHAR TRM,1.0,0
12428,2026-07-18,GZB,GHAZIABAD,10.0,13
12428,2026-07-18,ALJN,ALIGARH JN,26.0,119
12428,2026-07-18,JJK,JHINJHAK,28.0,365
12428,2026-07-18,CNB,KANPUR CENTRAL,15.0,427
12428,2026-07-18,FTP,FATEHPUR,24.0,504
12428,2026-07-18,SRO,SIRATHU,24.0,564
12428,2026-07-18,PRYJ,PRAYAGRAJ JN,1.0,621
12428,2026-07-18,SRJ,SHANKARGARH,0.0,666
12428,2026-07-18,DBR,DABHAURA,1.0,699
12428,2026-07-18,MKP,MANIKPUR JN,0.0,721
12428,2026-07-18,JTW,JAITWAR,7.0,779
12428,2026-07-18,STA,SATNA,1.0,799
12428,2026-07-18,REWA,REWA,-14.0,848
12428,2026-07-19,ANVT,ANAND VIHAR TRM,0.0,0
12428,2026-07-19,GZB,GHAZIABAD,7.0,13
12428,2026-07-19,ALJN,ALIGARH JN,39.0,119
12428,2026-07-19,JJK,JHINJHAK,44.0,365
12428,2026-07-19,CNB,KANPUR CENTRAL,47.0,427
12428,2026-07-19,FTP,FATEHPUR,62.0,504
12428,2026-07-19,SRO,SIRATHU,64.0,564
12428,2026-07-19,PRYJ,PRAYAGRAJ JN,32.0,621
12428,2026-07-19,SRJ,SHANKARGARH,12.0,666
12428,2026-07-19,DBR,DABHAURA,12.0,699
12428,2026-07-19,MKP,MANIKPUR JN,3.0,721
12428,2026-07-19,JTW,JAITWAR,17.0,779
12428,2026-07-19,STA,SATNA,13.0,799
12428,2026-07-19,REWA,REWA,-7.0,848
12428,2026-07-20,ANVT,ANAND VIHAR TRM,0.0,0
12428,2026-07-20,GZB,GHAZIABAD,9.0,13
12428,2026-07-20,ALJN,ALIGARH JN,19.0,119
12428,2026-07-20,JJK,JHINJHAK,16.0,365
12428,2026-07-20,CNB,KANPUR CENTRAL,12.0,427
12428,2026-07-20,FTP,FATEHPUR,15.0,504
12428,2026-07-20,SRO,SIRATHU,22.0,564
12428,2026-07-20,PRYJ,PRAYAGRAJ JN,3.0,621
12428,2026-07-20,SRJ,SHANKARGARH,13.0,666
12428,2026-07-20,DBR,DABHAURA,13.0,699
12428,2026-07-20,MKP,MANIKPUR JN,6.0,721
12428,2026-07-20,JTW,JAITWAR,20.0,779
12428,2026-07-20,STA,SATNA,22.0,799
12428,2026-07-20,REWA,REWA,-3.0,848
12428,2026-07-21,ANVT,ANAND VIHAR TRM,38.0,0
12428,2026-07-21,GZB,GHAZIABAD,82.0,13
12428,2026-07-21,ALJN,ALIGARH JN,99.0,119
12428,2026-07-21,JJK,JHINJHAK,92.0,365
12428,2026-07-21,CNB,KANPUR CENTRAL,105.0,427
12428,2026-07-21,FTP,FATEHPUR,105.0,504
12428,2026-07-21,SRO,SIRATHU,106.0,564
12428,2026-07-21,PRYJ,PRAYAGRAJ JN,75.0,621
12428,2026-07-21,SRJ,SHANKARGARH,59.0,666
12428,2026-07-21,DBR,DABHAURA,76.0,699
12428,2026-07-21,MKP,MANIKPUR JN,55.0,721
12428,2026-07-21,JTW,JAITWAR,61.0,779
12428,2026-07-21,STA,SATNA,55.0,799
12428,2026-07-21,REWA,REWA,31.0,848
12428,2026-07-22,ANVT,ANAND VIHAR TRM,0.0,0
12428,2026-07-22,GZB,GHAZIABAD,11.0,13
12428,2026-07-22,ALJN,ALIGARH JN,36.0,119
12428,2026-07-22,JJK,JHINJHAK,34.0,365
12428,2026-07-22,CNB,KANPUR CENTRAL,32.0,427
12428,2026-07-22,FTP,FATEHPUR,31.0,504
12428,2026-07-22,SRO,SIRATHU,32.0,564
12428,2026-07-22,PRYJ,PRAYAGRAJ JN,0.0,621
12428,2026-07-22,SRJ,SHANKARGARH,0.0,666
12428,2026-07-22,DBR,DABHAURA,3.0,699
12428,2026-07-22,MKP,MANIKPUR JN,0.0,721
12428,2026-07-22,JTW,JAITWAR,9.0,779
12428,2026-07-22,STA,SATNA,8.0,799
12428,2026-07-22,REWA,REWA,-18.0,848
12428,2026-07-23,ANVT,ANAND VIHAR TRM,0.0,0
12428,2026-07-23,GZB,GHAZIABAD,7.0,13
12428,2026-07-23,ALJN,ALIGARH JN,25.0,119
12428,2026-07-23,JJK,JHINJHAK,30.0,365
12428,2026-07-23,CNB,KANPUR CENTRAL,39.0,427
12428,2026-07-23,FTP,FATEHPUR,41.0,504
12428,2026-07-23,SRO,SIRATHU,41.0,564
12428,2026-07-23,PRYJ,PRAYAGRAJ JN,12.0,621
12428,2026-07-23,SRJ,SHANKARGARH,0.0,666
12428,2026-07-23,DBR,DABHAURA,0.0,699
12428,2026-07-23,MKP,MANIKPUR JN,1.0,721
12428,2026-07-23,JTW,JAITWAR,8.0,779
12428,2026-07-23,STA,SATNA,10.0,799
12428,2026-07-23,REWA,REWA,-6.0,848
12428,2026-07-24,ANVT,ANAND VIHAR TRM,0.0,0
12428,2026-07-24,GZB,GHAZIABAD,0.0,13
12428,2026-07-24,ALJN,ALIGARH JN,19.0,119
12428,2026-07-24,JJK,JHINJHAK,21.0,365
12428,2026-07-24,CNB,KANPUR CENTRAL,44.0,427
12428,2026-07-24,FTP,FATEHPUR,46.0,504
12428,2026-07-24,SRO,SIRATHU,45.0,564
12428,2026-07-24,PRYJ,PRAYAGRAJ JN,14.0,621
12428,2026-07-24,SRJ,SHANKARGARH,0.0,666
12428,2026-07-24,DBR,DABHAURA,13.0,699
12428,2026-07-24,MKP,MANIKPUR JN,0.0,721
12428,2026-07-24,JTW,JAITWAR,23.0,779
12428,2026-07-24,STA,SATNA,21.0,799
12428,2026-07-24,REWA,REWA,-1.0,848
12428,2026-07-25,ANVT,ANAND VIHAR TRM,0.0,0
12428,2026-07-25,GZB,GHAZIABAD,8.0,13
12428,2026-07-25,ALJN,ALIGARH JN,9.0,119
12428,2026-07-25,JJK,JHINJHAK,24.0,365
12428,2026-07-25,CNB,KANPUR CENTRAL,32.0,427
12428,2026-07-25,FTP,FATEHPUR,34.0,504
12428,2026-07-25,SRO,SIRATHU,33.0,564
12428,2026-07-25,PRYJ,PRAYAGRAJ JN,24.0,621
12428,2026-07-25,SRJ,SHANKARGARH,13.0,666
12428,2026-07-25,DBR,DABHAURA,12.0,699
12428,2026-07-25,MKP,MANIKPUR JN,0.0,721
12428,2026-07-25,JTW,JAITWAR,16.0,779
12428,2026-07-25,STA,SATNA,7.0,799
12428,2026-07-25,REWA,REWA,-19.0,848
12428,2026-07-26,ANVT,ANAND VIHAR TRM,0.0,0
12428,2026-07-26,GZB,GHAZIABAD,9.0,13
12428,2026-07-26,ALJN,ALIGARH JN,21.0,119
12428,2026-07-26,JJK,JHINJHAK,21.0,365
12428,2026-07-26,CNB,KANPUR CENTRAL,14.0,427
12428,2026-07-26,FTP,FATEHPUR,19.0,504
12428,2026-07-26,SRO,SIRATHU,20.0,564
12428,2026-07-26,PRYJ,PRAYAGRAJ JN,1.0,621
12428,2026-07-26,SRJ,SHANKARGARH,0.0,666
12428,2026-07-26,DBR,DABHAURA,7.0,699
12428,2026-07-26,MKP,MANIKPUR JN,0.0,721
12428,2026-07-26,JTW,JAITWAR,9.0,779
12428,2026-07-26,STA,SATNA,0.0,799
12428,2026-07-26,REWA,REWA,-20.0,848
12428,2026-07-27,ANVT,ANAND VIHAR TRM,1.0,0
12428,2026-07-27,GZB,GHAZIABAD,10.0,13
12428,2026-07-27,ALJN,ALIGARH JN,31.0,119
12428,2026-07-27,JJK,JHINJHAK,27.0,365
12428,2026-07-27,CNB,KANPUR CENTRAL,29.0,427
12428,2026-07-27,FTP,FATEHPUR,34.0,504
12428,2026-07-27,SRO,SIRATHU,35.0,564
12428,2026-07-27,PRYJ,PRAYAGRAJ JN,6.0,621
12428,2026-07-27,SRJ,SHANKARGARH,0.0,666
12428,2026-07-27,DBR,DABHAURA,2.0,699
12428,2026-07-27,MKP,MANIKPUR JN,0.0,721
12428,2026-07-27,JTW,JAITWAR,13.0,779
12428,2026-07-27,STA,SATNA,6.0,799
12428,2026-07-27,REWA,REWA,-9.0,848
12428,2026-07-28,ANVT,ANAND VIHAR TRM,48.0,0
12428,2026-07-28,GZB,GHAZIABAD,75.0,13
12428,2026-07-28,ALJN,ALIGARH JN,87.0,119
12428,2026-07-28,JJK,JHINJHAK,108.0,365
12428,2026-07-28,CNB,KANPUR CENTRAL,121.0,427
12428,2026-07-28,FTP,FATEHPUR,125.0,504
12428,2026-07-28,SRO,SIRATHU,126.0,564
12428,2026-07-28,PRYJ,PRAYAGRAJ JN,107.0,621
12428,2026-07-28,SRJ,SHANKARGARH,92.0,666
12428,2026-07-28,DBR,DABHAURA,91.0,699
12428,2026-07-28,MKP,MANIKPUR JN,68.0,721
12428,2026-07-28,JTW,JAITWAR,79.0,779
12428,2026-07-28,STA,SATNA,73.0,799
12428,2026-07-28,REWA,REWA,48.0,848
12428,2026-07-29,ANVT,ANAND VIHAR TRM,1.0,0
12428,2026-07-29,GZB,GHAZIABAD,11.0,13
12428,2026-07-29,ALJN,ALIGARH JN,31.0,119
12428,2026-07-29,JJK,JHINJHAK,23.0,365
12428,2026-07-29,CNB,KANPUR CENTRAL,26.0,427
12428,2026-07-29,FTP,FATEHPUR,28.0,504
12428,2026-07-29,SRO,SIRATHU,28.0,564
12428,2026-07-29,PRYJ,PRAYAGRAJ JN,1.0,621
12428,2026-07-29,SRJ,SHANKARGARH,0.0,666
12428,2026-07-29,DBR,DABHAURA,1.0,699
12428,2026-07-29,MKP,MANIKPUR JN,0.0,721
12428,2026-07-29,JTW,JAITWAR,10.0,779
12428,2026-07-29,STA,SATNA,5.0,799
12428,2026-07-29,REWA,REWA,-16.0,848
12428,2026-07-30,ANVT,ANAND VIHAR TRM,0.0,0
12428,2026-07-30,GZB,GHAZIABAD,5.0,13
12428,2026-07-30,ALJN,ALIGARH JN,26.0,119
12428,2026-07-30,JJK,JHINJHAK,24.0,365
12428,2026-07-30,CNB,KANPUR CENTRAL,22.0,427
12428,2026-07-30,FTP,FATEHPUR,27.0,504
12428,2026-07-30,SRO,SIRATHU,39.0,564
12428,2026-07-30,PRYJ,PRAYAGRAJ JN,15.0,621
12428,2026-07-30,SRJ,SHANKARGARH,13.0,666
12428,2026-07-30,DBR,DABHAURA,16.0,699
12428,2026-07-30,MKP,MANIKPUR JN,0.0,721
12428,2026-07-30,JTW,JAITWAR,8.0,779
12428,2026-07-30,STA,SATNA,2.0,799
12428,2026-07-30,REWA,REWA,-17.0,848
12428,2026-07-31,ANVT,ANAND VIHAR TRM,0.0,0
12428,2026-07-31,GZB,GHAZIABAD,7.0,13
12428,2026-07-31,ALJN,ALIGARH JN,22.0,119
12428,2026-07-31,JJK,JHINJHAK,21.0,365
12428,2026-07-31,CNB,KANPUR CENTRAL,34.0,427
12428,2026-07-31,FTP,FATEHPUR,34.0,504
12428,2026-07-31,SRO,SIRATHU,36.0,564
12428,2026-07-31,PRYJ,PRAYAGRAJ JN,16.0,621
12428,2026-07-31,SRJ,SHANKARGARH,5.0,666
12428,2026-07-31,DBR,DABHAURA,4.0,699
12428,2026-07-31,MKP,MANIKPUR JN,0.0,721
12428,2026-07-31,JTW,JAITWAR,11.0,779
12428,2026-07-31,STA,SATNA,4.0,799
12428,2026-07-31,REWA,REWA,-22.0,848
12428,2026-08-01,ANVT,ANAND VIHAR TRM,1.0,0
12428,2026-08-01,GZB,GHAZIABAD,4.0,13
12428,2026-08-01,ALJN,ALIGARH JN,36.0,119
12428,2026-08-01,JJK,JHINJHAK,29.0,365
12428,2026-08-01,CNB,KANPUR CENTRAL,27.0,427
12428,2026-08-01,FTP,FATEHPUR,28.0,504
12428,2026-08-01,SRO,SIRATHU,32.0,564
12428,2026-08-01,PRYJ,PRAYAGRAJ JN,31.0,621
12428,2026-08-01,SRJ,SHANKARGARH,14.0,666
12428,2026-08-01,DBR,DABHAURA,15.0,699
12428,2026-08-01,MKP,MANIKPUR JN,0.0,721
12428,2026-08-01,JTW,JAITWAR,12.0,779
12428,2026-08-01,STA,SATNA,16.0,799
12428,2026-08-01,REWA,REWA,-5.0,848
12428,2026-08-02,ANVT,ANAND VIHAR TRM,0.0,0
12428,2026-08-02,GZB,GHAZIABAD,7.0,13
12428,2026-08-02,ALJN,ALIGARH JN,22.0,119
12428,2026-08-02,JJK,JHINJHAK,32.0,365
12428,2026-08-02,CNB,KANPUR CENTRAL,32.0,427
12428,2026-08-02,FTP,FATEHPUR,30.0,504
12428,2026-08-02,SRO,SIRATHU,31.0,564
12428,2026-08-02,PRYJ,PRAYAGRAJ JN,8.0,621
12428,2026-08-02,SRJ,SHANKARGARH,0.0,666
12428,2026-08-02,DBR,DABHAURA,0.0,699
12428,2026-08-02,MKP,MANIKPUR JN,1.0,721
12428,2026-08-02,JTW,JAITWAR,17.0,779
12428,2026-08-02,STA,SATNA,14.0,799
12428,2026-08-02,REWA,REWA,-11.0,848
12428,2026-08-03,ANVT,ANAND VIHAR TRM,1.0,0
12428,2026-08-03,GZB,GHAZIABAD,11.0,13
12428,2026-08-03,ALJN,ALIGARH JN,37.0,119
12428,2026-08-03,JJK,JHINJHAK,27.0,365
12428,2026-08-03,CNB,KANPUR CENTRAL,38.0,427
12428,2026-08-03,FTP,FATEHPUR,43.0,504
12428,2026-08-03,SRO,SIRATHU,44.0,564
12428,2026-08-03,PRYJ,PRAYAGRAJ JN,28.0,621
12428,2026-08-03,SRJ,SHANKARGARH,18.0,666
12428,2026-08-03,DBR,DABHAURA,18.0,699
12428,2026-08-03,MKP,MANIKPUR JN,1.0,721
12428,2026-08-03,JTW,JAITWAR,17.0,779
12428,2026-08-03,STA,SATNA,18.0,799
12428,2026-08-03,REWA,REWA,4.0,848
12428,2026-08-04,ANVT,ANAND VIHAR TRM,1.0,0
12428,2026-08-04,GZB,GHAZIABAD,2.0,13
12428,2026-08-04,ALJN,ALIGARH JN,25.0,119
12428,2026-08-04,JJK,JHINJHAK,24.0,365
12428,2026-08-04,CNB,KANPUR CENTRAL,33.0,427
12428,2026-08-04,FTP,FATEHPUR,34.0,504
12428,2026-08-04,SRO,SIRATHU,37.0,564
12428,2026-08-04,PRYJ,PRAYAGRAJ JN,48.0,621
12428,2026-08-04,SRJ,SHANKARGARH,37.0,666
12428,2026-08-04,DBR,DABHAURA,36.0,699
12428,2026-08-04,MKP,MANIKPUR JN,12.0,721
12428,2026-08-04,JTW,JAITWAR,26.0,779
12428,2026-08-04,STA,SATNA,25.0,799
12428,2026-08-04,REWA,REWA,2.0,848
12428,2026-08-05,ANVT,ANAND VIHAR TRM,1.0,0
12428,2026-08-05,GZB,GHAZIABAD,7.0,13
12428,2026-08-05,ALJN,ALIGARH JN,26.0,119
12428,2026-08-05,JJK,JHINJHAK,17.0,365
12428,2026-08-05,CNB,KANPUR CENTRAL,16.0,427
12428,2026-08-05,FTP,FATEHPUR,21.0,504
12428,2026-08-05,SRO,SIRATHU,23.0,564
12428,2026-08-05,PRYJ,PRAYAGRAJ JN,34.0,621
12428,2026-08-05,SRJ,SHANKARGARH,19.0,666
12428,2026-08-05,DBR,DABHAURA,19.0,699
12428,2026-08-05,MKP,MANIKPUR JN,0.0,721
12428,2026-08-05,JTW,JAITWAR,9.0,779
12428,2026-08-05,STA,SATNA,16.0,799
12428,2026-08-05,REWA,REWA,-9.0,848
12428,2026-08-06,ANVT,ANAND VIHAR TRM,0.0,0
12428,2026-08-06,GZB,GHAZIABAD,3.0,13
12428,2026-08-06,ALJN,ALIGARH JN,12.0,119
12428,2026-08-06,JJK,JHINJHAK,7.0,365
12428,2026-08-06,CNB,KANPUR CENTRAL,4.0,427
12428,2026-08-06,FTP,FATEHPUR,3.0,504
12428,2026-08-06,SRO,SIRATHU,4.0,564
12428,2026-08-06,PRYJ,PRAYAGRAJ JN,9.0,621
12428,2026-08-06,SRJ,SHANKARGARH,4.0,666
12428,2026-08-06,DBR,DABHAURA,4.0,699
12428,2026-08-06,MKP,MANIKPUR JN,0.0,721
12428,2026-08-06,JTW,JAITWAR,7.0,779
12428,2026-08-06,STA,SATNA,6.0,799
12428,2026-08-06,REWA,REWA,-18.0,848
12428,2026-08-07,ANVT,ANAND VIHAR TRM,0.0,0
12428,2026-08-07,GZB,GHAZIABAD,6.0,13
12428,2026-08-07,ALJN,ALIGARH JN,33.0,119
12428,2026-08-07,JJK,JHINJHAK,29.0,365
12428,2026-08-07,CNB,KANPUR CENTRAL,28.0,427
12428,2026-08-07,FTP,FATEHPUR,33.0,504
12428,2026-08-07,SRO,SIRATHU,39.0,564
12428,2026-08-07,PRYJ,PRAYAGRAJ JN,33.0,621
12428,2026-08-07,SRJ,SHANKARGARH,26.0,666
12428,2026-08-07,DBR,DABHAURA,38.0,699
12428,2026-08-07,MKP,MANIKPUR JN,15.0,721
12428,2026-08-07,JTW,JAITWAR,20.0,779
12428,2026-08-07,STA,SATNA,12.0,799
12428,2026-08-07,REWA,REWA,-9.0,848
12428,2026-08-08,ANVT,ANAND VIHAR TRM,1.0,0
12428,2026-08-08,GZB,GHAZIABAD,5.0,13
12428,2026-08-08,ALJN,ALIGARH JN,25.0,119
12428,2026-08-08,JJK,JHINJHAK,35.0,365
12428,2026-08-08,CNB,KANPUR CENTRAL,39.0,427
12428,2026-08-08,FTP,FATEHPUR,53.0,504
12428,2026-08-08,SRO,SIRATHU,57.0,564
12428,2026-08-08,PRYJ,PRAYAGRAJ JN,35.0,621
12428,2026-08-08,SRJ,SHANKARGARH,26.0,666
12428,2026-08-08,DBR,DABHAURA,28.0,699
12428,2026-08-08,MKP,MANIKPUR JN,2.0,721
12428,2026-08-08,JTW,JAITWAR,6.0,779
12428,2026-08-08,STA,SATNA,0.0,799
12428,2026-08-08,REWA,REWA,-25.0,848
12428,2026-08-09,ANVT,ANAND VIHAR TRM,0.0,0
12428,2026-08-09,GZB,GHAZIABAD,103.0,13
12428,2026-08-09,ALJN,ALIGARH JN,121.0,119
12428,2026-08-09,JJK,JHINJHAK,141.0,365
12428,2026-08-09,CNB,KANPUR CENTRAL,158.0,427
12428,2026-08-09,FTP,FATEHPUR,165.0,504
12428,2026-08-09,SRO,SIRATHU,175.0,564
12428,2026-08-09,PRYJ,PRAYAGRAJ JN,167.0,621
12428,2026-08-09,SRJ,SHANKARGARH,152.0,666
12428,2026-08-09,DBR,DABHAURA,173.0,699
12428,2026-08-09,MKP,MANIKPUR JN,152.0,721
12428,2026-08-09,JTW,JAITWAR,160.0,779
12428,2026-08-09,STA,SATNA,154.0,799
12428,2026-08-09,REWA,REWA,131.0,848
12428,2026-08-10,ANVT,ANAND VIHAR TRM,0.0,0
12428,2026-08-10,GZB,GHAZIABAD,3.0,13
12428,2026-08-10,ALJN,ALIGARH JN,8.0,119
12428,2026-08-10,JJK,JHINJHAK,11.0,365
12428,2026-08-10,CNB,KANPUR CENTRAL,16.0,427
12428,2026-08-10,FTP,FATEHPUR,20.0,504
12428,2026-08-10,SRO,SIRATHU,20.0,564
12428,2026-08-10,PRYJ,PRAYAGRAJ JN,0.0,621
12428,2026-08-10,SRJ,SHANKARGARH,2.0,666
12428,2026-08-10,DBR,DABHAURA,7.0,699
12428,2026-08-10,MKP,MANIKPUR JN,0.0,721
12428,2026-08-10,JTW,JAITWAR,9.0,779
12428,2026-08-10,STA,SATNA,4.0,799
12428,2026-08-10,REWA,REWA,-14.0,848
12428,2026-08-11,ANVT,ANAND VIHAR TRM,1.0,0
12428,2026-08-11,GZB,GHAZIABAD,4.0,13
12428,2026-08-11,ALJN,ALIGARH JN,29.0,119
12428,2026-08-11,JJK,JHINJHAK,31.0,365
12428,2026-08-11,CNB,KANPUR CENTRAL,46.0,427
12428,2026-08-11,FTP,FATEHPUR,56.0,504
12428,2026-08-11,SRO,SIRATHU,69.0,564
12428,2026-08-11,PRYJ,PRAYAGRAJ JN,199.0,621
12428,2026-08-11,SRJ,SHANKARGARH,173.0,666
12428,2026-08-11,DBR,DABHAURA,169.0,699
12428,2026-08-11,MKP,MANIKPUR JN,151.0,721
12428,2026-08-11,JTW,JAITWAR,30.0,779
12428,2026-08-11,STA,SATNA,26.0,799
12428,2026-08-11,REWA,REWA,2.0,848
12428,2026-08-12,ANVT,ANAND VIHAR TRM,1.0,0
12428,2026-08-12,GZB,GHAZIABAD,9.0,13
12428,2026-08-12,ALJN,ALIGARH JN,27.0,119
12428,2026-08-12,JJK,JHINJHAK,33.0,365
12428,2026-08-12,CNB,KANPUR CENTRAL,29.0,427
12428,2026-08-12,FTP,FATEHPUR,30.0,504
12428,2026-08-12,SRO,SIRATHU,29.0,564
12428,2026-08-12,PRYJ,PRAYAGRAJ JN,1.0,621
12428,2026-08-12,SRJ,SHANKARGARH,0.0,666
12428,2026-08-12,DBR,DABHAURA,4.0,699
12428,2026-08-12,MKP,MANIKPUR JN,0.0,721
12428,2026-08-12,JTW,JAITWAR,8.0,779
12428,2026-08-12,STA,SATNA,0.0,799
12428,2026-08-12,REWA,REWA,-21.0,848
12428,2026-08-13,ANVT,ANAND VIHAR TRM,0.0,0
12428,2026-08-13,GZB,GHAZIABAD,0.0,13
12428,2026-08-13,ALJN,ALIGARH JN,0.0,119
12428,2026-08-13,JJK,JHINJHAK,0.0,365
12428,2026-08-13,CNB,KANPUR CENTRAL,25.0,427
12428,2026-08-13,FTP,FATEHPUR,26.0,504
12428,2026-08-13,SRO,SIRATHU,24.0,564
12428,2026-08-13,PRYJ,PRAYAGRAJ JN,3.0,621
12428,2026-08-13,SRJ,SHANKARGARH,10.0,666
12428,2026-08-13,DBR,DABHAURA,16.0,699
12428,2026-08-13,MKP,MANIKPUR JN,5.0,721
12428,2026-08-13,JTW,JAITWAR,16.0,779
12428,2026-08-13,STA,SATNA,4.0,799
12428,2026-08-13,REWA,REWA,-13.0,848
12428,2026-08-14,ANVT,ANAND VIHAR TRM,1.0,0
12428,2026-08-14,GZB,GHAZIABAD,8.0,13
12428,2026-08-14,ALJN,ALIGARH JN,49.0,119
12428,2026-08-14,JJK,JHINJHAK,56.0,365
12428,2026-08-14,CNB,KANPUR CENTRAL,47.0,427
12428,2026-08-14,FTP,FATEHPUR,49.0,504
12428,2026-08-14,SRO,SIRATHU,50.0,564
12428,2026-08-14,PRYJ,PRAYAGRAJ JN,23.0,621
12428,2026-08-14,SRJ,SHANKARGARH,9.0,666
12428,2026-08-14,DBR,DABHAURA,15.0,699
12428,2026-08-14,MKP,MANIKPUR JN,0.0,721
12428,2026-08-14,JTW,JAITWAR,24.0,779
12428,2026-08-14,STA,SATNA,25.0,799
12428,2026-08-14,REWA,REWA,8.0,848
12428,2026-08-15,ANVT,ANAND VIHAR TRM,0.0,0
12428,2026-08-15,GZB,GHAZIABAD,5.0,13
12428,2026-08-15,ALJN,ALIGARH JN,35.0,119
12428,2026-08-15,JJK,JHINJHAK,34.0,365
12428,2026-08-15,CNB,KANPUR CENTRAL,26.0,427
12428,2026-08-15,FTP,FATEHPUR,31.0,504
12428,2026-08-15,SRO,SIRATHU,29.0,564
12428,2026-08-15,PRYJ,PRAYAGRAJ JN,9.0,621
12428,2026-08-15,SRJ,SHANKARGARH,11.0,666
12428,2026-08-15,DBR,DABHAURA,17.0,699
12428,2026-08-15,MKP,MANIKPUR JN,0.0,721
12428,2026-08-15,JTW,JAITWAR,32.0,779
12428,2026-08-15,STA,SATNA,24.0,799
12428,2026-08-15,REWA,REWA,0.0,848
12428,2026-08-16,ANVT,ANAND VIHAR TRM,0.0,0
12428,2026-08-16,GZB,GHAZIABAD,8.0,13
12428,2026-08-16,ALJN,ALIGARH JN,29.0,119
12428,2026-08-16,JJK,JHINJHAK,36.0,365
12428,2026-08-16,CNB,KANPUR CENTRAL,41.0,427
12428,2026-08-16,FTP,FATEHPUR,52.0,504
12428,2026-08-16,SRO,SIRATHU,51.0,564
12428,2026-08-16,PRYJ,PRAYAGRAJ JN,21.0,621
12428,2026-08-16,SRJ,SHANKARGARH,14.0,666
12428,2026-08-16,DBR,DABHAURA,20.0,699
12428,2026-08-16,MKP,MANIKPUR JN,0.0,721
12428,2026-08-16,JTW,JAITWAR,13.0,779
12428,2026-08-16,STA,SATNA,8.0,799
12428,2026-08-16,REWA,REWA,-7.0,848
12428,2026-08-17,ANVT,ANAND VIHAR TRM,0.0,0
12428,2026-08-17,GZB,GHAZIABAD,3.0,13
12428,2026-08-17,ALJN,ALIGARH JN,17.0,119
12428,2026-08-17,JJK,JHINJHAK,21.0,365
12428,2026-08-17,CNB,KANPUR CENTRAL,29.0,427
12428,2026-08-17,FTP,FATEHPUR,35.0,504
12428,2026-08-17,SRO,SIRATHU,33.0,564
12428,2026-08-17,PRYJ,PRAYAGRAJ JN,10.0,621
12428,2026-08-17,SRJ,SHANKARGARH,0.0,666
12428,2026-08-17,DBR,DABHAURA,10.0,699
12428,2026-08-17,MKP,MANIKPUR JN,0.0,721
12428,2026-08-17,JTW,JAITWAR,9.0,779
12428,2026-08-17,STA,SATNA,4.0,799
12428,2026-08-17,REWA,REWA,-18.0,848
12428,2026-08-18,ANVT,ANAND VIHAR TRM,0.0,0
12428,2026-08-18,GZB,GHAZIABAD,5.0,13
12428,2026-08-18,ALJN,ALIGARH JN,28.0,119
12428,2026-08-18,JJK,JHINJHAK,39.0,365
12428,2026-08-18,CNB,KANPUR CENTRAL,40.0,427
12428,2026-08-18,FTP,FATEHPUR,42.0,504
12428,2026-08-18,SRO,SIRATHU,43.0,564
12428,2026-08-18,PRYJ,PRAYAGRAJ JN,38.0,621
12428,2026-08-18,SRJ,SHANKARGARH,22.0,666
12428,2026-08-18,DBR,DABHAURA,27.0,699
12428,2026-08-18,MKP,MANIKPUR JN,3.0,721
12428,2026-08-18,JTW,JAITWAR,13.0,779
12428,2026-08-18,STA,SATNA,12.0,799
12428,2026-08-18,REWA,REWA,-12.0,848
12428,2026-08-19,ANVT,ANAND VIHAR TRM,1.0,0
12428,2026-08-19,GZB,GHAZIABAD,0.0,13
12428,2026-08-19,ALJN,ALIGARH JN,23.0,119
12428,2026-08-19,JJK,JHINJHAK,28.0,365
12428,2026-08-19,CNB,KANPUR CENTRAL,22.0,427
12428,2026-08-19,FTP,FATEHPUR,25.0,504
12428,2026-08-19,SRO,SIRATHU,24.0,564
12428,2026-08-19,PRYJ,PRAYAGRAJ JN,2.0,621
12428,2026-08-19,SRJ,SHANKARGARH,0.0,666
12428,2026-08-19,DBR,DABHAURA,1.0,699
12428,2026-08-19,MKP,MANIKPUR JN,0.0,721
12428,2026-08-19,JTW,JAITWAR,4.0,779
12428,2026-08-19,STA,SATNA,27.0,799
12428,2026-08-19,REWA,REWA,5.0,848
12428,2026-08-20,ANVT,ANAND VIHAR TRM,1.0,0
12428,2026-08-20,GZB,GHAZIABAD,3.0,13
12428,2026-08-20,ALJN,ALIGARH JN,26.0,119
12428,2026-08-20,JJK,JHINJHAK,22.0,365
12428,2026-08-20,CNB,KANPUR CENTRAL,22.0,427
12428,2026-08-20,FTP,FATEHPUR,23.0,504
12428,2026-08-20,SRO,SIRATHU,29.0,564
12428,2026-08-20,PRYJ,PRAYAGRAJ JN,9.0,621
12428,2026-08-20,SRJ,SHANKARGARH,6.0,666
12428,2026-08-20,DBR,DABHAURA,7.0,699
12428,2026-08-20,MKP,MANIKPUR JN,0.0,721
12428,2026-08-20,JTW,JAITWAR,10.0,779
12428,2026-08-20,STA,SATNA,3.0,799
12428,2026-08-20,REWA,REWA,-21.0,848
12428,2026-08-21,ANVT,ANAND VIHAR TRM,0.0,0
12428,2026-08-21,GZB,GHAZIABAD,4.0,13
12428,2026-08-21,ALJN,ALIGARH JN,58.0,119
12428,2026-08-21,JJK,JHINJHAK,53.0,365
12428,2026-08-21,CNB,KANPUR CENTRAL,59.0,427
12428,2026-08-21,FTP,FATEHPUR,60.0,504
12428,2026-08-21,SRO,SIRATHU,63.0,564
12428,2026-08-21,PRYJ,PRAYAGRAJ JN,39.0,621
12428,2026-08-21,SRJ,SHANKARGARH,26.0,666
12428,2026-08-21,DBR,DABHAURA,27.0,699
12428,2026-08-21,MKP,MANIKPUR JN,6.0,721
12428,2026-08-21,JTW,JAITWAR,12.0,779
12428,2026-08-21,STA,SATNA,24.0,799
12428,2026-08-21,REWA,REWA,2.0,848
12428,2026-08-22,ANVT,ANAND VIHAR TRM,1.0,0
12428,2026-08-22,GZB,GHAZIABAD,4.0,13
12428,2026-08-22,ALJN,ALIGARH JN,30.0,119
12428,2026-08-22,JJK,JHINJHAK,27.0,365
12428,2026-08-22,CNB,KANPUR CENTRAL,22.0,427
12428,2026-08-22,FTP,FATEHPUR,29.0,504
12428,2026-08-22,SRO,SIRATHU,30.0,564
12428,2026-08-22,PRYJ,PRAYAGRAJ JN,49.0,621
12428,2026-08-22,SRJ,SHANKARGARH,29.0,666
12428,2026-08-22,DBR,DABHAURA,29.0,699
12428,2026-08-22,MKP,MANIKPUR JN,4.0,721
12428,2026-08-22,JTW,JAITWAR,7.0,779
12428,2026-08-22,STA,SATNA,6.0,799
12428,2026-08-22,REWA,REWA,-15.0,848
12428,2026-08-23,ANVT,ANAND VIHAR TRM,1.0,0
12428,2026-08-23,GZB,GHAZIABAD,9.0,13
12428,2026-08-23,ALJN,ALIGARH JN,18.0,119
12428,2026-08-23,JJK,JHINJHAK,22.0,365
12428,2026-08-23,CNB,KANPUR CENTRAL,31.0,427
12428,2026-08-23,FTP,FATEHPUR,36.0,504
12428,2026-08-23,SRO,SIRATHU,35.0,564
12428,2026-08-23,PRYJ,PRAYAGRAJ JN,15.0,621
12428,2026-08-23,SRJ,SHANKARGARH,0.0,666
12428,2026-08-23,DBR,DABHAURA,1.0,699
12428,2026-08-23,MKP,MANIKPUR JN,0.0,721
12428,2026-08-23,JTW,JAITWAR,0.0,779
12428,2026-08-23,STA,SATNA,0.0,799
12428,2026-08-23,REWA,REWA,-24.0,848
12428,2026-08-24,ANVT,ANAND VIHAR TRM,0.0,0
12428,2026-08-24,GZB,GHAZIABAD,8.0,13
12428,2026-08-24,ALJN,ALIGARH JN,37.0,119
12428,2026-08-24,JJK,JHINJHAK,29.0,365
12428,2026-08-24,CNB,KANPUR CENTRAL,27.0,427
12428,2026-08-24,FTP,FATEHPUR,39.0,504
12428,2026-08-24,SRO,SIRATHU,38.0,564
12428,2026-08-24,PRYJ,PRAYAGRAJ JN,19.0,621
12428,2026-08-24,SRJ,SHANKARGARH,6.0,666
12428,2026-08-24,DBR,DABHAURA,6.0,699
12428,2026-08-24,MKP,MANIKPUR JN,0.0,721
12428,2026-08-24,JTW,JAITWAR,8.0,779
12428,2026-08-24,STA,SATNA,13.0,799
12428,2026-08-24,REWA,REWA,-7.0,848
12428,2026-08-25,ANVT,ANAND VIHAR TRM,0.0,0
12428,2026-08-25,GZB,GHAZIABAD,6.0,13
12428,2026-08-25,ALJN,ALIGARH JN,25.0,119
12428,2026-08-25,JJK,JHINJHAK,18.0,365
12428,2026-08-25,CNB,KANPUR CENTRAL,40.0,427
12428,2026-08-25,FTP,FATEHPUR,43.0,504
12428,2026-08-25,SRO,SIRATHU,51.0,564
12428,2026-08-25,PRYJ,PRAYAGRAJ JN,30.0,621
12428,2026-08-25,SRJ,SHANKARGARH,17.0,666
12428,2026-08-25,DBR,DABHAURA,16.0,699
12428,2026-08-25,MKP,MANIKPUR JN,0.0,721
12428,2026-08-25,JTW,JAITWAR,11.0,779
12428,2026-08-25,STA,SATNA,9.0,799
12428,2026-08-25,REWA,REWA,-8.0,848
12428,2026-08-26,ANVT,ANAND VIHAR TRM,1.0,0
12428,2026-08-26,GZB,GHAZIABAD,8.0,13
12428,2026-08-26,ALJN,ALIGARH JN,40.0,119
12428,2026-08-26,JJK,JHINJHAK,38.0,365
12428,2026-08-26,CNB,KANPUR CENTRAL,42.0,427
12428,2026-08-26,FTP,FATEHPUR,46.0,504
12428,2026-08-26,SRO,SIRATHU,47.0,564
12428,2026-08-26,PRYJ,PRAYAGRAJ JN,16.0,621
12428,2026-08-26,SRJ,SHANKARGARH,11.0,666
12428,2026-08-26,DBR,DABHAURA,12.0,699
12428,2026-08-26,MKP,MANIKPUR JN,0.0,721
12428,2026-08-26,JTW,JAITWAR,6.0,779
12428,2026-08-26,STA,SATNA,5.0,799
12428,2026-08-26,REWA,REWA,-21.0,848
12428,2026-08-27,ANVT,ANAND VIHAR TRM,0.0,0
12428,2026-08-27,GZB,GHAZIABAD,7.0,13
12428,2026-08-27,ALJN,ALIGARH JN,34.0,119
12428,2026-08-27,JJK,JHINJHAK,33.0,365
12428,2026-08-27,CNB,KANPUR CENTRAL,40.0,427
12428,2026-08-27,FTP,FATEHPUR,48.0,504
12428,2026-08-27,SRO,SIRATHU,48.0,564
12428,2026-08-27,PRYJ,PRAYAGRAJ JN,17.0,621
12428,2026-08-27,SRJ,SHANKARGARH,10.0,666
12428,2026-08-27,DBR,DABHAURA,14.0,699
12428,2026-08-27,MKP,MANIKPUR JN,0.0,721
12428,2026-08-27,JTW,JAITWAR,12.0,779
12428,2026-08-27,STA,SATNA,9.0,799
12428,2026-08-27,REWA,REWA,-12.0,848
12428,2026-08-28,ANVT,ANAND VIHAR TRM,0.0,0
12428,2026-08-28,GZB,GHAZIABAD,4.0,13
12428,2026-08-28,ALJN,ALIGARH JN,18.0,119
12428,2026-08-28,JJK,JHINJHAK,27.0,365
12428,2026-08-28,CNB,KANPUR CENTRAL,24.0,427
12428,2026-08-28,FTP,FATEHPUR,29.0,504
12428,2026-08-28,SRO,SIRATHU,29.0,564
12428,2026-08-28,PRYJ,PRAYAGRAJ JN,4.0,621
12428,2026-08-28,SRJ,SHANKARGARH,0.0,666
12428,2026-08-28,DBR,DABHAURA,5.0,699
12428,2026-08-28,MKP,MANIKPUR JN,122.0,721
12428,2026-08-28,JTW,JAITWAR,204.0,779
12428,2026-08-28,STA,SATNA,210.0,799
12428,2026-08-28,REWA,REWA,195.0,848
12428,2026-08-29,ANVT,ANAND VIHAR TRM,0.0,0
12428,2026-08-29,GZB,GHAZIABAD,1.0,13
12428,2026-08-29,ALJN,ALIGARH JN,12.0,119
12428,2026-08-29,JJK,JHINJHAK,8.0,365
12428,2026-08-29,CNB,KANPUR CENTRAL,11.0,427
12428,2026-08-29,FTP,FATEHPUR,16.0,504
12428,2026-08-29,SRO,SIRATHU,16.0,564
12428,2026-08-29,PRYJ,PRAYAGRAJ JN,11.0,621
12428,2026-08-29,SRJ,SHANKARGARH,16.0,666
12428,2026-08-29,DBR,DABHAURA,21.0,699
12428,2026-08-29,MKP,MANIKPUR JN,1.0,721
12428,2026-08-29,JTW,JAITWAR,22.0,779
12428,2026-08-29,STA,SATNA,20.0,799
12428,2026-08-29,REWA,REWA,-4.0,848
12428,2026-08-30,ANVT,ANAND VIHAR TRM,0.0,0
12428,2026-08-30,GZB,GHAZIABAD,3.0,13
12428,2026-08-30,ALJN,ALIGARH JN,14.0,119
12428,2026-08-30,JJK,JHINJHAK,30.0,365
12428,2026-08-30,CNB,KANPUR CENTRAL,30.0,427
12428,2026-08-30,FTP,FATEHPUR,49.0,504
12428,2026-08-30,SRO,SIRATHU,50.0,564
12428,2026-08-30,PRYJ,PRAYAGRAJ JN,16.0,621
12428,2026-08-30,SRJ,SHANKARGARH,14.0,666
12428,2026-08-30,DBR,DABHAURA,18.0,699
12428,2026-08-30,MKP,MANIKPUR JN,0.0,721
12428,2026-08-30,JTW,JAITWAR,28.0,779
12428,2026-08-30,STA,SATNA,32.0,799
12428,2026-08-30,REWA,REWA,12.0,848
12428,2026-08-31,ANVT,ANAND VIHAR TRM,0.0,0
12428,2026-08-31,GZB,GHAZIABAD,6.0,13
12428,2026-08-31,ALJN,ALIGARH JN,35.0,119
12428,2026-08-31,JJK,JHINJHAK,37.0,365
12428,2026-08-31,CNB,KANPUR CENTRAL,41.0,427
12428,2026-08-31,FTP,FATEHPUR,47.0,504
12428,2026-08-31,SRO,SIRATHU,47.0,564
12428,2026-08-31,PRYJ,PRAYAGRAJ JN,21.0,621
12428,2026-08-31,SRJ,SHANKARGARH,9.0,666
12428,2026-08-31,DBR,DABHAURA,8.0,699
12428,2026-08-31,MKP,MANIKPUR JN,1.0,721
12428,2026-08-31,JTW,JAITWAR,29.0,779
12428,2026-08-31,STA,SATNA,25.0,799
12428,2026-08-31,REWA,REWA,4.0,848
12428,2026-09-01,ANVT,ANAND VIHAR TRM,1.0,0
12428,2026-09-01,GZB,GHAZIABAD,2.0,13
12428,2026-09-01,ALJN,ALIGARH JN,19.0,119
12428,2026-09-01,JJK,JHINJHAK,11.0,365
12428,2026-09-01,CNB,KANPUR CENTRAL,24.0,427
12428,2026-09-01,FTP,FATEHPUR,28.0,504
12428,2026-09-01,SRO,SIRATHU,29.0,564
12428,2026-09-01,PRYJ,PRAYAGRAJ JN,22.0,621
12428,2026-09-01,SRJ,SHANKARGARH,14.0,666
12428,2026-09-01,DBR,DABHAURA,14.0,699
12428,2026-09-01,MKP,MANIKPUR JN,1.0,721
12428,2026-09-01,JTW,JAITWAR,20.0,779
12428,2026-09-01,STA,SATNA,15.0,799
12428,2026-09-01,REWA,REWA,-4.0,848
12428,2026-09-02,ANVT,ANAND VIHAR TRM,1.0,0
12428,2026-09-02,GZB,GHAZIABAD,2.0,13
12428,2026-09-02,ALJN,ALIGARH JN,9.0,119
12428,2026-09-02,JJK,JHINJHAK,7.0,365
12428,2026-09-02,CNB,KANPUR CENTRAL,2.0,427
12428,2026-09-02,FTP,FATEHPUR,3.0,504
12428,2026-09-02,SRO,SIRATHU,18.0,564
12428,2026-09-02,PRYJ,PRAYAGRAJ JN,18.0,621
12428,2026-09-02,SRJ,SHANKARGARH,12.0,666
12428,2026-09-02,DBR,DABHAURA,10.0,699
12428,2026-09-02,MKP,MANIKPUR JN,0.0,721
12428,2026-09-02,JTW,JAITWAR,14.0,779
12428,2026-09-02,STA,SATNA,8.0,799
12428,2026-09-02,REWA,REWA,-13.0,848
12428,2026-09-03,ANVT,ANAND VIHAR TRM,0.0,0
12428,2026-09-03,GZB,GHAZIABAD,0.0,13
12428,2026-09-03,ALJN,ALIGARH JN,21.0,119
12428,2026-09-03,JJK,JHINJHAK,30.0,365
12428,2026-09-03,CNB,KANPUR CENTRAL,50.0,427
12428,2026-09-03,FTP,FATEHPUR,49.0,504
12428,2026-09-03,SRO,SIRATHU,56.0,564
12428,2026-09-03,PRYJ,PRAYAGRAJ JN,31.0,621
12428,2026-09-03,SRJ,SHANKARGARH,7.0,666
12428,2026-09-03,DBR,DABHAURA,6.0,699
12428,2026-09-03,MKP,MANIKPUR JN,0.0,721
12428,2026-09-03,JTW,JAITWAR,8.0,779
12428,2026-09-03,STA,SATNA,3.0,799
12428,2026-09-03,REWA,REWA,-22.0,848
12428,2026-09-04,ANVT,ANAND VIHAR TRM,0.0,0
12428,2026-09-04,GZB,GHAZIABAD,5.0,13
12428,2026-09-04,ALJN,ALIGARH JN,20.0,119
12428,2026-09-04,JJK,JHINJHAK,13.0,365
12428,2026-09-04,CNB,KANPUR CENTRAL,17.0,427
12428,2026-09-04,FTP,FATEHPUR,20.0,504
12428,2026-09-04,SRO,SIRATHU,24.0,564
12428,2026-09-04,PRYJ,PRAYAGRAJ JN,4.0,621
12428,2026-09-04,SRJ,SHANKARGARH,0.0,666
12428,2026-09-04,DBR,DABHAURA,0.0,699
12428,2026-09-04,MKP,MANIKPUR JN,0.0,721
12428,2026-09-04,JTW,JAITWAR,7.0,779
12428,2026-09-04,STA,SATNA,15.0,799
12428,2026-09-04,REWA,REWA,-9.0,848
12428,2026-09-05,ANVT,ANAND VIHAR TRM,1.0,0
12428,2026-09-05,GZB,GHAZIABAD,8.0,13
12428,2026-09-05,ALJN,ALIGARH JN,29.0,119
12428,2026-09-05,JJK,JHINJHAK,26.0,365
12428,2026-09-05,CNB,KANPUR CENTRAL,26.0,427
12428,2026-09-05,FTP,FATEHPUR,27.0,504
12428,2026-09-05,SRO,SIRATHU,31.0,564
12428,2026-09-05,PRYJ,PRAYAGRAJ JN,18.0,621
12428,2026-09-05,SRJ,SHANKARGARH,3.0,666
12428,2026-09-05,DBR,DABHAURA,17.0,699
12428,2026-09-05,MKP,MANIKPUR JN,0.0,721
12428,2026-09-05,JTW,JAITWAR,19.0,779
12428,2026-09-05,STA,SATNA,19.0,799
12428,2026-09-05,REWA,REWA,-5.0,848
