train_no,date,station_code,station_name,delay,distance
12952,2025-09-06,NDLS,NEW DELHI,7.0,0
12952,2025-09-06,KOTA,KOTA JN,11.0,465
12952,2025-09-06,NAD,NAGDA JN,1.0,690
12952,2025-09-06,RTM,RATLAM JN,6.0,731
12952,2025-09-06,BRC,VADODARA JN,0.0,993
12952,2025-09-06,ST,SURAT,2.0,1122
12952,2025-09-06,BVI,BORIVALI,20.0,1355
12952,2025-09-06,MMCT,MUMBAI CENTRAL,-7.0,1384
12952,2025-09-07,NDLS,NEW DELHI,0.0,0
12952,2025-09-07,KOTA,KOTA JN,21.0,465
12952,2025-09-07,NAD,NAGDA JN,8.0,690
12952,2025-09-07,RTM,RATLAM JN,15.0,731
12952,2025-09-07,BRC,VADODARA JN,1.0,993
12952,2025-09-07,ST,SURAT,2.0,1122
12952,2025-09-07,BVI,BORIVALI,20.0,1355
12952,2025-09-07,MMCT,MUMBAI CENTRAL,-1.0,1384
12952,2025-09-08,NDLS,NEW DELHI,0.0,0
12952,2025-09-08,KOTA,KOTA JN,0.0,465
12952,2025-09-08,NAD,NAGDA JN,0.0,690
12952,2025-09-08,RTM,RATLAM JN,6.0,731
12952,2025-09-08,BRC,VADODARA JN,2.0,993
12952,2025-09-08,ST,SURAT,0.0,1122
12952,2025-09-08,BVI,BORIVALI,23.0,1355
12952,2025-09-08,MMCT,MUMBAI CENTRAL,3.0,1384
12952,2025-09-09,NDLS,NEW DELHI,0.0,0
12952,2025-09-09,KOTA,KOTA JN,15.0,465
12952,2025-09-09,NAD,NAGDA JN,1.0,690
12952,2025-09-09,RTM,RATLAM JN,3.0,731
12952,2025-09-09,BRC,VADODARA JN,2.0,993
12952,2025-09-09,ST,SURAT,2.0,1122
12952,2025-09-09,BVI,BORIVALI,18.0,1355
12952,2025-09-09,MMCT,MUMBAI CENTRAL,3.0,1384
12952,2025-09-10,NDLS,NEW DELHI,0.0,0
12952,2025-09-10,KOTA,KOTA JN,9.0,465
12952,2025-09-10,NAD,NAGDA JN,10.0,690
12952,2025-09-10,RTM,RATLAM JN,15.0,731
12952,2025-09-10,BRC,VADODARA JN,5.0,993
12952,2025-09-10,ST,SURAT,2.0,1122
12952,2025-09-10,BVI,BORIVALI,18.0,1355
12952,2025-09-10,MMCT,MUMBAI CENTRAL,-4.0,1384
12952,2025-09-11,NDLS,NEW DELHI,0.0,0
12952,2025-09-11,KOTA,KOTA JN,24.0,465
12952,2025-09-11,NAD,NAGDA JN,27.0,690
12952,2025-09-11,RTM,RATLAM JN,33.0,731
12952,2025-09-11,BRC,VADODARA JN,21.0,993
12952,2025-09-11,ST,SURAT,14.0,1122
12952,2025-09-11,BVI,BORIVALI,23.0,1355
12952,2025-09-11,MMCT,MUMBAI CENTRAL,3.0,1384
12952,2025-09-12,NDLS,NEW DELHI,1.0,0
12952,2025-09-12,KOTA,KOTA JN,20.0,465
12952,2025-09-12,NAD,NAGDA JN,23.0,690
12952,2025-09-12,RTM,RATLAM JN,33.0,731
12952,2025-09-12,BRC,VADODARA JN,23.0,993
12952,2025-09-12,ST,SURAT,19.0,1122
12952,2025-09-12,BVI,BORIVALI,20.0,1355
12952,2025-09-12,MMCT,MUMBAI CENTRAL,-2.0,1384
12952,2025-09-13,NDLS,NEW DELHI,4.0,0
12952,2025-09-13,KOTA,KOTA JN,16.0,465
12952,2025-09-13,NAD,NAGDA JN,15.0,690
12952,2025-09-13,RTM,RATLAM JN,18.0,731
12952,2025-09-13,BRC,VADODARA JN,8.0,993
12952,2025-09-13,ST,SURAT,5.0,1122
12952,2025-09-13,BVI,BORIVALI,16.0,1355
12952,2025-09-13,MMCT,MUMBAI CENTRAL,-8.0,1384
12952,2025-09-14,NDLS,NEW DELHI,0.0,0
12952,2025-09-14,KOTA,KOTA JN,14.0,465
12952,2025-09-14,NAD,NAGDA JN,14.0,690
12952,2025-09-14,RTM,RATLAM JN,18.0,731
12952,2025-09-14,BRC,VADODARA JN,19.0,993
12952,2025-09-14,ST,SURAT,18.0,1122
12952,2025-09-14,BVI,BORIVALI,25.0,1355
12952,2025-09-14,MMCT,MUMBAI CENTRAL,10.0,1384
12952,2025-09-15,NDLS,NEW DELHI,0.0,0
12952,2025-09-15,KOTA,KOTA JN,24.0,465
12952,2025-09-15,NAD,NAGDA JN,26.0,690
12952,2025-09-15,RTM,RATLAM JN,30.0,731
12952,2025-09-15,BRC,VADODARA JN,19.0,993
12952,2025-09-15,ST,SURAT,16.0,1122
12952,2025-09-15,BVI,BORIVALI,22.0,1355
12952,2025-09-15,MMCT,MUMBAI CENTRAL,-1.0,1384
12952,2025-09-16,NDLS,NEW DELHI,6.0,0
12952,2025-09-16,KOTA,KOTA JN,23.0,465
12952,2025-09-16,NAD,NAGDA JN,16.0,690
12952,2025-09-16,RTM,RATLAM JN,20.0,731
12952,2025-09-16,BRC,VADODARA JN,8.0,993
12952,2025-09-16,ST,SURAT,7.0,1122
12952,2025-09-16,BVI,BORIVALI,3.0,1355
12952,2025-09-16,MMCT,MUMBAI CENTRAL,3.0,1384
12952,2025-09-17,NDLS,NEW DELHI,0.0,0
12952,2025-09-17,KOTA,KOTA JN,14.0,465
12952,2025-09-17,NAD,NAGDA JN,15.0,690
12952,2025-09-17,RTM,RATLAM JN,18.0,731
12952,2025-09-17,BRC,VADODARA JN,12.0,993
12952,2025-09-17,ST,SURAT,8.0,1122
12952,2025-09-17,BVI,BORIVALI,25.0,1355
12952,2025-09-17,MMCT,MUMBAI CENTRAL,5.0,1384
12952,2025-09-18,NDLS,NEW DELHI,1.0,0
12952,2025-09-18,KOTA,KOTA JN,15.0,465
12952,2025-09-18,NAD,NAGDA JN,20.0,690
12952,2025-09-18,RTM,RATLAM JN,26.0,731
12952,2025-09-18,BRC,VADODARA JN,40.0,993
12952,2025-09-18,ST,SURAT,53.0,1122
12952,2025-09-18,BVI,BORIVALI,96.0,1355
12952,2025-09-18,MMCT,MUMBAI CENTRAL,70.0,1384
12952,2025-09-19,NDLS,NEW DELHI,0.0,0
12952,2025-09-19,KOTA,KOTA JN,12.0,465
12952,2025-09-19,NAD,NAGDA JN,3.0,690
12952,2025-09-19,RTM,RATLAM JN,7.0,731
12952,2025-09-19,BRC,VADODARA JN,6.0,993
12952,2025-09-19,ST,SURAT,6.0,1122
12952,2025-09-19,BVI,BORIVALI,21.0,1355
12952,2025-09-19,MMCT,MUMBAI CENTRAL,6.0,1384
12952,2025-09-20,NDLS,NEW DELHI,0.0,0
12952,2025-09-20,KOTA,KOTA JN,13.0,465
12952,2025-09-20,NAD,NAGDA JN,3.0,690
12952,2025-09-20,RTM,RATLAM JN,7.0,731
12952,2025-09-20,BRC,VADODARA JN,2.0,993
12952,2025-09-20,ST,SURAT,1.0,1122
12952,2025-09-20,BVI,BORIVALI,20.0,1355
12952,2025-09-20,MMCT,MUMBAI CENTRAL,5.0,1384
12952,2025-09-21,NDLS,NEW DELHI,0.0,0
12952,2025-09-21,KOTA,KOTA JN,17.0,465
12952,2025-09-21,NAD,NAGDA JN,28.0,690
12952,2025-09-21,RTM,RATLAM JN,31.0,731
12952,2025-09-21,BRC,VADODARA JN,21.0,993
12952,2025-09-21,ST,SURAT,33.0,1122
12952,2025-09-21,BVI,BORIVALI,44.0,1355
12952,2025-09-21,MMCT,MUMBAI CENTRAL,22.0,1384
12952,2025-09-22,NDLS,NEW DELHI,3.0,0
12952,2025-09-22,KOTA,KOTA JN,16.0,465
12952,2025-09-22,NAD,NAGDA JN,8.0,690
12952,2025-09-22,RTM,RATLAM JN,11.0,731
12952,2025-09-22,BRC,VADODARA JN,2.0,993
12952,2025-09-22,ST,SURAT,0.0,1122
12952,2025-09-22,BVI,BORIVALI,14.0,1355
12952,2025-09-22,MMCT,MUMBAI CENTRAL,0.0,1384
12952,2025-09-23,NDLS,NEW DELHI,0.0,0
12952,2025-09-23,KOTA,KOTA JN,3.0,465
12952,2025-09-23,NAD,NAGDA JN,0.0,690
12952,2025-09-23,RTM,RATLAM JN,3.0,731
12952,2025-09-23,BRC,VADODARA JN,0.0,993
12952,2025-09-23,ST,SURAT,1.0,1122
12952,2025-09-23,BVI,BORIVALI,23.0,1355
12952,2025-09-23,MMCT,MUMBAI CENTRAL,12.0,1384
12952,2025-09-24,NDLS,NEW DELHI,0.0,0
12952,2025-09-24,KOTA,KOTA JN,14.0,465
12952,2025-09-24,NAD,NAGDA JN,12.0,690
12952,2025-09-24,RTM,RATLAM JN,16.0,731
12952,2025-09-24,BRC,VADODARA JN,1.0,993
12952,2025-09-24,ST,SURAT,1.0,1122
12952,2025-09-24,BVI,BORIVALI,18.0,1355
12952,2025-09-24,MMCT,MUMBAI CENTRAL,0.0,1384
12952,2025-09-25,NDLS,NEW DELHI,2.0,0
12952,2025-09-25,KOTA,KOTA JN,54.0,465
12952,2025-09-25,NAD,NAGDA JN,48.0,690
12952,2025-09-25,RTM,RATLAM JN,53.0,731
12952,2025-09-25,BRC,VADODARA JN,43.0,993
12952,2025-09-25,ST,SURAT,41.0,1122
12952,2025-09-25,BVI,BORIVALI,52.0,1355
12952,2025-09-25,MMCT,MUMBAI CENTRAL,27.0,1384
12952,2025-09-26,NDLS,NEW DELHI,1.0,0
12952,2025-09-26,KOTA,KOTA JN,9.0,465
12952,2025-09-26,NAD,NAGDA JN,3.0,690
12952,2025-09-26,RTM,RATLAM JN,17.0,731
12952,2025-09-26,BRC,VADODARA JN,10.0,993
12952,2025-09-26,ST,SURAT,5.0,1122
12952,2025-09-26,BVI,BORIVALI,22.0,1355
12952,2025-09-26,MMCT,MUMBAI CENTRAL,8.0,1384
12952,2025-09-27,NDLS,NEW DELHI,2.0,0
12952,2025-09-27,KOTA,KOTA JN,1.0,465
12952,2025-09-27,NAD,NAGDA JN,3.0,690
12952,2025-09-27,RTM,RATLAM JN,7.0,731
12952,2025-09-27,BRC,VADODARA JN,1.0,993
12952,2025-09-27,ST,SURAT,2.0,1122
12952,2025-09-27,BVI,BORIVALI,22.0,1355
12952,2025-09-27,MMCT,MUMBAI CENTRAL,3.0,1384
12952,2025-09-28,NDLS,NEW DELHI,0.0,0
12952,2025-09-28,KOTA,KOTA JN,3.0,465
12952,2025-09-28,NAD,NAGDA JN,0.0,690
12952,2025-09-28,RTM,RATLAM JN,10.0,731
12952,2025-09-28,BRC,VADODARA JN,8.0,993
12952,2025-09-28,ST,SURAT,17.0,1122
12952,2025-09-28,BVI,BORIVALI,62.0,1355
12952,2025-09-28,MMCT,MUMBAI CENTRAL,45.0,1384
12952,2025-09-29,NDLS,NEW DELHI,0.0,0
12952,2025-09-29,KOTA,KOTA JN,19.0,465
12952,2025-09-29,NAD,NAGDA JN,17.0,690
12952,2025-09-29,RTM,RATLAM JN,22.0,731
12952,2025-09-29,BRC,VADODARA JN,19.0,993
12952,2025-09-29,ST,SURAT,13.0,1122
12952,2025-09-29,BVI,BORIVALI,21.0,1355
12952,2025-09-29,MMCT,MUMBAI CENTRAL,8.0,1384
12952,2025-09-30,NDLS,NEW DELHI,1.0,0
12952,2025-09-30,KOTA,KOTA JN,20.0,465
12952,2025-09-30,NAD,NAGDA JN,13.0,690
12952,2025-09-30,RTM,RATLAM JN,15.0,731
12952,2025-09-30,BRC,VADODARA JN,11.0,993
12952,2025-09-30,ST,SURAT,8.0,1122
12952,2025-09-30,BVI,BORIVALI,23.0,1355
12952,2025-09-30,MMCT,MUMBAI CENTRAL,13.0,1384
12952,2025-10-01,NDLS,NEW DELHI,0.0,0
12952,2025-10-01,KOTA,KOTA JN,25.0,465
12952,2025-10-01,NAD,NAGDA JN,19.0,690
12952,2025-10-01,RTM,RATLAM JN,23.0,731
12952,2025-10-01,BRC,VADODARA JN,11.0,993
12952,2025-10-01,ST,SURAT,5.0,1122
12952,2025-10-01,BVI,BORIVALI,17.0,1355
12952,2025-10-01,MMCT,MUMBAI CENTRAL,-3.0,1384
12952,2025-10-02,NDLS,NEW DELHI,0.0,0
12952,2025-10-02,KOTA,KOTA JN,21.0,465
12952,2025-10-02,NAD,NAGDA JN,26.0,690
12952,2025-10-02,RTM,RATLAM JN,29.0,731
12952,2025-10-02,BRC,VADODARA JN,20.0,993
12952,2025-10-02,ST,SURAT,11.0,1122
12952,2025-10-02,BVI,BORIVALI,23.0,1355
12952,2025-10-02,MMCT,MUMBAI CENTRAL,3.0,1384
12952,2025-10-03,NDLS,NEW DELHI,0.0,0
12952,2025-10-03,KOTA,KOTA JN,13.0,465
12952,2025-10-03,NAD,NAGDA JN,5.0,690
12952,2025-10-03,RTM,RATLAM JN,21.0,731
12952,2025-10-03,BRC,VADODARA JN,5.0,993
12952,2025-10-03,ST,SURAT,2.0,1122
12952,2025-10-03,BVI,BORIVALI,18.0,1355
12952,2025-10-03,MMCT,MUMBAI CENTRAL,2.0,1384
12952,2025-10-04,NDLS,NEW DELHI,0.0,0
12952,2025-10-04,KOTA,KOTA JN,10.0,465
12952,2025-10-04,NAD,NAGDA JN,3.0,690
12952,2025-10-04,RTM,RATLAM JN,10.0,731
12952,2025-10-04,BRC,VADODARA JN,1.0,993
12952,2025-10-04,ST,SURAT,1.0,1122
12952,2025-10-04,BVI,BORIVALI,13.0,1355
12952,2025-10-04,MMCT,MUMBAI CENTRAL,-1.0,1384
12952,2025-10-05,NDLS,NEW DELHI,0.0,0
12952,2025-10-05,KOTA,KOTA JN,9.0,465
12952,2025-10-05,NAD,NAGDA JN,4.0,690
12952,2025-10-05,RTM,RATLAM JN,9.0,731
12952,2025-10-05,BRC,VADODARA JN,5.0,993
12952,2025-10-05,ST,SURAT,3.0,1122
12952,2025-10-05,BVI,BORIVALI,18.0,1355
12952,2025-10-05,MMCT,MUMBAI CENTRAL,-1.0,1384
12952,2025-10-06,NDLS,NEW DELHI,1.0,0
12952,2025-10-06,KOTA,KOTA JN,16.0,465
12952,2025-10-06,NAD,NAGDA JN,7.0,690
12952,2025-10-06,RTM,RATLAM JN,12.0,731
12952,2025-10-06,BRC,VADODARA JN,0.0,993
12952,2025-10-06,ST,SURAT,0.0,1122
12952,2025-10-06,BVI,BORIVALI,15.0,1355
12952,2025-10-06,MMCT,MUMBAI CENTRAL,-6.0,1384
12952,2025-10-07,NDLS,NEW DELHI,5.0,0
12952,2025-10-07,KOTA,KOTA JN,21.0,465
12952,2025-10-07,NAD,NAGDA JN,11.0,690
12952,2025-10-07,RTM,RATLAM JN,16.0,731
12952,2025-10-07,BRC,VADODARA JN,11.0,993
12952,2025-10-07,ST,SURAT,8.0,1122
12952,2025-10-07,BVI,BORIVALI,16.0,1355
12952,2025-10-07,MMCT,MUMBAI CENTRAL,-1.0,1384
12952,2025-10-08,NDLS,NEW DELHI,0.0,0
12952,2025-10-08,KOTA,KOTA JN,3.0,465
12952,2025-10-08,NAD,NAGDA JN,9.0,690
12952,2025-10-08,RTM,RATLAM JN,13.0,731
12952,2025-10-08,BRC,VADODARA JN,1.0,993
12952,2025-10-08,ST,SURAT,1.0,1122
12952,2025-10-08,BVI,BORIVALI,21.0,1355
12952,2025-10-08,MMCT,MUMBAI CENTRAL,-1.0,1384
12952,2025-10-09,NDLS,NEW DELHI,0.0,0
12952,2025-10-09,KOTA,KOTA JN,18.0,465
12952,2025-10-09,NAD,NAGDA JN,10.0,690
12952,2025-10-09,RTM,RATLAM JN,13.0,731
12952,2025-10-09,BRC,VADODARA JN,0.0,993
12952,2025-10-09,ST,SURAT,3.0,1122
12952,2025-10-09,BVI,BORIVALI,22.0,1355
12952,2025-10-09,MMCT,MUMBAI CENTRAL,11.0,1384
12952,2025-10-10,NDLS,NEW DELHI,0.0,0
12952,2025-10-10,KOTA,KOTA JN,13.0,465
12952,2025-10-10,NAD,NAGDA JN,1.0,690
12952,2025-10-10,RTM,RATLAM JN,14.0,731
12952,2025-10-10,BRC,VADODARA JN,9.0,993
12952,2025-10-10,ST,SURAT,6.0,1122
12952,2025-10-10,BVI,BORIVALI,28.0,1355
12952,2025-10-10,MMCT,MUMBAI CENTRAL,14.0,1384
12952,2025-10-11,NDLS,NEW DELHI,0.0,0
12952,2025-10-11,KOTA,KOTA JN,10.0,465
12952,2025-10-11,NAD,NAGDA JN,0.0,690
12952,2025-10-11,RTM,RATLAM JN,3.0,731
12952,2025-10-11,BRC,VADODARA JN,0.0,993
12952,2025-10-11,ST,SURAT,2.0,1122
12952,2025-10-11,BVI,BORIVALI,14.0,1355
12952,2025-10-11,MMCT,MUMBAI CENTRAL,1.0,1384
12952,2025-10-12,NDLS,NEW DELHI,1.0,0
12952,2025-10-12,KOTA,KOTA JN,3.0,465
12952,2025-10-12,NAD,NAGDA JN,0.0,690
12952,2025-10-12,RTM,RATLAM JN,13.0,731
12952,2025-10-12,BRC,VADODARA JN,6.0,993
12952,2025-10-12,ST,SURAT,1.0,1122
12952,2025-10-12,BVI,BORIVALI,15.0,1355
12952,2025-10-12,MMCT,MUMBAI CENTRAL,0.0,1384
12952,2025-10-13,NDLS,NEW DELHI,1.0,0
12952,2025-10-13,KOTA,KOTA JN,5.0,465
12952,2025-10-13,NAD,NAGDA JN,0.0,690
12952,2025-10-13,RTM,RATLAM JN,17.0,731
12952,2025-10-13,BRC,VADODARA JN,9.0,993
12952,2025-10-13,ST,SURAT,4.0,1122
12952,2025-10-13,BVI,BORIVALI,16.0,1355
12952,2025-10-13,MMCT,MUMBAI CENTRAL,-2.0,1384
12952,2025-10-14,NDLS,NEW DELHI,1.0,0
12952,2025-10-14,KOTA,KOTA JN,1.0,465
12952,2025-10-14,NAD,NAGDA JN,1.0,690
12952,2025-10-14,RTM,RATLAM JN,6.0,731
12952,2025-10-14,BRC,VADODARA JN,0.0,993
12952,2025-10-14,ST,SURAT,1.0,1122
12952,2025-10-14,BVI,BORIVALI,15.0,1355
12952,2025-10-14,MMCT,MUMBAI CENTRAL,3.0,1384
12952,2025-10-15,NDLS,NEW DELHI,1.0,0
12952,2025-10-15,KOTA,KOTA JN,11.0,465
12952,2025-10-15,NAD,NAGDA JN,0.0,690
12952,2025-10-15,RTM,RATLAM JN,3.0,731
12952,2025-10-15,BRC,VADODARA JN,6.0,993
12952,2025-10-15,ST,SURAT,2.0,1122
12952,2025-10-15,BVI,BORIVALI,11.0,1355
12952,2025-10-15,MMCT,MUMBAI CENTRAL,-2.0,1384
12952,2025-10-16,NDLS,NEW DELHI,0.0,0
12952,2025-10-16,KOTA,KOTA JN,10.0,465
12952,2025-10-16,NAD,NAGDA JN,0.0,690
12952,2025-10-16,RTM,RATLAM JN,7.0,731
12952,2025-10-16,BRC,VADODARA JN,6.0,993
12952,2025-10-16,ST,SURAT,2.0,1122
12952,2025-10-16,BVI,BORIVALI,14.0,1355
12952,2025-10-16,MMCT,MUMBAI CENTRAL,0.0,1384
12952,2025-10-17,NDLS,NEW DELHI,1.0,0
12952,2025-10-17,KOTA,KOTA JN,1.0,465
12952,2025-10-17,NAD,NAGDA JN,1.0,690
12952,2025-10-17,RTM,RATLAM JN,4.0,731
12952,2025-10-17,BRC,VADODARA JN,2.0,993
12952,2025-10-17,ST,SURAT,2.0,1122
12952,2025-10-17,BVI,BORIVALI,18.0,1355
12952,2025-10-17,MMCT,MUMBAI CENTRAL,-1.0,1384
12952,2025-10-18,NDLS,NEW DELHI,1.0,0
12952,2025-10-18,KOTA,KOTA JN,10.0,465
12952,2025-10-18,NAD,NAGDA JN,3.0,690
12952,2025-10-18,RTM,RATLAM JN,8.0,731
12952,2025-10-18,BRC,VADODARA JN,15.0,993
12952,2025-10-18,ST,SURAT,16.0,1122
12952,2025-10-18,BVI,BORIVALI,21.0,1355
12952,2025-10-18,MMCT,MUMBAI CENTRAL,0.0,1384
12952,2025-10-19,NDLS,NEW DELHI,0.0,0
12952,2025-10-19,KOTA,KOTA JN,0.0,465
12952,2025-10-19,NAD,NAGDA JN,0.0,690
12952,2025-10-19,RTM,RATLAM JN,6.0,731
12952,2025-10-19,BRC,VADODARA JN,0.0,993
12952,2025-10-19,ST,SURAT,3.0,1122
12952,2025-10-19,BVI,BORIVALI,16.0,1355
12952,2025-10-19,MMCT,MUMBAI CENTRAL,-1.0,1384
12952,2025-10-20,NDLS,NEW DELHI,1.0,0
12952,2025-10-20,KOTA,KOTA JN,1.0,465
12952,2025-10-20,NAD,NAGDA JN,0.0,690
12952,2025-10-20,RTM,RATLAM JN,1.0,731
12952,2025-10-20,BRC,VADODARA JN,3.0,993
12952,2025-10-20,ST,SURAT,7.0,1122
12952,2025-10-20,BVI,BORIVALI,19.0,1355
12952,2025-10-20,MMCT,MUMBAI CENTRAL,5.0,1384
12952,2025-10-21,NDLS,NEW DELHI,0.0,0
12952,2025-10-21,KOTA,KOTA JN,0.0,465
12952,2025-10-21,NAD,NAGDA JN,0.0,690
12952,2025-10-21,RTM,RATLAM JN,0.0,731
12952,2025-10-21,BRC,VADODARA JN,2.0,993
12952,2025-10-21,ST,SURAT,4.0,1122
12952,2025-10-21,BVI,BORIVALI,12.0,1355
12952,2025-10-21,MMCT,MUMBAI CENTRAL,-1.0,1384
12952,2025-10-22,NDLS,NEW DELHI,0.0,0
12952,2025-10-22,KOTA,KOTA JN,13.0,465
12952,2025-10-22,NAD,NAGDA JN,0.0,690
12952,2025-10-22,RTM,RATLAM JN,2.0,731
12952,2025-10-22,BRC,VADODARA JN,2.0,993
12952,2025-10-22,ST,SURAT,8.0,1122
12952,2025-10-22,BVI,BORIVALI,12.0,1355
12952,2025-10-22,MMCT,MUMBAI CENTRAL,-3.0,1384
12952,2025-10-23,NDLS,NEW DELHI,1.0,0
12952,2025-10-23,KOTA,KOTA JN,24.0,465
12952,2025-10-23,NAD,NAGDA JN,8.0,690
12952,2025-10-23,RTM,RATLAM JN,10.0,731
12952,2025-10-23,BRC,VADODARA JN,1.0,993
12952,2025-10-23,ST,SURAT,0.0,1122
12952,2025-10-23,BVI,BORIVALI,12.0,1355
12952,2025-10-23,MMCT,MUMBAI CENTRAL,1.0,1384
12952,2025-10-24,NDLS,NEW DELHI,0.0,0
12952,2025-10-24,KOTA,KOTA JN,32.0,465
12952,2025-10-24,NAD,NAGDA JN,16.0,690
12952,2025-10-24,RTM,RATLAM JN,17.0,731
12952,2025-10-24,BRC,VADODARA JN,1.0,993
12952,2025-10-24,ST,SURAT,0.0,1122
12952,2025-10-24,BVI,BORIVALI,13.0,1355
12952,2025-10-24,MMCT,MUMBAI CENTRAL,-3.0,1384
12952,2025-10-25,NDLS,NEW DELHI,1.0,0
12952,2025-10-25,KOTA,KOTA JN,23.0,465
12952,2025-10-25,NAD,NAGDA JN,10.0,690
12952,2025-10-25,RTM,RATLAM JN,14.0,731
12952,2025-10-25,BRC,VADODARA JN,1.0,993
12952,2025-10-25,ST,SURAT,5.0,1122
12952,2025-10-25,BVI,BORIVALI,13.0,1355
12952,2025-10-25,MMCT,MUMBAI CENTRAL,-3.0,1384
12952,2025-10-26,NDLS,NEW DELHI,0.0,0
12952,2025-10-26,KOTA,KOTA JN,33.0,465
12952,2025-10-26,NAD,NAGDA JN,21.0,690
12952,2025-10-26,RTM,RATLAM JN,24.0,731
12952,2025-10-26,BRC,VADODARA JN,12.0,993
12952,2025-10-26,ST,SURAT,10.0,1122
12952,2025-10-26,BVI,BORIVALI,17.0,1355
12952,2025-10-26,MMCT,MUMBAI CENTRAL,1.0,1384
12952,2025-10-27,NDLS,NEW DELHI,4.0,0
12952,2025-10-27,KOTA,KOTA JN,25.0,465
12952,2025-10-27,NAD,NAGDA JN,18.0,690
12952,2025-10-27,RTM,RATLAM JN,20.0,731
12952,2025-10-27,BRC,VADODARA JN,12.0,993
12952,2025-10-27,ST,SURAT,14.0,1122
12952,2025-10-27,BVI,BORIVALI,26.0,1355
12952,2025-10-27,MMCT,MUMBAI CENTRAL,11.0,1384
12952,2025-10-28,NDLS,NEW DELHI,0.0,0
12952,2025-10-28,KOTA,KOTA JN,12.0,465
12952,2025-10-28,NAD,NAGDA JN,1.0,690
12952,2025-10-28,RTM,RATLAM JN,1.0,731
12952,2025-10-28,BRC,VADODARA JN,0.0,993
12952,2025-10-28,ST,SURAT,0.0,1122
12952,2025-10-28,BVI,BORIVALI,14.0,1355
12952,2025-10-28,MMCT,MUMBAI CENTRAL,-2.0,1384
12952,2025-10-29,NDLS,NEW DELHI,3.0,0
12952,2025-10-29,KOTA,KOTA JN,9.0,465
12952,2025-10-29,NAD,NAGDA JN,0.0,690
12952,2025-10-29,RTM,RATLAM JN,2.0,731
12952,2025-10-29,BRC,VADODARA JN,1.0,993
12952,2025-10-29,ST,SURAT,0.0,1122
12952,2025-10-29,BVI,BORIVALI,17.0,1355
12952,2025-10-29,MMCT,MUMBAI CENTRAL,-4.0,1384
12952,2025-10-30,NDLS,NEW DELHI,0.0,0
12952,2025-10-30,KOTA,KOTA JN,1.0,465
12952,2025-10-30,NAD,NAGDA JN,0.0,690
12952,2025-10-30,RTM,RATLAM JN,8.0,731
12952,2025-10-30,BRC,VADODARA JN,0.0,993
12952,2025-10-30,ST,SURAT,1.0,1122
12952,2025-10-30,BVI,BORIVALI,17.0,1355
12952,2025-10-30,MMCT,MUMBAI CENTRAL,2.0,1384
12952,2025-10-31,NDLS,NEW DELHI,2.0,0
12952,2025-10-31,KOTA,KOTA JN,21.0,465
12952,2025-10-31,NAD,NAGDA JN,13.0,690
12952,2025-10-31,RTM,RATLAM JN,18.0,731
12952,2025-10-31,BRC,VADODARA JN,16.0,993
12952,2025-10-31,ST,SURAT,12.0,1122
12952,2025-10-31,BVI,BORIVALI,19.0,1355
12952,2025-10-31,MMCT,MUMBAI CENTRAL,0.0,1384
12952,2025-11-01,NDLS,NEW DELHI,0.0,0
12952,2025-11-01,KOTA,KOTA JN,5.0,465
12952,2025-11-01,NAD,NAGDA JN,0.0,690
12952,2025-11-01,RTM,RATLAM JN,11.0,731
12952,2025-11-01,BRC,VADODARA JN,4.0,993
12952,2025-11-01,ST,SURAT,0.0,1122
12952,2025-11-01,BVI,BORIVALI,20.0,1355
12952,2025-11-01,MMCT,MUMBAI CENTRAL,-4.0,1384
12952,2025-11-02,NDLS,NEW DELHI,1.0,0
12952,2025-11-02,KOTA,KOTA JN,9.0,465
12952,2025-11-02,NAD,NAGDA JN,0.0,690
12952,2025-11-02,RTM,RATLAM JN,7.0,731
12952,2025-11-02,BRC,VADODARA JN,2.0,993
12952,2025-11-02,ST,SURAT,1.0,1122
12952,2025-11-02,BVI,BORIVALI,19.0,1355
12952,2025-11-02,MMCT,MUMBAI CENTRAL,2.0,1384
12952,2025-11-03,NDLS,NEW DELHI,0.0,0
12952,2025-11-03,KOTA,KOTA JN,10.0,465
12952,2025-11-03,NAD,NAGDA JN,1.0,690
12952,2025-11-03,RTM,RATLAM JN,12.0,731
12952,2025-11-03,BRC,VADODARA JN,4.0,993
12952,2025-11-03,ST,SURAT,7.0,1122
12952,2025-11-03,BVI,BORIVALI,22.0,1355
12952,2025-11-03,MMCT,MUMBAI CENTRAL,-4.0,1384
12952,2025-11-04,NDLS,NEW DELHI,1.0,0
12952,2025-11-04,KOTA,KOTA JN,4.0,465
12952,2025-11-04,NAD,NAGDA JN,0.0,690
12952,2025-11-04,RTM,RATLAM JN,32.0,731
12952,2025-11-04,BRC,VADODARA JN,27.0,993
12952,2025-11-04,ST,SURAT,29.0,1122
12952,2025-11-04,BVI,BORIVALI,28.0,1355
12952,2025-11-04,MMCT,MUMBAI CENTRAL,13.0,1384
12952,2025-11-05,NDLS,NEW DELHI,1.0,0
12952,2025-11-05,KOTA,KOTA JN,5.0,465
12952,2025-11-05,NAD,NAGDA JN,1.0,690
12952,2025-11-05,RTM,RATLAM JN,0.0,731
12952,2025-11-05,BRC,VADODARA JN,1.0,993
12952,2025-11-05,ST,SURAT,6.0,1122
12952,2025-11-05,BVI,BORIVALI,18.0,1355
12952,2025-11-05,MMCT,MUMBAI CENTRAL,-1.0,1384
12952,2025-11-06,NDLS,NEW DELHI,0.0,0
12952,2025-11-06,KOTA,KOTA JN,16.0,465
12952,2025-11-06,NAD,NAGDA JN,11.0,690
12952,2025-11-06,RTM,RATLAM JN,13.0,731
12952,2025-11-06,BRC,VADODARA JN,0.0,993
12952,2025-11-06,ST,SURAT,1.0,1122
12952,2025-11-06,BVI,BORIVALI,14.0,1355
12952,2025-11-06,MMCT,MUMBAI CENTRAL,0.0,1384
12952,2025-11-07,NDLS,NEW DELHI,0.0,0
12952,2025-11-07,KOTA,KOTA JN,11.0,465
12952,2025-11-07,NAD,NAGDA JN,2.0,690
12952,2025-11-07,RTM,RATLAM JN,5.0,731
12952,2025-11-07,BRC,VADODARA JN,4.0,993
12952,2025-11-07,ST,SURAT,3.0,1122
12952,2025-11-07,BVI,BORIVALI,12.0,1355
12952,2025-11-07,MMCT,MUMBAI CENTRAL,3.0,1384
12952,2025-11-08,NDLS,NEW DELHI,0.0,0
12952,2025-11-08,KOTA,KOTA JN,16.0,465
12952,2025-11-08,NAD,NAGDA JN,9.0,690
12952,2025-11-08,RTM,RATLAM JN,16.0,731
12952,2025-11-08,BRC,VADODARA JN,4.0,993
12952,2025-11-08,ST,SURAT,4.0,1122
12952,2025-11-08,BVI,BORIVALI,10.0,1355
12952,2025-11-08,MMCT,MUMBAI CENTRAL,-3.0,1384
12952,2025-11-09,NDLS,NEW DELHI,1.0,0
12952,2025-11-09,KOTA,KOTA JN,9.0,465
12952,2025-11-09,NAD,NAGDA JN,0.0,690
12952,2025-11-09,RTM,RATLAM JN,16.0,731
12952,2025-11-09,BRC,VADODARA JN,33.0,993
12952,2025-11-09,ST,SURAT,31.0,1122
12952,2025-11-09,BVI,BORIVALI,30.0,1355
12952,2025-11-09,MMCT,MUMBAI CENTRAL,13.0,1384
12952,2025-11-10,NDLS,NEW DELHI,0.0,0
12952,2025-11-10,KOTA,KOTA JN,6.0,465
12952,2025-11-10,NAD,NAGDA JN,0.0,690
12952,2025-11-10,RTM,RATLAM JN,4.0,731
12952,2025-11-10,BRC,VADODARA JN,2.0,993
12952,2025-11-10,ST,SURAT,2.0,1122
12952,2025-11-10,BVI,BORIVALI,23.0,1355
12952,2025-11-10,MMCT,MUMBAI CENTRAL,12.0,1384
12952,2025-11-11,NDLS,NEW DELHI,1.0,0
12952,2025-11-11,KOTA,KOTA JN,5.0,465
12952,2025-11-11,NAD,NAGDA JN,0.0,690
12952,2025-11-11,RTM,RATLAM JN,4.0,731
12952,2025-11-11,BRC,VADODARA JN,0.0,993
12952,2025-11-11,ST,SURAT,0.0,1122
12952,2025-11-11,BVI,BORIVALI,17.0,1355
12952,2025-11-11,MMCT,MUMBAI CENTRAL,0.0,1384
12952,2025-11-12,NDLS,NEW DELHI,0.0,0
12952,2025-11-12,KOTA,KOTA JN,31.0,465
12952,2025-11-12,NAD,NAGDA JN,18.0,690
12952,2025-11-12,RTM,RATLAM JN,21.0,731
12952,2025-11-12,BRC,VADODARA JN,14.0,993
12952,2025-11-12,ST,SURAT,8.0,1122
12952,2025-11-12,BVI,BORIVALI,22.0,1355
12952,2025-11-12,MMCT,MUMBAI CENTRAL,9.0,1384
12952,2025-11-13,NDLS,NEW DELHI,0.0,0
12952,2025-11-13,KOTA,KOTA JN,9.0,465
12952,2025-11-13,NAD,NAGDA JN,0.0,690
12952,2025-11-13,RTM,RATLAM JN,10.0,731
12952,2025-11-13,BRC,VADODARA JN,6.0,993
12952,2025-11-13,ST,SURAT,3.0,1122
12952,2025-11-13,BVI,BORIVALI,15.0,1355
12952,2025-11-13,MMCT,MUMBAI CENTRAL,2.0,1384
12952,2025-11-14,NDLS,NEW DELHI,0.0,0
12952,2025-11-14,KOTA,KOTA JN,8.0,465
12952,2025-11-14,NAD,NAGDA JN,0.0,690
12952,2025-11-14,RTM,RATLAM JN,2.0,731
12952,2025-11-14,BRC,VADODARA JN,2.0,993
12952,2025-11-14,ST,SURAT,0.0,1122
12952,2025-11-14,BVI,BORIVALI,20.0,1355
12952,2025-11-14,MMCT,MUMBAI CENTRAL,2.0,1384
12952,2025-11-15,NDLS,NEW DELHI,3.0,0
12952,2025-11-15,KOTA,KOTA JN,13.0,465
12952,2025-11-15,NAD,NAGDA JN,0.0,690
12952,2025-11-15,RTM,RATLAM JN,3.0,731
12952,2025-11-15,BRC,VADODARA JN,4.0,993
12952,2025-11-15,ST,SURAT,0.0,1122
12952,2025-11-15,BVI,BORIVALI,16.0,1355
12952,2025-11-15,MMCT,MUMBAI CENTRAL,-3.0,1384
12952,2025-11-16,NDLS,NEW DELHI,0.0,0
12952,2025-11-16,KOTA,KOTA JN,12.0,465
12952,2025-11-16,NAD,NAGDA JN,0.0,690
12952,2025-11-16,RTM,RATLAM JN,5.0,731
12952,2025-11-16,BRC,VADODARA JN,4.0,993
12952,2025-11-16,ST,SURAT,1.0,1122
12952,2025-11-16,BVI,BORIVALI,0.0,1355
12952,2025-11-16,MMCT,MUMBAI CENTRAL,1.0,1384
12952,2025-11-17,NDLS,NEW DELHI,1.0,0
12952,2025-11-17,KOTA,KOTA JN,21.0,465
12952,2025-11-17,NAD,NAGDA JN,1.0,690
12952,2025-11-17,RTM,RATLAM JN,4.0,731
12952,2025-11-17,BRC,VADODARA JN,1.0,993
12952,2025-11-17,ST,SURAT,3.0,1122
12952,2025-11-17,BVI,BORIVALI,19.0,1355
12952,2025-11-17,MMCT,MUMBAI CENTRAL,1.0,1384
12952,2025-11-18,NDLS,NEW DELHI,0.0,0
12952,2025-11-18,KOTA,KOTA JN,29.0,465
12952,2025-11-18,NAD,NAGDA JN,14.0,690
12952,2025-11-18,RTM,RATLAM JN,13.0,731
12952,2025-11-18,BRC,VADODARA JN,4.0,993
12952,2025-11-18,ST,SURAT,2.0,1122
12952,2025-11-18,BVI,BORIVALI,16.0,1355
12952,2025-11-18,MMCT,MUMBAI CENTRAL,10.0,1384
12952,2025-11-19,NDLS,NEW DELHI,0.0,0
12952,2025-11-19,KOTA,KOTA JN,15.0,465
12952,2025-11-19,NAD,NAGDA JN,1.0,690
12952,2025-11-19,RTM,RATLAM JN,3.0,731
12952,2025-11-19,BRC,VADODARA JN,0.0,993
12952,2025-11-19,ST,SURAT,0.0,1122
12952,2025-11-19,BVI,BORIVALI,15.0,1355
12952,2025-11-19,MMCT,MUMBAI CENTRAL,-4.0,1384
12952,2025-11-20,NDLS,NEW DELHI,0.0,0
12952,2025-11-20,KOTA,KOTA JN,13.0,465
12952,2025-11-20,NAD,NAGDA JN,6.0,690
12952,2025-11-20,RTM,RATLAM JN,10.0,731
12952,2025-11-20,BRC,VADODARA JN,2.0,993
12952,2025-11-20,ST,SURAT,4.0,1122
12952,2025-11-20,BVI,BORIVALI,17.0,1355
12952,2025-11-20,MMCT,MUMBAI CENTRAL,5.0,1384
12952,2025-11-21,NDLS,NEW DELHI,0.0,0
12952,2025-11-21,KOTA,KOTA JN,2.0,465
12952,2025-11-21,NAD,NAGDA JN,0.0,690
12952,2025-11-21,RTM,RATLAM JN,4.0,731
12952,2025-11-21,BRC,VADODARA JN,0.0,993
12952,2025-11-21,ST,SURAT,3.0,1122
12952,2025-11-21,BVI,BORIVALI,15.0,1355
12952,2025-11-21,MMCT,MUMBAI CENTRAL,2.0,1384
12952,2025-11-22,NDLS,NEW DELHI,1.0,0
12952,2025-11-22,KOTA,KOTA JN,10.0,465
12952,2025-11-22,NAD,NAGDA JN,0.0,690
12952,2025-11-22,RTM,RATLAM JN,2.0,731
12952,2025-11-22,BRC,VADODARA JN,3.0,993
12952,2025-11-22,ST,SURAT,3.0,1122
12952,2025-11-22,BVI,BORIVALI,13.0,1355
12952,2025-11-22,MMCT,MUMBAI CENTRAL,-4.0,1384
12952,2025-11-23,NDLS,NEW DELHI,1.0,0
12952,2025-11-23,KOTA,KOTA JN,4.0,465
12952,2025-11-23,NAD,NAGDA JN,0.0,690
12952,2025-11-23,RTM,RATLAM JN,13.0,731
12952,2025-11-23,BRC,VADODARA JN,7.0,993
12952,2025-11-23,ST,SURAT,5.0,1122
12952,2025-11-23,BVI,BORIVALI,14.0,1355
12952,2025-11-23,MMCT,MUMBAI CENTRAL,-2.0,1384
12952,2025-11-24,NDLS,NEW DELHI,0.0,0
12952,2025-11-24,KOTA,KOTA JN,1.0,465
12952,2025-11-24,NAD,NAGDA JN,0.0,690
12952,2025-11-24,RTM,RATLAM JN,1.0,731
12952,2025-11-24,BRC,VADODARA JN,4.0,993
12952,2025-11-24,ST,SURAT,3.0,1122
12952,2025-11-24,BVI,BORIVALI,17.0,1355
12952,2025-11-24,MMCT,MUMBAI CENTRAL,4.0,1384
12952,2025-11-25,NDLS,NEW DELHI,0.0,0
12952,2025-11-25,KOTA,KOTA JN,3.0,465
12952,2025-11-25,NAD,NAGDA JN,4.0,690
12952,2025-11-25,RTM,RATLAM JN,0.0,731
12952,2025-11-25,BRC,VADODARA JN,1.0,993
12952,2025-11-25,ST,SURAT,4.0,1122
12952,2025-11-25,BVI,BORIVALI,16.0,1355
12952,2025-11-25,MMCT,MUMBAI CENTRAL,1.0,1384
12952,2025-11-26,NDLS,NEW DELHI,1.0,0
12952,2025-11-26,KOTA,KOTA JN,9.0,465
12952,2025-11-26,NAD,NAGDA JN,1.0,690
12952,2025-11-26,RTM,RATLAM JN,5.0,731
12952,2025-11-26,BRC,VADODARA JN,2.0,993
12952,2025-11-26,ST,SURAT,3.0,1122
12952,2025-11-26,BVI,BORIVALI,13.0,1355
12952,2025-11-26,MMCT,MUMBAI CENTRAL,-5.0,1384
12952,2025-11-27,NDLS,NEW DELHI,0.0,0
12952,2025-11-27,KOTA,KOTA JN,3.0,465
12952,2025-11-27,NAD,NAGDA JN,0.0,690
12952,2025-11-27,RTM,RATLAM JN,15.0,731
12952,2025-11-27,BRC,VADODARA JN,3.0,993
12952,2025-11-27,ST,SURAT,1.0,1122
12952,2025-11-27,BVI,BORIVALI,14.0,1355
12952,2025-11-27,MMCT,MUMBAI CENTRAL,-4.0,1384
12952,2025-11-28,NDLS,NEW DELHI,0.0,0
12952,2025-11-28,KOTA,KOTA JN,12.0,465
12952,2025-11-28,NAD,NAGDA JN,1.0,690
12952,2025-11-28,RTM,RATLAM JN,5.0,731
12952,2025-11-28,BRC,VADODARA JN,1.0,993
12952,2025-11-28,ST,SURAT,9.0,1122
12952,2025-11-28,BVI,BORIVALI,20.0,1355
12952,2025-11-28,MMCT,MUMBAI CENTRAL,3.0,1384
12952,2025-11-29,NDLS,NEW DELHI,0.0,0
12952,2025-11-29,KOTA,KOTA JN,17.0,465
12952,2025-11-29,NAD,NAGDA JN,7.0,690
12952,2025-11-29,RTM,RATLAM JN,9.0,731
12952,2025-11-29,BRC,VADODARA JN,0.0,993
12952,2025-11-29,ST,SURAT,1.0,1122
12952,2025-11-29,BVI,BORIVALI,10.0,1355
12952,2025-11-29,MMCT,MUMBAI CENTRAL,-2.0,1384
12952,2025-11-30,NDLS,NEW DELHI,3.0,0
12952,2025-11-30,KOTA,KOTA JN,24.0,465
12952,2025-11-30,NAD,NAGDA JN,17.0,690
12952,2025-11-30,RTM,RATLAM JN,20.0,731
12952,2025-11-30,BRC,VADODARA JN,7.0,993
12952,2025-11-30,ST,SURAT,6.0,1122
12952,2025-11-30,BVI,BORIVALI,13.0,1355
12952,2025-11-30,MMCT,MUMBAI CENTRAL,1.0,1384
12952,2025-12-01,NDLS,NEW DELHI,0.0,0
12952,2025-12-01,KOTA,KOTA JN,22.0,465
12952,2025-12-01,NAD,NAGDA JN,19.0,690
12952,2025-12-01,RTM,RATLAM JN,26.0,731
12952,2025-12-01,BRC,VADODARA JN,18.0,993
12952,2025-12-01,ST,SURAT,15.0,1122
12952,2025-12-01,BVI,BORIVALI,13.0,1355
12952,2025-12-01,MMCT,MUMBAI CENTRAL,-6.0,1384
12952,2025-12-02,NDLS,NEW DELHI,0.0,0
12952,2025-12-02,KOTA,KOTA JN,19.0,465
12952,2025-12-02,NAD,NAGDA JN,11.0,690
12952,2025-12-02,RTM,RATLAM JN,16.0,731
12952,2025-12-02,BRC,VADODARA JN,0.0,993
12952,2025-12-02,ST,SURAT,2.0,1122
12952,2025-12-02,BVI,BORIVALI,13.0,1355
12952,2025-12-02,MMCT,MUMBAI CENTRAL,0.0,1384
12952,2025-12-03,NDLS,NEW DELHI,0.0,0
12952,2025-12-03,KOTA,KOTA JN,20.0,465
12952,2025-12-03,NAD,NAGDA JN,11.0,690
12952,2025-12-03,RTM,RATLAM JN,13.0,731
12952,2025-12-03,BRC,VADODARA JN,11.0,993
12952,2025-12-03,ST,SURAT,10.0,1122
12952,2025-12-03,BVI,BORIVALI,19.0,1355
12952,2025-12-03,MMCT,MUMBAI CENTRAL,1.0,1384
12952,2025-12-04,NDLS,NEW DELHI,7.0,0
12952,2025-12-04,KOTA,KOTA JN,18.0,465
12952,2025-12-04,NAD,NAGDA JN,8.0,690
12952,2025-12-04,RTM,RATLAM JN,9.0,731
12952,2025-12-04,BRC,VADODARA JN,0.0,993
12952,2025-12-04,ST,SURAT,0.0,1122
12952,2025-12-04,BVI,BORIVALI,15.0,1355
12952,2025-12-04,MMCT,MUMBAI CENTRAL,-1.0,1384
12952,2025-12-05,NDLS,NEW DELHI,1.0,0
12952,2025-12-05,KOTA,KOTA JN,16.0,465
12952,2025-12-05,NAD,NAGDA JN,10.0,690
12952,2025-12-05,RTM,RATLAM JN,13.0,731
12952,2025-12-05,BRC,VADODARA JN,2.0,993
12952,2025-12-05,ST,SURAT,2.0,1122
12952,2025-12-05,BVI,BORIVALI,20.0,1355
12952,2025-12-05,MMCT,MUMBAI CENTRAL,3.0,1384
12952,2025-12-06,NDLS,NEW DELHI,2.0,0
12952,2025-12-06,KOTA,KOTA JN,35.0,465
12952,2025-12-06,NAD,NAGDA JN,31.0,690
12952,2025-12-06,RTM,RATLAM JN,36.0,731
12952,2025-12-06,BRC,VADODARA JN,26.0,993
12952,2025-12-06,ST,SURAT,25.0,1122
12952,2025-12-06,BVI,BORIVALI,19.0,1355
12952,2025-12-06,MMCT,MUMBAI CENTRAL,-1.0,1384
12952,2025-12-07,NDLS,NEW DELHI,0.0,0
12952,2025-12-07,KOTA,KOTA JN,37.0,465
12952,2025-12-07,NAD,NAGDA JN,34.0,690
12952,2025-12-07,RTM,RATLAM JN,38.0,731
12952,2025-12-07,BRC,VADODARA JN,62.0,993
12952,2025-12-07,ST,SURAT,59.0,1122
12952,2025-12-07,BVI,BORIVALI,69.0,1355
12952,2025-12-07,MMCT,MUMBAI CENTRAL,61.0,1384
12952,2025-12-08,NDLS,NEW DELHI,1.0,0
12952,2025-12-08,KOTA,KOTA JN,23.0,465
12952,2025-12-08,NAD,NAGDA JN,17.0,690
12952,2025-12-08,RTM,RATLAM JN,22.0,731
12952,2025-12-08,BRC,VADODARA JN,4.0,993
12952,2025-12-08,ST,SURAT,7.0,1122
12952,2025-12-08,BVI,BORIVALI,17.0,1355
12952,2025-12-08,MMCT,MUMBAI CENTRAL,-2.0,1384
12952,2025-12-09,NDLS,NEW DELHI,1.0,0
12952,2025-12-09,KOTA,KOTA JN,17.0,465
12952,2025-12-09,NAD,NAGDA JN,10.0,690
12952,2025-12-09,RTM,RATLAM JN,12.0,731
12952,2025-12-09,BRC,VADODARA JN,0.0,993
12952,2025-12-09,ST,SURAT,1.0,1122
12952,2025-12-09,BVI,BORIVALI,16.0,1355
12952,2025-12-09,MMCT,MUMBAI CENTRAL,0.0,1384
12952,2025-12-10,NDLS,NEW DELHI,1.0,0
12952,2025-12-10,KOTA,KOTA JN,24.0,465
12952,2025-12-10,NAD,NAGDA JN,24.0,690
12952,2025-12-10,RTM,RATLAM JN,28.0,731
12952,2025-12-10,BRC,VADODARA JN,19.0,993
12952,2025-12-10,ST,SURAT,19.0,1122
12952,2025-12-10,BVI,BORIVALI,22.0,1355
12952,2025-12-10,MMCT,MUMBAI CENTRAL,8.0,1384
12952,2025-12-11,NDLS,NEW DELHI,2.0,0
12952,2025-12-11,KOTA,KOTA JN,27.0,465
12952,2025-12-11,NAD,NAGDA JN,20.0,690
12952,2025-12-11,RTM,RATLAM JN,22.0,731
12952,2025-12-11,BRC,VADODARA JN,11.0,993
12952,2025-12-11,ST,SURAT,8.0,1122
12952,2025-12-11,BVI,BORIVALI,14.0,1355
12952,2025-12-11,MMCT,MUMBAI CENTRAL,8.0,1384
12952,2025-12-12,NDLS,NEW DELHI,0.0,0
12952,2025-12-12,KOTA,KOTA JN,21.0,465
12952,2025-12-12,NAD,NAGDA JN,15.0,690
12952,2025-12-12,RTM,RATLAM JN,14.0,731
12952,2025-12-12,BRC,VADODARA JN,3.0,993
12952,2025-12-12,ST,SURAT,2.0,1122
12952,2025-12-12,BVI,BORIVALI,15.0,1355
12952,2025-12-12,MMCT,MUMBAI CENTRAL,0.0,1384
12952,2025-12-13,NDLS,NEW DELHI,1.0,0
12952,2025-12-13,KOTA,KOTA JN,22.0,465
12952,2025-12-13,NAD,NAGDA JN,10.0,690
12952,2025-12-13,RTM,RATLAM JN,10.0,731
12952,2025-12-13,BRC,VADODARA JN,1.0,993
12952,2025-12-13,ST,SURAT,0.0,1122
12952,2025-12-13,BVI,BORIVALI,11.0,1355
12952,2025-12-13,MMCT,MUMBAI CENTRAL,-4.0,1384
12952,2025-12-14,NDLS,NEW DELHI,1.0,0
12952,2025-12-14,KOTA,KOTA JN,40.0,465
12952,2025-12-14,NAD,NAGDA JN,31.0,690
12952,2025-12-14,RTM,RATLAM JN,29.0,731
12952,2025-12-14,BRC,VADODARA JN,16.0,993
12952,2025-12-14,ST,SURAT,4.0,1122
12952,2025-12-14,BVI,BORIVALI,17.0,1355
12952,2025-12-14,MMCT,MUMBAI CENTRAL,-1.0,1384
12952,2025-12-15,NDLS,NEW DELHI,40.0,0
12952,2025-12-15,KOTA,KOTA JN,93.0,465
12952,2025-12-15,NAD,NAGDA JN,90.0,690
12952,2025-12-15,RTM,RATLAM JN,87.0,731
12952,2025-12-15,BRC,VADODARA JN,88.0,993
12952,2025-12-15,ST,SURAT,86.0,1122
12952,2025-12-15,BVI,BORIVALI,79.0,1355
12952,2025-12-15,MMCT,MUMBAI CENTRAL,74.0,1384
12952,2025-12-16,NDLS,NEW DELHI,0.0,0
12952,2025-12-16,KOTA,KOTA JN,15.0,465
12952,2025-12-16,NAD,NAGDA JN,5.0,690
12952,2025-12-16,RTM,RATLAM JN,4.0,731
12952,2025-12-16,BRC,VADODARA JN,2.0,993
12952,2025-12-16,ST,SURAT,1.0,1122
12952,2025-12-16,BVI,BORIVALI,16.0,1355
12952,2025-12-16,MMCT,MUMBAI CENTRAL,1.0,1384
12952,2025-12-17,NDLS,NEW DELHI,0.0,0
12952,2025-12-17,KOTA,KOTA JN,31.0,465
12952,2025-12-17,NAD,NAGDA JN,21.0,690
12952,2025-12-17,RTM,RATLAM JN,17.0,731
12952,2025-12-17,BRC,VADODARA JN,7.0,993
12952,2025-12-17,ST,SURAT,2.0,1122
12952,2025-12-17,BVI,BORIVALI,16.0,1355
12952,2025-12-17,MMCT,MUMBAI CENTRAL,2.0,1384
12952,2025-12-18,NDLS,NEW DELHI,7.0,0
12952,2025-12-18,KOTA,KOTA JN,19.0,465
12952,2025-12-18,NAD,NAGDA JN,5.0,690
12952,2025-12-18,RTM,RATLAM JN,2.0,731
12952,2025-12-18,BRC,VADODARA JN,0.0,993
12952,2025-12-18,ST,SURAT,1.0,1122
12952,2025-12-18,BVI,BORIVALI,21.0,1355
12952,2025-12-18,MMCT,MUMBAI CENTRAL,1.0,1384
12952,2025-12-19,NDLS,NEW DELHI,0.0,0
12952,2025-12-19,KOTA,KOTA JN,45.0,465
12952,2025-12-19,NAD,NAGDA JN,35.0,690
12952,2025-12-19,RTM,RATLAM JN,38.0,731
12952,2025-12-19,BRC,VADODARA JN,39.0,993
12952,2025-12-19,ST,SURAT,36.0,1122
12952,2025-12-19,BVI,BORIVALI,49.0,1355
12952,2025-12-19,MMCT,MUMBAI CENTRAL,36.0,1384
12952,2025-12-20,NDLS,NEW DELHI,1.0,0
12952,2025-12-20,KOTA,KOTA JN,23.0,465
12952,2025-12-20,NAD,NAGDA JN,11.0,690
12952,2025-12-20,RTM,RATLAM JN,13.0,731
12952,2025-12-20,BRC,VADODARA JN,4.0,993
12952,2025-12-20,ST,SURAT,3.0,1122
12952,2025-12-20,BVI,BORIVALI,0.0,1355
12952,2025-12-20,MMCT,MUMBAI CENTRAL,-4.0,1384
12952,2025-12-21,NDLS,NEW DELHI,1.0,0
12952,2025-12-21,KOTA,KOTA JN,59.0,465
12952,2025-12-21,NAD,NAGDA JN,49.0,690
12952,2025-12-21,RTM,RATLAM JN,46.0,731
12952,2025-12-21,BRC,VADODARA JN,37.0,993
12952,2025-12-21,ST,SURAT,32.0,1122
12952,2025-12-21,BVI,BORIVALI,24.0,1355
12952,2025-12-21,MMCT,MUMBAI CENTRAL,11.0,1384
12952,2025-12-22,NDLS,NEW DELHI,0.0,0
12952,2025-12-22,KOTA,KOTA JN,36.0,465
12952,2025-12-22,NAD,NAGDA JN,28.0,690
12952,2025-12-22,RTM,RATLAM JN,26.0,731
12952,2025-12-22,BRC,VADODARA JN,29.0,993
12952,2025-12-22,ST,SURAT,23.0,1122
12952,2025-12-22,BVI,BORIVALI,25.0,1355
12952,2025-12-22,MMCT,MUMBAI CENTRAL,12.0,1384
12952,2025-12-23,NDLS,NEW DELHI,2.0,0
12952,2025-12-23,KOTA,KOTA JN,31.0,465
12952,2025-12-23,NAD,NAGDA JN,23.0,690
12952,2025-12-23,RTM,RATLAM JN,24.0,731
12952,2025-12-23,BRC,VADODARA JN,21.0,993
12952,2025-12-23,ST,SURAT,17.0,1122
12952,2025-12-23,BVI,BORIVALI,13.0,1355
12952,2025-12-23,MMCT,MUMBAI CENTRAL,3.0,1384
12952,2025-12-24,NDLS,NEW DELHI,6.0,0
12952,2025-12-24,KOTA,KOTA JN,76.0,465
12952,2025-12-24,NAD,NAGDA JN,69.0,690
12952,2025-12-24,RTM,RATLAM JN,68.0,731
12952,2025-12-24,BRC,VADODARA JN,68.0,993
12952,2025-12-24,ST,SURAT,63.0,1122
12952,2025-12-24,BVI,BORIVALI,60.0,1355
12952,2025-12-24,MMCT,MUMBAI CENTRAL,47.0,1384
12952,2025-12-25,NDLS,NEW DELHI,0.0,0
12952,2025-12-25,KOTA,KOTA JN,23.0,465
12952,2025-12-25,NAD,NAGDA JN,14.0,690
12952,2025-12-25,RTM,RATLAM JN,14.0,731
12952,2025-12-25,BRC,VADODARA JN,9.0,993
12952,2025-12-25,ST,SURAT,1.0,1122
12952,2025-12-25,BVI,BORIVALI,17.0,1355
12952,2025-12-25,MMCT,MUMBAI CENTRAL,4.0,1384
12952,2025-12-26,NDLS,NEW DELHI,16.0,0
12952,2025-12-26,KOTA,KOTA JN,63.0,465
12952,2025-12-26,NAD,NAGDA JN,54.0,690
12952,2025-12-26,RTM,RATLAM JN,54.0,731
12952,2025-12-26,BRC,VADODARA JN,63.0,993
12952,2025-12-26,ST,SURAT,61.0,1122
12952,2025-12-26,BVI,BORIVALI,62.0,1355
12952,2025-12-26,MMCT,MUMBAI CENTRAL,34.0,1384
12952,2025-12-27,NDLS,NEW DELHI,1.0,0
12952,2025-12-27,KOTA,KOTA JN,45.0,465
12952,2025-12-27,NAD,NAGDA JN,50.0,690
12952,2025-12-27,RTM,RATLAM JN,47.0,731
12952,2025-12-27,BRC,VADODARA JN,43.0,993
12952,2025-12-27,ST,SURAT,38.0,1122
12952,2025-12-27,BVI,BORIVALI,68.0,1355
12952,2025-12-27,MMCT,MUMBAI CENTRAL,52.0,1384
12952,2025-12-28,NDLS,NEW DELHI,0.0,0
12952,2025-12-28,KOTA,KOTA JN,16.0,465
12952,2025-12-28,NAD,NAGDA JN,11.0,690
12952,2025-12-28,RTM,RATLAM JN,7.0,731
12952,2025-12-28,BRC,VADODARA JN,0.0,993
12952,2025-12-28,ST,SURAT,3.0,1122
12952,2025-12-28,BVI,BORIVALI,23.0,1355
12952,2025-12-28,MMCT,MUMBAI CENTRAL,14.0,1384
12952,2025-12-29,NDLS,NEW DELHI,2.0,0
12952,2025-12-29,KOTA,KOTA JN,35.0,465
12952,2025-12-29,NAD,NAGDA JN,30.0,690
12952,2025-12-29,RTM,RATLAM JN,27.0,731
12952,2025-12-29,BRC,VADODARA JN,25.0,993
12952,2025-12-29,ST,SURAT,21.0,1122
12952,2025-12-29,BVI,BORIVALI,5.0,1355
12952,2025-12-29,MMCT,MUMBAI CENTRAL,-1.0,1384
12952,2025-12-30,NDLS,NEW DELHI,1.0,0
12952,2025-12-30,KOTA,KOTA JN,25.0,465
12952,2025-12-30,NAD,NAGDA JN,23.0,690
12952,2025-12-30,RTM,RATLAM JN,21.0,731
12952,2025-12-30,BRC,VADODARA JN,13.0,993
12952,2025-12-30,ST,SURAT,7.0,1122
12952,2025-12-30,BVI,BORIVALI,20.0,1355
12952,2025-12-30,MMCT,MUMBAI CENTRAL,3.0,1384
12952,2025-12-31,NDLS,NEW DELHI,0.0,0
12952,2025-12-31,KOTA,KOTA JN,46.0,465
12952,2025-12-31,NAD,NAGDA JN,42.0,690
12952,2025-12-31,RTM,RATLAM JN,41.0,731
12952,2025-12-31,BRC,VADODARA JN,30.0,993
12952,2025-12-31,ST,SURAT,23.0,1122
12952,2025-12-31,BVI,BORIVALI,25.0,1355
12952,2025-12-31,MMCT,MUMBAI CENTRAL,12.0,1384
12952,2026-01-01,NDLS,NEW DELHI,0.0,0
12952,2026-01-01,KOTA,KOTA JN,16.0,465
12952,2026-01-01,NAD,NAGDA JN,14.0,690
12952,2026-01-01,RTM,RATLAM JN,12.0,731
12952,2026-01-01,BRC,VADODARA JN,6.0,993
12952,2026-01-01,ST,SURAT,6.0,1122
12952,2026-01-01,BVI,BORIVALI,2.0,1355
12952,2026-01-01,MMCT,MUMBAI CENTRAL,9.0,1384
12952,2026-01-02,NDLS,NEW DELHI,0.0,0
12952,2026-01-02,KOTA,KOTA JN,20.0,465
12952,2026-01-02,NAD,NAGDA JN,18.0,690
12952,2026-01-02,RTM,RATLAM JN,22.0,731
12952,2026-01-02,BRC,VADODARA JN,11.0,993
12952,2026-01-02,ST,SURAT,6.0,1122
12952,2026-01-02,BVI,BORIVALI,11.0,1355
12952,2026-01-02,MMCT,MUMBAI CENTRAL,0.0,1384
12952,2026-01-03,NDLS,NEW DELHI,4.0,0
12952,2026-01-03,KOTA,KOTA JN,19.0,465
12952,2026-01-03,NAD,NAGDA JN,22.0,690
12952,2026-01-03,RTM,RATLAM JN,36.0,731
12952,2026-01-03,BRC,VADODARA JN,20.0,993
12952,2026-01-03,ST,SURAT,18.0,1122
12952,2026-01-03,BVI,BORIVALI,26.0,1355
12952,2026-01-03,MMCT,MUMBAI CENTRAL,-1.0,1384
12952,2026-01-04,NDLS,NEW DELHI,1.0,0
12952,2026-01-04,KOTA,KOTA JN,24.0,465
12952,2026-01-04,NAD,NAGDA JN,20.0,690
12952,2026-01-04,RTM,RATLAM JN,22.0,731
12952,2026-01-04,BRC,VADODARA JN,18.0,993
12952,2026-01-04,ST,SURAT,14.0,1122
12952,2026-01-04,BVI,BORIVALI,18.0,1355
12952,2026-01-04,MMCT,MUMBAI CENTRAL,-2.0,1384
12952,2026-01-05,NDLS,NEW DELHI,4.0,0
12952,2026-01-05,KOTA,KOTA JN,32.0,465
12952,2026-01-05,NAD,NAGDA JN,29.0,690
12952,2026-01-05,RTM,RATLAM JN,27.0,731
12952,2026-01-05,BRC,VADODARA JN,9.0,993
12952,2026-01-05,ST,SURAT,4.0,1122
12952,2026-01-05,BVI,BORIVALI,18.0,1355
12952,2026-01-05,MMCT,MUMBAI CENTRAL,5.0,1384
12952,2026-01-06,NDLS,NEW DELHI,1.0,0
12952,2026-01-06,KOTA,KOTA JN,21.0,465
12952,2026-01-06,NAD,NAGDA JN,13.0,690
12952,2026-01-06,RTM,RATLAM JN,16.0,731
12952,2026-01-06,BRC,VADODARA JN,8.0,993
12952,2026-01-06,ST,SURAT,10.0,1122
12952,2026-01-06,BVI,BORIVALI,0.0,1355
12952,2026-01-06,MMCT,MUMBAI CENTRAL,9.0,1384
12952,2026-01-07,NDLS,NEW DELHI,0.0,0
12952,2026-01-07,KOTA,KOTA JN,16.0,465
12952,2026-01-07,NAD,NAGDA JN,11.0,690
12952,2026-01-07,RTM,RATLAM JN,12.0,731
12952,2026-01-07,BRC,VADODARA JN,10.0,993
12952,2026-01-07,ST,SURAT,5.0,1122
12952,2026-01-07,BVI,BORIVALI,16.0,1355
12952,2026-01-07,MMCT,MUMBAI CENTRAL,-3.0,1384
12952,2026-01-08,NDLS,NEW DELHI,0.0,0
12952,2026-01-08,KOTA,KOTA JN,24.0,465
12952,2026-01-08,NAD,NAGDA JN,19.0,690
12952,2026-01-08,RTM,RATLAM JN,23.0,731
12952,2026-01-08,BRC,VADODARA JN,9.0,993
12952,2026-01-08,ST,SURAT,8.0,1122
12952,2026-01-08,BVI,BORIVALI,33.0,1355
12952,2026-01-08,MMCT,MUMBAI CENTRAL,12.0,1384
12952,2026-01-09,NDLS,NEW DELHI,1.0,0
12952,2026-01-09,KOTA,KOTA JN,22.0,465
12952,2026-01-09,NAD,NAGDA JN,18.0,690
12952,2026-01-09,RTM,RATLAM JN,19.0,731
12952,2026-01-09,BRC,VADODARA JN,14.0,993
12952,2026-01-09,ST,SURAT,16.0,1122
12952,2026-01-09,BVI,BORIVALI,25.0,1355
12952,2026-01-09,MMCT,MUMBAI CENTRAL,5.0,1384
12952,2026-01-10,NDLS,NEW DELHI,2.0,0
12952,2026-01-10,KOTA,KOTA JN,56.0,465
12952,2026-01-10,NAD,NAGDA JN,55.0,690
12952,2026-01-10,RTM,RATLAM JN,54.0,731
12952,2026-01-10,BRC,VADODARA JN,50.0,993
12952,2026-01-10,ST,SURAT,48.0,1122
12952,2026-01-10,BVI,BORIVALI,36.0,1355
12952,2026-01-10,MMCT,MUMBAI CENTRAL,31.0,1384
12952,2026-01-11,NDLS,NEW DELHI,2.0,0
12952,2026-01-11,KOTA,KOTA JN,9.0,465
12952,2026-01-11,NAD,NAGDA JN,7.0,690
12952,2026-01-11,RTM,RATLAM JN,7.0,731
12952,2026-01-11,BRC,VADODARA JN,0.0,993
12952,2026-01-11,ST,SURAT,4.0,1122
12952,2026-01-11,BVI,BORIVALI,17.0,1355
12952,2026-01-11,MMCT,MUMBAI CENTRAL,-2.0,1384
12952,2026-01-12,NDLS,NEW DELHI,1.0,0
12952,2026-01-12,KOTA,KOTA JN,10.0,465
12952,2026-01-12,NAD,NAGDA JN,5.0,690
12952,2026-01-12,RTM,RATLAM JN,6.0,731
12952,2026-01-12,BRC,VADODARA JN,4.0,993
12952,2026-01-12,ST,SURAT,5.0,1122
12952,2026-01-12,BVI,BORIVALI,0.0,1355
12952,2026-01-12,MMCT,MUMBAI CENTRAL,-5.0,1384
12952,2026-01-13,NDLS,NEW DELHI,3.0,0
12952,2026-01-13,KOTA,KOTA JN,14.0,465
12952,2026-01-13,NAD,NAGDA JN,5.0,690
12952,2026-01-13,RTM,RATLAM JN,5.0,731
12952,2026-01-13,BRC,VADODARA JN,0.0,993
12952,2026-01-13,ST,SURAT,3.0,1122
12952,2026-01-13,BVI,BORIVALI,0.0,1355
12952,2026-01-13,MMCT,MUMBAI CENTRAL,10.0,1384
12952,2026-01-14,NDLS,NEW DELHI,2.0,0
12952,2026-01-14,KOTA,KOTA JN,28.0,465
12952,2026-01-14,NAD,NAGDA JN,21.0,690
12952,2026-01-14,RTM,RATLAM JN,21.0,731
12952,2026-01-14,BRC,VADODARA JN,4.0,993
12952,2026-01-14,ST,SURAT,22.0,1122
12952,2026-01-14,BVI,BORIVALI,22.0,1355
12952,2026-01-14,MMCT,MUMBAI CENTRAL,2.0,1384
12952,2026-01-15,NDLS,NEW DELHI,0.0,0
12952,2026-01-15,KOTA,KOTA JN,27.0,465
12952,2026-01-15,NAD,NAGDA JN,18.0,690
12952,2026-01-15,RTM,RATLAM JN,18.0,731
12952,2026-01-15,BRC,VADODARA JN,4.0,993
12952,2026-01-15,ST,SURAT,6.0,1122
12952,2026-01-15,BVI,BORIVALI,24.0,1355
12952,2026-01-15,MMCT,MUMBAI CENTRAL,12.0,1384
12952,2026-01-16,NDLS,NEW DELHI,5.0,0
12952,2026-01-16,KOTA,KOTA JN,11.0,465
12952,2026-01-16,NAD,NAGDA JN,4.0,690
12952,2026-01-16,RTM,RATLAM JN,6.0,731
12952,2026-01-16,BRC,VADODARA JN,4.0,993
12952,2026-01-16,ST,SURAT,4.0,1122
12952,2026-01-16,BVI,BORIVALI,26.0,1355
12952,2026-01-16,MMCT,MUMBAI CENTRAL,13.0,1384
12952,2026-01-17,NDLS,NEW DELHI,2.0,0
12952,2026-01-17,KOTA,KOTA JN,14.0,465
12952,2026-01-17,NAD,NAGDA JN,5.0,690
12952,2026-01-17,RTM,RATLAM JN,6.0,731
12952,2026-01-17,BRC,VADODARA JN,5.0,993
12952,2026-01-17,ST,SURAT,4.0,1122
12952,2026-01-17,BVI,BORIVALI,30.0,1355
12952,2026-01-17,MMCT,MUMBAI CENTRAL,13.0,1384
12952,2026-01-18,NDLS,NEW DELHI,1.0,0
12952,2026-01-18,KOTA,KOTA JN,13.0,465
12952,2026-01-18,NAD,NAGDA JN,6.0,690
12952,2026-01-18,RTM,RATLAM JN,6.0,731
12952,2026-01-18,BRC,VADODARA JN,5.0,993
12952,2026-01-18,ST,SURAT,6.0,1122
12952,2026-01-18,BVI,BORIVALI,22.0,1355
12952,2026-01-18,MMCT,MUMBAI CENTRAL,6.0,1384
12952,2026-01-19,NDLS,NEW DELHI,0.0,0
12952,2026-01-19,KOTA,KOTA JN,10.0,465
12952,2026-01-19,NAD,NAGDA JN,7.0,690
12952,2026-01-19,RTM,RATLAM JN,11.0,731
12952,2026-01-19,BRC,VADODARA JN,0.0,993
12952,2026-01-19,ST,SURAT,0.0,1122
12952,2026-01-19,BVI,BORIVALI,20.0,1355
12952,2026-01-19,MMCT,MUMBAI CENTRAL,-2.0,1384
12952,2026-01-20,NDLS,NEW DELHI,0.0,0
12952,2026-01-20,KOTA,KOTA JN,16.0,465
12952,2026-01-20,NAD,NAGDA JN,10.0,690
12952,2026-01-20,RTM,RATLAM JN,13.0,731
12952,2026-01-20,BRC,VADODARA JN,8.0,993
12952,2026-01-20,ST,SURAT,6.0,1122
12952,2026-01-20,BVI,BORIVALI,0.0,1355
12952,2026-01-20,MMCT,MUMBAI CENTRAL,6.0,1384
12952,2026-01-21,NDLS,NEW DELHI,0.0,0
12952,2026-01-21,KOTA,KOTA JN,10.0,465
12952,2026-01-21,NAD,NAGDA JN,10.0,690
12952,2026-01-21,RTM,RATLAM JN,10.0,731
12952,2026-01-21,BRC,VADODARA JN,3.0,993
12952,2026-01-21,ST,SURAT,2.0,1122
12952,2026-01-21,BVI,BORIVALI,23.0,1355
12952,2026-01-21,MMCT,MUMBAI CENTRAL,2.0,1384
12952,2026-01-22,NDLS,NEW DELHI,2.0,0
12952,2026-01-22,KOTA,KOTA JN,20.0,465
12952,2026-01-22,NAD,NAGDA JN,14.0,690
12952,2026-01-22,RTM,RATLAM JN,12.0,731
12952,2026-01-22,BRC,VADODARA JN,4.0,993
12952,2026-01-22,ST,SURAT,3.0,1122
12952,2026-01-22,BVI,BORIVALI,2.0,1355
12952,2026-01-22,MMCT,MUMBAI CENTRAL,12.0,1384
12952,2026-01-23,NDLS,NEW DELHI,0.0,0
12952,2026-01-23,KOTA,KOTA JN,14.0,465
12952,2026-01-23,NAD,NAGDA JN,9.0,690
12952,2026-01-23,RTM,RATLAM JN,10.0,731
12952,2026-01-23,BRC,VADODARA JN,3.0,993
12952,2026-01-23,ST,SURAT,3.0,1122
12952,2026-01-23,BVI,BORIVALI,21.0,1355
12952,2026-01-23,MMCT,MUMBAI CENTRAL,5.0,1384
12952,2026-01-24,NDLS,NEW DELHI,3.0,0
12952,2026-01-24,KOTA,KOTA JN,13.0,465
12952,2026-01-24,NAD,NAGDA JN,13.0,690
12952,2026-01-24,RTM,RATLAM JN,18.0,731
12952,2026-01-24,BRC,VADODARA JN,3.0,993
12952,2026-01-24,ST,SURAT,2.0,1122
12952,2026-01-24,BVI,BORIVALI,0.0,1355
12952,2026-01-24,MMCT,MUMBAI CENTRAL,0.0,1384
12952,2026-01-25,NDLS,NEW DELHI,1.0,0
12952,2026-01-25,KOTA,KOTA JN,8.0,465
12952,2026-01-25,NAD,NAGDA JN,9.0,690
12952,2026-01-25,RTM,RATLAM JN,18.0,731
12952,2026-01-25,BRC,VADODARA JN,5.0,993
12952,2026-01-25,ST,SURAT,9.0,1122
12952,2026-01-25,BVI,BORIVALI,17.0,1355
12952,2026-01-25,MMCT,MUMBAI CENTRAL,-4.0,1384
12952,2026-01-26,NDLS,NEW DELHI,1.0,0
12952,2026-01-26,KOTA,KOTA JN,9.0,465
12952,2026-01-26,NAD,NAGDA JN,6.0,690
12952,2026-01-26,RTM,RATLAM JN,12.0,731
12952,2026-01-26,BRC,VADODARA JN,5.0,993
12952,2026-01-26,ST,SURAT,8.0,1122
12952,2026-01-26,BVI,BORIVALI,22.0,1355
12952,2026-01-26,MMCT,MUMBAI CENTRAL,2.0,1384
12952,2026-01-27,NDLS,NEW DELHI,5.0,0
12952,2026-01-27,KOTA,KOTA JN,29.0,465
12952,2026-01-27,NAD,NAGDA JN,25.0,690
12952,2026-01-27,RTM,RATLAM JN,31.0,731
12952,2026-01-27,BRC,VADODARA JN,14.0,993
12952,2026-01-27,ST,SURAT,14.0,1122
12952,2026-01-27,BVI,BORIVALI,20.0,1355
12952,2026-01-27,MMCT,MUMBAI CENTRAL,3.0,1384
12952,2026-01-28,NDLS,NEW DELHI,2.0,0
12952,2026-01-28,KOTA,KOTA JN,6.0,465
12952,2026-01-28,NAD,NAGDA JN,0.0,690
12952,2026-01-28,RTM,RATLAM JN,8.0,731
12952,2026-01-28,BRC,VADODARA JN,0.0,993
12952,2026-01-28,ST,SURAT,5.0,1122
12952,2026-01-28,BVI,BORIVALI,24.0,1355
12952,2026-01-28,MMCT,MUMBAI CENTRAL,8.0,1384
12952,2026-01-29,NDLS,NEW DELHI,3.0,0
12952,2026-01-29,KOTA,KOTA JN,11.0,465
12952,2026-01-29,NAD,NAGDA JN,10.0,690
12952,2026-01-29,RTM,RATLAM JN,16.0,731
12952,2026-01-29,BRC,VADODARA JN,1.0,993
12952,2026-01-29,ST,SURAT,6.0,1122
12952,2026-01-29,BVI,BORIVALI,25.0,1355
12952,2026-01-29,MMCT,MUMBAI CENTRAL,5.0,1384
12952,2026-01-30,NDLS,NEW DELHI,1.0,0
12952,2026-01-30,KOTA,KOTA JN,5.0,465
12952,2026-01-30,NAD,NAGDA JN,0.0,690
12952,2026-01-30,RTM,RATLAM JN,5.0,731
12952,2026-01-30,BRC,VADODARA JN,7.0,993
12952,2026-01-30,ST,SURAT,9.0,1122
12952,2026-01-30,BVI,BORIVALI,26.0,1355
12952,2026-01-30,MMCT,MUMBAI CENTRAL,8.0,1384
12952,2026-01-31,NDLS,NEW DELHI,1.0,0
12952,2026-01-31,KOTA,KOTA JN,36.0,465
12952,2026-01-31,NAD,NAGDA JN,32.0,690
12952,2026-01-31,RTM,RATLAM JN,37.0,731
12952,2026-01-31,BRC,VADODARA JN,23.0,993
12952,2026-01-31,ST,SURAT,24.0,1122
12952,2026-01-31,BVI,BORIVALI,40.0,1355
12952,2026-01-31,MMCT,MUMBAI CENTRAL,11.0,1384
12952,2026-02-01,NDLS,NEW DELHI,0.0,0
12952,2026-02-01,KOTA,KOTA JN,10.0,465
12952,2026-02-01,NAD,NAGDA JN,10.0,690
12952,2026-02-01,RTM,RATLAM JN,13.0,731
12952,2026-02-01,BRC,VADODARA JN,0.0,993
12952,2026-02-01,ST,SURAT,0.0,1122
12952,2026-02-01,BVI,BORIVALI,22.0,1355
12952,2026-02-01,MMCT,MUMBAI CENTRAL,4.0,1384
12952,2026-02-02,NDLS,NEW DELHI,1.0,0
12952,2026-02-02,KOTA,KOTA JN,13.0,465
12952,2026-02-02,NAD,NAGDA JN,10.0,690
12952,2026-02-02,RTM,RATLAM JN,11.0,731
12952,2026-02-02,BRC,VADODARA JN,4.0,993
12952,2026-02-02,ST,SURAT,3.0,1122
12952,2026-02-02,BVI,BORIVALI,14.0,1355
12952,2026-02-02,MMCT,MUMBAI CENTRAL,-9.0,1384
12952,2026-02-03,NDLS,NEW DELHI,0.0,0
12952,2026-02-03,KOTA,KOTA JN,6.0,465
12952,2026-02-03,NAD,NAGDA JN,5.0,690
12952,2026-02-03,RTM,RATLAM JN,7.0,731
12952,2026-02-03,BRC,VADODARA JN,2.0,993
12952,2026-02-03,ST,SURAT,1.0,1122
12952,2026-02-03,BVI,BORIVALI,68.0,1355
12952,2026-02-03,MMCT,MUMBAI CENTRAL,44.0,1384
12952,2026-02-04,NDLS,NEW DELHI,1.0,0
12952,2026-02-04,KOTA,KOTA JN,8.0,465
12952,2026-02-04,NAD,NAGDA JN,6.0,690
12952,2026-02-04,RTM,RATLAM JN,10.0,731
12952,2026-02-04,BRC,VADODARA JN,4.0,993
12952,2026-02-04,ST,SURAT,4.0,1122
12952,2026-02-04,BVI,BORIVALI,21.0,1355
12952,2026-02-04,MMCT,MUMBAI CENTRAL,3.0,1384
12952,2026-02-05,NDLS,NEW DELHI,0.0,0
12952,2026-02-05,KOTA,KOTA JN,7.0,465
12952,2026-02-05,NAD,NAGDA JN,2.0,690
12952,2026-02-05,RTM,RATLAM JN,8.0,731
12952,2026-02-05,BRC,VADODARA JN,8.0,993
12952,2026-02-05,ST,SURAT,13.0,1122
12952,2026-02-05,BVI,BORIVALI,24.0,1355
12952,2026-02-05,MMCT,MUMBAI CENTRAL,6.0,1384
12952,2026-02-06,NDLS,NEW DELHI,4.0,0
12952,2026-02-06,KOTA,KOTA JN,21.0,465
12952,2026-02-06,NAD,NAGDA JN,16.0,690
12952,2026-02-06,RTM,RATLAM JN,17.0,731
12952,2026-02-06,BRC,VADODARA JN,4.0,993
12952,2026-02-06,ST,SURAT,5.0,1122
12952,2026-02-06,BVI,BORIVALI,24.0,1355
12952,2026-02-06,MMCT,MUMBAI CENTRAL,6.0,1384
12952,2026-02-07,NDLS,NEW DELHI,1.0,0
12952,2026-02-07,KOTA,KOTA JN,8.0,465
12952,2026-02-07,NAD,NAGDA JN,5.0,690
12952,2026-02-07,RTM,RATLAM JN,5.0,731
12952,2026-02-07,BRC,VADODARA JN,7.0,993
12952,2026-02-07,ST,SURAT,6.0,1122
12952,2026-02-07,BVI,BORIVALI,19.0,1355
12952,2026-02-07,MMCT,MUMBAI CENTRAL,-3.0,1384
12952,2026-02-08,NDLS,NEW DELHI,1.0,0
12952,2026-02-08,KOTA,KOTA JN,24.0,465
12952,2026-02-08,NAD,NAGDA JN,22.0,690
12952,2026-02-08,RTM,RATLAM JN,23.0,731
12952,2026-02-08,BRC,VADODARA JN,5.0,993
12952,2026-02-08,ST,SURAT,4.0,1122
12952,2026-02-08,BVI,BORIVALI,22.0,1355
12952,2026-02-08,MMCT,MUMBAI CENTRAL,3.0,1384
12952,2026-02-09,NDLS,NEW DELHI,0.0,0
12952,2026-02-09,KOTA,KOTA JN,11.0,465
12952,2026-02-09,NAD,NAGDA JN,7.0,690
12952,2026-02-09,RTM,RATLAM JN,7.0,731
12952,2026-02-09,BRC,VADODARA JN,0.0,993
12952,2026-02-09,ST,SURAT,4.0,1122
12952,2026-02-09,BVI,BORIVALI,19.0,1355
12952,2026-02-09,MMCT,MUMBAI CENTRAL,-1.0,1384
12952,2026-02-10,NDLS,NEW DELHI,1.0,0
12952,2026-02-10,KOTA,KOTA JN,6.0,465
12952,2026-02-10,NAD,NAGDA JN,24.0,690
12952,2026-02-10,RTM,RATLAM JN,30.0,731
12952,2026-02-10,BRC,VADODARA JN,20.0,993
12952,2026-02-10,ST,SURAT,17.0,1122
12952,2026-02-10,BVI,BORIVALI,19.0,1355
12952,2026-02-10,MMCT,MUMBAI CENTRAL,3.0,1384
12952,2026-02-11,NDLS,NEW DELHI,0.0,0
12952,2026-02-11,KOTA,KOTA JN,5.0,465
12952,2026-02-11,NAD,NAGDA JN,7.0,690
12952,2026-02-11,RTM,RATLAM JN,6.0,731
12952,2026-02-11,BRC,VADODARA JN,1.0,993
12952,2026-02-11,ST,SURAT,0.0,1122
12952,2026-02-11,BVI,BORIVALI,19.0,1355
12952,2026-02-11,MMCT,MUMBAI CENTRAL,0.0,1384
12952,2026-02-12,NDLS,NEW DELHI,1.0,0
12952,2026-02-12,KOTA,KOTA JN,0.0,465
12952,2026-02-12,NAD,NAGDA JN,4.0,690
12952,2026-02-12,RTM,RATLAM JN,17.0,731
12952,2026-02-12,BRC,VADODARA JN,26.0,993
12952,2026-02-12,ST,SURAT,32.0,1122
12952,2026-02-12,BVI,BORIVALI,47.0,1355
12952,2026-02-12,MMCT,MUMBAI CENTRAL,29.0,1384
12952,2026-02-13,NDLS,NEW DELHI,0.0,0
12952,2026-02-13,KOTA,KOTA JN,10.0,465
12952,2026-02-13,NAD,NAGDA JN,5.0,690
12952,2026-02-13,RTM,RATLAM JN,3.0,731
12952,2026-02-13,BRC,VADODARA JN,2.0,993
12952,2026-02-13,ST,SURAT,1.0,1122
12952,2026-02-13,BVI,BORIVALI,22.0,1355
12952,2026-02-13,MMCT,MUMBAI CENTRAL,1.0,1384
12952,2026-02-14,NDLS,NEW DELHI,0.0,0
12952,2026-02-14,KOTA,KOTA JN,8.0,465
12952,2026-02-14,NAD,NAGDA JN,6.0,690
12952,2026-02-14,RTM,RATLAM JN,7.0,731
12952,2026-02-14,BRC,VADODARA JN,2.0,993
12952,2026-02-14,ST,SURAT,1.0,1122
12952,2026-02-14,BVI,BORIVALI,15.0,1355
12952,2026-02-14,MMCT,MUMBAI CENTRAL,-6.0,1384
12952,2026-02-15,NDLS,NEW DELHI,3.0,0
12952,2026-02-15,KOTA,KOTA JN,19.0,465
12952,2026-02-15,NAD,NAGDA JN,14.0,690
12952,2026-02-15,RTM,RATLAM JN,14.0,731
12952,2026-02-15,BRC,VADODARA JN,4.0,993
12952,2026-02-15,ST,SURAT,1.0,1122
12952,2026-02-15,BVI,BORIVALI,20.0,1355
12952,2026-02-15,MMCT,MUMBAI CENTRAL,3.0,1384
12952,2026-02-16,NDLS,NEW DELHI,0.0,0
12952,2026-02-16,KOTA,KOTA JN,9.0,465
12952,2026-02-16,NAD,NAGDA JN,2.0,690
12952,2026-02-16,RTM,RATLAM JN,1.0,731
12952,2026-02-16,BRC,VADODARA JN,0.0,993
12952,2026-02-16,ST,SURAT,1.0,1122
12952,2026-02-16,BVI,BORIVALI,15.0,1355
12952,2026-02-16,MMCT,MUMBAI CENTRAL,3.0,1384
12952,2026-02-17,NDLS,NEW DELHI,0.0,0
12952,2026-02-17,KOTA,KOTA JN,27.0,465
12952,2026-02-17,NAD,NAGDA JN,24.0,690
12952,2026-02-17,RTM,RATLAM JN,28.0,731
12952,2026-02-17,BRC,VADODARA JN,18.0,993
12952,2026-02-17,ST,SURAT,17.0,1122
12952,2026-02-17,BVI,BORIVALI,18.0,1355
12952,2026-02-17,MMCT,MUMBAI CENTRAL,0.0,1384
12952,2026-02-18,NDLS,NEW DELHI,0.0,0
12952,2026-02-18,KOTA,KOTA JN,16.0,465
12952,2026-02-18,NAD,NAGDA JN,10.0,690
12952,2026-02-18,RTM,RATLAM JN,12.0,731
12952,2026-02-18,BRC,VADODARA JN,22.0,993
12952,2026-02-18,ST,SURAT,21.0,1122
12952,2026-02-18,BVI,BORIVALI,24.0,1355
12952,2026-02-18,MMCT,MUMBAI CENTRAL,-5.0,1384
12952,2026-02-19,NDLS,NEW DELHI,1.0,0
12952,2026-02-19,KOTA,KOTA JN,14.0,465
12952,2026-02-19,NAD,NAGDA JN,12.0,690
12952,2026-02-19,RTM,RATLAM JN,13.0,731
12952,2026-02-19,BRC,VADODARA JN,3.0,993
12952,2026-02-19,ST,SURAT,14.0,1122
12952,2026-02-19,BVI,BORIVALI,19.0,1355
12952,2026-02-19,MMCT,MUMBAI CENTRAL,0.0,1384
12952,2026-02-20,NDLS,NEW DELHI,0.0,0
12952,2026-02-20,KOTA,KOTA JN,18.0,465
12952,2026-02-20,NAD,NAGDA JN,19.0,690
12952,2026-02-20,RTM,RATLAM JN,27.0,731
12952,2026-02-20,BRC,VADODARA JN,24.0,993
12952,2026-02-20,ST,SURAT,23.0,1122
12952,2026-02-20,BVI,BORIVALI,26.0,1355
12952,2026-02-20,MMCT,MUMBAI CENTRAL,5.0,1384
12952,2026-02-21,NDLS,NEW DELHI,0.0,0
12952,2026-02-21,KOTA,KOTA JN,3.0,465
12952,2026-02-21,NAD,NAGDA JN,0.0,690
12952,2026-02-21,RTM,RATLAM JN,1.0,731
12952,2026-02-21,BRC,VADODARA JN,4.0,993
12952,2026-02-21,ST,SURAT,1.0,1122
12952,2026-02-21,BVI,BORIVALI,14.0,1355
12952,2026-02-21,MMCT,MUMBAI CENTRAL,-3.0,1384
12952,2026-02-22,NDLS,NEW DELHI,5.0,0
12952,2026-02-22,KOTA,KOTA JN,8.0,465
12952,2026-02-22,NAD,NAGDA JN,3.0,690
12952,2026-02-22,RTM,RATLAM JN,8.0,731
12952,2026-02-22,BRC,VADODARA JN,9.0,993
12952,2026-02-22,ST,SURAT,6.0,1122
12952,2026-02-22,BVI,BORIVALI,25.0,1355
12952,2026-02-22,MMCT,MUMBAI CENTRAL,3.0,1384
12952,2026-02-23,NDLS,NEW DELHI,0.0,0
12952,2026-02-23,KOTA,KOTA JN,5.0,465
12952,2026-02-23,NAD,NAGDA JN,0.0,690
12952,2026-02-23,RTM,RATLAM JN,0.0,731
12952,2026-02-23,BRC,VADODARA JN,1.0,993
12952,2026-02-23,ST,SURAT,2.0,1122
12952,2026-02-23,BVI,BORIVALI,15.0,1355
12952,2026-02-23,MMCT,MUMBAI CENTRAL,-2.0,1384
12952,2026-02-24,NDLS,NEW DELHI,0.0,0
12952,2026-02-24,KOTA,KOTA JN,20.0,465
12952,2026-02-24,NAD,NAGDA JN,13.0,690
12952,2026-02-24,RTM,RATLAM JN,15.0,731
12952,2026-02-24,BRC,VADODARA JN,14.0,993
12952,2026-02-24,ST,SURAT,9.0,1122
12952,2026-02-24,BVI,BORIVALI,21.0,1355
12952,2026-02-24,MMCT,MUMBAI CENTRAL,12.0,1384
12952,2026-02-25,NDLS,NEW DELHI,0.0,0
12952,2026-02-25,KOTA,KOTA JN,6.0,465
12952,2026-02-25,NAD,NAGDA JN,0.0,690
12952,2026-02-25,RTM,RATLAM JN,0.0,731
12952,2026-02-25,BRC,VADODARA JN,0.0,993
12952,2026-02-25,ST,SURAT,0.0,1122
12952,2026-02-25,BVI,BORIVALI,21.0,1355
12952,2026-02-25,MMCT,MUMBAI CENTRAL,0.0,1384
12952,2026-02-26,NDLS,NEW DELHI,0.0,0
12952,2026-02-26,KOTA,KOTA JN,7.0,465
12952,2026-02-26,NAD,NAGDA JN,0.0,690
12952,2026-02-26,RTM,RATLAM JN,1.0,731
12952,2026-02-26,BRC,VADODARA JN,3.0,993
12952,2026-02-26,ST,SURAT,1.0,1122
12952,2026-02-26,BVI,BORIVALI,18.0,1355
12952,2026-02-26,MMCT,MUMBAI CENTRAL,8.0,1384
12952,2026-02-27,NDLS,NEW DELHI,0.0,0
12952,2026-02-27,KOTA,KOTA JN,7.0,465
12952,2026-02-27,NAD,NAGDA JN,4.0,690
12952,2026-02-27,RTM,RATLAM JN,3.0,731
12952,2026-02-27,BRC,VADODARA JN,0.0,993
12952,2026-02-27,ST,SURAT,0.0,1122
12952,2026-02-27,BVI,BORIVALI,18.0,1355
12952,2026-02-27,MMCT,MUMBAI CENTRAL,-1.0,1384
12952,2026-02-28,NDLS,NEW DELHI,0.0,0
12952,2026-02-28,KOTA,KOTA JN,17.0,465
12952,2026-02-28,NAD,NAGDA JN,13.0,690
12952,2026-02-28,RTM,RATLAM JN,15.0,731
12952,2026-02-28,BRC,VADODARA JN,3.0,993
12952,2026-02-28,ST,SURAT,2.0,1122
12952,2026-02-28,BVI,BORIVALI,13.0,1355
12952,2026-02-28,MMCT,MUMBAI CENTRAL,-6.0,1384
12952,2026-03-01,NDLS,NEW DELHI,1.0,0
12952,2026-03-01,KOTA,KOTA JN,18.0,465
12952,2026-03-01,NAD,NAGDA JN,18.0,690
12952,2026-03-01,RTM,RATLAM JN,18.0,731
12952,2026-03-01,BRC,VADODARA JN,13.0,993
12952,2026-03-01,ST,SURAT,12.0,1122
12952,2026-03-01,BVI,BORIVALI,21.0,1355
12952,2026-03-01,MMCT,MUMBAI CENTRAL,13.0,1384
12952,2026-03-02,NDLS,NEW DELHI,1.0,0
12952,2026-03-02,KOTA,KOTA JN,14.0,465
12952,2026-03-02,NAD,NAGDA JN,3.0,690
12952,2026-03-02,RTM,RATLAM JN,5.0,731
12952,2026-03-02,BRC,VADODARA JN,7.0,993
12952,2026-03-02,ST,SURAT,3.0,1122
12952,2026-03-02,BVI,BORIVALI,14.0,1355
12952,2026-03-02,MMCT,MUMBAI CENTRAL,-2.0,1384
12952,2026-03-03,NDLS,NEW DELHI,0.0,0
12952,2026-03-03,KOTA,KOTA JN,12.0,465
12952,2026-03-03,NAD,NAGDA JN,2.0,690
12952,2026-03-03,RTM,RATLAM JN,1.0,731
12952,2026-03-03,BRC,VADODARA JN,0.0,993
12952,2026-03-03,ST,SURAT,2.0,1122
12952,2026-03-03,BVI,BORIVALI,21.0,1355
12952,2026-03-03,MMCT,MUMBAI CENTRAL,1.0,1384
12952,2026-03-04,NDLS,NEW DELHI,1.0,0
12952,2026-03-04,KOTA,KOTA JN,16.0,465
12952,2026-03-04,NAD,NAGDA JN,5.0,690
12952,2026-03-04,RTM,RATLAM JN,6.0,731
12952,2026-03-04,BRC,VADODARA JN,1.0,993
12952,2026-03-04,ST,SURAT,0.0,1122
12952,2026-03-04,BVI,BORIVALI,0.0,1355
12952,2026-03-04,MMCT,MUMBAI CENTRAL,-1.0,1384
12952,2026-03-05,NDLS,NEW DELHI,0.0,0
12952,2026-03-05,KOTA,KOTA JN,0.0,465
12952,2026-03-05,NAD,NAGDA JN,0.0,690
12952,2026-03-05,RTM,RATLAM JN,13.0,731
12952,2026-03-05,BRC,VADODARA JN,6.0,993
12952,2026-03-05,ST,SURAT,6.0,1122
12952,2026-03-05,BVI,BORIVALI,28.0,1355
12952,2026-03-05,MMCT,MUMBAI CENTRAL,11.0,1384
12952,2026-03-06,NDLS,NEW DELHI,0.0,0
12952,2026-03-06,KOTA,KOTA JN,7.0,465
12952,2026-03-06,NAD,NAGDA JN,0.0,690
12952,2026-03-06,RTM,RATLAM JN,0.0,731
12952,2026-03-06,BRC,VADODARA JN,3.0,993
12952,2026-03-06,ST,SURAT,3.0,1122
12952,2026-03-06,BVI,BORIVALI,21.0,1355
12952,2026-03-06,MMCT,MUMBAI CENTRAL,8.0,1384
12952,2026-03-07,NDLS,NEW DELHI,0.0,0
12952,2026-03-07,KOTA,KOTA JN,1.0,465
12952,2026-03-07,NAD,NAGDA JN,0.0,690
12952,2026-03-07,RTM,RATLAM JN,1.0,731
12952,2026-03-07,BRC,VADODARA JN,0.0,993
12952,2026-03-07,ST,SURAT,2.0,1122
12952,2026-03-07,BVI,BORIVALI,12.0,1355
12952,2026-03-07,MMCT,MUMBAI CENTRAL,-8.0,1384
12952,2026-03-08,NDLS,NEW DELHI,0.0,0
12952,2026-03-08,KOTA,KOTA JN,8.0,465
12952,2026-03-08,NAD,NAGDA JN,1.0,690
12952,2026-03-08,RTM,RATLAM JN,0.0,731
12952,2026-03-08,BRC,VADODARA JN,3.0,993
12952,2026-03-08,ST,SURAT,1.0,1122
12952,2026-03-08,BVI,BORIVALI,0.0,1355
12952,2026-03-08,MMCT,MUMBAI CENTRAL,4.0,1384
12952,2026-03-09,NDLS,NEW DELHI,0.0,0
12952,2026-03-09,KOTA,KOTA JN,27.0,465
12952,2026-03-09,NAD,NAGDA JN,18.0,690
12952,2026-03-09,RTM,RATLAM JN,20.0,731
12952,2026-03-09,BRC,VADODARA JN,23.0,993
12952,2026-03-09,ST,SURAT,21.0,1122
12952,2026-03-09,BVI,BORIVALI,19.0,1355
12952,2026-03-09,MMCT,MUMBAI CENTRAL,-2.0,1384
12952,2026-03-10,NDLS,NEW DELHI,1.0,0
12952,2026-03-10,KOTA,KOTA JN,1.0,465
12952,2026-03-10,NAD,NAGDA JN,0.0,690
12952,2026-03-10,RTM,RATLAM JN,0.0,731
12952,2026-03-10,BRC,VADODARA JN,0.0,993
12952,2026-03-10,ST,SURAT,1.0,1122
12952,2026-03-10,BVI,BORIVALI,0.0,1355
12952,2026-03-10,MMCT,MUMBAI CENTRAL,7.0,1384
12952,2026-03-11,NDLS,NEW DELHI,1.0,0
12952,2026-03-11,KOTA,KOTA JN,3.0,465
12952,2026-03-11,NAD,NAGDA JN,0.0,690
12952,2026-03-11,RTM,RATLAM JN,1.0,731
12952,2026-03-11,BRC,VADODARA JN,1.0,993
12952,2026-03-11,ST,SURAT,0.0,1122
12952,2026-03-11,BVI,BORIVALI,29.0,1355
12952,2026-03-11,MMCT,MUMBAI CENTRAL,3.0,1384
12952,2026-03-12,NDLS,NEW DELHI,0.0,0
12952,2026-03-12,KOTA,KOTA JN,12.0,465
12952,2026-03-12,NAD,NAGDA JN,4.0,690
12952,2026-03-12,RTM,RATLAM JN,13.0,731
12952,2026-03-12,BRC,VADODARA JN,9.0,993
12952,2026-03-12,ST,SURAT,8.0,1122
12952,2026-03-12,BVI,BORIVALI,9.0,1355
12952,2026-03-12,MMCT,MUMBAI CENTRAL,-2.0,1384
12952,2026-03-13,NDLS,NEW DELHI,0.0,0
12952,2026-03-13,KOTA,KOTA JN,13.0,465
12952,2026-03-13,NAD,NAGDA JN,7.0,690
12952,2026-03-13,RTM,RATLAM JN,8.0,731
12952,2026-03-13,BRC,VADODARA JN,4.0,993
12952,2026-03-13,ST,SURAT,5.0,1122
12952,2026-03-13,BVI,BORIVALI,17.0,1355
12952,2026-03-13,MMCT,MUMBAI CENTRAL,-3.0,1384
12952,2026-03-14,NDLS,NEW DELHI,1.0,0
12952,2026-03-14,KOTA,KOTA JN,18.0,465
12952,2026-03-14,NAD,NAGDA JN,11.0,690
12952,2026-03-14,RTM,RATLAM JN,10.0,731
12952,2026-03-14,BRC,VADODARA JN,8.0,993
12952,2026-03-14,ST,SURAT,4.0,1122
12952,2026-03-14,BVI,BORIVALI,0.0,1355
12952,2026-03-14,MMCT,MUMBAI CENTRAL,-9.0,1384
12952,2026-03-15,NDLS,NEW DELHI,0.0,0
12952,2026-03-15,KOTA,KOTA JN,14.0,465
12952,2026-03-15,NAD,NAGDA JN,3.0,690
12952,2026-03-15,RTM,RATLAM JN,19.0,731
12952,2026-03-15,BRC,VADODARA JN,6.0,993
12952,2026-03-15,ST,SURAT,4.0,1122
12952,2026-03-15,BVI,BORIVALI,20.0,1355
12952,2026-03-15,MMCT,MUMBAI CENTRAL,-2.0,1384
12952,2026-03-16,NDLS,NEW DELHI,0.0,0
12952,2026-03-16,KOTA,KOTA JN,12.0,465
12952,2026-03-16,NAD,NAGDA JN,8.0,690
12952,2026-03-16,RTM,RATLAM JN,16.0,731
12952,2026-03-16,BRC,VADODARA JN,5.0,993
12952,2026-03-16,ST,SURAT,6.0,1122
12952,2026-03-16,BVI,BORIVALI,20.0,1355
12952,2026-03-16,MMCT,MUMBAI CENTRAL,3.0,1384
12952,2026-03-17,NDLS,NEW DELHI,1.0,0
12952,2026-03-17,KOTA,KOTA JN,5.0,465
12952,2026-03-17,NAD,NAGDA JN,0.0,690
12952,2026-03-17,RTM,RATLAM JN,1.0,731
12952,2026-03-17,BRC,VADODARA JN,1.0,993
12952,2026-03-17,ST,SURAT,1.0,1122
12952,2026-03-17,BVI,BORIVALI,18.0,1355
12952,2026-03-17,MMCT,MUMBAI CENTRAL,4.0,1384
12952,2026-03-18,NDLS,NEW DELHI,0.0,0
12952,2026-03-18,KOTA,KOTA JN,23.0,465
12952,2026-03-18,NAD,NAGDA JN,11.0,690
12952,2026-03-18,RTM,RATLAM JN,11.0,731
12952,2026-03-18,BRC,VADODARA JN,0.0,993
12952,2026-03-18,ST,SURAT,0.0,1122
12952,2026-03-18,BVI,BORIVALI,20.0,1355
12952,2026-03-18,MMCT,MUMBAI CENTRAL,-3.0,1384
12952,2026-03-19,NDLS,NEW DELHI,0.0,0
12952,2026-03-19,KOTA,KOTA JN,13.0,465
12952,2026-03-19,NAD,NAGDA JN,1.0,690
12952,2026-03-19,RTM,RATLAM JN,9.0,731
12952,2026-03-19,BRC,VADODARA JN,9.0,993
12952,2026-03-19,ST,SURAT,6.0,1122
12952,2026-03-19,BVI,BORIVALI,21.0,1355
12952,2026-03-19,MMCT,MUMBAI CENTRAL,2.0,1384
12952,2026-03-20,NDLS,NEW DELHI,0.0,0
12952,2026-03-20,KOTA,KOTA JN,13.0,465
12952,2026-03-20,NAD,NAGDA JN,2.0,690
12952,2026-03-20,RTM,RATLAM JN,2.0,731
12952,2026-03-20,BRC,VADODARA JN,0.0,993
12952,2026-03-20,ST,SURAT,1.0,1122
12952,2026-03-20,BVI,BORIVALI,17.0,1355
12952,2026-03-20,MMCT,MUMBAI CENTRAL,0.0,1384
12952,2026-03-21,NDLS,NEW DELHI,3.0,0
12952,2026-03-21,KOTA,KOTA JN,15.0,465
12952,2026-03-21,NAD,NAGDA JN,6.0,690
12952,2026-03-21,RTM,RATLAM JN,10.0,731
12952,2026-03-21,BRC,VADODARA JN,46.0,993
12952,2026-03-21,ST,SURAT,47.0,1122
12952,2026-03-21,BVI,BORIVALI,50.0,1355
12952,2026-03-21,MMCT,MUMBAI CENTRAL,29.0,1384
12952,2026-03-22,NDLS,NEW DELHI,0.0,0
12952,2026-03-22,KOTA,KOTA JN,36.0,465
12952,2026-03-22,NAD,NAGDA JN,45.0,690
12952,2026-03-22,RTM,RATLAM JN,46.0,731
12952,2026-03-22,BRC,VADODARA JN,37.0,993
12952,2026-03-22,ST,SURAT,35.0,1122
12952,2026-03-22,BVI,BORIVALI,43.0,1355
12952,2026-03-22,MMCT,MUMBAI CENTRAL,25.0,1384
12952,2026-03-23,NDLS,NEW DELHI,0.0,0
12952,2026-03-23,KOTA,KOTA JN,8.0,465
12952,2026-03-23,NAD,NAGDA JN,4.0,690
12952,2026-03-23,RTM,RATLAM JN,6.0,731
12952,2026-03-23,BRC,VADODARA JN,2.0,993
12952,2026-03-23,ST,SURAT,4.0,1122
12952,2026-03-23,BVI,BORIVALI,17.0,1355
12952,2026-03-23,MMCT,MUMBAI CENTRAL,3.0,1384
12952,2026-03-24,NDLS,NEW DELHI,0.0,0
12952,2026-03-24,KOTA,KOTA JN,36.0,465
12952,2026-03-24,NAD,NAGDA JN,30.0,690
12952,2026-03-24,RTM,RATLAM JN,31.0,731
12952,2026-03-24,BRC,VADODARA JN,26.0,993
12952,2026-03-24,ST,SURAT,24.0,1122
12952,2026-03-24,BVI,BORIVALI,22.0,1355
12952,2026-03-24,MMCT,MUMBAI CENTRAL,2.0,1384
12952,2026-03-25,NDLS,NEW DELHI,5.0,0
12952,2026-03-25,KOTA,KOTA JN,22.0,465
12952,2026-03-25,NAD,NAGDA JN,18.0,690
12952,2026-03-25,RTM,RATLAM JN,18.0,731
12952,2026-03-25,BRC,VADODARA JN,11.0,993
12952,2026-03-25,ST,SURAT,11.0,1122
12952,2026-03-25,BVI,BORIVALI,15.0,1355
12952,2026-03-25,MMCT,MUMBAI CENTRAL,0.0,1384
12952,2026-03-26,NDLS,NEW DELHI,0.0,0
12952,2026-03-26,KOTA,KOTA JN,5.0,465
12952,2026-03-26,NAD,NAGDA JN,1.0,690
12952,2026-03-26,RTM,RATLAM JN,8.0,731
12952,2026-03-26,BRC,VADODARA JN,35.0,993
12952,2026-03-26,ST,SURAT,32.0,1122
12952,2026-03-26,BVI,BORIVALI,25.0,1355
12952,2026-03-26,MMCT,MUMBAI CENTRAL,12.0,1384
12952,2026-03-27,NDLS,NEW DELHI,1.0,0
12952,2026-03-27,KOTA,KOTA JN,8.0,465
12952,2026-03-27,NAD,NAGDA JN,1.0,690
12952,2026-03-27,RTM,RATLAM JN,3.0,731
12952,2026-03-27,BRC,VADODARA JN,3.0,993
12952,2026-03-27,ST,SURAT,1.0,1122
12952,2026-03-27,BVI,BORIVALI,28.0,1355
12952,2026-03-27,MMCT,MUMBAI CENTRAL,9.0,1384
12952,2026-03-28,NDLS,NEW DELHI,0.0,0
12952,2026-03-28,KOTA,KOTA JN,1.0,465
12952,2026-03-28,NAD,NAGDA JN,0.0,690
12952,2026-03-28,RTM,RATLAM JN,5.0,731
12952,2026-03-28,BRC,VADODARA JN,12.0,993
12952,2026-03-28,ST,SURAT,11.0,1122
12952,2026-03-28,BVI,BORIVALI,25.0,1355
12952,2026-03-28,MMCT,MUMBAI CENTRAL,5.0,1384
12952,2026-03-29,NDLS,NEW DELHI,0.0,0
12952,2026-03-29,KOTA,KOTA JN,10.0,465
12952,2026-03-29,NAD,NAGDA JN,4.0,690
12952,2026-03-29,RTM,RATLAM JN,16.0,731
12952,2026-03-29,BRC,VADODARA JN,10.0,993
12952,2026-03-29,ST,SURAT,8.0,1122
12952,2026-03-29,BVI,BORIVALI,24.0,1355
12952,2026-03-29,MMCT,MUMBAI CENTRAL,5.0,1384
12952,2026-03-30,NDLS,NEW DELHI,0.0,0
12952,2026-03-30,KOTA,KOTA JN,6.0,465
12952,2026-03-30,NAD,NAGDA JN,1.0,690
12952,2026-03-30,RTM,RATLAM JN,3.0,731
12952,2026-03-30,BRC,VADODARA JN,3.0,993
12952,2026-03-30,ST,SURAT,4.0,1122
12952,2026-03-30,BVI,BORIVALI,22.0,1355
12952,2026-03-30,MMCT,MUMBAI CENTRAL,-2.0,1384
12952,2026-03-31,NDLS,NEW DELHI,1.0,0
12952,2026-03-31,KOTA,KOTA JN,4.0,465
12952,2026-03-31,NAD,NAGDA JN,0.0,690
12952,2026-03-31,RTM,RATLAM JN,1.0,731
12952,2026-03-31,BRC,VADODARA JN,1.0,993
12952,2026-03-31,ST,SURAT,2.0,1122
12952,2026-03-31,BVI,BORIVALI,18.0,1355
12952,2026-03-31,MMCT,MUMBAI CENTRAL,0.0,1384
12952,2026-04-01,NDLS,NEW DELHI,1.0,0
12952,2026-04-01,KOTA,KOTA JN,13.0,465
12952,2026-04-01,NAD,NAGDA JN,7.0,690
12952,2026-04-01,RTM,RATLAM JN,7.0,731
12952,2026-04-01,BRC,VADODARA JN,137.0,993
12952,2026-04-01,ST,SURAT,152.0,1122
12952,2026-04-01,BVI,BORIVALI,177.0,1355
12952,2026-04-01,MMCT,MUMBAI CENTRAL,164.0,1384
12952,2026-04-02,NDLS,NEW DELHI,0.0,0
12952,2026-04-02,KOTA,KOTA JN,4.0,465
12952,2026-04-02,NAD,NAGDA JN,0.0,690
12952,2026-04-02,RTM,RATLAM JN,10.0,731
12952,2026-04-02,BRC,VADODARA JN,4.0,993
12952,2026-04-02,ST,SURAT,9.0,1122
12952,2026-04-02,BVI,BORIVALI,22.0,1355
12952,2026-04-02,MMCT,MUMBAI CENTRAL,3.0,1384
12952,2026-04-03,NDLS,NEW DELHI,0.0,0
12952,2026-04-03,KOTA,KOTA JN,9.0,465
12952,2026-04-03,NAD,NAGDA JN,6.0,690
12952,2026-04-03,RTM,RATLAM JN,8.0,731
12952,2026-04-03,BRC,VADODARA JN,7.0,993
12952,2026-04-03,ST,SURAT,6.0,1122
12952,2026-04-03,BVI,BORIVALI,21.0,1355
12952,2026-04-03,MMCT,MUMBAI CENTRAL,3.0,1384
12952,2026-04-04,NDLS,NEW DELHI,0.0,0
12952,2026-04-04,KOTA,KOTA JN,8.0,465
12952,2026-04-04,NAD,NAGDA JN,2.0,690
12952,2026-04-04,RTM,RATLAM JN,2.0,731
12952,2026-04-04,BRC,VADODARA JN,0.0,993
12952,2026-04-04,ST,SURAT,6.0,1122
12952,2026-04-04,BVI,BORIVALI,21.0,1355
12952,2026-04-04,MMCT,MUMBAI CENTRAL,-1.0,1384
12952,2026-04-05,NDLS,NEW DELHI,1.0,0
12952,2026-04-05,KOTA,KOTA JN,10.0,465
12952,2026-04-05,NAD,NAGDA JN,0.0,690
12952,2026-04-05,RTM,RATLAM JN,11.0,731
12952,2026-04-05,BRC,VADODARA JN,6.0,993
12952,2026-04-05,ST,SURAT,10.0,1122
12952,2026-04-05,BVI,BORIVALI,13.0,1355
12952,2026-04-05,MMCT,MUMBAI CENTRAL,6.0,1384
12952,2026-04-06,NDLS,NEW DELHI,0.0,0
12952,2026-04-06,KOTA,KOTA JN,3.0,465
12952,2026-04-06,NAD,NAGDA JN,0.0,690
12952,2026-04-06,RTM,RATLAM JN,1.0,731
12952,2026-04-06,BRC,VADODARA JN,0.0,993
12952,2026-04-06,ST,SURAT,1.0,1122
12952,2026-04-06,BVI,BORIVALI,15.0,1355
12952,2026-04-06,MMCT,MUMBAI CENTRAL,-4.0,1384
12952,2026-04-07,NDLS,NEW DELHI,0.0,0
12952,2026-04-07,KOTA,KOTA JN,1.0,465
12952,2026-04-07,NAD,NAGDA JN,0.0,690
12952,2026-04-07,RTM,RATLAM JN,10.0,731
12952,2026-04-07,BRC,VADODARA JN,3.0,993
12952,2026-04-07,ST,SURAT,0.0,1122
12952,2026-04-07,BVI,BORIVALI,18.0,1355
12952,2026-04-07,MMCT,MUMBAI CENTRAL,2.0,1384
12952,2026-04-08,NDLS,NEW DELHI,0.0,0
12952,2026-04-08,KOTA,KOTA JN,4.0,465
12952,2026-04-08,NAD,NAGDA JN,0.0,690
12952,2026-04-08,RTM,RATLAM JN,3.0,731
12952,2026-04-08,BRC,VADODARA JN,4.0,993
12952,2026-04-08,ST,SURAT,0.0,1122
12952,2026-04-08,BVI,BORIVALI,34.0,1355
12952,2026-04-08,MMCT,MUMBAI CENTRAL,10.0,1384
12952,2026-04-09,NDLS,NEW DELHI,21.0,0
12952,2026-04-09,KOTA,KOTA JN,21.0,465
12952,2026-04-09,NAD,NAGDA JN,14.0,690
12952,2026-04-09,RTM,RATLAM JN,15.0,731
12952,2026-04-09,BRC,VADODARA JN,2.0,993
12952,2026-04-09,ST,SURAT,5.0,1122
12952,2026-04-09,BVI,BORIVALI,16.0,1355
12952,2026-04-09,MMCT,MUMBAI CENTRAL,4.0,1384
12952,2026-04-10,NDLS,NEW DELHI,1.0,0
12952,2026-04-10,KOTA,KOTA JN,6.0,465
12952,2026-04-10,NAD,NAGDA JN,21.0,690
12952,2026-04-10,RTM,RATLAM JN,26.0,731
12952,2026-04-10,BRC,VADODARA JN,21.0,993
12952,2026-04-10,ST,SURAT,16.0,1122
12952,2026-04-10,BVI,BORIVALI,19.0,1355
12952,2026-04-10,MMCT,MUMBAI CENTRAL,3.0,1384
12952,2026-04-11,NDLS,NEW DELHI,1.0,0
12952,2026-04-11,KOTA,KOTA JN,5.0,465
12952,2026-04-11,NAD,NAGDA JN,0.0,690
12952,2026-04-11,RTM,RATLAM JN,2.0,731
12952,2026-04-11,BRC,VADODARA JN,1.0,993
12952,2026-04-11,ST,SURAT,1.0,1122
12952,2026-04-11,BVI,BORIVALI,14.0,1355
12952,2026-04-11,MMCT,MUMBAI CENTRAL,-5.0,1384
12952,2026-04-12,NDLS,NEW DELHI,0.0,0
12952,2026-04-12,KOTA,KOTA JN,7.0,465
12952,2026-04-12,NAD,NAGDA JN,1.0,690
12952,2026-04-12,RTM,RATLAM JN,3.0,731
12952,2026-04-12,BRC,VADODARA JN,0.0,993
12952,2026-04-12,ST,SURAT,4.0,1122
12952,2026-04-12,BVI,BORIVALI,23.0,1355
12952,2026-04-12,MMCT,MUMBAI CENTRAL,7.0,1384
12952,2026-04-13,NDLS,NEW DELHI,1.0,0
12952,2026-04-13,KOTA,KOTA JN,17.0,465
12952,2026-04-13,NAD,NAGDA JN,5.0,690
12952,2026-04-13,RTM,RATLAM JN,2.0,731
12952,2026-04-13,BRC,VADODARA JN,0.0,993
12952,2026-04-13,ST,SURAT,1.0,1122
12952,2026-04-13,BVI,BORIVALI,24.0,1355
12952,2026-04-13,MMCT,MUMBAI CENTRAL,5.0,1384
12952,2026-04-14,NDLS,NEW DELHI,0.0,0
12952,2026-04-14,KOTA,KOTA JN,5.0,465
12952,2026-04-14,NAD,NAGDA JN,0.0,690
12952,2026-04-14,RTM,RATLAM JN,1.0,731
12952,2026-04-14,BRC,VADODARA JN,0.0,993
12952,2026-04-14,ST,SURAT,0.0,1122
12952,2026-04-14,BVI,BORIVALI,19.0,1355
12952,2026-04-14,MMCT,MUMBAI CENTRAL,4.0,1384
12952,2026-04-15,NDLS,NEW DELHI,0.0,0
12952,2026-04-15,KOTA,KOTA JN,5.0,465
12952,2026-04-15,NAD,NAGDA JN,1.0,690
12952,2026-04-15,RTM,RATLAM JN,0.0,731
12952,2026-04-15,BRC,VADODARA JN,0.0,993
12952,2026-04-15,ST,SURAT,5.0,1122
12952,2026-04-15,BVI,BORIVALI,23.0,1355
12952,2026-04-15,MMCT,MUMBAI CENTRAL,3.0,1384
12952,2026-04-16,NDLS,NEW DELHI,1.0,0
12952,2026-04-16,KOTA,KOTA JN,3.0,465
12952,2026-04-16,NAD,NAGDA JN,3.0,690
12952,2026-04-16,RTM,RATLAM JN,9.0,731
12952,2026-04-16,BRC,VADODARA JN,1.0,993
12952,2026-04-16,ST,SURAT,0.0,1122
12952,2026-04-16,BVI,BORIVALI,27.0,1355
12952,2026-04-16,MMCT,MUMBAI CENTRAL,7.0,1384
12952,2026-04-17,NDLS,NEW DELHI,1.0,0
12952,2026-04-17,KOTA,KOTA JN,16.0,465
12952,2026-04-17,NAD,NAGDA JN,134.0,690
12952,2026-04-17,RTM,RATLAM JN,151.0,731
12952,2026-04-17,BRC,VADODARA JN,267.0,993
12952,2026-04-17,ST,SURAT,347.0,1122
12952,2026-04-17,BVI,BORIVALI,456.0,1355
12952,2026-04-17,MMCT,MUMBAI CENTRAL,466.0,1384
12952,2026-04-18,NDLS,NEW DELHI,0.0,0
12952,2026-04-18,KOTA,KOTA JN,8.0,465
12952,2026-04-18,NAD,NAGDA JN,2.0,690
12952,2026-04-18,RTM,RATLAM JN,10.0,731
12952,2026-04-18,BRC,VADODARA JN,5.0,993
12952,2026-04-18,ST,SURAT,2.0,1122
12952,2026-04-18,BVI,BORIVALI,16.0,1355
12952,2026-04-18,MMCT,MUMBAI CENTRAL,-8.0,1384
12952,2026-04-19,NDLS,NEW DELHI,1.0,0
12952,2026-04-19,KOTA,KOTA JN,17.0,465
12952,2026-04-19,NAD,NAGDA JN,10.0,690
12952,2026-04-19,RTM,RATLAM JN,14.0,731
12952,2026-04-19,BRC,VADODARA JN,23.0,993
12952,2026-04-19,ST,SURAT,17.0,1122
12952,2026-04-19,BVI,BORIVALI,27.0,1355
12952,2026-04-19,MMCT,MUMBAI CENTRAL,9.0,1384
12952,2026-04-20,NDLS,NEW DELHI,0.0,0
12952,2026-04-20,KOTA,KOTA JN,12.0,465
12952,2026-04-20,NAD,NAGDA JN,5.0,690
12952,2026-04-20,RTM,RATLAM JN,3.0,731
12952,2026-04-20,BRC,VADODARA JN,4.0,993
12952,2026-04-20,ST,SURAT,3.0,1122
12952,2026-04-20,BVI,BORIVALI,22.0,1355
12952,2026-04-20,MMCT,MUMBAI CENTRAL,1.0,1384
12952,2026-04-21,NDLS,NEW DELHI,1.0,0
12952,2026-04-21,KOTA,KOTA JN,7.0,465
12952,2026-04-21,NAD,NAGDA JN,3.0,690
12952,2026-04-21,RTM,RATLAM JN,6.0,731
12952,2026-04-21,BRC,VADODARA JN,1.0,993
12952,2026-04-21,ST,SURAT,10.0,1122
12952,2026-04-21,BVI,BORIVALI,25.0,1355
12952,2026-04-21,MMCT,MUMBAI CENTRAL,10.0,1384
12952,2026-04-22,NDLS,NEW DELHI,0.0,0
12952,2026-04-22,KOTA,KOTA JN,7.0,465
12952,2026-04-22,NAD,NAGDA JN,1.0,690
12952,2026-04-22,RTM,RATLAM JN,2.0,731
12952,2026-04-22,BRC,VADODARA JN,5.0,993
12952,2026-04-22,ST,SURAT,1.0,1122
12952,2026-04-22,BVI,BORIVALI,14.0,1355
12952,2026-04-22,MMCT,MUMBAI CENTRAL,2.0,1384
12952,2026-04-23,NDLS,NEW DELHI,1.0,0
12952,2026-04-23,KOTA,KOTA JN,3.0,465
12952,2026-04-23,NAD,NAGDA JN,1.0,690
12952,2026-04-23,RTM,RATLAM JN,7.0,731
12952,2026-04-23,BRC,VADODARA JN,8.0,993
12952,2026-04-23,ST,SURAT,2.0,1122
12952,2026-04-23,BVI,BORIVALI,18.0,1355
12952,2026-04-23,MMCT,MUMBAI CENTRAL,3.0,1384
12952,2026-04-24,NDLS,NEW DELHI,0.0,0
12952,2026-04-24,KOTA,KOTA JN,5.0,465
12952,2026-04-24,NAD,NAGDA JN,0.0,690
12952,2026-04-24,RTM,RATLAM JN,5.0,731
12952,2026-04-24,BRC,VADODARA JN,3.0,993
12952,2026-04-24,ST,SURAT,0.0,1122
12952,2026-04-24,BVI,BORIVALI,19.0,1355
12952,2026-04-24,MMCT,MUMBAI CENTRAL,0.0,1384
12952,2026-04-25,NDLS,NEW DELHI,1.0,0
12952,2026-04-25,KOTA,KOTA JN,13.0,465
12952,2026-04-25,NAD,NAGDA JN,2.0,690
12952,2026-04-25,RTM,RATLAM JN,6.0,731
12952,2026-04-25,BRC,VADODARA JN,3.0,993
12952,2026-04-25,ST,SURAT,1.0,1122
12952,2026-04-25,BVI,BORIVALI,11.0,1355
12952,2026-04-25,MMCT,MUMBAI CENTRAL,0.0,1384
12952,2026-04-26,NDLS,NEW DELHI,0.0,0
12952,2026-04-26,KOTA,KOTA JN,20.0,465
12952,2026-04-26,NAD,NAGDA JN,12.0,690
12952,2026-04-26,RTM,RATLAM JN,14.0,731
12952,2026-04-26,BRC,VADODARA JN,5.0,993
12952,2026-04-26,ST,SURAT,1.0,1122
12952,2026-04-26,BVI,BORIVALI,19.0,1355
12952,2026-04-26,MMCT,MUMBAI CENTRAL,7.0,1384
12952,2026-04-27,NDLS,NEW DELHI,1.0,0
12952,2026-04-27,KOTA,KOTA JN,13.0,465
12952,2026-04-27,NAD,NAGDA JN,4.0,690
12952,2026-04-27,RTM,RATLAM JN,10.0,731
12952,2026-04-27,BRC,VADODARA JN,0.0,993
12952,2026-04-27,ST,SURAT,1.0,1122
12952,2026-04-27,BVI,BORIVALI,14.0,1355
12952,2026-04-27,MMCT,MUMBAI CENTRAL,-3.0,1384
12952,2026-04-28,NDLS,NEW DELHI,1.0,0
12952,2026-04-28,KOTA,KOTA JN,11.0,465
12952,2026-04-28,NAD,NAGDA JN,2.0,690
12952,2026-04-28,RTM,RATLAM JN,6.0,731
12952,2026-04-28,BRC,VADODARA JN,11.0,993
12952,2026-04-28,ST,SURAT,7.0,1122
12952,2026-04-28,BVI,BORIVALI,16.0,1355
12952,2026-04-28,MMCT,MUMBAI CENTRAL,-4.0,1384
12952,2026-04-29,NDLS,NEW DELHI,1.0,0
12952,2026-04-29,KOTA,KOTA JN,7.0,465
12952,2026-04-29,NAD,NAGDA JN,1.0,690
12952,2026-04-29,RTM,RATLAM JN,15.0,731
12952,2026-04-29,BRC,VADODARA JN,8.0,993
12952,2026-04-29,ST,SURAT,0.0,1122
12952,2026-04-29,BVI,BORIVALI,18.0,1355
12952,2026-04-29,MMCT,MUMBAI CENTRAL,2.0,1384
12952,2026-04-30,NDLS,NEW DELHI,0.0,0
12952,2026-04-30,KOTA,KOTA JN,21.0,465
12952,2026-04-30,NAD,NAGDA JN,16.0,690
12952,2026-04-30,RTM,RATLAM JN,16.0,731
12952,2026-04-30,BRC,VADODARA JN,7.0,993
12952,2026-04-30,ST,SURAT,9.0,1122
12952,2026-04-30,BVI,BORIVALI,65.0,1355
12952,2026-04-30,MMCT,MUMBAI CENTRAL,39.0,1384
12952,2026-05-01,NDLS,NEW DELHI,1.0,0
12952,2026-05-01,KOTA,KOTA JN,6.0,465
12952,2026-05-01,NAD,NAGDA JN,0.0,690
12952,2026-05-01,RTM,RATLAM JN,2.0,731
12952,2026-05-01,BRC,VADODARA JN,0.0,993
12952,2026-05-01,ST,SURAT,13.0,1122
12952,2026-05-01,BVI,BORIVALI,21.0,1355
12952,2026-05-01,MMCT,MUMBAI CENTRAL,3.0,1384
12952,2026-05-02,NDLS,NEW DELHI,2.0,0
12952,2026-05-02,KOTA,KOTA JN,2.0,465
12952,2026-05-02,NAD,NAGDA JN,0.0,690
12952,2026-05-02,RTM,RATLAM JN,2.0,731
12952,2026-05-02,BRC,VADODARA JN,0.0,993
12952,2026-05-02,ST,SURAT,1.0,1122
12952,2026-05-02,BVI,BORIVALI,18.0,1355
12952,2026-05-02,MMCT,MUMBAI CENTRAL,-5.0,1384
12952,2026-05-03,NDLS,NEW DELHI,0.0,0
12952,2026-05-03,KOTA,KOTA JN,0.0,465
12952,2026-05-03,NAD,NAGDA JN,0.0,690
12952,2026-05-03,RTM,RATLAM JN,1.0,731
12952,2026-05-03,BRC,VADODARA JN,4.0,993
12952,2026-05-03,ST,SURAT,5.0,1122
12952,2026-05-03,BVI,BORIVALI,21.0,1355
12952,2026-05-03,MMCT,MUMBAI CENTRAL,3.0,1384
12952,2026-05-04,NDLS,NEW DELHI,0.0,0
12952,2026-05-04,KOTA,KOTA JN,1.0,465
12952,2026-05-04,NAD,NAGDA JN,0.0,690
12952,2026-05-04,RTM,RATLAM JN,2.0,731
12952,2026-05-04,BRC,VADODARA JN,0.0,993
12952,2026-05-04,ST,SURAT,1.0,1122
12952,2026-05-04,BVI,BORIVALI,16.0,1355
12952,2026-05-04,MMCT,MUMBAI CENTRAL,-1.0,1384
12952,2026-05-05,NDLS,NEW DELHI,0.0,0
12952,2026-05-05,KOTA,KOTA JN,43.0,465
12952,2026-05-05,NAD,NAGDA JN,29.0,690
12952,2026-05-05,RTM,RATLAM JN,31.0,731
12952,2026-05-05,BRC,VADODARA JN,17.0,993
12952,2026-05-05,ST,SURAT,12.0,1122
12952,2026-05-05,BVI,BORIVALI,23.0,1355
12952,2026-05-05,MMCT,MUMBAI CENTRAL,-2.0,1384
12952,2026-05-06,NDLS,NEW DELHI,0.0,0
12952,2026-05-06,KOTA,KOTA JN,10.0,465
12952,2026-05-06,NAD,NAGDA JN,8.0,690
12952,2026-05-06,RTM,RATLAM JN,5.0,731
12952,2026-05-06,BRC,VADODARA JN,2.0,993
12952,2026-05-06,ST,SURAT,1.0,1122
12952,2026-05-06,BVI,BORIVALI,19.0,1355
12952,2026-05-06,MMCT,MUMBAI CENTRAL,1.0,1384
12952,2026-05-07,NDLS,NEW DELHI,0.0,0
12952,2026-05-07,KOTA,KOTA JN,8.0,465
12952,2026-05-07,NAD,NAGDA JN,7.0,690
12952,2026-05-07,RTM,RATLAM JN,7.0,731
12952,2026-05-07,BRC,VADODARA JN,3.0,993
12952,2026-05-07,ST,SURAT,1.0,1122
12952,2026-05-07,BVI,BORIVALI,30.0,1355
12952,2026-05-07,MMCT,MUMBAI CENTRAL,8.0,1384
12952,2026-05-08,NDLS,NEW DELHI,0.0,0
12952,2026-05-08,KOTA,KOTA JN,14.0,465
12952,2026-05-08,NAD,NAGDA JN,10.0,690
12952,2026-05-08,RTM,RATLAM JN,9.0,731
12952,2026-05-08,BRC,VADODARA JN,10.0,993
12952,2026-05-08,ST,SURAT,9.0,1122
12952,2026-05-08,BVI,BORIVALI,22.0,1355
12952,2026-05-08,MMCT,MUMBAI CENTRAL,1.0,1384
12952,2026-05-09,NDLS,NEW DELHI,0.0,0
12952,2026-05-09,KOTA,KOTA JN,5.0,465
12952,2026-05-09,NAD,NAGDA JN,2.0,690
12952,2026-05-09,RTM,RATLAM JN,3.0,731
12952,2026-05-09,BRC,VADODARA JN,0.0,993
12952,2026-05-09,ST,SURAT,0.0,1122
12952,2026-05-09,BVI,BORIVALI,15.0,1355
12952,2026-05-09,MMCT,MUMBAI CENTRAL,-3.0,1384
12952,2026-05-10,NDLS,NEW DELHI,0.0,0
12952,2026-05-10,KOTA,KOTA JN,9.0,465
12952,2026-05-10,NAD,NAGDA JN,1.0,690
12952,2026-05-10,RTM,RATLAM JN,15.0,731
12952,2026-05-10,BRC,VADODARA JN,2.0,993
12952,2026-05-10,ST,SURAT,1.0,1122
12952,2026-05-10,BVI,BORIVALI,19.0,1355
12952,2026-05-10,MMCT,MUMBAI CENTRAL,1.0,1384
12952,2026-05-11,NDLS,NEW DELHI,1.0,0
12952,2026-05-11,KOTA,KOTA JN,17.0,465
12952,2026-05-11,NAD,NAGDA JN,11.0,690
12952,2026-05-11,RTM,RATLAM JN,9.0,731
12952,2026-05-11,BRC,VADODARA JN,13.0,993
12952,2026-05-11,ST,SURAT,10.0,1122
12952,2026-05-11,BVI,BORIVALI,23.0,1355
12952,2026-05-11,MMCT,MUMBAI CENTRAL,5.0,1384
12952,2026-05-12,NDLS,NEW DELHI,1.0,0
12952,2026-05-12,KOTA,KOTA JN,8.0,465
12952,2026-05-12,NAD,NAGDA JN,7.0,690
12952,2026-05-12,RTM,RATLAM JN,5.0,731
12952,2026-05-12,BRC,VADODARA JN,4.0,993
12952,2026-05-12,ST,SURAT,4.0,1122
12952,2026-05-12,BVI,BORIVALI,20.0,1355
12952,2026-05-12,MMCT,MUMBAI CENTRAL,1.0,1384
12952,2026-05-13,NDLS,NEW DELHI,0.0,0
12952,2026-05-13,KOTA,KOTA JN,1.0,465
12952,2026-05-13,NAD,NAGDA JN,0.0,690
12952,2026-05-13,RTM,RATLAM JN,1.0,731
12952,2026-05-13,BRC,VADODARA JN,3.0,993
12952,2026-05-13,ST,SURAT,5.0,1122
12952,2026-05-13,BVI,BORIVALI,23.0,1355
12952,2026-05-13,MMCT,MUMBAI CENTRAL,-2.0,1384
12952,2026-05-14,NDLS,NEW DELHI,0.0,0
12952,2026-05-14,KOTA,KOTA JN,5.0,465
12952,2026-05-14,NAD,NAGDA JN,9.0,690
12952,2026-05-14,RTM,RATLAM JN,14.0,731
12952,2026-05-14,BRC,VADODARA JN,10.0,993
12952,2026-05-14,ST,SURAT,8.0,1122
12952,2026-05-14,BVI,BORIVALI,21.0,1355
12952,2026-05-14,MMCT,MUMBAI CENTRAL,3.0,1384
12952,2026-05-15,NDLS,NEW DELHI,0.0,0
12952,2026-05-15,KOTA,KOTA JN,5.0,465
12952,2026-05-15,NAD,NAGDA JN,0.0,690
12952,2026-05-15,RTM,RATLAM JN,6.0,731
12952,2026-05-15,BRC,VADODARA JN,9.0,993
12952,2026-05-15,ST,SURAT,8.0,1122
12952,2026-05-15,BVI,BORIVALI,18.0,1355
12952,2026-05-15,MMCT,MUMBAI CENTRAL,-3.0,1384
12952,2026-05-16,NDLS,NEW DELHI,3.0,0
12952,2026-05-16,KOTA,KOTA JN,16.0,465
12952,2026-05-16,NAD,NAGDA JN,11.0,690
12952,2026-05-16,RTM,RATLAM JN,10.0,731
12952,2026-05-16,BRC,VADODARA JN,1.0,993
12952,2026-05-16,ST,SURAT,2.0,1122
12952,2026-05-16,BVI,BORIVALI,27.0,1355
12952,2026-05-16,MMCT,MUMBAI CENTRAL,4.0,1384
12952,2026-05-17,NDLS,NEW DELHI,3.0,0
12952,2026-05-17,KOTA,KOTA JN,11.0,465
12952,2026-05-17,NAD,NAGDA JN,5.0,690
12952,2026-05-17,RTM,RATLAM JN,7.0,731
12952,2026-05-17,BRC,VADODARA JN,11.0,993
12952,2026-05-17,ST,SURAT,19.0,1122
12952,2026-05-17,BVI,BORIVALI,30.0,1355
12952,2026-05-17,MMCT,MUMBAI CENTRAL,8.0,1384
12952,2026-05-18,NDLS,NEW DELHI,1.0,0
12952,2026-05-18,KOTA,KOTA JN,15.0,465
12952,2026-05-18,NAD,NAGDA JN,8.0,690
12952,2026-05-18,RTM,RATLAM JN,7.0,731
12952,2026-05-18,BRC,VADODARA JN,8.0,993
12952,2026-05-18,ST,SURAT,8.0,1122
12952,2026-05-18,BVI,BORIVALI,16.0,1355
12952,2026-05-18,MMCT,MUMBAI CENTRAL,-5.0,1384
12952,2026-05-19,NDLS,NEW DELHI,2.0,0
12952,2026-05-19,KOTA,KOTA JN,1.0,465
12952,2026-05-19,NAD,NAGDA JN,0.0,690
12952,2026-05-19,RTM,RATLAM JN,0.0,731
12952,2026-05-19,BRC,VADODARA JN,1.0,993
12952,2026-05-19,ST,SURAT,2.0,1122
12952,2026-05-19,BVI,BORIVALI,27.0,1355
12952,2026-05-19,MMCT,MUMBAI CENTRAL,10.0,1384
12952,2026-05-20,NDLS,NEW DELHI,1.0,0
12952,2026-05-20,KOTA,KOTA JN,1.0,465
12952,2026-05-20,NAD,NAGDA JN,0.0,690
12952,2026-05-20,RTM,RATLAM JN,0.0,731
12952,2026-05-20,BRC,VADODARA JN,5.0,993
12952,2026-05-20,ST,SURAT,14.0,1122
12952,2026-05-20,BVI,BORIVALI,33.0,1355
12952,2026-05-20,MMCT,MUMBAI CENTRAL,11.0,1384
12952,2026-05-21,NDLS,NEW DELHI,0.0,0
12952,2026-05-21,KOTA,KOTA JN,2.0,465
12952,2026-05-21,NAD,NAGDA JN,0.0,690
12952,2026-05-21,RTM,RATLAM JN,19.0,731
12952,2026-05-21,BRC,VADODARA JN,6.0,993
12952,2026-05-21,ST,SURAT,6.0,1122
12952,2026-05-21,BVI,BORIVALI,20.0,1355
12952,2026-05-21,MMCT,MUMBAI CENTRAL,1.0,1384
12952,2026-05-22,NDLS,NEW DELHI,0.0,0
12952,2026-05-22,KOTA,KOTA JN,0.0,465
12952,2026-05-22,NAD,NAGDA JN,1.0,690
12952,2026-05-22,RTM,RATLAM JN,2.0,731
12952,2026-05-22,BRC,VADODARA JN,7.0,993
12952,2026-05-22,ST,SURAT,14.0,1122
12952,2026-05-22,BVI,BORIVALI,28.0,1355
12952,2026-05-22,MMCT,MUMBAI CENTRAL,7.0,1384
12952,2026-05-23,NDLS,NEW DELHI,2.0,0
12952,2026-05-23,KOTA,KOTA JN,5.0,465
12952,2026-05-23,NAD,NAGDA JN,0.0,690
12952,2026-05-23,RTM,RATLAM JN,0.0,731
12952,2026-05-23,BRC,VADODARA JN,3.0,993
12952,2026-05-23,ST,SURAT,10.0,1122
12952,2026-05-23,BVI,BORIVALI,23.0,1355
12952,2026-05-23,MMCT,MUMBAI CENTRAL,-4.0,1384
12952,2026-05-24,NDLS,NEW DELHI,1.0,0
12952,2026-05-24,KOTA,KOTA JN,2.0,465
12952,2026-05-24,NAD,NAGDA JN,0.0,690
12952,2026-05-24,RTM,RATLAM JN,9.0,731
12952,2026-05-24,BRC,VADODARA JN,11.0,993
12952,2026-05-24,ST,SURAT,16.0,1122
12952,2026-05-24,BVI,BORIVALI,28.0,1355
12952,2026-05-24,MMCT,MUMBAI CENTRAL,8.0,1384
12952,2026-05-25,NDLS,NEW DELHI,0.0,0
12952,2026-05-25,KOTA,KOTA JN,15.0,465
12952,2026-05-25,NAD,NAGDA JN,10.0,690
12952,2026-05-25,RTM,RATLAM JN,9.0,731
12952,2026-05-25,BRC,VADODARA JN,2.0,993
12952,2026-05-25,ST,SURAT,13.0,1122
12952,2026-05-25,BVI,BORIVALI,33.0,1355
12952,2026-05-25,MMCT,MUMBAI CENTRAL,13.0,1384
12952,2026-05-26,NDLS,NEW DELHI,2.0,0
12952,2026-05-26,KOTA,KOTA JN,11.0,465
12952,2026-05-26,NAD,NAGDA JN,4.0,690
12952,2026-05-26,RTM,RATLAM JN,2.0,731
12952,2026-05-26,BRC,VADODARA JN,4.0,993
12952,2026-05-26,ST,SURAT,6.0,1122
12952,2026-05-26,BVI,BORIVALI,19.0,1355
12952,2026-05-26,MMCT,MUMBAI CENTRAL,0.0,1384
12952,2026-05-27,NDLS,NEW DELHI,0.0,0
12952,2026-05-27,KOTA,KOTA JN,7.0,465
12952,2026-05-27,NAD,NAGDA JN,0.0,690
12952,2026-05-27,RTM,RATLAM JN,5.0,731
12952,2026-05-27,BRC,VADODARA JN,8.0,993
12952,2026-05-27,ST,SURAT,12.0,1122
12952,2026-05-27,BVI,BORIVALI,31.0,1355
12952,2026-05-27,MMCT,MUMBAI CENTRAL,13.0,1384
12952,2026-05-28,NDLS,NEW DELHI,2.0,0
12952,2026-05-28,KOTA,KOTA JN,4.0,465
12952,2026-05-28,NAD,NAGDA JN,0.0,690
12952,2026-05-28,RTM,RATLAM JN,13.0,731
12952,2026-05-28,BRC,VADODARA JN,9.0,993
12952,2026-05-28,ST,SURAT,13.0,1122
12952,2026-05-28,BVI,BORIVALI,19.0,1355
12952,2026-05-28,MMCT,MUMBAI CENTRAL,-1.0,1384
12952,2026-05-29,NDLS,NEW DELHI,0.0,0
12952,2026-05-29,KOTA,KOTA JN,13.0,465
12952,2026-05-29,NAD,NAGDA JN,3.0,690
12952,2026-05-29,RTM,RATLAM JN,4.0,731
12952,2026-05-29,BRC,VADODARA JN,0.0,993
12952,2026-05-29,ST,SURAT,6.0,1122
12952,2026-05-29,BVI,BORIVALI,21.0,1355
12952,2026-05-29,MMCT,MUMBAI CENTRAL,5.0,1384
12952,2026-05-30,NDLS,NEW DELHI,2.0,0
12952,2026-05-30,KOTA,KOTA JN,26.0,465
12952,2026-05-30,NAD,NAGDA JN,23.0,690
12952,2026-05-30,RTM,RATLAM JN,24.0,731
12952,2026-05-30,BRC,VADODARA JN,48.0,993
12952,2026-05-30,ST,SURAT,59.0,1122
12952,2026-05-30,BVI,BORIVALI,68.0,1355
12952,2026-05-30,MMCT,MUMBAI CENTRAL,52.0,1384
12952,2026-05-31,NDLS,NEW DELHI,7.0,0
12952,2026-05-31,KOTA,KOTA JN,16.0,465
12952,2026-05-31,NAD,NAGDA JN,7.0,690
12952,2026-05-31,RTM,RATLAM JN,10.0,731
12952,2026-05-31,BRC,VADODARA JN,10.0,993
12952,2026-05-31,ST,SURAT,11.0,1122
12952,2026-05-31,BVI,BORIVALI,25.0,1355
12952,2026-05-31,MMCT,MUMBAI CENTRAL,5.0,1384
12952,2026-06-01,NDLS,NEW DELHI,1.0,0
12952,2026-06-01,KOTA,KOTA JN,11.0,465
12952,2026-06-01,NAD,NAGDA JN,3.0,690
12952,2026-06-01,RTM,RATLAM JN,5.0,731
12952,2026-06-01,BRC,VADODARA JN,1.0,993
12952,2026-06-01,ST,SURAT,10.0,1122
12952,2026-06-01,BVI,BORIVALI,24.0,1355
12952,2026-06-01,MMCT,MUMBAI CENTRAL,8.0,1384
12952,2026-06-02,NDLS,NEW DELHI,0.0,0
12952,2026-06-02,KOTA,KOTA JN,9.0,465
12952,2026-06-02,NAD,NAGDA JN,0.0,690
12952,2026-06-02,RTM,RATLAM JN,1.0,731
12952,2026-06-02,BRC,VADODARA JN,0.0,993
12952,2026-06-02,ST,SURAT,0.0,1122
12952,2026-06-02,BVI,BORIVALI,26.0,1355
12952,2026-06-02,MMCT,MUMBAI CENTRAL,11.0,1384
12952,2026-06-03,NDLS,NEW DELHI,0.0,0
12952,2026-06-03,KOTA,KOTA JN,6.0,465
12952,2026-06-03,NAD,NAGDA JN,0.0,690
12952,2026-06-03,RTM,RATLAM JN,1.0,731
12952,2026-06-03,BRC,VADODARA JN,1.0,993
12952,2026-06-03,ST,SURAT,1.0,1122
12952,2026-06-03,BVI,BORIVALI,15.0,1355
12952,2026-06-03,MMCT,MUMBAI CENTRAL,-3.0,1384
12952,2026-06-04,NDLS,NEW DELHI,1.0,0
12952,2026-06-04,KOTA,KOTA JN,5.0,465
12952,2026-06-04,NAD,NAGDA JN,1.0,690
12952,2026-06-04,RTM,RATLAM JN,18.0,731
12952,2026-06-04,BRC,VADODARA JN,5.0,993
12952,2026-06-04,ST,SURAT,3.0,1122
12952,2026-06-04,BVI,BORIVALI,19.0,1355
12952,2026-06-04,MMCT,MUMBAI CENTRAL,0.0,1384
12952,2026-06-05,NDLS,NEW DELHI,1.0,0
12952,2026-06-05,KOTA,KOTA JN,1.0,465
12952,2026-06-05,NAD,NAGDA JN,1.0,690
12952,2026-06-05,RTM,RATLAM JN,1.0,731
12952,2026-06-05,BRC,VADODARA JN,12.0,993
12952,2026-06-05,ST,SURAT,19.0,1122
12952,2026-06-05,BVI,BORIVALI,23.0,1355
12952,2026-06-05,MMCT,MUMBAI CENTRAL,3.0,1384
12952,2026-06-06,NDLS,NEW DELHI,0.0,0
12952,2026-06-06,KOTA,KOTA JN,15.0,465
12952,2026-06-06,NAD,NAGDA JN,6.0,690
12952,2026-06-06,RTM,RATLAM JN,6.0,731
12952,2026-06-06,BRC,VADODARA JN,3.0,993
12952,2026-06-06,ST,SURAT,4.0,1122
12952,2026-06-06,BVI,BORIVALI,16.0,1355
12952,2026-06-06,MMCT,MUMBAI CENTRAL,-4.0,1384
12952,2026-06-07,NDLS,NEW DELHI,0.0,0
12952,2026-06-07,KOTA,KOTA JN,5.0,465
12952,2026-06-07,NAD,NAGDA JN,2.0,690
12952,2026-06-07,RTM,RATLAM JN,12.0,731
12952,2026-06-07,BRC,VADODARA JN,22.0,993
12952,2026-06-07,ST,SURAT,22.0,1122
12952,2026-06-07,BVI,BORIVALI,28.0,1355
12952,2026-06-07,MMCT,MUMBAI CENTRAL,10.0,1384
12952,2026-06-08,NDLS,NEW DELHI,0.0,0
12952,2026-06-08,KOTA,KOTA JN,8.0,465
12952,2026-06-08,NAD,NAGDA JN,3.0,690
12952,2026-06-08,RTM,RATLAM JN,2.0,731
12952,2026-06-08,BRC,VADODARA JN,6.0,993
12952,2026-06-08,ST,SURAT,8.0,1122
12952,2026-06-08,BVI,BORIVALI,22.0,1355
12952,2026-06-08,MMCT,MUMBAI CENTRAL,-2.0,1384
12952,2026-06-09,NDLS,NEW DELHI,0.0,0
12952,2026-06-09,KOTA,KOTA JN,3.0,465
12952,2026-06-09,NAD,NAGDA JN,1.0,690
12952,2026-06-09,RTM,RATLAM JN,1.0,731
12952,2026-06-09,BRC,VADODARA JN,0.0,993
12952,2026-06-09,ST,SURAT,1.0,1122
12952,2026-06-09,BVI,BORIVALI,20.0,1355
12952,2026-06-09,MMCT,MUMBAI CENTRAL,1.0,1384
12952,2026-06-10,NDLS,NEW DELHI,0.0,0
12952,2026-06-10,KOTA,KOTA JN,4.0,465
12952,2026-06-10,NAD,NAGDA JN,0.0,690
12952,2026-06-10,RTM,RATLAM JN,1.0,731
12952,2026-06-10,BRC,VADODARA JN,1.0,993
12952,2026-06-10,ST,SURAT,6.0,1122
12952,2026-06-10,BVI,BORIVALI,16.0,1355
12952,2026-06-10,MMCT,MUMBAI CENTRAL,0.0,1384
12952,2026-06-11,NDLS,NEW DELHI,0.0,0
12952,2026-06-11,KOTA,KOTA JN,4.0,465
12952,2026-06-11,NAD,NAGDA JN,5.0,690
12952,2026-06-11,RTM,RATLAM JN,2.0,731
12952,2026-06-11,BRC,VADODARA JN,5.0,993
12952,2026-06-11,ST,SURAT,7.0,1122
12952,2026-06-11,BVI,BORIVALI,24.0,1355
12952,2026-06-11,MMCT,MUMBAI CENTRAL,10.0,1384
12952,2026-06-12,NDLS,NEW DELHI,0.0,0
12952,2026-06-12,KOTA,KOTA JN,16.0,465
12952,2026-06-12,NAD,NAGDA JN,9.0,690
12952,2026-06-12,RTM,RATLAM JN,14.0,731
12952,2026-06-12,BRC,VADODARA JN,5.0,993
12952,2026-06-12,ST,SURAT,7.0,1122
12952,2026-06-12,BVI,BORIVALI,18.0,1355
12952,2026-06-12,MMCT,MUMBAI CENTRAL,7.0,1384
12952,2026-06-13,NDLS,NEW DELHI,0.0,0
12952,2026-06-13,KOTA,KOTA JN,16.0,465
12952,2026-06-13,NAD,NAGDA JN,7.0,690
12952,2026-06-13,RTM,RATLAM JN,10.0,731
12952,2026-06-13,BRC,VADODARA JN,1.0,993
12952,2026-06-13,ST,SURAT,4.0,1122
12952,2026-06-13,BVI,BORIVALI,19.0,1355
12952,2026-06-13,MMCT,MUMBAI CENTRAL,-5.0,1384
12952,2026-06-14,NDLS,NEW DELHI,0.0,0
12952,2026-06-14,KOTA,KOTA JN,2.0,465
12952,2026-06-14,NAD,NAGDA JN,1.0,690
12952,2026-06-14,RTM,RATLAM JN,7.0,731
12952,2026-06-14,BRC,VADODARA JN,7.0,993
12952,2026-06-14,ST,SURAT,27.0,1122
12952,2026-06-14,BVI,BORIVALI,41.0,1355
12952,2026-06-14,MMCT,MUMBAI CENTRAL,19.0,1384
12952,2026-06-15,NDLS,NEW DELHI,1.0,0
12952,2026-06-15,KOTA,KOTA JN,6.0,465
12952,2026-06-15,NAD,NAGDA JN,0.0,690
12952,2026-06-15,RTM,RATLAM JN,4.0,731
12952,2026-06-15,BRC,VADODARA JN,8.0,993
12952,2026-06-15,ST,SURAT,8.0,1122
12952,2026-06-15,BVI,BORIVALI,19.0,1355
12952,2026-06-15,MMCT,MUMBAI CENTRAL,-1.0,1384
12952,2026-06-16,NDLS,NEW DELHI,1.0,0
12952,2026-06-16,KOTA,KOTA JN,11.0,465
12952,2026-06-16,NAD,NAGDA JN,1.0,690
12952,2026-06-16,RTM,RATLAM JN,4.0,731
12952,2026-06-16,BRC,VADODARA JN,5.0,993
12952,2026-06-16,ST,SURAT,5.0,1122
12952,2026-06-16,BVI,BORIVALI,17.0,1355
12952,2026-06-16,MMCT,MUMBAI CENTRAL,0.0,1384
12952,2026-06-17,NDLS,NEW DELHI,0.0,0
12952,2026-06-17,KOTA,KOTA JN,30.0,465
12952,2026-06-17,NAD,NAGDA JN,19.0,690
12952,2026-06-17,RTM,RATLAM JN,18.0,731
12952,2026-06-17,BRC,VADODARA JN,29.0,993
12952,2026-06-17,ST,SURAT,33.0,1122
12952,2026-06-17,BVI,BORIVALI,43.0,1355
12952,2026-06-17,MMCT,MUMBAI CENTRAL,22.0,1384
12952,2026-06-18,NDLS,NEW DELHI,1.0,0
12952,2026-06-18,KOTA,KOTA JN,15.0,465
12952,2026-06-18,NAD,NAGDA JN,4.0,690
12952,2026-06-18,RTM,RATLAM JN,11.0,731
12952,2026-06-18,BRC,VADODARA JN,10.0,993
12952,2026-06-18,ST,SURAT,9.0,1122
12952,2026-06-18,BVI,BORIVALI,15.0,1355
12952,2026-06-18,MMCT,MUMBAI CENTRAL,5.0,1384
12952,2026-06-19,NDLS,NEW DELHI,0.0,0
12952,2026-06-19,KOTA,KOTA JN,16.0,465
12952,2026-06-19,NAD,NAGDA JN,1.0,690
12952,2026-06-19,RTM,RATLAM JN,5.0,731
12952,2026-06-19,BRC,VADODARA JN,6.0,993
12952,2026-06-19,ST,SURAT,5.0,1122
12952,2026-06-19,BVI,BORIVALI,24.0,1355
12952,2026-06-19,MMCT,MUMBAI CENTRAL,-1.0,1384
12952,2026-06-20,NDLS,NEW DELHI,0.0,0
12952,2026-06-20,KOTA,KOTA JN,10.0,465
12952,2026-06-20,NAD,NAGDA JN,1.0,690
12952,2026-06-20,RTM,RATLAM JN,3.0,731
12952,2026-06-20,BRC,VADODARA JN,10.0,993
12952,2026-06-20,ST,SURAT,12.0,1122
12952,2026-06-20,BVI,BORIVALI,18.0,1355
12952,2026-06-20,MMCT,MUMBAI CENTRAL,1.0,1384
12952,2026-06-21,NDLS,NEW DELHI,1.0,0
12952,2026-06-21,KOTA,KOTA JN,19.0,465
12952,2026-06-21,NAD,NAGDA JN,8.0,690
12952,2026-06-21,RTM,RATLAM JN,12.0,731
12952,2026-06-21,BRC,VADODARA JN,16.0,993
12952,2026-06-21,ST,SURAT,13.0,1122
12952,2026-06-21,BVI,BORIVALI,27.0,1355
12952,2026-06-21,MMCT,MUMBAI CENTRAL,15.0,1384
12952,2026-06-22,NDLS,NEW DELHI,1.0,0
12952,2026-06-22,KOTA,KOTA JN,16.0,465
12952,2026-06-22,NAD,NAGDA JN,5.0,690
12952,2026-06-22,RTM,RATLAM JN,7.0,731
12952,2026-06-22,BRC,VADODARA JN,5.0,993
12952,2026-06-22,ST,SURAT,6.0,1122
12952,2026-06-22,BVI,BORIVALI,19.0,1355
12952,2026-06-22,MMCT,MUMBAI CENTRAL,0.0,1384
12952,2026-06-23,NDLS,NEW DELHI,0.0,0
12952,2026-06-23,KOTA,KOTA JN,12.0,465
12952,2026-06-23,NAD,NAGDA JN,0.0,690
12952,2026-06-23,RTM,RATLAM JN,2.0,731
12952,2026-06-23,BRC,VADODARA JN,0.0,993
12952,2026-06-23,ST,SURAT,0.0,1122
12952,2026-06-23,BVI,BORIVALI,26.0,1355
12952,2026-06-23,MMCT,MUMBAI CENTRAL,16.0,1384
12952,2026-06-24,NDLS,NEW DELHI,1.0,0
12952,2026-06-24,KOTA,KOTA JN,24.0,465
12952,2026-06-24,NAD,NAGDA JN,11.0,690
12952,2026-06-24,RTM,RATLAM JN,23.0,731
12952,2026-06-24,BRC,VADODARA JN,10.0,993
12952,2026-06-24,ST,SURAT,5.0,1122
12952,2026-06-24,BVI,BORIVALI,23.0,1355
12952,2026-06-24,MMCT,MUMBAI CENTRAL,0.0,1384
12952,2026-06-25,NDLS,NEW DELHI,2.0,0
12952,2026-06-25,KOTA,KOTA JN,19.0,465
12952,2026-06-25,NAD,NAGDA JN,8.0,690
12952,2026-06-25,RTM,RATLAM JN,11.0,731
12952,2026-06-25,BRC,VADODARA JN,4.0,993
12952,2026-06-25,ST,SURAT,3.0,1122
12952,2026-06-25,BVI,BORIVALI,21.0,1355
12952,2026-06-25,MMCT,MUMBAI CENTRAL,2.0,1384
12952,2026-06-26,NDLS,NEW DELHI,0.0,0
12952,2026-06-26,KOTA,KOTA JN,10.0,465
12952,2026-06-26,NAD,NAGDA JN,0.0,690
12952,2026-06-26,RTM,RATLAM JN,0.0,731
12952,2026-06-26,BRC,VADODARA JN,4.0,993
12952,2026-06-26,ST,SURAT,4.0,1122
12952,2026-06-26,BVI,BORIVALI,15.0,1355
12952,2026-06-26,MMCT,MUMBAI CENTRAL,1.0,1384
12952,2026-06-27,NDLS,NEW DELHI,0.0,0
12952,2026-06-27,KOTA,KOTA JN,9.0,465
12952,2026-06-27,NAD,NAGDA JN,1.0,690
12952,2026-06-27,RTM,RATLAM JN,2.0,731
12952,2026-06-27,BRC,VADODARA JN,5.0,993
12952,2026-06-27,ST,SURAT,3.0,1122
12952,2026-06-27,BVI,BORIVALI,20.0,1355
12952,2026-06-27,MMCT,MUMBAI CENTRAL,-4.0,1384
12952,2026-06-28,NDLS,NEW DELHI,0.0,0
12952,2026-06-28,KOTA,KOTA JN,26.0,465
12952,2026-06-28,NAD,NAGDA JN,10.0,690
12952,2026-06-28,RTM,RATLAM JN,11.0,731
12952,2026-06-28,BRC,VADODARA JN,7.0,993
12952,2026-06-28,ST,SURAT,5.0,1122
12952,2026-06-28,BVI,BORIVALI,5.0,1355
12952,2026-06-28,MMCT,MUMBAI CENTRAL,-1.0,1384
12952,2026-06-29,NDLS,NEW DELHI,7.0,0
12952,2026-06-29,KOTA,KOTA JN,15.0,465
12952,2026-06-29,NAD,NAGDA JN,5.0,690
12952,2026-06-29,RTM,RATLAM JN,4.0,731
12952,2026-06-29,BRC,VADODARA JN,0.0,993
12952,2026-06-29,ST,SURAT,7.0,1122
12952,2026-06-29,BVI,BORIVALI,22.0,1355
12952,2026-06-29,MMCT,MUMBAI CENTRAL,6.0,1384
12952,2026-06-30,NDLS,NEW DELHI,0.0,0
12952,2026-06-30,KOTA,KOTA JN,17.0,465
12952,2026-06-30,NAD,NAGDA JN,8.0,690
12952,2026-06-30,RTM,RATLAM JN,7.0,731
12952,2026-06-30,BRC,VADODARA JN,12.0,993
12952,2026-06-30,ST,SURAT,9.0,1122
12952,2026-06-30,BVI,BORIVALI,19.0,1355
12952,2026-06-30,MMCT,MUMBAI CENTRAL,10.0,1384
12952,2026-07-01,NDLS,NEW DELHI,1.0,0
12952,2026-07-01,KOTA,KOTA JN,14.0,465
12952,2026-07-01,NAD,NAGDA JN,2.0,690
12952,2026-07-01,RTM,RATLAM JN,0.0,731
12952,2026-07-01,BRC,VADODARA JN,12.0,993
12952,2026-07-01,ST,SURAT,9.0,1122
12952,2026-07-01,BVI,BORIVALI,28.0,1355
12952,2026-07-01,MMCT,MUMBAI CENTRAL,10.0,1384
12952,2026-07-02,NDLS,NEW DELHI,2.0,0
12952,2026-07-02,KOTA,KOTA JN,5.0,465
12952,2026-07-02,NAD,NAGDA JN,0.0,690
12952,2026-07-02,RTM,RATLAM JN,12.0,731
12952,2026-07-02,BRC,VADODARA JN,11.0,993
12952,2026-07-02,ST,SURAT,9.0,1122
12952,2026-07-02,BVI,BORIVALI,26.0,1355
12952,2026-07-02,MMCT,MUMBAI CENTRAL,12.0,1384
12952,2026-07-03,NDLS,NEW DELHI,0.0,0
12952,2026-07-03,KOTA,KOTA JN,9.0,465
12952,2026-07-03,NAD,NAGDA JN,1.0,690
12952,2026-07-03,RTM,RATLAM JN,2.0,731
12952,2026-07-03,BRC,VADODARA JN,2.0,993
12952,2026-07-03,ST,SURAT,1.0,1122
12952,2026-07-03,BVI,BORIVALI,22.0,1355
12952,2026-07-03,MMCT,MUMBAI CENTRAL,10.0,1384
12952,2026-07-04,NDLS,NEW DELHI,0.0,0
12952,2026-07-04,KOTA,KOTA JN,38.0,465
12952,2026-07-04,NAD,NAGDA JN,26.0,690
12952,2026-07-04,RTM,RATLAM JN,27.0,731
12952,2026-07-04,BRC,VADODARA JN,37.0,993
12952,2026-07-04,ST,SURAT,36.0,1122
12952,2026-07-04,BVI,BORIVALI,36.0,1355
12952,2026-07-04,MMCT,MUMBAI CENTRAL,19.0,1384
12952,2026-07-05,NDLS,NEW DELHI,1.0,0
12952,2026-07-05,KOTA,KOTA JN,6.0,465
12952,2026-07-05,NAD,NAGDA JN,0.0,690
12952,2026-07-05,RTM,RATLAM JN,9.0,731
12952,2026-07-05,BRC,VADODARA JN,21.0,993
12952,2026-07-05,ST,SURAT,20.0,1122
12952,2026-07-05,BVI,BORIVALI,933.0,1355
12952,2026-07-05,MMCT,MUMBAI CENTRAL,925.0,1384
12952,2026-07-06,NDLS,NEW DELHI,1.0,0
12952,2026-07-06,KOTA,KOTA JN,25.0,465
12952,2026-07-06,NAD,NAGDA JN,25.0,690
12952,2026-07-06,RTM,RATLAM JN,28.0,731
12952,2026-07-06,BRC,VADODARA JN,34.0,993
12952,2026-07-06,ST,SURAT,33.0,1122
12952,2026-07-06,BVI,BORIVALI,119.0,1355
12952,2026-07-06,MMCT,MUMBAI CENTRAL,101.0,1384
12952,2026-07-07,NDLS,NEW DELHI,362.0,0
12952,2026-07-07,KOTA,KOTA JN,399.0,465
12952,2026-07-07,NAD,NAGDA JN,444.0,690
12952,2026-07-07,RTM,RATLAM JN,458.0,731
12952,2026-07-07,BRC,VADODARA JN,468.0,993
12952,2026-07-07,ST,SURAT,483.0,1122
12952,2026-07-07,BVI,BORIVALI,530.0,1355
12952,2026-07-07,MMCT,MUMBAI CENTRAL,525.0,1384
12952,2026-07-08,NDLS,NEW DELHI,756.0,0
12952,2026-07-08,KOTA,KOTA JN,789.0,465
12952,2026-07-08,NAD,NAGDA JN,791.0,690
12952,2026-07-08,RTM,RATLAM JN,802.0,731
12952,2026-07-08,BRC,VADODARA JN,834.0,993
12952,2026-07-08,ST,SURAT,846.0,1122
12952,2026-07-08,BVI,BORIVALI,850.0,1355
12952,2026-07-08,MMCT,MUMBAI CENTRAL,824.0,1384
12952,2026-07-09,NDLS,NEW DELHI,12.0,0
12952,2026-07-09,KOTA,KOTA JN,27.0,465
12952,2026-07-09,NAD,NAGDA JN,20.0,690
12952,2026-07-09,RTM,RATLAM JN,21.0,731
12952,2026-07-09,BRC,VADODARA JN,15.0,993
12952,2026-07-09,ST,SURAT,11.0,1122
12952,2026-07-09,BVI,BORIVALI,18.0,1355
12952,2026-07-09,MMCT,MUMBAI CENTRAL,0.0,1384
12952,2026-07-10,NDLS,NEW DELHI,3.0,0
12952,2026-07-10,KOTA,KOTA JN,14.0,465
12952,2026-07-10,NAD,NAGDA JN,0.0,690
12952,2026-07-10,RTM,RATLAM JN,2.0,731
12952,2026-07-10,BRC,VADODARA JN,10.0,993
12952,2026-07-10,ST,SURAT,10.0,1122
12952,2026-07-10,BVI,BORIVALI,24.0,1355
12952,2026-07-10,MMCT,MUMBAI CENTRAL,2.0,1384
12952,2026-07-11,NDLS,NEW DELHI,1.0,0
12952,2026-07-11,KOTA,KOTA JN,6.0,465
12952,2026-07-11,NAD,NAGDA JN,0.0,690
12952,2026-07-11,RTM,RATLAM JN,6.0,731
12952,2026-07-11,BRC,VADODARA JN,9.0,993
12952,2026-07-11,ST,SURAT,8.0,1122
12952,2026-07-11,BVI,BORIVALI,19.0,1355
12952,2026-07-11,MMCT,MUMBAI CENTRAL,-9.0,1384
12952,2026-07-12,NDLS,NEW DELHI,0.0,0
12952,2026-07-12,KOTA,KOTA JN,25.0,465
12952,2026-07-12,NAD,NAGDA JN,12.0,690
12952,2026-07-12,RTM,RATLAM JN,14.0,731
12952,2026-07-12,BRC,VADODARA JN,6.0,993
12952,2026-07-12,ST,SURAT,1.0,1122
12952,2026-07-12,BVI,BORIVALI,29.0,1355
12952,2026-07-12,MMCT,MUMBAI CENTRAL,5.0,1384
12952,2026-07-13,NDLS,NEW DELHI,1.0,0
12952,2026-07-13,KOTA,KOTA JN,6.0,465
12952,2026-07-13,NAD,NAGDA JN,0.0,690
12952,2026-07-13,RTM,RATLAM JN,1.0,731
12952,2026-07-13,BRC,VADODARA JN,14.0,993
12952,2026-07-13,ST,SURAT,9.0,1122
12952,2026-07-13,BVI,BORIVALI,18.0,1355
12952,2026-07-13,MMCT,MUMBAI CENTRAL,-4.0,1384
12952,2026-07-14,NDLS,NEW DELHI,0.0,0
12952,2026-07-14,KOTA,KOTA JN,1.0,465
12952,2026-07-14,NAD,NAGDA JN,0.0,690
12952,2026-07-14,RTM,RATLAM JN,2.0,731
12952,2026-07-14,BRC,VADODARA JN,6.0,993
12952,2026-07-14,ST,SURAT,10.0,1122
12952,2026-07-14,BVI,BORIVALI,27.0,1355
12952,2026-07-14,MMCT,MUMBAI CENTRAL,14.0,1384
12952,2026-07-15,NDLS,NEW DELHI,3.0,0
12952,2026-07-15,KOTA,KOTA JN,13.0,465
12952,2026-07-15,NAD,NAGDA JN,4.0,690
12952,2026-07-15,RTM,RATLAM JN,1.0,731
12952,2026-07-15,BRC,VADODARA JN,14.0,993
12952,2026-07-15,ST,SURAT,10.0,1122
12952,2026-07-15,BVI,BORIVALI,20.0,1355
12952,2026-07-15,MMCT,MUMBAI CENTRAL,-2.0,1384
12952,2026-07-16,NDLS,NEW DELHI,0.0,0
12952,2026-07-16,KOTA,KOTA JN,2.0,465
12952,2026-07-16,NAD,NAGDA JN,0.0,690
12952,2026-07-16,RTM,RATLAM JN,0.0,731
12952,2026-07-16,BRC,VADODARA JN,11.0,993
12952,2026-07-16,ST,SURAT,9.0,1122
12952,2026-07-16,BVI,BORIVALI,19.0,1355
12952,2026-07-16,MMCT,MUMBAI CENTRAL,-1.0,1384
12952,2026-07-17,NDLS,NEW DELHI,0.0,0
12952,2026-07-17,KOTA,KOTA JN,0.0,465
12952,2026-07-17,NAD,NAGDA JN,0.0,690
12952,2026-07-17,RTM,RATLAM JN,1.0,731
12952,2026-07-17,BRC,VADODARA JN,9.0,993
12952,2026-07-17,ST,SURAT,5.0,1122
12952,2026-07-17,BVI,BORIVALI,23.0,1355
12952,2026-07-17,MMCT,MUMBAI CENTRAL,4.0,1384
12952,2026-07-18,NDLS,NEW DELHI,0.0,0
12952,2026-07-18,KOTA,KOTA JN,17.0,465
12952,2026-07-18,NAD,NAGDA JN,11.0,690
12952,2026-07-18,RTM,RATLAM JN,16.0,731
12952,2026-07-18,BRC,VADODARA JN,14.0,993
12952,2026-07-18,ST,SURAT,10.0,1122
12952,2026-07-18,BVI,BORIVALI,18.0,1355
12952,2026-07-18,MMCT,MUMBAI CENTRAL,-2.0,1384
12952,2026-07-19,NDLS,NEW DELHI,2.0,0
12952,2026-07-19,KOTA,KOTA JN,21.0,465
12952,2026-07-19,NAD,NAGDA JN,15.0,690
12952,2026-07-19,RTM,RATLAM JN,13.0,731
12952,2026-07-19,BRC,VADODARA JN,4.0,993
12952,2026-07-19,ST,SURAT,1.0,1122
12952,2026-07-19,BVI,BORIVALI,24.0,1355
12952,2026-07-19,MMCT,MUMBAI CENTRAL,1.0,1384
12952,2026-07-20,NDLS,NEW DELHI,0.0,0
12952,2026-07-20,KOTA,KOTA JN,16.0,465
12952,2026-07-20,NAD,NAGDA JN,10.0,690
12952,2026-07-20,RTM,RATLAM JN,8.0,731
12952,2026-07-20,BRC,VADODARA JN,0.0,993
12952,2026-07-20,ST,SURAT,2.0,1122
12952,2026-07-20,BVI,BORIVALI,2.0,1355
12952,2026-07-20,MMCT,MUMBAI CENTRAL,-1.0,1384
12952,2026-07-21,NDLS,NEW DELHI,0.0,0
12952,2026-07-21,KOTA,KOTA JN,17.0,465
12952,2026-07-21,NAD,NAGDA JN,13.0,690
12952,2026-07-21,RTM,RATLAM JN,15.0,731
12952,2026-07-21,BRC,VADODARA JN,7.0,993
12952,2026-07-21,ST,SURAT,6.0,1122
12952,2026-07-21,BVI,BORIVALI,25.0,1355
12952,2026-07-21,MMCT,MUMBAI CENTRAL,4.0,1384
12952,2026-07-22,NDLS,NEW DELHI,8.0,0
12952,2026-07-22,KOTA,KOTA JN,21.0,465
12952,2026-07-22,NAD,NAGDA JN,14.0,690
12952,2026-07-22,RTM,RATLAM JN,20.0,731
12952,2026-07-22,BRC,VADODARA JN,108.0,993
12952,2026-07-22,ST,SURAT,347.0,1122
12952,2026-07-22,BVI,BORIVALI,1247.0,1355
12952,2026-07-22,MMCT,MUMBAI CENTRAL,1222.0,1384
12952,2026-07-23,NDLS,NEW DELHI,0.0,0
12952,2026-07-23,KOTA,KOTA JN,124.0,465
12952,2026-07-23,NAD,NAGDA JN,128.0,690
12952,2026-07-23,RTM,RATLAM JN,156.0,731
12952,2026-07-23,BRC,VADODARA JN,256.0,993
12952,2026-07-23,ST,SURAT,288.0,1122
12952,2026-07-23,BVI,BORIVALI,398.0,1355
12952,2026-07-23,MMCT,MUMBAI CENTRAL,373.0,1384
12952,2026-07-24,NDLS,NEW DELHI,,0
12952,2026-07-24,KOTA,KOTA JN,,465
12952,2026-07-24,NAD,NAGDA JN,,690
12952,2026-07-24,RTM,RATLAM JN,,731
12952,2026-07-24,BRC,VADODARA JN,,993
12952,2026-07-24,ST,SURAT,,1122
12952,2026-07-24,BVI,BORIVALI,,1355
12952,2026-07-24,MMCT,MUMBAI CENTRAL,,1384
12952,2026-07-25,NDLS,NEW DELHI,1.0,0
12952,2026-07-25,KOTA,KOTA JN,22.0,465
12952,2026-07-25,NAD,NAGDA JN,13.0,690
12952,2026-07-25,RTM,RATLAM JN,13.0,731
12952,2026-07-25,BRC,VADODARA JN,8.0,993
12952,2026-07-25,ST,SURAT,8.0,1122
12952,2026-07-25,BVI,BORIVALI,26.0,1355
12952,2026-07-25,MMCT,MUMBAI CENTRAL,6.0,1384
12952,2026-07-26,NDLS,NEW DELHI,0.0,0
12952,2026-07-26,KOTA,KOTA JN,10.0,465
12952,2026-07-26,NAD,NAGDA JN,7.0,690
12952,2026-07-26,RTM,RATLAM JN,12.0,731
12952,2026-07-26,BRC,VADODARA JN,8.0,993
12952,2026-07-26,ST,SURAT,6.0,1122
12952,2026-07-26,BVI,BORIVALI,27.0,1355
12952,2026-07-26,MMCT,MUMBAI CENTRAL,-3.0,1384
12952,2026-07-27,NDLS,NEW DELHI,0.0,0
12952,2026-07-27,KOTA,KOTA JN,29.0,465
12952,2026-07-27,NAD,NAGDA JN,24.0,690
12952,2026-07-27,RTM,RATLAM JN,23.0,731
12952,2026-07-27,BRC,VADODARA JN,18.0,993
12952,2026-07-27,ST,SURAT,17.0,1122
12952,2026-07-27,BVI,BORIVALI,53.0,1355
12952,2026-07-27,MMCT,MUMBAI CENTRAL,43.0,1384
12952,2026-07-28,NDLS,NEW DELHI,4.0,0
12952,2026-07-28,KOTA,KOTA JN,10.0,465
12952,2026-07-28,NAD,NAGDA JN,3.0,690
12952,2026-07-28,RTM,RATLAM JN,2.0,731
12952,2026-07-28,BRC,VADODARA JN,3.0,993
12952,2026-07-28,ST,SURAT,5.0,1122
12952,2026-07-28,BVI,BORIVALI,21.0,1355
12952,2026-07-28,MMCT,MUMBAI CENTRAL,4.0,1384
12952,2026-07-29,NDLS,NEW DELHI,1.0,0
12952,2026-07-29,KOTA,KOTA JN,11.0,465
12952,2026-07-29,NAD,NAGDA JN,7.0,690
12952,2026-07-29,RTM,RATLAM JN,6.0,731
12952,2026-07-29,BRC,VADODARA JN,8.0,993
12952,2026-07-29,ST,SURAT,10.0,1122
12952,2026-07-29,BVI,BORIVALI,28.0,1355
12952,2026-07-29,MMCT,MUMBAI CENTRAL,13.0,1384
12952,2026-07-30,NDLS,NEW DELHI,1.0,0
12952,2026-07-30,KOTA,KOTA JN,12.0,465
12952,2026-07-30,NAD,NAGDA JN,7.0,690
12952,2026-07-30,RTM,RATLAM JN,9.0,731
12952,2026-07-30,BRC,VADODARA JN,6.0,993
12952,2026-07-30,ST,SURAT,7.0,1122
12952,2026-07-30,BVI,BORIVALI,29.0,1355
12952,2026-07-30,MMCT,MUMBAI CENTRAL,14.0,1384
12952,2026-07-31,NDLS,NEW DELHI,0.0,0
12952,2026-07-31,KOTA,KOTA JN,30.0,465
12952,2026-07-31,NAD,NAGDA JN,32.0,690
12952,2026-07-31,RTM,RATLAM JN,31.0,731
12952,2026-07-31,BRC,VADODARA JN,21.0,993
12952,2026-07-31,ST,SURAT,21.0,1122
12952,2026-07-31,BVI,BORIVALI,24.0,1355
12952,2026-07-31,MMCT,MUMBAI CENTRAL,18.0,1384
12952,2026-08-01,NDLS,NEW DELHI,0.0,0
12952,2026-08-01,KOTA,KOTA JN,0.0,465
12952,2026-08-01,NAD,NAGDA JN,11.0,690
12952,2026-08-01,RTM,RATLAM JN,10.0,731
12952,2026-08-01,BRC,VADODARA JN,0.0,993
12952,2026-08-01,ST,SURAT,3.0,1122
12952,2026-08-01,BVI,BORIVALI,19.0,1355
12952,2026-08-01,MMCT,MUMBAI CENTRAL,5.0,1384
12952,2026-08-02,NDLS,NEW DELHI,1.0,0
12952,2026-08-02,KOTA,KOTA JN,1.0,465
12952,2026-08-02,NAD,NAGDA JN,2.0,690
12952,2026-08-02,RTM,RATLAM JN,8.0,731
12952,2026-08-02,BRC,VADODARA JN,18.0,993
12952,2026-08-02,ST,SURAT,19.0,1122
12952,2026-08-02,BVI,BORIVALI,32.0,1355
12952,2026-08-02,MMCT,MUMBAI CENTRAL,9.0,1384
12952,2026-08-03,NDLS,NEW DELHI,0.0,0
12952,2026-08-03,KOTA,KOTA JN,7.0,465
12952,2026-08-03,NAD,NAGDA JN,3.0,690
12952,2026-08-03,RTM,RATLAM JN,11.0,731
12952,2026-08-03,BRC,VADODARA JN,6.0,993
12952,2026-08-03,ST,SURAT,7.0,1122
12952,2026-08-03,BVI,BORIVALI,18.0,1355
12952,2026-08-03,MMCT,MUMBAI CENTRAL,-1.0,1384
12952,2026-08-04,NDLS,NEW DELHI,0.0,0
12952,2026-08-04,KOTA,KOTA JN,22.0,465
12952,2026-08-04,NAD,NAGDA JN,16.0,690
12952,2026-08-04,RTM,RATLAM JN,15.0,731
12952,2026-08-04,BRC,VADODARA JN,6.0,993
12952,2026-08-04,ST,SURAT,4.0,1122
12952,2026-08-04,BVI,BORIVALI,17.0,1355
12952,2026-08-04,MMCT,MUMBAI CENTRAL,0.0,1384
12952,2026-08-05,NDLS,NEW DELHI,0.0,0
12952,2026-08-05,KOTA,KOTA JN,14.0,465
12952,2026-08-05,NAD,NAGDA JN,4.0,690
12952,2026-08-05,RTM,RATLAM JN,1.0,731
12952,2026-08-05,BRC,VADODARA JN,4.0,993
12952,2026-08-05,ST,SURAT,6.0,1122
12952,2026-08-05,BVI,BORIVALI,20.0,1355
12952,2026-08-05,MMCT,MUMBAI CENTRAL,0.0,1384
12952,2026-08-06,NDLS,NEW DELHI,0.0,0
12952,2026-08-06,KOTA,KOTA JN,19.0,465
12952,2026-08-06,NAD,NAGDA JN,13.0,690
12952,2026-08-06,RTM,RATLAM JN,10.0,731
12952,2026-08-06,BRC,VADODARA JN,4.0,993
12952,2026-08-06,ST,SURAT,2.0,1122
12952,2026-08-06,BVI,BORIVALI,22.0,1355
12952,2026-08-06,MMCT,MUMBAI CENTRAL,3.0,1384
12952,2026-08-07,NDLS,NEW DELHI,1.0,0
12952,2026-08-07,KOTA,KOTA JN,3.0,465
12952,2026-08-07,NAD,NAGDA JN,4.0,690
12952,2026-08-07,RTM,RATLAM JN,9.0,731
12952,2026-08-07,BRC,VADODARA JN,7.0,993
12952,2026-08-07,ST,SURAT,6.0,1122
12952,2026-08-07,BVI,BORIVALI,26.0,1355
12952,2026-08-07,MMCT,MUMBAI CENTRAL,16.0,1384
12952,2026-08-08,NDLS,NEW DELHI,0.0,0
12952,2026-08-08,KOTA,KOTA JN,18.0,465
12952,2026-08-08,NAD,NAGDA JN,12.0,690
12952,2026-08-08,RTM,RATLAM JN,16.0,731
12952,2026-08-08,BRC,VADODARA JN,4.0,993
12952,2026-08-08,ST,SURAT,2.0,1122
12952,2026-08-08,BVI,BORIVALI,24.0,1355
12952,2026-08-08,MMCT,MUMBAI CENTRAL,9.0,1384
12952,2026-08-09,NDLS,NEW DELHI,3.0,0
12952,2026-08-09,KOTA,KOTA JN,13.0,465
12952,2026-08-09,NAD,NAGDA JN,8.0,690
12952,2026-08-09,RTM,RATLAM JN,7.0,731
12952,2026-08-09,BRC,VADODARA JN,5.0,993
12952,2026-08-09,ST,SURAT,2.0,1122
12952,2026-08-09,BVI,BORIVALI,24.0,1355
12952,2026-08-09,MMCT,MUMBAI CENTRAL,18.0,1384
12952,2026-08-10,NDLS,NEW DELHI,0.0,0
12952,2026-08-10,KOTA,KOTA JN,1.0,465
12952,2026-08-10,NAD,NAGDA JN,1.0,690
12952,2026-08-10,RTM,RATLAM JN,1.0,731
12952,2026-08-10,BRC,VADODARA JN,2.0,993
12952,2026-08-10,ST,SURAT,7.0,1122
12952,2026-08-10,BVI,BORIVALI,19.0,1355
12952,2026-08-10,MMCT,MUMBAI CENTRAL,6.0,1384
12952,2026-08-11,NDLS,NEW DELHI,1.0,0
12952,2026-08-11,KOTA,KOTA JN,6.0,465
12952,2026-08-11,NAD,NAGDA JN,3.0,690
12952,2026-08-11,RTM,RATLAM JN,2.0,731
12952,2026-08-11,BRC,VADODARA JN,7.0,993
12952,2026-08-11,ST,SURAT,6.0,1122
12952,2026-08-11,BVI,BORIVALI,18.0,1355
12952,2026-08-11,MMCT,MUMBAI CENTRAL,3.0,1384
12952,2026-08-12,NDLS,NEW DELHI,1.0,0
12952,2026-08-12,KOTA,KOTA JN,4.0,465
12952,2026-08-12,NAD,NAGDA JN,1.0,690
12952,2026-08-12,RTM,RATLAM JN,4.0,731
12952,2026-08-12,BRC,VADODARA JN,7.0,993
12952,2026-08-12,ST,SURAT,7.0,1122
12952,2026-08-12,BVI,BORIVALI,24.0,1355
12952,2026-08-12,MMCT,MUMBAI CENTRAL,5.0,1384
12952,2026-08-13,NDLS,NEW DELHI,0.0,0
12952,2026-08-13,KOTA,KOTA JN,26.0,465
12952,2026-08-13,NAD,NAGDA JN,17.0,690
12952,2026-08-13,RTM,RATLAM JN,15.0,731
12952,2026-08-13,BRC,VADODARA JN,5.0,993
12952,2026-08-13,ST,SURAT,5.0,1122
12952,2026-08-13,BVI,BORIVALI,21.0,1355
12952,2026-08-13,MMCT,MUMBAI CENTRAL,4.0,1384
12952,2026-08-14,NDLS,NEW DELHI,0.0,0
12952,2026-08-14,KOTA,KOTA JN,13.0,465
12952,2026-08-14,NAD,NAGDA JN,5.0,690
12952,2026-08-14,RTM,RATLAM JN,4.0,731
12952,2026-08-14,BRC,VADODARA JN,4.0,993
12952,2026-08-14,ST,SURAT,2.0,1122
12952,2026-08-14,BVI,BORIVALI,20.0,1355
12952,2026-08-14,MMCT,MUMBAI CENTRAL,2.0,1384
12952,2026-08-15,NDLS,NEW DELHI,0.0,0
12952,2026-08-15,KOTA,KOTA JN,7.0,465
12952,2026-08-15,NAD,NAGDA JN,0.0,690
12952,2026-08-15,RTM,RATLAM JN,1.0,731
12952,2026-08-15,BRC,VADODARA JN,0.0,993
12952,2026-08-15,ST,SURAT,2.0,1122
12952,2026-08-15,BVI,BORIVALI,18.0,1355
12952,2026-08-15,MMCT,MUMBAI CENTRAL,-3.0,1384
12952,2026-08-16,NDLS,NEW DELHI,2.0,0
12952,2026-08-16,KOTA,KOTA JN,7.0,465
12952,2026-08-16,NAD,NAGDA JN,4.0,690
12952,2026-08-16,RTM,RATLAM JN,4.0,731
12952,2026-08-16,BRC,VADODARA JN,5.0,993
12952,2026-08-16,ST,SURAT,4.0,1122
12952,2026-08-16,BVI,BORIVALI,21.0,1355
12952,2026-08-16,MMCT,MUMBAI CENTRAL,7.0,1384
12952,2026-08-17,NDLS,NEW DELHI,0.0,0
12952,2026-08-17,KOTA,KOTA JN,13.0,465
12952,2026-08-17,NAD,NAGDA JN,5.0,690
12952,2026-08-17,RTM,RATLAM JN,5.0,731
12952,2026-08-17,BRC,VADODARA JN,1.0,993
12952,2026-08-17,ST,SURAT,4.0,1122
12952,2026-08-17,BVI,BORIVALI,21.0,1355
12952,2026-08-17,MMCT,MUMBAI CENTRAL,-1.0,1384
12952,2026-08-18,NDLS,NEW DELHI,0.0,0
12952,2026-08-18,KOTA,KOTA JN,7.0,465
12952,2026-08-18,NAD,NAGDA JN,0.0,690
12952,2026-08-18,RTM,RATLAM JN,0.0,731
12952,2026-08-18,BRC,VADODARA JN,1.0,993
12952,2026-08-18,ST,SURAT,4.0,1122
12952,2026-08-18,BVI,BORIVALI,17.0,1355
12952,2026-08-18,MMCT,MUMBAI CENTRAL,5.0,1384
12952,2026-08-19,NDLS,NEW DELHI,0.0,0
12952,2026-08-19,KOTA,KOTA JN,13.0,465
12952,2026-08-19,NAD,NAGDA JN,8.0,690
12952,2026-08-19,RTM,RATLAM JN,5.0,731
12952,2026-08-19,BRC,VADODARA JN,0.0,993
12952,2026-08-19,ST,SURAT,2.0,1122
12952,2026-08-19,BVI,BORIVALI,29.0,1355
12952,2026-08-19,MMCT,MUMBAI CENTRAL,8.0,1384
12952,2026-08-20,NDLS,NEW DELHI,0.0,0
12952,2026-08-20,KOTA,KOTA JN,20.0,465
12952,2026-08-20,NAD,NAGDA JN,14.0,690
12952,2026-08-20,RTM,RATLAM JN,13.0,731
12952,2026-08-20,BRC,VADODARA JN,4.0,993
12952,2026-08-20,ST,SURAT,4.0,1122
12952,2026-08-20,BVI,BORIVALI,26.0,1355
12952,2026-08-20,MMCT,MUMBAI CENTRAL,8.0,1384
12952,2026-08-21,NDLS,NEW DELHI,0.0,0
12952,2026-08-21,KOTA,KOTA JN,8.0,465
12952,2026-08-21,NAD,NAGDA JN,4.0,690
12952,2026-08-21,RTM,RATLAM JN,9.0,731
12952,2026-08-21,BRC,VADODARA JN,0.0,993
12952,2026-08-21,ST,SURAT,0.0,1122
12952,2026-08-21,BVI,BORIVALI,22.0,1355
12952,2026-08-21,MMCT,MUMBAI CENTRAL,5.0,1384
12952,2026-08-22,NDLS,NEW DELHI,4.0,0
12952,2026-08-22,KOTA,KOTA JN,16.0,465
12952,2026-08-22,NAD,NAGDA JN,10.0,690
12952,2026-08-22,RTM,RATLAM JN,9.0,731
12952,2026-08-22,BRC,VADODARA JN,2.0,993
12952,2026-08-22,ST,SURAT,1.0,1122
12952,2026-08-22,BVI,BORIVALI,14.0,1355
12952,2026-08-22,MMCT,MUMBAI CENTRAL,-7.0,1384
12952,2026-08-23,NDLS,NEW DELHI,1.0,0
12952,2026-08-23,KOTA,KOTA JN,5.0,465
12952,2026-08-23,NAD,NAGDA JN,0.0,690
12952,2026-08-23,RTM,RATLAM JN,7.0,731
12952,2026-08-23,BRC,VADODARA JN,4.0,993
12952,2026-08-23,ST,SURAT,8.0,1122
12952,2026-08-23,BVI,BORIVALI,18.0,1355
12952,2026-08-23,MMCT,MUMBAI CENTRAL,8.0,1384
12952,2026-08-24,NDLS,NEW DELHI,0.0,0
12952,2026-08-24,KOTA,KOTA JN,16.0,465
12952,2026-08-24,NAD,NAGDA JN,9.0,690
12952,2026-08-24,RTM,RATLAM JN,8.0,731
12952,2026-08-24,BRC,VADODARA JN,3.0,993
12952,2026-08-24,ST,SURAT,10.0,1122
12952,2026-08-24,BVI,BORIVALI,17.0,1355
12952,2026-08-24,MMCT,MUMBAI CENTRAL,-2.0,1384
12952,2026-08-25,NDLS,NEW DELHI,5.0,0
12952,2026-08-25,KOTA,KOTA JN,20.0,465
12952,2026-08-25,NAD,NAGDA JN,17.0,690
12952,2026-08-25,RTM,RATLAM JN,17.0,731
12952,2026-08-25,BRC,VADODARA JN,8.0,993
12952,2026-08-25,ST,SURAT,10.0,1122
12952,2026-08-25,BVI,BORIVALI,23.0,1355
12952,2026-08-25,MMCT,MUMBAI CENTRAL,1.0,1384
12952,2026-08-26,NDLS,NEW DELHI,3.0,0
12952,2026-08-26,KOTA,KOTA JN,11.0,465
12952,2026-08-26,NAD,NAGDA JN,64.0,690
12952,2026-08-26,RTM,RATLAM JN,66.0,731
12952,2026-08-26,BRC,VADODARA JN,62.0,993
12952,2026-08-26,ST,SURAT,60.0,1122
12952,2026-08-26,BVI,BORIVALI,77.0,1355
12952,2026-08-26,MMCT,MUMBAI CENTRAL,60.0,1384
12952,2026-08-27,NDLS,NEW DELHI,3.0,0
12952,2026-08-27,KOTA,KOTA JN,7.0,465
12952,2026-08-27,NAD,NAGDA JN,12.0,690
12952,2026-08-27,RTM,RATLAM JN,15.0,731
12952,2026-08-27,BRC,VADODARA JN,2.0,993
12952,2026-08-27,ST,SURAT,1.0,1122
12952,2026-08-27,BVI,BORIVALI,19.0,1355
12952,2026-08-27,MMCT,MUMBAI CENTRAL,4.0,1384
12952,2026-08-28,NDLS,NEW DELHI,0.0,0
12952,2026-08-28,KOTA,KOTA JN,1.0,465
12952,2026-08-28,NAD,NAGDA JN,0.0,690
12952,2026-08-28,RTM,RATLAM JN,3.0,731
12952,2026-08-28,BRC,VADODARA JN,4.0,993
12952,2026-08-28,ST,SURAT,4.0,1122
12952,2026-08-28,BVI,BORIVALI,15.0,1355
12952,2026-08-28,MMCT,MUMBAI CENTRAL,-3.0,1384
12952,2026-08-29,NDLS,NEW DELHI,0.0,0
12952,2026-08-29,KOTA,KOTA JN,5.0,465
12952,2026-08-29,NAD,NAGDA JN,0.0,690
12952,2026-08-29,RTM,RATLAM JN,8.0,731
12952,2026-08-29,BRC,VADODARA JN,1.0,993
12952,2026-08-29,ST,SURAT,4.0,1122
12952,2026-08-29,BVI,BORIVALI,13.0,1355
12952,2026-08-29,MMCT,MUMBAI CENTRAL,-6.0,1384
12952,2026-08-30,NDLS,NEW DELHI,1.0,0
12952,2026-08-30,KOTA,KOTA JN,0.0,465
12952,2026-08-30,NAD,NAGDA JN,0.0,690
12952,2026-08-30,RTM,RATLAM JN,4.0,731
12952,2026-08-30,BRC,VADODARA JN,3.0,993
12952,2026-08-30,ST,SURAT,2.0,1122
12952,2026-08-30,BVI,BORIVALI,15.0,1355
12952,2026-08-30,MMCT,MUMBAI CENTRAL,4.0,1384
12952,2026-08-31,NDLS,NEW DELHI,0.0,0
12952,2026-08-31,KOTA,KOTA JN,8.0,465
12952,2026-08-31,NAD,NAGDA JN,2.0,690
12952,2026-08-31,RTM,RATLAM JN,7.0,731
12952,2026-08-31,BRC,VADODARA JN,5.0,993
12952,2026-08-31,ST,SURAT,8.0,1122
12952,2026-08-31,BVI,BORIVALI,5.0,1355
12952,2026-08-31,MMCT,MUMBAI CENTRAL,7.0,1384
12952,2026-09-01,NDLS,NEW DELHI,0.0,0
12952,2026-09-01,KOTA,KOTA JN,0.0,465
12952,2026-09-01,NAD,NAGDA JN,0.0,690
12952,2026-09-01,RTM,RATLAM JN,0.0,731
12952,2026-09-01,BRC,VADODARA JN,8.0,993
12952,2026-09-01,ST,SURAT,4.0,1122
12952,2026-09-01,BVI,BORIVALI,19.0,1355
12952,2026-09-01,MMCT,MUMBAI CENTRAL,3.0,1384
12952,2026-09-02,NDLS,NEW DELHI,0.0,0
12952,2026-09-02,KOTA,KOTA JN,9.0,465
12952,2026-09-02,NAD,NAGDA JN,5.0,690
12952,2026-09-02,RTM,RATLAM JN,4.0,731
12952,2026-09-02,BRC,VADODARA JN,1.0,993
12952,2026-09-02,ST,SURAT,1.0,1122
12952,2026-09-02,BVI,BORIVALI,22.0,1355
12952,2026-09-02,MMCT,MUMBAI CENTRAL,1.0,1384
12952,2026-09-03,NDLS,NEW DELHI,0.0,0
12952,2026-09-03,KOTA,KOTA JN,15.0,465
12952,2026-09-03,NAD,NAGDA JN,22.0,690
12952,2026-09-03,RTM,RATLAM JN,28.0,731
12952,2026-09-03,BRC,VADODARA JN,13.0,993
12952,2026-09-03,ST,SURAT,7.0,1122
12952,2026-09-03,BVI,BORIVALI,16.0,1355
12952,2026-09-03,MMCT,MUMBAI CENTRAL,2.0,1384
12952,2026-09-04,NDLS,NEW DELHI,0.0,0
12952,2026-09-04,KOTA,KOTA JN,5.0,465
12952,2026-09-04,NAD,NAGDA JN,21.0,690
12952,2026-09-04,RTM,RATLAM JN,32.0,731
12952,2026-09-04,BRC,VADODARA JN,22.0,993
12952,2026-09-04,ST,SURAT,17.0,1122
12952,2026-09-04,BVI,BORIVALI,19.0,1355
12952,2026-09-04,MMCT,MUMBAI CENTRAL,4.0,1384
12952,2026-09-05,NDLS,NEW DELHI,1.0,0
12952,2026-09-05,KOTA,KOTA JN,12.0,465
12952,2026-09-05,NAD,NAGDA JN,12.0,690
12952,2026-09-05,RTM,RATLAM JN,14.0,731
12952,2026-09-05,BRC,VADODARA JN,12.0,993
12952,2026-09-05,ST,SURAT,10.0,1122
12952,2026-09-05,BVI,BORIVALI,19.0,1355
12952,2026-09-05,MMCT,MUMBAI CENTRAL,-4.0,1384
