train_no,date,station_code,station_name,delay,distance
12628,2025-09-06,NDLS,NEW DELHI,3.0,0
12628,2025-09-06,MTJ,MATHURA JN,49.0,141
12628,2025-09-06,AGC,AGRA CANTT,32.0,195
12628,2025-09-06,GWL,GWALIOR,5.0,313
12628,2025-09-06,VGLJ,V LAKSHMIBAI JHANSI,1.0,410
12628,2025-09-06,BINA,BINA JN,1.0,563
12628,2025-09-06,BPL,BHOPAL JN,0.0,701
12628,2025-09-06,ET,ITARSI JN,1.0,793
12628,2025-09-06,KNW,KHANDWA,0.0,976
12628,2025-09-06,BAU,BURHANPUR,6.0,1045
12628,2025-09-06,BSL,BHUSAVAL JN,12.0,1100
12628,2025-09-06,JL,JALGAON JN,17.0,1124
12628,2025-09-06,MMR,MANMAD JN,17.0,1284
12628,2025-09-06,KPG,KOPARGAON,11.0,1326
12628,2025-09-06,BAP,BELAPUR,22.0,1370
12628,2025-09-06,ANG,AHMADNAGAR,15.0,1437
12628,2025-09-06,DD,DAUND JN,9.0,1520
12628,2025-09-06,KWV,KURDUVADI,8.0,1630
12628,2025-09-06,SUR,SOLAPUR JN,11.0,1708
12628,2025-09-06,KLBG,KALABURAGI JN,19.0,1821
12628,2025-09-06,WADI,WADI,0.0,1858
12628,2025-09-06,YG,YADGIR,12.0,1897
12628,2025-09-06,RC,RAICHUR,13.0,1965
12628,2025-09-06,MALM,MANTHRALAYAM RD,16.0,1994
12628,2025-09-06,AD,ADONI,23.0,2035
12628,2025-09-06,GTL,GUNTAKAL JN,2.0,2086
12628,2025-09-06,ATP,ANANTAPUR,5.0,2172
12628,2025-09-06,DMM,DHARMAVARAM JN,0.0,2205
12628,2025-09-06,SSPN,SAI P NILAYAM,9.0,2238
12628,2025-09-06,PKD,PENUKONDA,7.0,2259
12628,2025-09-06,HUP,HINDUPUR,16.0,2296
12628,2025-09-06,YNK,YELHANKA JN,3.0,2379
12628,2025-09-06,BNC,BANGALORE CANT,11.0,2402
12628,2025-09-06,SBC,KSR BANGALORE CY JN,-26.0,2406
12628,2025-09-07,NDLS,NEW DELHI,0.0,0
12628,2025-09-07,MTJ,MATHURA JN,24.0,141
12628,2025-09-07,AGC,AGRA CANTT,12.0,195
12628,2025-09-07,GWL,GWALIOR,0.0,313
12628,2025-09-07,VGLJ,V LAKSHMIBAI JHANSI,1.0,410
12628,2025-09-07,BINA,BINA JN,3.0,563
12628,2025-09-07,BPL,BHOPAL JN,1.0,701
12628,2025-09-07,ET,ITARSI JN,2.0,793
12628,2025-09-07,KNW,KHANDWA,1.0,976
12628,2025-09-07,BAU,BURHANPUR,7.0,1045
12628,2025-09-07,BSL,BHUSAVAL JN,0.0,1100
12628,2025-09-07,JL,JALGAON JN,0.0,1124
12628,2025-09-07,MMR,MANMAD JN,27.0,1284
12628,2025-09-07,KPG,KOPARGAON,25.0,1326
12628,2025-09-07,BAP,BELAPUR,36.0,1370
12628,2025-09-07,ANG,AHMADNAGAR,24.0,1437
12628,2025-09-07,DD,DAUND JN,36.0,1520
12628,2025-09-07,KWV,KURDUVADI,38.0,1630
12628,2025-09-07,SUR,SOLAPUR JN,36.0,1708
12628,2025-09-07,KLBG,KALABURAGI JN,47.0,1821
12628,2025-09-07,WADI,WADI,2.0,1858
12628,2025-09-07,YG,YADGIR,11.0,1897
12628,2025-09-07,RC,RAICHUR,16.0,1965
12628,2025-09-07,MALM,MANTHRALAYAM RD,20.0,1994
12628,2025-09-07,AD,ADONI,16.0,2035
12628,2025-09-07,GTL,GUNTAKAL JN,24.0,2086
12628,2025-09-07,ATP,ANANTAPUR,16.0,2172
12628,2025-09-07,DMM,DHARMAVARAM JN,0.0,2205
12628,2025-09-07,SSPN,SAI P NILAYAM,7.0,2238
12628,2025-09-07,PKD,PENUKONDA,4.0,2259
12628,2025-09-07,HUP,HINDUPUR,10.0,2296
12628,2025-09-07,YNK,YELHANKA JN,2.0,2379
12628,2025-09-07,BNC,BANGALORE CANT,24.0,2402
12628,2025-09-07,SBC,KSR BANGALORE CY JN,-18.0,2406
12628,2025-09-08,NDLS,NEW DELHI,0.0,0
12628,2025-09-08,MTJ,MATHURA JN,27.0,141
12628,2025-09-08,AGC,AGRA CANTT,26.0,195
12628,2025-09-08,GWL,GWALIOR,7.0,313
12628,2025-09-08,VGLJ,V LAKSHMIBAI JHANSI,12.0,410
12628,2025-09-08,BINA,BINA JN,3.0,563
12628,2025-09-08,BPL,BHOPAL JN,12.0,701
12628,2025-09-08,ET,ITARSI JN,2.0,793
12628,2025-09-08,KNW,KHANDWA,1.0,976
12628,2025-09-08,BAU,BURHANPUR,10.0,1045
12628,2025-09-08,BSL,BHUSAVAL JN,1.0,1100
12628,2025-09-08,JL,JALGAON JN,12.0,1124
12628,2025-09-08,MMR,MANMAD JN,22.0,1284
12628,2025-09-08,KPG,KOPARGAON,20.0,1326
12628,2025-09-08,BAP,BELAPUR,28.0,1370
12628,2025-09-08,ANG,AHMADNAGAR,25.0,1437
12628,2025-09-08,DD,DAUND JN,20.0,1520
12628,2025-09-08,KWV,KURDUVADI,53.0,1630
12628,2025-09-08,SUR,SOLAPUR JN,33.0,1708
12628,2025-09-08,KLBG,KALABURAGI JN,31.0,1821
12628,2025-09-08,WADI,WADI,1.0,1858
12628,2025-09-08,YG,YADGIR,13.0,1897
12628,2025-09-08,RC,RAICHUR,27.0,1965
12628,2025-09-08,MALM,MANTHRALAYAM RD,30.0,1994
12628,2025-09-08,AD,ADONI,24.0,2035
12628,2025-09-08,GTL,GUNTAKAL JN,11.0,2086
12628,2025-09-08,ATP,ANANTAPUR,11.0,2172
12628,2025-09-08,DMM,DHARMAVARAM JN,1.0,2205
12628,2025-09-08,SSPN,SAI P NILAYAM,7.0,2238
12628,2025-09-08,PKD,PENUKONDA,7.0,2259
12628,2025-09-08,HUP,HINDUPUR,13.0,2296
12628,2025-09-08,YNK,YELHANKA JN,1.0,2379
12628,2025-09-08,BNC,BANGALORE CANT,29.0,2402
12628,2025-09-08,SBC,KSR BANGALORE CY JN,-4.0,2406
12628,2025-09-09,NDLS,NEW DELHI,0.0,0
12628,2025-09-09,MTJ,MATHURA JN,13.0,141
12628,2025-09-09,AGC,AGRA CANTT,11.0,195
12628,2025-09-09,GWL,GWALIOR,0.0,313
12628,2025-09-09,VGLJ,V LAKSHMIBAI JHANSI,0.0,410
12628,2025-09-09,BINA,BINA JN,0.0,563
12628,2025-09-09,BPL,BHOPAL JN,19.0,701
12628,2025-09-09,ET,ITARSI JN,18.0,793
12628,2025-09-09,KNW,KHANDWA,2.0,976
12628,2025-09-09,BAU,BURHANPUR,9.0,1045
12628,2025-09-09,BSL,BHUSAVAL JN,1.0,1100
12628,2025-09-09,JL,JALGAON JN,0.0,1124
12628,2025-09-09,MMR,MANMAD JN,49.0,1284
12628,2025-09-09,KPG,KOPARGAON,37.0,1326
12628,2025-09-09,BAP,BELAPUR,45.0,1370
12628,2025-09-09,ANG,AHMADNAGAR,35.0,1437
12628,2025-09-09,DD,DAUND JN,32.0,1520
12628,2025-09-09,KWV,KURDUVADI,33.0,1630
12628,2025-09-09,SUR,SOLAPUR JN,5.0,1708
12628,2025-09-09,KLBG,KALABURAGI JN,1.0,1821
12628,2025-09-09,WADI,WADI,0.0,1858
12628,2025-09-09,YG,YADGIR,8.0,1897
12628,2025-09-09,RC,RAICHUR,10.0,1965
12628,2025-09-09,MALM,MANTHRALAYAM RD,12.0,1994
12628,2025-09-09,AD,ADONI,10.0,2035
12628,2025-09-09,GTL,GUNTAKAL JN,2.0,2086
12628,2025-09-09,ATP,ANANTAPUR,2.0,2172
12628,2025-09-09,DMM,DHARMAVARAM JN,3.0,2205
12628,2025-09-09,SSPN,SAI P NILAYAM,15.0,2238
12628,2025-09-09,PKD,PENUKONDA,13.0,2259
12628,2025-09-09,HUP,HINDUPUR,20.0,2296
12628,2025-09-09,YNK,YELHANKA JN,14.0,2379
12628,2025-09-09,BNC,BANGALORE CANT,12.0,2402
12628,2025-09-09,SBC,KSR BANGALORE CY JN,-28.0,2406
12628,2025-09-10,NDLS,NEW DELHI,0.0,0
12628,2025-09-10,MTJ,MATHURA JN,16.0,141
12628,2025-09-10,AGC,AGRA CANTT,18.0,195
12628,2025-09-10,GWL,GWALIOR,12.0,313
12628,2025-09-10,VGLJ,V LAKSHMIBAI JHANSI,15.0,410
12628,2025-09-10,BINA,BINA JN,0.0,563
12628,2025-09-10,BPL,BHOPAL JN,6.0,701
12628,2025-09-10,ET,ITARSI JN,1.0,793
12628,2025-09-10,KNW,KHANDWA,0.0,976
12628,2025-09-10,BAU,BURHANPUR,0.0,1045
12628,2025-09-10,BSL,BHUSAVAL JN,0.0,1100
12628,2025-09-10,JL,JALGAON JN,17.0,1124
12628,2025-09-10,MMR,MANMAD JN,85.0,1284
12628,2025-09-10,KPG,KOPARGAON,75.0,1326
12628,2025-09-10,BAP,BELAPUR,75.0,1370
12628,2025-09-10,ANG,AHMADNAGAR,103.0,1437
12628,2025-09-10,DD,DAUND JN,145.0,1520
12628,2025-09-10,KWV,KURDUVADI,148.0,1630
12628,2025-09-10,SUR,SOLAPUR JN,124.0,1708
12628,2025-09-10,KLBG,KALABURAGI JN,138.0,1821
12628,2025-09-10,WADI,WADI,91.0,1858
12628,2025-09-10,YG,YADGIR,98.0,1897
12628,2025-09-10,RC,RAICHUR,100.0,1965
12628,2025-09-10,MALM,MANTHRALAYAM RD,104.0,1994
12628,2025-09-10,AD,ADONI,100.0,2035
12628,2025-09-10,GTL,GUNTAKAL JN,87.0,2086
12628,2025-09-10,ATP,ANANTAPUR,89.0,2172
12628,2025-09-10,DMM,DHARMAVARAM JN,51.0,2205
12628,2025-09-10,SSPN,SAI P NILAYAM,57.0,2238
12628,2025-09-10,PKD,PENUKONDA,51.0,2259
12628,2025-09-10,HUP,HINDUPUR,57.0,2296
12628,2025-09-10,YNK,YELHANKA JN,50.0,2379
12628,2025-09-10,BNC,BANGALORE CANT,57.0,2402
12628,2025-09-10,SBC,KSR BANGALORE CY JN,17.0,2406
12628,2025-09-11,NDLS,NEW DELHI,2.0,0
12628,2025-09-11,MTJ,MATHURA JN,18.0,141
12628,2025-09-11,AGC,AGRA CANTT,10.0,195
12628,2025-09-11,GWL,GWALIOR,6.0,313
12628,2025-09-11,VGLJ,V LAKSHMIBAI JHANSI,0.0,410
12628,2025-09-11,BINA,BINA JN,2.0,563
12628,2025-09-11,BPL,BHOPAL JN,0.0,701
12628,2025-09-11,ET,ITARSI JN,5.0,793
12628,2025-09-11,KNW,KHANDWA,7.0,976
12628,2025-09-11,BAU,BURHANPUR,13.0,1045
12628,2025-09-11,BSL,BHUSAVAL JN,13.0,1100
12628,2025-09-11,JL,JALGAON JN,30.0,1124
12628,2025-09-11,MMR,MANMAD JN,36.0,1284
12628,2025-09-11,KPG,KOPARGAON,26.0,1326
12628,2025-09-11,BAP,BELAPUR,35.0,1370
12628,2025-09-11,ANG,AHMADNAGAR,23.0,1437
12628,2025-09-11,DD,DAUND JN,22.0,1520
12628,2025-09-11,KWV,KURDUVADI,45.0,1630
12628,2025-09-11,SUR,SOLAPUR JN,32.0,1708
12628,2025-09-11,KLBG,KALABURAGI JN,36.0,1821
12628,2025-09-11,WADI,WADI,1.0,1858
12628,2025-09-11,YG,YADGIR,15.0,1897
12628,2025-09-11,RC,RAICHUR,22.0,1965
12628,2025-09-11,MALM,MANTHRALAYAM RD,25.0,1994
12628,2025-09-11,AD,ADONI,31.0,2035
12628,2025-09-11,GTL,GUNTAKAL JN,26.0,2086
12628,2025-09-11,ATP,ANANTAPUR,21.0,2172
12628,2025-09-11,DMM,DHARMAVARAM JN,2.0,2205
12628,2025-09-11,SSPN,SAI P NILAYAM,10.0,2238
12628,2025-09-11,PKD,PENUKONDA,7.0,2259
12628,2025-09-11,HUP,HINDUPUR,13.0,2296
12628,2025-09-11,YNK,YELHANKA JN,1.0,2379
12628,2025-09-11,BNC,BANGALORE CANT,10.0,2402
12628,2025-09-11,SBC,KSR BANGALORE CY JN,-31.0,2406
12628,2025-09-12,NDLS,NEW DELHI,2.0,0
12628,2025-09-12,MTJ,MATHURA JN,35.0,141
12628,2025-09-12,AGC,AGRA CANTT,19.0,195
12628,2025-09-12,GWL,GWALIOR,28.0,313
12628,2025-09-12,VGLJ,V LAKSHMIBAI JHANSI,24.0,410
12628,2025-09-12,BINA,BINA JN,1.0,563
12628,2025-09-12,BPL,BHOPAL JN,5.0,701
12628,2025-09-12,ET,ITARSI JN,1.0,793
12628,2025-09-12,KNW,KHANDWA,1.0,976
12628,2025-09-12,BAU,BURHANPUR,3.0,1045
12628,2025-09-12,BSL,BHUSAVAL JN,1.0,1100
12628,2025-09-12,JL,JALGAON JN,5.0,1124
12628,2025-09-12,MMR,MANMAD JN,22.0,1284
12628,2025-09-12,KPG,KOPARGAON,20.0,1326
12628,2025-09-12,BAP,BELAPUR,41.0,1370
12628,2025-09-12,ANG,AHMADNAGAR,36.0,1437
12628,2025-09-12,DD,DAUND JN,44.0,1520
12628,2025-09-12,KWV,KURDUVADI,58.0,1630
12628,2025-09-12,SUR,SOLAPUR JN,40.0,1708
12628,2025-09-12,KLBG,KALABURAGI JN,44.0,1821
12628,2025-09-12,WADI,WADI,0.0,1858
12628,2025-09-12,YG,YADGIR,7.0,1897
12628,2025-09-12,RC,RAICHUR,4.0,1965
12628,2025-09-12,MALM,MANTHRALAYAM RD,8.0,1994
12628,2025-09-12,AD,ADONI,3.0,2035
12628,2025-09-12,GTL,GUNTAKAL JN,1.0,2086
12628,2025-09-12,ATP,ANANTAPUR,1.0,2172
12628,2025-09-12,DMM,DHARMAVARAM JN,1.0,2205
12628,2025-09-12,SSPN,SAI P NILAYAM,11.0,2238
12628,2025-09-12,PKD,PENUKONDA,9.0,2259
12628,2025-09-12,HUP,HINDUPUR,14.0,2296
12628,2025-09-12,YNK,YELHANKA JN,0.0,2379
12628,2025-09-12,BNC,BANGALORE CANT,19.0,2402
12628,2025-09-12,SBC,KSR BANGALORE CY JN,-21.0,2406
12628,2025-09-13,NDLS,NEW DELHI,0.0,0
12628,2025-09-13,MTJ,MATHURA JN,24.0,141
12628,2025-09-13,AGC,AGRA CANTT,16.0,195
12628,2025-09-13,GWL,GWALIOR,2.0,313
12628,2025-09-13,VGLJ,V LAKSHMIBAI JHANSI,0.0,410
12628,2025-09-13,BINA,BINA JN,0.0,563
12628,2025-09-13,BPL,BHOPAL JN,0.0,701
12628,2025-09-13,ET,ITARSI JN,3.0,793
12628,2025-09-13,KNW,KHANDWA,2.0,976
12628,2025-09-13,BAU,BURHANPUR,7.0,1045
12628,2025-09-13,BSL,BHUSAVAL JN,2.0,1100
12628,2025-09-13,JL,JALGAON JN,5.0,1124
12628,2025-09-13,MMR,MANMAD JN,10.0,1284
12628,2025-09-13,KPG,KOPARGAON,7.0,1326
12628,2025-09-13,BAP,BELAPUR,27.0,1370
12628,2025-09-13,ANG,AHMADNAGAR,15.0,1437
12628,2025-09-13,DD,DAUND JN,47.0,1520
12628,2025-09-13,KWV,KURDUVADI,54.0,1630
12628,2025-09-13,SUR,SOLAPUR JN,33.0,1708
12628,2025-09-13,KLBG,KALABURAGI JN,53.0,1821
12628,2025-09-13,WADI,WADI,5.0,1858
12628,2025-09-13,YG,YADGIR,15.0,1897
12628,2025-09-13,RC,RAICHUR,11.0,1965
12628,2025-09-13,MALM,MANTHRALAYAM RD,15.0,1994
12628,2025-09-13,AD,ADONI,11.0,2035
12628,2025-09-13,GTL,GUNTAKAL JN,25.0,2086
12628,2025-09-13,ATP,ANANTAPUR,17.0,2172
12628,2025-09-13,DMM,DHARMAVARAM JN,0.0,2205
12628,2025-09-13,SSPN,SAI P NILAYAM,7.0,2238
12628,2025-09-13,PKD,PENUKONDA,3.0,2259
12628,2025-09-13,HUP,HINDUPUR,11.0,2296
12628,2025-09-13,YNK,YELHANKA JN,18.0,2379
12628,2025-09-13,BNC,BANGALORE CANT,14.0,2402
12628,2025-09-13,SBC,KSR BANGALORE CY JN,-22.0,2406
12628,2025-09-14,NDLS,NEW DELHI,1.0,0
12628,2025-09-14,MTJ,MATHURA JN,27.0,141
12628,2025-09-14,AGC,AGRA CANTT,12.0,195
12628,2025-09-14,GWL,GWALIOR,10.0,313
12628,2025-09-14,VGLJ,V LAKSHMIBAI JHANSI,0.0,410
12628,2025-09-14,BINA,BINA JN,2.0,563
12628,2025-09-14,BPL,BHOPAL JN,4.0,701
12628,2025-09-14,ET,ITARSI JN,0.0,793
12628,2025-09-14,KNW,KHANDWA,7.0,976
12628,2025-09-14,BAU,BURHANPUR,12.0,1045
12628,2025-09-14,BSL,BHUSAVAL JN,13.0,1100
12628,2025-09-14,JL,JALGAON JN,19.0,1124
12628,2025-09-14,MMR,MANMAD JN,168.0,1284
12628,2025-09-14,KPG,KOPARGAON,166.0,1326
12628,2025-09-14,BAP,BELAPUR,168.0,1370
12628,2025-09-14,ANG,AHMADNAGAR,178.0,1437
12628,2025-09-14,DD,DAUND JN,159.0,1520
12628,2025-09-14,KWV,KURDUVADI,166.0,1630
12628,2025-09-14,SUR,SOLAPUR JN,153.0,1708
12628,2025-09-14,KLBG,KALABURAGI JN,157.0,1821
12628,2025-09-14,WADI,WADI,114.0,1858
12628,2025-09-14,YG,YADGIR,123.0,1897
12628,2025-09-14,RC,RAICHUR,102.0,1965
12628,2025-09-14,MALM,MANTHRALAYAM RD,106.0,1994
12628,2025-09-14,AD,ADONI,102.0,2035
12628,2025-09-14,GTL,GUNTAKAL JN,86.0,2086
12628,2025-09-14,ATP,ANANTAPUR,91.0,2172
12628,2025-09-14,DMM,DHARMAVARAM JN,55.0,2205
12628,2025-09-14,SSPN,SAI P NILAYAM,61.0,2238
12628,2025-09-14,PKD,PENUKONDA,55.0,2259
12628,2025-09-14,HUP,HINDUPUR,70.0,2296
12628,2025-09-14,YNK,YELHANKA JN,53.0,2379
12628,2025-09-14,BNC,BANGALORE CANT,62.0,2402
12628,2025-09-14,SBC,KSR BANGALORE CY JN,21.0,2406
12628,2025-09-15,NDLS,NEW DELHI,0.0,0
12628,2025-09-15,MTJ,MATHURA JN,20.0,141
12628,2025-09-15,AGC,AGRA CANTT,17.0,195
12628,2025-09-15,GWL,GWALIOR,0.0,313
12628,2025-09-15,VGLJ,V LAKSHMIBAI JHANSI,1.0,410
12628,2025-09-15,BINA,BINA JN,2.0,563
12628,2025-09-15,BPL,BHOPAL JN,2.0,701
12628,2025-09-15,ET,ITARSI JN,1.0,793
12628,2025-09-15,KNW,KHANDWA,31.0,976
12628,2025-09-15,BAU,BURHANPUR,34.0,1045
12628,2025-09-15,BSL,BHUSAVAL JN,31.0,1100
12628,2025-09-15,JL,JALGAON JN,50.0,1124
12628,2025-09-15,MMR,MANMAD JN,40.0,1284
12628,2025-09-15,KPG,KOPARGAON,31.0,1326
12628,2025-09-15,BAP,BELAPUR,40.0,1370
12628,2025-09-15,ANG,AHMADNAGAR,50.0,1437
12628,2025-09-15,DD,DAUND JN,54.0,1520
12628,2025-09-15,KWV,KURDUVADI,54.0,1630
12628,2025-09-15,SUR,SOLAPUR JN,35.0,1708
12628,2025-09-15,KLBG,KALABURAGI JN,45.0,1821
12628,2025-09-15,WADI,WADI,8.0,1858
12628,2025-09-15,YG,YADGIR,23.0,1897
12628,2025-09-15,RC,RAICHUR,9.0,1965
12628,2025-09-15,MALM,MANTHRALAYAM RD,12.0,1994
12628,2025-09-15,AD,ADONI,6.0,2035
12628,2025-09-15,GTL,GUNTAKAL JN,3.0,2086
12628,2025-09-15,ATP,ANANTAPUR,1.0,2172
12628,2025-09-15,DMM,DHARMAVARAM JN,0.0,2205
12628,2025-09-15,SSPN,SAI P NILAYAM,8.0,2238
12628,2025-09-15,PKD,PENUKONDA,6.0,2259
12628,2025-09-15,HUP,HINDUPUR,13.0,2296
12628,2025-09-15,YNK,YELHANKA JN,3.0,2379
12628,2025-09-15,BNC,BANGALORE CANT,16.0,2402
12628,2025-09-15,SBC,KSR BANGALORE CY JN,-24.0,2406
12628,2025-09-16,NDLS,NEW DELHI,3.0,0
12628,2025-09-16,MTJ,MATHURA JN,29.0,141
12628,2025-09-16,AGC,AGRA CANTT,17.0,195
12628,2025-09-16,GWL,GWALIOR,151.0,313
12628,2025-09-16,VGLJ,V LAKSHMIBAI JHANSI,13.0,410
12628,2025-09-16,BINA,BINA JN,446.0,563
12628,2025-09-16,BPL,BHOPAL JN,493.0,701
12628,2025-09-16,ET,ITARSI JN,464.0,793
12628,2025-09-16,KNW,KHANDWA,453.0,976
12628,2025-09-16,BAU,BURHANPUR,449.0,1045
12628,2025-09-16,BSL,BHUSAVAL JN,445.0,1100
12628,2025-09-16,JL,JALGAON JN,454.0,1124
12628,2025-09-16,MMR,MANMAD JN,472.0,1284
12628,2025-09-16,KPG,KOPARGAON,466.0,1326
12628,2025-09-16,BAP,BELAPUR,471.0,1370
12628,2025-09-16,ANG,AHMADNAGAR,503.0,1437
12628,2025-09-16,DD,DAUND JN,509.0,1520
12628,2025-09-16,KWV,KURDUVADI,520.0,1630
12628,2025-09-16,SUR,SOLAPUR JN,501.0,1708
12628,2025-09-16,KLBG,KALABURAGI JN,503.0,1821
12628,2025-09-16,WADI,WADI,470.0,1858
12628,2025-09-16,YG,YADGIR,475.0,1897
12628,2025-09-16,RC,RAICHUR,483.0,1965
12628,2025-09-16,MALM,MANTHRALAYAM RD,495.0,1994
12628,2025-09-16,AD,ADONI,490.0,2035
12628,2025-09-16,GTL,GUNTAKAL JN,469.0,2086
12628,2025-09-16,ATP,ANANTAPUR,468.0,2172
12628,2025-09-16,DMM,DHARMAVARAM JN,430.0,2205
12628,2025-09-16,SSPN,SAI P NILAYAM,434.0,2238
12628,2025-09-16,PKD,PENUKONDA,427.0,2259
12628,2025-09-16,HUP,HINDUPUR,437.0,2296
12628,2025-09-16,YNK,YELHANKA JN,425.0,2379
12628,2025-09-16,BNC,BANGALORE CANT,431.0,2402
12628,2025-09-16,SBC,KSR BANGALORE CY JN,397.0,2406
12628,2025-09-17,NDLS,NEW DELHI,0.0,0
12628,2025-09-17,MTJ,MATHURA JN,22.0,141
12628,2025-09-17,AGC,AGRA CANTT,11.0,195
12628,2025-09-17,GWL,GWALIOR,0.0,313
12628,2025-09-17,VGLJ,V LAKSHMIBAI JHANSI,0.0,410
12628,2025-09-17,BINA,BINA JN,0.0,563
12628,2025-09-17,BPL,BHOPAL JN,0.0,701
12628,2025-09-17,ET,ITARSI JN,9.0,793
12628,2025-09-17,KNW,KHANDWA,3.0,976
12628,2025-09-17,BAU,BURHANPUR,10.0,1045
12628,2025-09-17,BSL,BHUSAVAL JN,6.0,1100
12628,2025-09-17,JL,JALGAON JN,10.0,1124
12628,2025-09-17,MMR,MANMAD JN,44.0,1284
12628,2025-09-17,KPG,KOPARGAON,35.0,1326
12628,2025-09-17,BAP,BELAPUR,38.0,1370
12628,2025-09-17,ANG,AHMADNAGAR,43.0,1437
12628,2025-09-17,DD,DAUND JN,32.0,1520
12628,2025-09-17,KWV,KURDUVADI,35.0,1630
12628,2025-09-17,SUR,SOLAPUR JN,11.0,1708
12628,2025-09-17,KLBG,KALABURAGI JN,13.0,1821
12628,2025-09-17,WADI,WADI,1.0,1858
12628,2025-09-17,YG,YADGIR,10.0,1897
12628,2025-09-17,RC,RAICHUR,12.0,1965
12628,2025-09-17,MALM,MANTHRALAYAM RD,19.0,1994
12628,2025-09-17,AD,ADONI,15.0,2035
12628,2025-09-17,GTL,GUNTAKAL JN,7.0,2086
12628,2025-09-17,ATP,ANANTAPUR,5.0,2172
12628,2025-09-17,DMM,DHARMAVARAM JN,0.0,2205
12628,2025-09-17,SSPN,SAI P NILAYAM,37.0,2238
12628,2025-09-17,PKD,PENUKONDA,34.0,2259
12628,2025-09-17,HUP,HINDUPUR,39.0,2296
12628,2025-09-17,YNK,YELHANKA JN,54.0,2379
12628,2025-09-17,BNC,BANGALORE CANT,53.0,2402
12628,2025-09-17,SBC,KSR BANGALORE CY JN,12.0,2406
12628,2025-09-18,NDLS,NEW DELHI,1.0,0
12628,2025-09-18,MTJ,MATHURA JN,30.0,141
12628,2025-09-18,AGC,AGRA CANTT,18.0,195
12628,2025-09-18,GWL,GWALIOR,6.0,313
12628,2025-09-18,VGLJ,V LAKSHMIBAI JHANSI,2.0,410
12628,2025-09-18,BINA,BINA JN,9.0,563
12628,2025-09-18,BPL,BHOPAL JN,7.0,701
12628,2025-09-18,ET,ITARSI JN,0.0,793
12628,2025-09-18,KNW,KHANDWA,40.0,976
12628,2025-09-18,BAU,BURHANPUR,55.0,1045
12628,2025-09-18,BSL,BHUSAVAL JN,52.0,1100
12628,2025-09-18,JL,JALGAON JN,57.0,1124
12628,2025-09-18,MMR,MANMAD JN,64.0,1284
12628,2025-09-18,KPG,KOPARGAON,58.0,1326
12628,2025-09-18,BAP,BELAPUR,69.0,1370
12628,2025-09-18,ANG,AHMADNAGAR,77.0,1437
12628,2025-09-18,DD,DAUND JN,96.0,1520
12628,2025-09-18,KWV,KURDUVADI,100.0,1630
12628,2025-09-18,SUR,SOLAPUR JN,93.0,1708
12628,2025-09-18,KLBG,KALABURAGI JN,111.0,1821
12628,2025-09-18,WADI,WADI,76.0,1858
12628,2025-09-18,YG,YADGIR,80.0,1897
12628,2025-09-18,RC,RAICHUR,75.0,1965
12628,2025-09-18,MALM,MANTHRALAYAM RD,81.0,1994
12628,2025-09-18,AD,ADONI,72.0,2035
12628,2025-09-18,GTL,GUNTAKAL JN,49.0,2086
12628,2025-09-18,ATP,ANANTAPUR,41.0,2172
12628,2025-09-18,DMM,DHARMAVARAM JN,4.0,2205
12628,2025-09-18,SSPN,SAI P NILAYAM,9.0,2238
12628,2025-09-18,PKD,PENUKONDA,5.0,2259
12628,2025-09-18,HUP,HINDUPUR,10.0,2296
12628,2025-09-18,YNK,YELHANKA JN,26.0,2379
12628,2025-09-18,BNC,BANGALORE CANT,25.0,2402
12628,2025-09-18,SBC,KSR BANGALORE CY JN,-17.0,2406
12628,2025-09-19,NDLS,NEW DELHI,1.0,0
12628,2025-09-19,MTJ,MATHURA JN,34.0,141
12628,2025-09-19,AGC,AGRA CANTT,27.0,195
12628,2025-09-19,GWL,GWALIOR,15.0,313
12628,2025-09-19,VGLJ,V LAKSHMIBAI JHANSI,11.0,410
12628,2025-09-19,BINA,BINA JN,13.0,563
12628,2025-09-19,BPL,BHOPAL JN,25.0,701
12628,2025-09-19,ET,ITARSI JN,1.0,793
12628,2025-09-19,KNW,KHANDWA,3.0,976
12628,2025-09-19,BAU,BURHANPUR,11.0,1045
12628,2025-09-19,BSL,BHUSAVAL JN,10.0,1100
12628,2025-09-19,JL,JALGAON JN,11.0,1124
12628,2025-09-19,MMR,MANMAD JN,36.0,1284
12628,2025-09-19,KPG,KOPARGAON,22.0,1326
12628,2025-09-19,BAP,BELAPUR,29.0,1370
12628,2025-09-19,ANG,AHMADNAGAR,45.0,1437
12628,2025-09-19,DD,DAUND JN,30.0,1520
12628,2025-09-19,KWV,KURDUVADI,32.0,1630
12628,2025-09-19,SUR,SOLAPUR JN,34.0,1708
12628,2025-09-19,KLBG,KALABURAGI JN,29.0,1821
12628,2025-09-19,WADI,WADI,0.0,1858
12628,2025-09-19,YG,YADGIR,6.0,1897
12628,2025-09-19,RC,RAICHUR,20.0,1965
12628,2025-09-19,MALM,MANTHRALAYAM RD,29.0,1994
12628,2025-09-19,AD,ADONI,30.0,2035
12628,2025-09-19,GTL,GUNTAKAL JN,11.0,2086
12628,2025-09-19,ATP,ANANTAPUR,3.0,2172
12628,2025-09-19,DMM,DHARMAVARAM JN,0.0,2205
12628,2025-09-19,SSPN,SAI P NILAYAM,7.0,2238
12628,2025-09-19,PKD,PENUKONDA,3.0,2259
12628,2025-09-19,HUP,HINDUPUR,10.0,2296
12628,2025-09-19,YNK,YELHANKA JN,1.0,2379
12628,2025-09-19,BNC,BANGALORE CANT,13.0,2402
12628,2025-09-19,SBC,KSR BANGALORE CY JN,-28.0,2406
12628,2025-09-20,NDLS,NEW DELHI,0.0,0
12628,2025-09-20,MTJ,MATHURA JN,14.0,141
12628,2025-09-20,AGC,AGRA CANTT,0.0,195
12628,2025-09-20,GWL,GWALIOR,0.0,313
12628,2025-09-20,VGLJ,V LAKSHMIBAI JHANSI,0.0,410
12628,2025-09-20,BINA,BINA JN,5.0,563
12628,2025-09-20,BPL,BHOPAL JN,9.0,701
12628,2025-09-20,ET,ITARSI JN,0.0,793
12628,2025-09-20,KNW,KHANDWA,0.0,976
12628,2025-09-20,BAU,BURHANPUR,11.0,1045
12628,2025-09-20,BSL,BHUSAVAL JN,9.0,1100
12628,2025-09-20,JL,JALGAON JN,6.0,1124
12628,2025-09-20,MMR,MANMAD JN,27.0,1284
12628,2025-09-20,KPG,KOPARGAON,21.0,1326
12628,2025-09-20,BAP,BELAPUR,44.0,1370
12628,2025-09-20,ANG,AHMADNAGAR,44.0,1437
12628,2025-09-20,DD,DAUND JN,34.0,1520
12628,2025-09-20,KWV,KURDUVADI,45.0,1630
12628,2025-09-20,SUR,SOLAPUR JN,93.0,1708
12628,2025-09-20,KLBG,KALABURAGI JN,99.0,1821
12628,2025-09-20,WADI,WADI,89.0,1858
12628,2025-09-20,YG,YADGIR,99.0,1897
12628,2025-09-20,RC,RAICHUR,115.0,1965
12628,2025-09-20,MALM,MANTHRALAYAM RD,124.0,1994
12628,2025-09-20,AD,ADONI,117.0,2035
12628,2025-09-20,GTL,GUNTAKAL JN,105.0,2086
12628,2025-09-20,ATP,ANANTAPUR,65.0,2172
12628,2025-09-20,DMM,DHARMAVARAM JN,75.0,2205
12628,2025-09-20,SSPN,SAI P NILAYAM,81.0,2238
12628,2025-09-20,PKD,PENUKONDA,76.0,2259
12628,2025-09-20,HUP,HINDUPUR,82.0,2296
12628,2025-09-20,YNK,YELHANKA JN,82.0,2379
12628,2025-09-20,BNC,BANGALORE CANT,47.0,2402
12628,2025-09-20,SBC,KSR BANGALORE CY JN,39.0,2406
12628,2025-09-21,NDLS,NEW DELHI,13.0,0
12628,2025-09-21,MTJ,MATHURA JN,52.0,141
12628,2025-09-21,AGC,AGRA CANTT,39.0,195
12628,2025-09-21,GWL,GWALIOR,15.0,313
12628,2025-09-21,VGLJ,V LAKSHMIBAI JHANSI,1.0,410
12628,2025-09-21,BINA,BINA JN,8.0,563
12628,2025-09-21,BPL,BHOPAL JN,2.0,701
12628,2025-09-21,ET,ITARSI JN,3.0,793
12628,2025-09-21,KNW,KHANDWA,1.0,976
12628,2025-09-21,BAU,BURHANPUR,14.0,1045
12628,2025-09-21,BSL,BHUSAVAL JN,15.0,1100
12628,2025-09-21,JL,JALGAON JN,14.0,1124
12628,2025-09-21,MMR,MANMAD JN,37.0,1284
12628,2025-09-21,KPG,KOPARGAON,23.0,1326
12628,2025-09-21,BAP,BELAPUR,29.0,1370
12628,2025-09-21,ANG,AHMADNAGAR,85.0,1437
12628,2025-09-21,DD,DAUND JN,79.0,1520
12628,2025-09-21,KWV,KURDUVADI,95.0,1630
12628,2025-09-21,SUR,SOLAPUR JN,70.0,1708
12628,2025-09-21,KLBG,KALABURAGI JN,69.0,1821
12628,2025-09-21,WADI,WADI,42.0,1858
12628,2025-09-21,YG,YADGIR,49.0,1897
12628,2025-09-21,RC,RAICHUR,50.0,1965
12628,2025-09-21,MALM,MANTHRALAYAM RD,53.0,1994
12628,2025-09-21,AD,ADONI,42.0,2035
12628,2025-09-21,GTL,GUNTAKAL JN,25.0,2086
12628,2025-09-21,ATP,ANANTAPUR,17.0,2172
12628,2025-09-21,DMM,DHARMAVARAM JN,1.0,2205
12628,2025-09-21,SSPN,SAI P NILAYAM,7.0,2238
12628,2025-09-21,PKD,PENUKONDA,3.0,2259
12628,2025-09-21,HUP,HINDUPUR,8.0,2296
12628,2025-09-21,YNK,YELHANKA JN,1.0,2379
12628,2025-09-21,BNC,BANGALORE CANT,16.0,2402
12628,2025-09-21,SBC,KSR BANGALORE CY JN,-26.0,2406
12628,2025-09-22,NDLS,NEW DELHI,0.0,0
12628,2025-09-22,MTJ,MATHURA JN,26.0,141
12628,2025-09-22,AGC,AGRA CANTT,10.0,195
12628,2025-09-22,GWL,GWALIOR,0.0,313
12628,2025-09-22,VGLJ,V LAKSHMIBAI JHANSI,5.0,410
12628,2025-09-22,BINA,BINA JN,16.0,563
12628,2025-09-22,BPL,BHOPAL JN,22.0,701
12628,2025-09-22,ET,ITARSI JN,3.0,793
12628,2025-09-22,KNW,KHANDWA,4.0,976
12628,2025-09-22,BAU,BURHANPUR,12.0,1045
12628,2025-09-22,BSL,BHUSAVAL JN,3.0,1100
12628,2025-09-22,JL,JALGAON JN,2.0,1124
12628,2025-09-22,MMR,MANMAD JN,13.0,1284
12628,2025-09-22,KPG,KOPARGAON,10.0,1326
12628,2025-09-22,BAP,BELAPUR,25.0,1370
12628,2025-09-22,ANG,AHMADNAGAR,132.0,1437
12628,2025-09-22,DD,DAUND JN,122.0,1520
12628,2025-09-22,KWV,KURDUVADI,135.0,1630
12628,2025-09-22,SUR,SOLAPUR JN,122.0,1708
12628,2025-09-22,KLBG,KALABURAGI JN,112.0,1821
12628,2025-09-22,WADI,WADI,81.0,1858
12628,2025-09-22,YG,YADGIR,90.0,1897
12628,2025-09-22,RC,RAICHUR,77.0,1965
12628,2025-09-22,MALM,MANTHRALAYAM RD,81.0,1994
12628,2025-09-22,AD,ADONI,71.0,2035
12628,2025-09-22,GTL,GUNTAKAL JN,75.0,2086
12628,2025-09-22,ATP,ANANTAPUR,65.0,2172
12628,2025-09-22,DMM,DHARMAVARAM JN,36.0,2205
12628,2025-09-22,SSPN,SAI P NILAYAM,38.0,2238
12628,2025-09-22,PKD,PENUKONDA,32.0,2259
12628,2025-09-22,HUP,HINDUPUR,41.0,2296
12628,2025-09-22,YNK,YELHANKA JN,48.0,2379
12628,2025-09-22,BNC,BANGALORE CANT,45.0,2402
12628,2025-09-22,SBC,KSR BANGALORE CY JN,5.0,2406
12628,2025-09-23,NDLS,NEW DELHI,0.0,0
12628,2025-09-23,MTJ,MATHURA JN,31.0,141
12628,2025-09-23,AGC,AGRA CANTT,22.0,195
12628,2025-09-23,GWL,GWALIOR,8.0,313
12628,2025-09-23,VGLJ,V LAKSHMIBAI JHANSI,0.0,410
12628,2025-09-23,BINA,BINA JN,3.0,563
12628,2025-09-23,BPL,BHOPAL JN,0.0,701
12628,2025-09-23,ET,ITARSI JN,1.0,793
12628,2025-09-23,KNW,KHANDWA,9.0,976
12628,2025-09-23,BAU,BURHANPUR,9.0,1045
12628,2025-09-23,BSL,BHUSAVAL JN,8.0,1100
12628,2025-09-23,JL,JALGAON JN,8.0,1124
12628,2025-09-23,MMR,MANMAD JN,27.0,1284
12628,2025-09-23,KPG,KOPARGAON,62.0,1326
12628,2025-09-23,BAP,BELAPUR,125.0,1370
12628,2025-09-23,ANG,AHMADNAGAR,251.0,1437
12628,2025-09-23,DD,DAUND JN,239.0,1520
12628,2025-09-23,KWV,KURDUVADI,331.0,1630
12628,2025-09-23,SUR,SOLAPUR JN,478.0,1708
12628,2025-09-23,KLBG,KALABURAGI JN,478.0,1821
12628,2025-09-23,WADI,WADI,427.0,1858
12628,2025-09-23,YG,YADGIR,434.0,1897
12628,2025-09-23,RC,RAICHUR,456.0,1965
12628,2025-09-23,MALM,MANTHRALAYAM RD,462.0,1994
12628,2025-09-23,AD,ADONI,457.0,2035
12628,2025-09-23,GTL,GUNTAKAL JN,450.0,2086
12628,2025-09-23,ATP,ANANTAPUR,453.0,2172
12628,2025-09-23,DMM,DHARMAVARAM JN,414.0,2205
12628,2025-09-23,SSPN,SAI P NILAYAM,417.0,2238
12628,2025-09-23,PKD,PENUKONDA,409.0,2259
12628,2025-09-23,HUP,HINDUPUR,416.0,2296
12628,2025-09-23,YNK,YELHANKA JN,403.0,2379
12628,2025-09-23,BNC,BANGALORE CANT,375.0,2402
12628,2025-09-23,SBC,KSR BANGALORE CY JN,388.0,2406
12628,2025-09-24,NDLS,NEW DELHI,0.0,0
12628,2025-09-24,MTJ,MATHURA JN,20.0,141
12628,2025-09-24,AGC,AGRA CANTT,16.0,195
12628,2025-09-24,GWL,GWALIOR,1.0,313
12628,2025-09-24,VGLJ,V LAKSHMIBAI JHANSI,6.0,410
12628,2025-09-24,BINA,BINA JN,10.0,563
12628,2025-09-24,BPL,BHOPAL JN,13.0,701
12628,2025-09-24,ET,ITARSI JN,16.0,793
12628,2025-09-24,KNW,KHANDWA,1.0,976
12628,2025-09-24,BAU,BURHANPUR,11.0,1045
12628,2025-09-24,BSL,BHUSAVAL JN,9.0,1100
12628,2025-09-24,JL,JALGAON JN,13.0,1124
12628,2025-09-24,MMR,MANMAD JN,41.0,1284
12628,2025-09-24,KPG,KOPARGAON,33.0,1326
12628,2025-09-24,BAP,BELAPUR,35.0,1370
12628,2025-09-24,ANG,AHMADNAGAR,30.0,1437
12628,2025-09-24,DD,DAUND JN,32.0,1520
12628,2025-09-24,KWV,KURDUVADI,58.0,1630
12628,2025-09-24,SUR,SOLAPUR JN,50.0,1708
12628,2025-09-24,KLBG,KALABURAGI JN,62.0,1821
12628,2025-09-24,WADI,WADI,15.0,1858
12628,2025-09-24,YG,YADGIR,23.0,1897
12628,2025-09-24,RC,RAICHUR,32.0,1965
12628,2025-09-24,MALM,MANTHRALAYAM RD,35.0,1994
12628,2025-09-24,AD,ADONI,24.0,2035
12628,2025-09-24,GTL,GUNTAKAL JN,22.0,2086
12628,2025-09-24,ATP,ANANTAPUR,10.0,2172
12628,2025-09-24,DMM,DHARMAVARAM JN,3.0,2205
12628,2025-09-24,SSPN,SAI P NILAYAM,10.0,2238
12628,2025-09-24,PKD,PENUKONDA,14.0,2259
12628,2025-09-24,HUP,HINDUPUR,12.0,2296
12628,2025-09-24,YNK,YELHANKA JN,0.0,2379
12628,2025-09-24,BNC,BANGALORE CANT,0.0,2402
12628,2025-09-24,SBC,KSR BANGALORE CY JN,-31.0,2406
12628,2025-09-25,NDLS,NEW DELHI,305.0,0
12628,2025-09-25,MTJ,MATHURA JN,319.0,141
12628,2025-09-25,AGC,AGRA CANTT,304.0,195
12628,2025-09-25,GWL,GWALIOR,290.0,313
12628,2025-09-25,VGLJ,V LAKSHMIBAI JHANSI,272.0,410
12628,2025-09-25,BINA,BINA JN,270.0,563
12628,2025-09-25,BPL,BHOPAL JN,278.0,701
12628,2025-09-25,ET,ITARSI JN,257.0,793
12628,2025-09-25,KNW,KHANDWA,224.0,976
12628,2025-09-25,BAU,BURHANPUR,297.0,1045
12628,2025-09-25,BSL,BHUSAVAL JN,416.0,1100
12628,2025-09-25,JL,JALGAON JN,464.0,1124
12628,2025-09-25,MMR,MANMAD JN,472.0,1284
12628,2025-09-25,KPG,KOPARGAON,472.0,1326
12628,2025-09-25,BAP,BELAPUR,473.0,1370
12628,2025-09-25,ANG,AHMADNAGAR,480.0,1437
12628,2025-09-25,DD,DAUND JN,473.0,1520
12628,2025-09-25,KWV,KURDUVADI,510.0,1630
12628,2025-09-25,SUR,SOLAPUR JN,506.0,1708
12628,2025-09-25,KLBG,KALABURAGI JN,520.0,1821
12628,2025-09-25,WADI,WADI,476.0,1858
12628,2025-09-25,YG,YADGIR,486.0,1897
12628,2025-09-25,RC,RAICHUR,503.0,1965
12628,2025-09-25,MALM,MANTHRALAYAM RD,524.0,1994
12628,2025-09-25,AD,ADONI,523.0,2035
12628,2025-09-25,GTL,GUNTAKAL JN,505.0,2086
12628,2025-09-25,ATP,ANANTAPUR,506.0,2172
12628,2025-09-25,DMM,DHARMAVARAM JN,475.0,2205
12628,2025-09-25,SSPN,SAI P NILAYAM,481.0,2238
12628,2025-09-25,PKD,PENUKONDA,485.0,2259
12628,2025-09-25,HUP,HINDUPUR,497.0,2296
12628,2025-09-25,YNK,YELHANKA JN,480.0,2379
12628,2025-09-25,BNC,BANGALORE CANT,485.0,2402
12628,2025-09-25,SBC,KSR BANGALORE CY JN,452.0,2406
12628,2025-09-26,NDLS,NEW DELHI,9.0,0
12628,2025-09-26,MTJ,MATHURA JN,36.0,141
12628,2025-09-26,AGC,AGRA CANTT,22.0,195
12628,2025-09-26,GWL,GWALIOR,17.0,313
12628,2025-09-26,VGLJ,V LAKSHMIBAI JHANSI,5.0,410
12628,2025-09-26,BINA,BINA JN,8.0,563
12628,2025-09-26,BPL,BHOPAL JN,15.0,701
12628,2025-09-26,ET,ITARSI JN,0.0,793
12628,2025-09-26,KNW,KHANDWA,0.0,976
12628,2025-09-26,BAU,BURHANPUR,2.0,1045
12628,2025-09-26,BSL,BHUSAVAL JN,0.0,1100
12628,2025-09-26,JL,JALGAON JN,0.0,1124
12628,2025-09-26,MMR,MANMAD JN,32.0,1284
12628,2025-09-26,KPG,KOPARGAON,20.0,1326
12628,2025-09-26,BAP,BELAPUR,31.0,1370
12628,2025-09-26,ANG,AHMADNAGAR,21.0,1437
12628,2025-09-26,DD,DAUND JN,18.0,1520
12628,2025-09-26,KWV,KURDUVADI,58.0,1630
12628,2025-09-26,SUR,SOLAPUR JN,71.0,1708
12628,2025-09-26,KLBG,KALABURAGI JN,64.0,1821
12628,2025-09-26,WADI,WADI,19.0,1858
12628,2025-09-26,YG,YADGIR,49.0,1897
12628,2025-09-26,RC,RAICHUR,69.0,1965
12628,2025-09-26,MALM,MANTHRALAYAM RD,73.0,1994
12628,2025-09-26,AD,ADONI,64.0,2035
12628,2025-09-26,GTL,GUNTAKAL JN,48.0,2086
12628,2025-09-26,ATP,ANANTAPUR,48.0,2172
12628,2025-09-26,DMM,DHARMAVARAM JN,22.0,2205
12628,2025-09-26,SSPN,SAI P NILAYAM,32.0,2238
12628,2025-09-26,PKD,PENUKONDA,30.0,2259
12628,2025-09-26,HUP,HINDUPUR,42.0,2296
12628,2025-09-26,YNK,YELHANKA JN,26.0,2379
12628,2025-09-26,BNC,BANGALORE CANT,30.0,2402
12628,2025-09-26,SBC,KSR BANGALORE CY JN,0.0,2406
12628,2025-09-27,NDLS,NEW DELHI,1.0,0
12628,2025-09-27,MTJ,MATHURA JN,21.0,141
12628,2025-09-27,AGC,AGRA CANTT,8.0,195
12628,2025-09-27,GWL,GWALIOR,0.0,313
12628,2025-09-27,VGLJ,V LAKSHMIBAI JHANSI,0.0,410
12628,2025-09-27,BINA,BINA JN,1.0,563
12628,2025-09-27,BPL,BHOPAL JN,1.0,701
12628,2025-09-27,ET,ITARSI JN,0.0,793
12628,2025-09-27,KNW,KHANDWA,4.0,976
12628,2025-09-27,BAU,BURHANPUR,6.0,1045
12628,2025-09-27,BSL,BHUSAVAL JN,11.0,1100
12628,2025-09-27,JL,JALGAON JN,9.0,1124
12628,2025-09-27,MMR,MANMAD JN,35.0,1284
12628,2025-09-27,KPG,KOPARGAON,35.0,1326
12628,2025-09-27,BAP,BELAPUR,44.0,1370
12628,2025-09-27,ANG,AHMADNAGAR,48.0,1437
12628,2025-09-27,DD,DAUND JN,32.0,1520
12628,2025-09-27,KWV,KURDUVADI,68.0,1630
12628,2025-09-27,SUR,SOLAPUR JN,50.0,1708
12628,2025-09-27,KLBG,KALABURAGI JN,56.0,1821
12628,2025-09-27,WADI,WADI,8.0,1858
12628,2025-09-27,YG,YADGIR,15.0,1897
12628,2025-09-27,RC,RAICHUR,25.0,1965
12628,2025-09-27,MALM,MANTHRALAYAM RD,28.0,1994
12628,2025-09-27,AD,ADONI,16.0,2035
12628,2025-09-27,GTL,GUNTAKAL JN,11.0,2086
12628,2025-09-27,ATP,ANANTAPUR,13.0,2172
12628,2025-09-27,DMM,DHARMAVARAM JN,2.0,2205
12628,2025-09-27,SSPN,SAI P NILAYAM,8.0,2238
12628,2025-09-27,PKD,PENUKONDA,6.0,2259
12628,2025-09-27,HUP,HINDUPUR,19.0,2296
12628,2025-09-27,YNK,YELHANKA JN,5.0,2379
12628,2025-09-27,BNC,BANGALORE CANT,24.0,2402
12628,2025-09-27,SBC,KSR BANGALORE CY JN,-16.0,2406
12628,2025-09-28,NDLS,NEW DELHI,2.0,0
12628,2025-09-28,MTJ,MATHURA JN,29.0,141
12628,2025-09-28,AGC,AGRA CANTT,24.0,195
12628,2025-09-28,GWL,GWALIOR,9.0,313
12628,2025-09-28,VGLJ,V LAKSHMIBAI JHANSI,1.0,410
12628,2025-09-28,BINA,BINA JN,0.0,563
12628,2025-09-28,BPL,BHOPAL JN,4.0,701
12628,2025-09-28,ET,ITARSI JN,1.0,793
12628,2025-09-28,KNW,KHANDWA,0.0,976
12628,2025-09-28,BAU,BURHANPUR,10.0,1045
12628,2025-09-28,BSL,BHUSAVAL JN,22.0,1100
12628,2025-09-28,JL,JALGAON JN,39.0,1124
12628,2025-09-28,MMR,MANMAD JN,109.0,1284
12628,2025-09-28,KPG,KOPARGAON,94.0,1326
12628,2025-09-28,BAP,BELAPUR,104.0,1370
12628,2025-09-28,ANG,AHMADNAGAR,95.0,1437
12628,2025-09-28,DD,DAUND JN,100.0,1520
12628,2025-09-28,KWV,KURDUVADI,103.0,1630
12628,2025-09-28,SUR,SOLAPUR JN,89.0,1708
12628,2025-09-28,KLBG,KALABURAGI JN,78.0,1821
12628,2025-09-28,WADI,WADI,48.0,1858
12628,2025-09-28,YG,YADGIR,58.0,1897
12628,2025-09-28,RC,RAICHUR,42.0,1965
12628,2025-09-28,MALM,MANTHRALAYAM RD,45.0,1994
12628,2025-09-28,AD,ADONI,34.0,2035
12628,2025-09-28,GTL,GUNTAKAL JN,27.0,2086
12628,2025-09-28,ATP,ANANTAPUR,25.0,2172
12628,2025-09-28,DMM,DHARMAVARAM JN,1.0,2205
12628,2025-09-28,SSPN,SAI P NILAYAM,8.0,2238
12628,2025-09-28,PKD,PENUKONDA,4.0,2259
12628,2025-09-28,HUP,HINDUPUR,10.0,2296
12628,2025-09-28,YNK,YELHANKA JN,1.0,2379
12628,2025-09-28,BNC,BANGALORE CANT,1.0,2402
12628,2025-09-28,SBC,KSR BANGALORE CY JN,-40.0,2406
12628,2025-09-29,NDLS,NEW DELHI,0.0,0
12628,2025-09-29,MTJ,MATHURA JN,26.0,141
12628,2025-09-29,AGC,AGRA CANTT,17.0,195
12628,2025-09-29,GWL,GWALIOR,14.0,313
12628,2025-09-29,VGLJ,V LAKSHMIBAI JHANSI,6.0,410
12628,2025-09-29,BINA,BINA JN,0.0,563
12628,2025-09-29,BPL,BHOPAL JN,0.0,701
12628,2025-09-29,ET,ITARSI JN,1.0,793
12628,2025-09-29,KNW,KHANDWA,1.0,976
12628,2025-09-29,BAU,BURHANPUR,2.0,1045
12628,2025-09-29,BSL,BHUSAVAL JN,0.0,1100
12628,2025-09-29,JL,JALGAON JN,28.0,1124
12628,2025-09-29,MMR,MANMAD JN,111.0,1284
12628,2025-09-29,KPG,KOPARGAON,103.0,1326
12628,2025-09-29,BAP,BELAPUR,137.0,1370
12628,2025-09-29,ANG,AHMADNAGAR,132.0,1437
12628,2025-09-29,DD,DAUND JN,150.0,1520
12628,2025-09-29,KWV,KURDUVADI,158.0,1630
12628,2025-09-29,SUR,SOLAPUR JN,132.0,1708
12628,2025-09-29,KLBG,KALABURAGI JN,141.0,1821
12628,2025-09-29,WADI,WADI,93.0,1858
12628,2025-09-29,YG,YADGIR,110.0,1897
12628,2025-09-29,RC,RAICHUR,111.0,1965
12628,2025-09-29,MALM,MANTHRALAYAM RD,115.0,1994
12628,2025-09-29,AD,ADONI,105.0,2035
12628,2025-09-29,GTL,GUNTAKAL JN,101.0,2086
12628,2025-09-29,ATP,ANANTAPUR,96.0,2172
12628,2025-09-29,DMM,DHARMAVARAM JN,60.0,2205
12628,2025-09-29,SSPN,SAI P NILAYAM,69.0,2238
12628,2025-09-29,PKD,PENUKONDA,62.0,2259
12628,2025-09-29,HUP,HINDUPUR,69.0,2296
12628,2025-09-29,YNK,YELHANKA JN,46.0,2379
12628,2025-09-29,BNC,BANGALORE CANT,58.0,2402
12628,2025-09-29,SBC,KSR BANGALORE CY JN,16.0,2406
12628,2025-09-30,NDLS,NEW DELHI,1.0,0
12628,2025-09-30,MTJ,MATHURA JN,24.0,141
12628,2025-09-30,AGC,AGRA CANTT,16.0,195
12628,2025-09-30,GWL,GWALIOR,3.0,313
12628,2025-09-30,VGLJ,V LAKSHMIBAI JHANSI,10.0,410
12628,2025-09-30,BINA,BINA JN,13.0,563
12628,2025-09-30,BPL,BHOPAL JN,28.0,701
12628,2025-09-30,ET,ITARSI JN,13.0,793
12628,2025-09-30,KNW,KHANDWA,0.0,976
12628,2025-09-30,BAU,BURHANPUR,5.0,1045
12628,2025-09-30,BSL,BHUSAVAL JN,2.0,1100
12628,2025-09-30,JL,JALGAON JN,5.0,1124
12628,2025-09-30,MMR,MANMAD JN,114.0,1284
12628,2025-09-30,KPG,KOPARGAON,110.0,1326
12628,2025-09-30,BAP,BELAPUR,141.0,1370
12628,2025-09-30,ANG,AHMADNAGAR,138.0,1437
12628,2025-09-30,DD,DAUND JN,132.0,1520
12628,2025-09-30,KWV,KURDUVADI,139.0,1630
12628,2025-09-30,SUR,SOLAPUR JN,116.0,1708
12628,2025-09-30,KLBG,KALABURAGI JN,125.0,1821
12628,2025-09-30,WADI,WADI,79.0,1858
12628,2025-09-30,YG,YADGIR,96.0,1897
12628,2025-09-30,RC,RAICHUR,98.0,1965
12628,2025-09-30,MALM,MANTHRALAYAM RD,104.0,1994
12628,2025-09-30,AD,ADONI,96.0,2035
12628,2025-09-30,GTL,GUNTAKAL JN,87.0,2086
12628,2025-09-30,ATP,ANANTAPUR,81.0,2172
12628,2025-09-30,DMM,DHARMAVARAM JN,54.0,2205
12628,2025-09-30,SSPN,SAI P NILAYAM,60.0,2238
12628,2025-09-30,PKD,PENUKONDA,55.0,2259
12628,2025-09-30,HUP,HINDUPUR,61.0,2296
12628,2025-09-30,YNK,YELHANKA JN,55.0,2379
12628,2025-09-30,BNC,BANGALORE CANT,65.0,2402
12628,2025-09-30,SBC,KSR BANGALORE CY JN,24.0,2406
12628,2025-10-01,NDLS,NEW DELHI,6.0,0
12628,2025-10-01,MTJ,MATHURA JN,16.0,141
12628,2025-10-01,AGC,AGRA CANTT,8.0,195
12628,2025-10-01,GWL,GWALIOR,8.0,313
12628,2025-10-01,VGLJ,V LAKSHMIBAI JHANSI,10.0,410
12628,2025-10-01,BINA,BINA JN,7.0,563
12628,2025-10-01,BPL,BHOPAL JN,6.0,701
12628,2025-10-01,ET,ITARSI JN,10.0,793
12628,2025-10-01,KNW,KHANDWA,0.0,976
12628,2025-10-01,BAU,BURHANPUR,2.0,1045
12628,2025-10-01,BSL,BHUSAVAL JN,1.0,1100
12628,2025-10-01,JL,JALGAON JN,1.0,1124
12628,2025-10-01,MMR,MANMAD JN,44.0,1284
12628,2025-10-01,KPG,KOPARGAON,37.0,1326
12628,2025-10-01,BAP,BELAPUR,50.0,1370
12628,2025-10-01,ANG,AHMADNAGAR,50.0,1437
12628,2025-10-01,DD,DAUND JN,62.0,1520
12628,2025-10-01,KWV,KURDUVADI,83.0,1630
12628,2025-10-01,SUR,SOLAPUR JN,80.0,1708
12628,2025-10-01,KLBG,KALABURAGI JN,96.0,1821
12628,2025-10-01,WADI,WADI,68.0,1858
12628,2025-10-01,YG,YADGIR,75.0,1897
12628,2025-10-01,RC,RAICHUR,75.0,1965
12628,2025-10-01,MALM,MANTHRALAYAM RD,79.0,1994
12628,2025-10-01,AD,ADONI,69.0,2035
12628,2025-10-01,GTL,GUNTAKAL JN,48.0,2086
12628,2025-10-01,ATP,ANANTAPUR,51.0,2172
12628,2025-10-01,DMM,DHARMAVARAM JN,12.0,2205
12628,2025-10-01,SSPN,SAI P NILAYAM,41.0,2238
12628,2025-10-01,PKD,PENUKONDA,35.0,2259
12628,2025-10-01,HUP,HINDUPUR,40.0,2296
12628,2025-10-01,YNK,YELHANKA JN,17.0,2379
12628,2025-10-01,BNC,BANGALORE CANT,39.0,2402
12628,2025-10-01,SBC,KSR BANGALORE CY JN,-1.0,2406
12628,2025-10-02,NDLS,NEW DELHI,1.0,0
12628,2025-10-02,MTJ,MATHURA JN,16.0,141
12628,2025-10-02,AGC,AGRA CANTT,16.0,195
12628,2025-10-02,GWL,GWALIOR,0.0,313
12628,2025-10-02,VGLJ,V LAKSHMIBAI JHANSI,7.0,410
12628,2025-10-02,BINA,BINA JN,0.0,563
12628,2025-10-02,BPL,BHOPAL JN,4.0,701
12628,2025-10-02,ET,ITARSI JN,4.0,793
12628,2025-10-02,KNW,KHANDWA,6.0,976
12628,2025-10-02,BAU,BURHANPUR,6.0,1045
12628,2025-10-02,BSL,BHUSAVAL JN,0.0,1100
12628,2025-10-02,JL,JALGAON JN,5.0,1124
12628,2025-10-02,MMR,MANMAD JN,53.0,1284
12628,2025-10-02,KPG,KOPARGAON,44.0,1326
12628,2025-10-02,BAP,BELAPUR,52.0,1370
12628,2025-10-02,ANG,AHMADNAGAR,53.0,1437
12628,2025-10-02,DD,DAUND JN,49.0,1520
12628,2025-10-02,KWV,KURDUVADI,55.0,1630
12628,2025-10-02,SUR,SOLAPUR JN,37.0,1708
12628,2025-10-02,KLBG,KALABURAGI JN,48.0,1821
12628,2025-10-02,WADI,WADI,8.0,1858
12628,2025-10-02,YG,YADGIR,30.0,1897
12628,2025-10-02,RC,RAICHUR,38.0,1965
12628,2025-10-02,MALM,MANTHRALAYAM RD,42.0,1994
12628,2025-10-02,AD,ADONI,33.0,2035
12628,2025-10-02,GTL,GUNTAKAL JN,22.0,2086
12628,2025-10-02,ATP,ANANTAPUR,18.0,2172
12628,2025-10-02,DMM,DHARMAVARAM JN,1.0,2205
12628,2025-10-02,SSPN,SAI P NILAYAM,8.0,2238
12628,2025-10-02,PKD,PENUKONDA,7.0,2259
12628,2025-10-02,HUP,HINDUPUR,12.0,2296
12628,2025-10-02,YNK,YELHANKA JN,0.0,2379
12628,2025-10-02,BNC,BANGALORE CANT,5.0,2402
12628,2025-10-02,SBC,KSR BANGALORE CY JN,-30.0,2406
12628,2025-10-03,NDLS,NEW DELHI,4.0,0
12628,2025-10-03,MTJ,MATHURA JN,13.0,141
12628,2025-10-03,AGC,AGRA CANTT,27.0,195
12628,2025-10-03,GWL,GWALIOR,0.0,313
12628,2025-10-03,VGLJ,V LAKSHMIBAI JHANSI,0.0,410
12628,2025-10-03,BINA,BINA JN,11.0,563
12628,2025-10-03,BPL,BHOPAL JN,57.0,701
12628,2025-10-03,ET,ITARSI JN,94.0,793
12628,2025-10-03,KNW,KHANDWA,77.0,976
12628,2025-10-03,BAU,BURHANPUR,77.0,1045
12628,2025-10-03,BSL,BHUSAVAL JN,66.0,1100
12628,2025-10-03,JL,JALGAON JN,64.0,1124
12628,2025-10-03,MMR,MANMAD JN,101.0,1284
12628,2025-10-03,KPG,KOPARGAON,88.0,1326
12628,2025-10-03,BAP,BELAPUR,112.0,1370
12628,2025-10-03,ANG,AHMADNAGAR,128.0,1437
12628,2025-10-03,DD,DAUND JN,145.0,1520
12628,2025-10-03,KWV,KURDUVADI,146.0,1630
12628,2025-10-03,SUR,SOLAPUR JN,134.0,1708
12628,2025-10-03,KLBG,KALABURAGI JN,140.0,1821
12628,2025-10-03,WADI,WADI,96.0,1858
12628,2025-10-03,YG,YADGIR,105.0,1897
12628,2025-10-03,RC,RAICHUR,114.0,1965
12628,2025-10-03,MALM,MANTHRALAYAM RD,118.0,1994
12628,2025-10-03,AD,ADONI,108.0,2035
12628,2025-10-03,GTL,GUNTAKAL JN,84.0,2086
12628,2025-10-03,ATP,ANANTAPUR,80.0,2172
12628,2025-10-03,DMM,DHARMAVARAM JN,54.0,2205
12628,2025-10-03,SSPN,SAI P NILAYAM,71.0,2238
12628,2025-10-03,PKD,PENUKONDA,66.0,2259
12628,2025-10-03,HUP,HINDUPUR,74.0,2296
12628,2025-10-03,YNK,YELHANKA JN,61.0,2379
12628,2025-10-03,BNC,BANGALORE CANT,67.0,2402
12628,2025-10-03,SBC,KSR BANGALORE CY JN,26.0,2406
12628,2025-10-04,NDLS,NEW DELHI,1.0,0
12628,2025-10-04,MTJ,MATHURA JN,29.0,141
12628,2025-10-04,AGC,AGRA CANTT,15.0,195
12628,2025-10-04,GWL,GWALIOR,1.0,313
12628,2025-10-04,VGLJ,V LAKSHMIBAI JHANSI,1.0,410
12628,2025-10-04,BINA,BINA JN,7.0,563
12628,2025-10-04,BPL,BHOPAL JN,14.0,701
12628,2025-10-04,ET,ITARSI JN,1.0,793
12628,2025-10-04,KNW,KHANDWA,0.0,976
12628,2025-10-04,BAU,BURHANPUR,35.0,1045
12628,2025-10-04,BSL,BHUSAVAL JN,39.0,1100
12628,2025-10-04,JL,JALGAON JN,40.0,1124
12628,2025-10-04,MMR,MANMAD JN,51.0,1284
12628,2025-10-04,KPG,KOPARGAON,37.0,1326
12628,2025-10-04,BAP,BELAPUR,48.0,1370
12628,2025-10-04,ANG,AHMADNAGAR,50.0,1437
12628,2025-10-04,DD,DAUND JN,49.0,1520
12628,2025-10-04,KWV,KURDUVADI,65.0,1630
12628,2025-10-04,SUR,SOLAPUR JN,42.0,1708
12628,2025-10-04,KLBG,KALABURAGI JN,59.0,1821
12628,2025-10-04,WADI,WADI,21.0,1858
12628,2025-10-04,YG,YADGIR,29.0,1897
12628,2025-10-04,RC,RAICHUR,34.0,1965
12628,2025-10-04,MALM,MANTHRALAYAM RD,39.0,1994
12628,2025-10-04,AD,ADONI,30.0,2035
12628,2025-10-04,GTL,GUNTAKAL JN,23.0,2086
12628,2025-10-04,ATP,ANANTAPUR,22.0,2172
12628,2025-10-04,DMM,DHARMAVARAM JN,1.0,2205
12628,2025-10-04,SSPN,SAI P NILAYAM,26.0,2238
12628,2025-10-04,PKD,PENUKONDA,24.0,2259
12628,2025-10-04,HUP,HINDUPUR,33.0,2296
12628,2025-10-04,YNK,YELHANKA JN,27.0,2379
12628,2025-10-04,BNC,BANGALORE CANT,26.0,2402
12628,2025-10-04,SBC,KSR BANGALORE CY JN,-11.0,2406
12628,2025-10-05,NDLS,NEW DELHI,0.0,0
12628,2025-10-05,MTJ,MATHURA JN,31.0,141
12628,2025-10-05,AGC,AGRA CANTT,17.0,195
12628,2025-10-05,GWL,GWALIOR,0.0,313
12628,2025-10-05,VGLJ,V LAKSHMIBAI JHANSI,0.0,410
12628,2025-10-05,BINA,BINA JN,4.0,563
12628,2025-10-05,BPL,BHOPAL JN,17.0,701
12628,2025-10-05,ET,ITARSI JN,1.0,793
12628,2025-10-05,KNW,KHANDWA,6.0,976
12628,2025-10-05,BAU,BURHANPUR,26.0,1045
12628,2025-10-05,BSL,BHUSAVAL JN,13.0,1100
12628,2025-10-05,JL,JALGAON JN,21.0,1124
12628,2025-10-05,MMR,MANMAD JN,65.0,1284
12628,2025-10-05,KPG,KOPARGAON,52.0,1326
12628,2025-10-05,BAP,BELAPUR,55.0,1370
12628,2025-10-05,ANG,AHMADNAGAR,47.0,1437
12628,2025-10-05,DD,DAUND JN,31.0,1520
12628,2025-10-05,KWV,KURDUVADI,74.0,1630
12628,2025-10-05,SUR,SOLAPUR JN,70.0,1708
12628,2025-10-05,KLBG,KALABURAGI JN,115.0,1821
12628,2025-10-05,WADI,WADI,78.0,1858
12628,2025-10-05,YG,YADGIR,88.0,1897
12628,2025-10-05,RC,RAICHUR,97.0,1965
12628,2025-10-05,MALM,MANTHRALAYAM RD,102.0,1994
12628,2025-10-05,AD,ADONI,92.0,2035
12628,2025-10-05,GTL,GUNTAKAL JN,82.0,2086
12628,2025-10-05,ATP,ANANTAPUR,91.0,2172
12628,2025-10-05,DMM,DHARMAVARAM JN,54.0,2205
12628,2025-10-05,SSPN,SAI P NILAYAM,61.0,2238
12628,2025-10-05,PKD,PENUKONDA,56.0,2259
12628,2025-10-05,HUP,HINDUPUR,64.0,2296
12628,2025-10-05,YNK,YELHANKA JN,58.0,2379
12628,2025-10-05,BNC,BANGALORE CANT,55.0,2402
12628,2025-10-05,SBC,KSR BANGALORE CY JN,19.0,2406
12628,2025-10-06,NDLS,NEW DELHI,0.0,0
12628,2025-10-06,MTJ,MATHURA JN,25.0,141
12628,2025-10-06,AGC,AGRA CANTT,13.0,195
12628,2025-10-06,GWL,GWALIOR,5.0,313
12628,2025-10-06,VGLJ,V LAKSHMIBAI JHANSI,1.0,410
12628,2025-10-06,BINA,BINA JN,0.0,563
12628,2025-10-06,BPL,BHOPAL JN,8.0,701
12628,2025-10-06,ET,ITARSI JN,0.0,793
12628,2025-10-06,KNW,KHANDWA,9.0,976
12628,2025-10-06,BAU,BURHANPUR,12.0,1045
12628,2025-10-06,BSL,BHUSAVAL JN,6.0,1100
12628,2025-10-06,JL,JALGAON JN,10.0,1124
12628,2025-10-06,MMR,MANMAD JN,30.0,1284
12628,2025-10-06,KPG,KOPARGAON,16.0,1326
12628,2025-10-06,BAP,BELAPUR,22.0,1370
12628,2025-10-06,ANG,AHMADNAGAR,19.0,1437
12628,2025-10-06,DD,DAUND JN,25.0,1520
12628,2025-10-06,KWV,KURDUVADI,55.0,1630
12628,2025-10-06,SUR,SOLAPUR JN,31.0,1708
12628,2025-10-06,KLBG,KALABURAGI JN,47.0,1821
12628,2025-10-06,WADI,WADI,5.0,1858
12628,2025-10-06,YG,YADGIR,11.0,1897
12628,2025-10-06,RC,RAICHUR,10.0,1965
12628,2025-10-06,MALM,MANTHRALAYAM RD,13.0,1994
12628,2025-10-06,AD,ADONI,1.0,2035
12628,2025-10-06,GTL,GUNTAKAL JN,16.0,2086
12628,2025-10-06,ATP,ANANTAPUR,11.0,2172
12628,2025-10-06,DMM,DHARMAVARAM JN,1.0,2205
12628,2025-10-06,SSPN,SAI P NILAYAM,11.0,2238
12628,2025-10-06,PKD,PENUKONDA,13.0,2259
12628,2025-10-06,HUP,HINDUPUR,37.0,2296
12628,2025-10-06,YNK,YELHANKA JN,17.0,2379
12628,2025-10-06,BNC,BANGALORE CANT,18.0,2402
12628,2025-10-06,SBC,KSR BANGALORE CY JN,-20.0,2406
12628,2025-10-07,NDLS,NEW DELHI,2.0,0
12628,2025-10-07,MTJ,MATHURA JN,16.0,141
12628,2025-10-07,AGC,AGRA CANTT,12.0,195
12628,2025-10-07,GWL,GWALIOR,0.0,313
12628,2025-10-07,VGLJ,V LAKSHMIBAI JHANSI,9.0,410
12628,2025-10-07,BINA,BINA JN,6.0,563
12628,2025-10-07,BPL,BHOPAL JN,4.0,701
12628,2025-10-07,ET,ITARSI JN,8.0,793
12628,2025-10-07,KNW,KHANDWA,0.0,976
12628,2025-10-07,BAU,BURHANPUR,11.0,1045
12628,2025-10-07,BSL,BHUSAVAL JN,4.0,1100
12628,2025-10-07,JL,JALGAON JN,3.0,1124
12628,2025-10-07,MMR,MANMAD JN,44.0,1284
12628,2025-10-07,KPG,KOPARGAON,32.0,1326
12628,2025-10-07,BAP,BELAPUR,38.0,1370
12628,2025-10-07,ANG,AHMADNAGAR,26.0,1437
12628,2025-10-07,DD,DAUND JN,33.0,1520
12628,2025-10-07,KWV,KURDUVADI,48.0,1630
12628,2025-10-07,SUR,SOLAPUR JN,27.0,1708
12628,2025-10-07,KLBG,KALABURAGI JN,59.0,1821
12628,2025-10-07,WADI,WADI,10.0,1858
12628,2025-10-07,YG,YADGIR,14.0,1897
12628,2025-10-07,RC,RAICHUR,9.0,1965
12628,2025-10-07,MALM,MANTHRALAYAM RD,18.0,1994
12628,2025-10-07,AD,ADONI,9.0,2035
12628,2025-10-07,GTL,GUNTAKAL JN,23.0,2086
12628,2025-10-07,ATP,ANANTAPUR,16.0,2172
12628,2025-10-07,DMM,DHARMAVARAM JN,1.0,2205
12628,2025-10-07,SSPN,SAI P NILAYAM,10.0,2238
12628,2025-10-07,PKD,PENUKONDA,9.0,2259
12628,2025-10-07,HUP,HINDUPUR,17.0,2296
12628,2025-10-07,YNK,YELHANKA JN,6.0,2379
12628,2025-10-07,BNC,BANGALORE CANT,20.0,2402
12628,2025-10-07,SBC,KSR BANGALORE CY JN,-20.0,2406
12628,2025-10-08,NDLS,NEW DELHI,3.0,0
12628,2025-10-08,MTJ,MATHURA JN,31.0,141
12628,2025-10-08,AGC,AGRA CANTT,28.0,195
12628,2025-10-08,GWL,GWALIOR,17.0,313
12628,2025-10-08,VGLJ,V LAKSHMIBAI JHANSI,14.0,410
12628,2025-10-08,BINA,BINA JN,2.0,563
12628,2025-10-08,BPL,BHOPAL JN,16.0,701
12628,2025-10-08,ET,ITARSI JN,3.0,793
12628,2025-10-08,KNW,KHANDWA,0.0,976
12628,2025-10-08,BAU,BURHANPUR,9.0,1045
12628,2025-10-08,BSL,BHUSAVAL JN,9.0,1100
12628,2025-10-08,JL,JALGAON JN,29.0,1124
12628,2025-10-08,MMR,MANMAD JN,85.0,1284
12628,2025-10-08,KPG,KOPARGAON,77.0,1326
12628,2025-10-08,BAP,BELAPUR,84.0,1370
12628,2025-10-08,ANG,AHMADNAGAR,79.0,1437
12628,2025-10-08,DD,DAUND JN,63.0,1520
12628,2025-10-08,KWV,KURDUVADI,68.0,1630
12628,2025-10-08,SUR,SOLAPUR JN,53.0,1708
12628,2025-10-08,KLBG,KALABURAGI JN,83.0,1821
12628,2025-10-08,WADI,WADI,56.0,1858
12628,2025-10-08,YG,YADGIR,71.0,1897
12628,2025-10-08,RC,RAICHUR,70.0,1965
12628,2025-10-08,MALM,MANTHRALAYAM RD,77.0,1994
12628,2025-10-08,AD,ADONI,74.0,2035
12628,2025-10-08,GTL,GUNTAKAL JN,56.0,2086
12628,2025-10-08,ATP,ANANTAPUR,57.0,2172
12628,2025-10-08,DMM,DHARMAVARAM JN,33.0,2205
12628,2025-10-08,SSPN,SAI P NILAYAM,42.0,2238
12628,2025-10-08,PKD,PENUKONDA,42.0,2259
12628,2025-10-08,HUP,HINDUPUR,55.0,2296
12628,2025-10-08,YNK,YELHANKA JN,44.0,2379
12628,2025-10-08,BNC,BANGALORE CANT,44.0,2402
12628,2025-10-08,SBC,KSR BANGALORE CY JN,3.0,2406
12628,2025-10-09,NDLS,NEW DELHI,3.0,0
12628,2025-10-09,MTJ,MATHURA JN,24.0,141
12628,2025-10-09,AGC,AGRA CANTT,20.0,195
12628,2025-10-09,GWL,GWALIOR,5.0,313
12628,2025-10-09,VGLJ,V LAKSHMIBAI JHANSI,0.0,410
12628,2025-10-09,BINA,BINA JN,14.0,563
12628,2025-10-09,BPL,BHOPAL JN,29.0,701
12628,2025-10-09,ET,ITARSI JN,11.0,793
12628,2025-10-09,KNW,KHANDWA,0.0,976
12628,2025-10-09,BAU,BURHANPUR,4.0,1045
12628,2025-10-09,BSL,BHUSAVAL JN,4.0,1100
12628,2025-10-09,JL,JALGAON JN,2.0,1124
12628,2025-10-09,MMR,MANMAD JN,31.0,1284
12628,2025-10-09,KPG,KOPARGAON,21.0,1326
12628,2025-10-09,BAP,BELAPUR,22.0,1370
12628,2025-10-09,ANG,AHMADNAGAR,14.0,1437
12628,2025-10-09,DD,DAUND JN,27.0,1520
12628,2025-10-09,KWV,KURDUVADI,66.0,1630
12628,2025-10-09,SUR,SOLAPUR JN,41.0,1708
12628,2025-10-09,KLBG,KALABURAGI JN,59.0,1821
12628,2025-10-09,WADI,WADI,8.0,1858
12628,2025-10-09,YG,YADGIR,14.0,1897
12628,2025-10-09,RC,RAICHUR,16.0,1965
12628,2025-10-09,MALM,MANTHRALAYAM RD,20.0,1994
12628,2025-10-09,AD,ADONI,15.0,2035
12628,2025-10-09,GTL,GUNTAKAL JN,3.0,2086
12628,2025-10-09,ATP,ANANTAPUR,1.0,2172
12628,2025-10-09,DMM,DHARMAVARAM JN,1.0,2205
12628,2025-10-09,SSPN,SAI P NILAYAM,7.0,2238
12628,2025-10-09,PKD,PENUKONDA,4.0,2259
12628,2025-10-09,HUP,HINDUPUR,10.0,2296
12628,2025-10-09,YNK,YELHANKA JN,0.0,2379
12628,2025-10-09,BNC,BANGALORE CANT,17.0,2402
12628,2025-10-09,SBC,KSR BANGALORE CY JN,-24.0,2406
12628,2025-10-10,NDLS,NEW DELHI,2.0,0
12628,2025-10-10,MTJ,MATHURA JN,19.0,141
12628,2025-10-10,AGC,AGRA CANTT,19.0,195
12628,2025-10-10,GWL,GWALIOR,1.0,313
12628,2025-10-10,VGLJ,V LAKSHMIBAI JHANSI,1.0,410
12628,2025-10-10,BINA,BINA JN,0.0,563
12628,2025-10-10,BPL,BHOPAL JN,8.0,701
12628,2025-10-10,ET,ITARSI JN,6.0,793
12628,2025-10-10,KNW,KHANDWA,0.0,976
12628,2025-10-10,BAU,BURHANPUR,9.0,1045
12628,2025-10-10,BSL,BHUSAVAL JN,17.0,1100
12628,2025-10-10,JL,JALGAON JN,18.0,1124
12628,2025-10-10,MMR,MANMAD JN,30.0,1284
12628,2025-10-10,KPG,KOPARGAON,22.0,1326
12628,2025-10-10,BAP,BELAPUR,28.0,1370
12628,2025-10-10,ANG,AHMADNAGAR,13.0,1437
12628,2025-10-10,DD,DAUND JN,15.0,1520
12628,2025-10-10,KWV,KURDUVADI,51.0,1630
12628,2025-10-10,SUR,SOLAPUR JN,34.0,1708
12628,2025-10-10,KLBG,KALABURAGI JN,39.0,1821
12628,2025-10-10,WADI,WADI,7.0,1858
12628,2025-10-10,YG,YADGIR,13.0,1897
12628,2025-10-10,RC,RAICHUR,9.0,1965
12628,2025-10-10,MALM,MANTHRALAYAM RD,20.0,1994
12628,2025-10-10,AD,ADONI,14.0,2035
12628,2025-10-10,GTL,GUNTAKAL JN,15.0,2086
12628,2025-10-10,ATP,ANANTAPUR,3.0,2172
12628,2025-10-10,DMM,DHARMAVARAM JN,5.0,2205
12628,2025-10-10,SSPN,SAI P NILAYAM,13.0,2238
12628,2025-10-10,PKD,PENUKONDA,10.0,2259
12628,2025-10-10,HUP,HINDUPUR,16.0,2296
12628,2025-10-10,YNK,YELHANKA JN,0.0,2379
12628,2025-10-10,BNC,BANGALORE CANT,0.0,2402
12628,2025-10-10,SBC,KSR BANGALORE CY JN,-4.0,2406
12628,2025-10-11,NDLS,NEW DELHI,1.0,0
12628,2025-10-11,MTJ,MATHURA JN,40.0,141
12628,2025-10-11,AGC,AGRA CANTT,29.0,195
12628,2025-10-11,GWL,GWALIOR,3.0,313
12628,2025-10-11,VGLJ,V LAKSHMIBAI JHANSI,1.0,410
12628,2025-10-11,BINA,BINA JN,8.0,563
12628,2025-10-11,BPL,BHOPAL JN,16.0,701
12628,2025-10-11,ET,ITARSI JN,2.0,793
12628,2025-10-11,KNW,KHANDWA,1.0,976
12628,2025-10-11,BAU,BURHANPUR,6.0,1045
12628,2025-10-11,BSL,BHUSAVAL JN,3.0,1100
12628,2025-10-11,JL,JALGAON JN,19.0,1124
12628,2025-10-11,MMR,MANMAD JN,34.0,1284
12628,2025-10-11,KPG,KOPARGAON,20.0,1326
12628,2025-10-11,BAP,BELAPUR,34.0,1370
12628,2025-10-11,ANG,AHMADNAGAR,22.0,1437
12628,2025-10-11,DD,DAUND JN,23.0,1520
12628,2025-10-11,KWV,KURDUVADI,24.0,1630
12628,2025-10-11,SUR,SOLAPUR JN,1.0,1708
12628,2025-10-11,KLBG,KALABURAGI JN,16.0,1821
12628,2025-10-11,WADI,WADI,1.0,1858
12628,2025-10-11,YG,YADGIR,8.0,1897
12628,2025-10-11,RC,RAICHUR,11.0,1965
12628,2025-10-11,MALM,MANTHRALAYAM RD,16.0,1994
12628,2025-10-11,AD,ADONI,15.0,2035
12628,2025-10-11,GTL,GUNTAKAL JN,27.0,2086
12628,2025-10-11,ATP,ANANTAPUR,23.0,2172
12628,2025-10-11,DMM,DHARMAVARAM JN,1.0,2205
12628,2025-10-11,SSPN,SAI P NILAYAM,7.0,2238
12628,2025-10-11,PKD,PENUKONDA,3.0,2259
12628,2025-10-11,HUP,HINDUPUR,0.0,2296
12628,2025-10-11,YNK,YELHANKA JN,0.0,2379
12628,2025-10-11,BNC,BANGALORE CANT,32.0,2402
12628,2025-10-11,SBC,KSR BANGALORE CY JN,-11.0,2406
12628,2025-10-12,NDLS,NEW DELHI,1.0,0
12628,2025-10-12,MTJ,MATHURA JN,32.0,141
12628,2025-10-12,AGC,AGRA CANTT,18.0,195
12628,2025-10-12,GWL,GWALIOR,19.0,313
12628,2025-10-12,VGLJ,V LAKSHMIBAI JHANSI,6.0,410
12628,2025-10-12,BINA,BINA JN,0.0,563
12628,2025-10-12,BPL,BHOPAL JN,23.0,701
12628,2025-10-12,ET,ITARSI JN,15.0,793
12628,2025-10-12,KNW,KHANDWA,4.0,976
12628,2025-10-12,BAU,BURHANPUR,8.0,1045
12628,2025-10-12,BSL,BHUSAVAL JN,16.0,1100
12628,2025-10-12,JL,JALGAON JN,28.0,1124
12628,2025-10-12,MMR,MANMAD JN,31.0,1284
12628,2025-10-12,KPG,KOPARGAON,26.0,1326
12628,2025-10-12,BAP,BELAPUR,47.0,1370
12628,2025-10-12,ANG,AHMADNAGAR,60.0,1437
12628,2025-10-12,DD,DAUND JN,66.0,1520
12628,2025-10-12,KWV,KURDUVADI,72.0,1630
12628,2025-10-12,SUR,SOLAPUR JN,58.0,1708
12628,2025-10-12,KLBG,KALABURAGI JN,138.0,1821
12628,2025-10-12,WADI,WADI,106.0,1858
12628,2025-10-12,YG,YADGIR,121.0,1897
12628,2025-10-12,RC,RAICHUR,121.0,1965
12628,2025-10-12,MALM,MANTHRALAYAM RD,125.0,1994
12628,2025-10-12,AD,ADONI,125.0,2035
12628,2025-10-12,GTL,GUNTAKAL JN,105.0,2086
12628,2025-10-12,ATP,ANANTAPUR,105.0,2172
12628,2025-10-12,DMM,DHARMAVARAM JN,76.0,2205
12628,2025-10-12,SSPN,SAI P NILAYAM,87.0,2238
12628,2025-10-12,PKD,PENUKONDA,82.0,2259
12628,2025-10-12,HUP,HINDUPUR,90.0,2296
12628,2025-10-12,YNK,YELHANKA JN,81.0,2379
12628,2025-10-12,BNC,BANGALORE CANT,92.0,2402
12628,2025-10-12,SBC,KSR BANGALORE CY JN,53.0,2406
12628,2025-10-13,NDLS,NEW DELHI,1.0,0
12628,2025-10-13,MTJ,MATHURA JN,28.0,141
12628,2025-10-13,AGC,AGRA CANTT,13.0,195
12628,2025-10-13,GWL,GWALIOR,1.0,313
12628,2025-10-13,VGLJ,V LAKSHMIBAI JHANSI,1.0,410
12628,2025-10-13,BINA,BINA JN,2.0,563
12628,2025-10-13,BPL,BHOPAL JN,15.0,701
12628,2025-10-13,ET,ITARSI JN,6.0,793
12628,2025-10-13,KNW,KHANDWA,0.0,976
12628,2025-10-13,BAU,BURHANPUR,4.0,1045
12628,2025-10-13,BSL,BHUSAVAL JN,1.0,1100
12628,2025-10-13,JL,JALGAON JN,1.0,1124
12628,2025-10-13,MMR,MANMAD JN,9.0,1284
12628,2025-10-13,KPG,KOPARGAON,0.0,1326
12628,2025-10-13,BAP,BELAPUR,4.0,1370
12628,2025-10-13,ANG,AHMADNAGAR,15.0,1437
12628,2025-10-13,DD,DAUND JN,2.0,1520
12628,2025-10-13,KWV,KURDUVADI,14.0,1630
12628,2025-10-13,SUR,SOLAPUR JN,52.0,1708
12628,2025-10-13,KLBG,KALABURAGI JN,51.0,1821
12628,2025-10-13,WADI,WADI,10.0,1858
12628,2025-10-13,YG,YADGIR,17.0,1897
12628,2025-10-13,RC,RAICHUR,16.0,1965
12628,2025-10-13,MALM,MANTHRALAYAM RD,19.0,1994
12628,2025-10-13,AD,ADONI,16.0,2035
12628,2025-10-13,GTL,GUNTAKAL JN,9.0,2086
12628,2025-10-13,ATP,ANANTAPUR,5.0,2172
12628,2025-10-13,DMM,DHARMAVARAM JN,0.0,2205
12628,2025-10-13,SSPN,SAI P NILAYAM,12.0,2238
12628,2025-10-13,PKD,PENUKONDA,9.0,2259
12628,2025-10-13,HUP,HINDUPUR,16.0,2296
12628,2025-10-13,YNK,YELHANKA JN,0.0,2379
12628,2025-10-13,BNC,BANGALORE CANT,14.0,2402
12628,2025-10-13,SBC,KSR BANGALORE CY JN,-27.0,2406
12628,2025-10-14,NDLS,NEW DELHI,0.0,0
12628,2025-10-14,MTJ,MATHURA JN,47.0,141
12628,2025-10-14,AGC,AGRA CANTT,40.0,195
12628,2025-10-14,GWL,GWALIOR,13.0,313
12628,2025-10-14,VGLJ,V LAKSHMIBAI JHANSI,18.0,410
12628,2025-10-14,BINA,BINA JN,14.0,563
12628,2025-10-14,BPL,BHOPAL JN,19.0,701
12628,2025-10-14,ET,ITARSI JN,5.0,793
12628,2025-10-14,KNW,KHANDWA,5.0,976
12628,2025-10-14,BAU,BURHANPUR,13.0,1045
12628,2025-10-14,BSL,BHUSAVAL JN,27.0,1100
12628,2025-10-14,JL,JALGAON JN,42.0,1124
12628,2025-10-14,MMR,MANMAD JN,65.0,1284
12628,2025-10-14,KPG,KOPARGAON,56.0,1326
12628,2025-10-14,BAP,BELAPUR,60.0,1370
12628,2025-10-14,ANG,AHMADNAGAR,53.0,1437
12628,2025-10-14,DD,DAUND JN,43.0,1520
12628,2025-10-14,KWV,KURDUVADI,44.0,1630
12628,2025-10-14,SUR,SOLAPUR JN,31.0,1708
12628,2025-10-14,KLBG,KALABURAGI JN,43.0,1821
12628,2025-10-14,WADI,WADI,1.0,1858
12628,2025-10-14,YG,YADGIR,7.0,1897
12628,2025-10-14,RC,RAICHUR,34.0,1965
12628,2025-10-14,MALM,MANTHRALAYAM RD,37.0,1994
12628,2025-10-14,AD,ADONI,40.0,2035
12628,2025-10-14,GTL,GUNTAKAL JN,27.0,2086
12628,2025-10-14,ATP,ANANTAPUR,21.0,2172
12628,2025-10-14,DMM,DHARMAVARAM JN,3.0,2205
12628,2025-10-14,SSPN,SAI P NILAYAM,11.0,2238
12628,2025-10-14,PKD,PENUKONDA,6.0,2259
12628,2025-10-14,HUP,HINDUPUR,12.0,2296
12628,2025-10-14,YNK,YELHANKA JN,13.0,2379
12628,2025-10-14,BNC,BANGALORE CANT,16.0,2402
12628,2025-10-14,SBC,KSR BANGALORE CY JN,-25.0,2406
12628,2025-10-15,NDLS,NEW DELHI,3.0,0
12628,2025-10-15,MTJ,MATHURA JN,32.0,141
12628,2025-10-15,AGC,AGRA CANTT,22.0,195
12628,2025-10-15,GWL,GWALIOR,23.0,313
12628,2025-10-15,VGLJ,V LAKSHMIBAI JHANSI,28.0,410
12628,2025-10-15,BINA,BINA JN,9.0,563
12628,2025-10-15,BPL,BHOPAL JN,13.0,701
12628,2025-10-15,ET,ITARSI JN,8.0,793
12628,2025-10-15,KNW,KHANDWA,0.0,976
12628,2025-10-15,BAU,BURHANPUR,6.0,1045
12628,2025-10-15,BSL,BHUSAVAL JN,1.0,1100
12628,2025-10-15,JL,JALGAON JN,5.0,1124
12628,2025-10-15,MMR,MANMAD JN,17.0,1284
12628,2025-10-15,KPG,KOPARGAON,6.0,1326
12628,2025-10-15,BAP,BELAPUR,17.0,1370
12628,2025-10-15,ANG,AHMADNAGAR,18.0,1437
12628,2025-10-15,DD,DAUND JN,26.0,1520
12628,2025-10-15,KWV,KURDUVADI,45.0,1630
12628,2025-10-15,SUR,SOLAPUR JN,22.0,1708
12628,2025-10-15,KLBG,KALABURAGI JN,31.0,1821
12628,2025-10-15,WADI,WADI,1.0,1858
12628,2025-10-15,YG,YADGIR,9.0,1897
12628,2025-10-15,RC,RAICHUR,12.0,1965
12628,2025-10-15,MALM,MANTHRALAYAM RD,17.0,1994
12628,2025-10-15,AD,ADONI,9.0,2035
12628,2025-10-15,GTL,GUNTAKAL JN,8.0,2086
12628,2025-10-15,ATP,ANANTAPUR,12.0,2172
12628,2025-10-15,DMM,DHARMAVARAM JN,0.0,2205
12628,2025-10-15,SSPN,SAI P NILAYAM,14.0,2238
12628,2025-10-15,PKD,PENUKONDA,12.0,2259
12628,2025-10-15,HUP,HINDUPUR,20.0,2296
12628,2025-10-15,YNK,YELHANKA JN,2.0,2379
12628,2025-10-15,BNC,BANGALORE CANT,28.0,2402
12628,2025-10-15,SBC,KSR BANGALORE CY JN,-10.0,2406
12628,2025-10-16,NDLS,NEW DELHI,13.0,0
12628,2025-10-16,MTJ,MATHURA JN,36.0,141
12628,2025-10-16,AGC,AGRA CANTT,28.0,195
12628,2025-10-16,GWL,GWALIOR,6.0,313
12628,2025-10-16,VGLJ,V LAKSHMIBAI JHANSI,0.0,410
12628,2025-10-16,BINA,BINA JN,9.0,563
12628,2025-10-16,BPL,BHOPAL JN,20.0,701
12628,2025-10-16,ET,ITARSI JN,5.0,793
12628,2025-10-16,KNW,KHANDWA,1.0,976
12628,2025-10-16,BAU,BURHANPUR,17.0,1045
12628,2025-10-16,BSL,BHUSAVAL JN,15.0,1100
12628,2025-10-16,JL,JALGAON JN,29.0,1124
12628,2025-10-16,MMR,MANMAD JN,34.0,1284
12628,2025-10-16,KPG,KOPARGAON,31.0,1326
12628,2025-10-16,BAP,BELAPUR,37.0,1370
12628,2025-10-16,ANG,AHMADNAGAR,31.0,1437
12628,2025-10-16,DD,DAUND JN,28.0,1520
12628,2025-10-16,KWV,KURDUVADI,51.0,1630
12628,2025-10-16,SUR,SOLAPUR JN,33.0,1708
12628,2025-10-16,KLBG,KALABURAGI JN,64.0,1821
12628,2025-10-16,WADI,WADI,17.0,1858
12628,2025-10-16,YG,YADGIR,24.0,1897
12628,2025-10-16,RC,RAICHUR,47.0,1965
12628,2025-10-16,MALM,MANTHRALAYAM RD,52.0,1994
12628,2025-10-16,AD,ADONI,48.0,2035
12628,2025-10-16,GTL,GUNTAKAL JN,43.0,2086
12628,2025-10-16,ATP,ANANTAPUR,40.0,2172
12628,2025-10-16,DMM,DHARMAVARAM JN,14.0,2205
12628,2025-10-16,SSPN,SAI P NILAYAM,24.0,2238
12628,2025-10-16,PKD,PENUKONDA,22.0,2259
12628,2025-10-16,HUP,HINDUPUR,39.0,2296
12628,2025-10-16,YNK,YELHANKA JN,33.0,2379
12628,2025-10-16,BNC,BANGALORE CANT,29.0,2402
12628,2025-10-16,SBC,KSR BANGALORE CY JN,-12.0,2406
12628,2025-10-17,NDLS,NEW DELHI,3.0,0
12628,2025-10-17,MTJ,MATHURA JN,28.0,141
12628,2025-10-17,AGC,AGRA CANTT,20.0,195
12628,2025-10-17,GWL,GWALIOR,16.0,313
12628,2025-10-17,VGLJ,V LAKSHMIBAI JHANSI,15.0,410
12628,2025-10-17,BINA,BINA JN,3.0,563
12628,2025-10-17,BPL,BHOPAL JN,7.0,701
12628,2025-10-17,ET,ITARSI JN,5.0,793
12628,2025-10-17,KNW,KHANDWA,0.0,976
12628,2025-10-17,BAU,BURHANPUR,19.0,1045
12628,2025-10-17,BSL,BHUSAVAL JN,16.0,1100
12628,2025-10-17,JL,JALGAON JN,40.0,1124
12628,2025-10-17,MMR,MANMAD JN,68.0,1284
12628,2025-10-17,KPG,KOPARGAON,54.0,1326
12628,2025-10-17,BAP,BELAPUR,62.0,1370
12628,2025-10-17,ANG,AHMADNAGAR,58.0,1437
12628,2025-10-17,DD,DAUND JN,55.0,1520
12628,2025-10-17,KWV,KURDUVADI,95.0,1630
12628,2025-10-17,SUR,SOLAPUR JN,64.0,1708
12628,2025-10-17,KLBG,KALABURAGI JN,88.0,1821
12628,2025-10-17,WADI,WADI,56.0,1858
12628,2025-10-17,YG,YADGIR,68.0,1897
12628,2025-10-17,RC,RAICHUR,66.0,1965
12628,2025-10-17,MALM,MANTHRALAYAM RD,72.0,1994
12628,2025-10-17,AD,ADONI,66.0,2035
12628,2025-10-17,GTL,GUNTAKAL JN,54.0,2086
12628,2025-10-17,ATP,ANANTAPUR,47.0,2172
12628,2025-10-17,DMM,DHARMAVARAM JN,14.0,2205
12628,2025-10-17,SSPN,SAI P NILAYAM,22.0,2238
12628,2025-10-17,PKD,PENUKONDA,17.0,2259
12628,2025-10-17,HUP,HINDUPUR,21.0,2296
12628,2025-10-17,YNK,YELHANKA JN,42.0,2379
12628,2025-10-17,BNC,BANGALORE CANT,37.0,2402
12628,2025-10-17,SBC,KSR BANGALORE CY JN,-4.0,2406
12628,2025-10-18,NDLS,NEW DELHI,1.0,0
12628,2025-10-18,MTJ,MATHURA JN,32.0,141
12628,2025-10-18,AGC,AGRA CANTT,24.0,195
12628,2025-10-18,GWL,GWALIOR,1.0,313
12628,2025-10-18,VGLJ,V LAKSHMIBAI JHANSI,0.0,410
12628,2025-10-18,BINA,BINA JN,6.0,563
12628,2025-10-18,BPL,BHOPAL JN,24.0,701
12628,2025-10-18,ET,ITARSI JN,11.0,793
12628,2025-10-18,KNW,KHANDWA,0.0,976
12628,2025-10-18,BAU,BURHANPUR,16.0,1045
12628,2025-10-18,BSL,BHUSAVAL JN,5.0,1100
12628,2025-10-18,JL,JALGAON JN,4.0,1124
12628,2025-10-18,MMR,MANMAD JN,25.0,1284
12628,2025-10-18,KPG,KOPARGAON,15.0,1326
12628,2025-10-18,BAP,BELAPUR,31.0,1370
12628,2025-10-18,ANG,AHMADNAGAR,32.0,1437
12628,2025-10-18,DD,DAUND JN,35.0,1520
12628,2025-10-18,KWV,KURDUVADI,64.0,1630
12628,2025-10-18,SUR,SOLAPUR JN,56.0,1708
12628,2025-10-18,KLBG,KALABURAGI JN,60.0,1821
12628,2025-10-18,WADI,WADI,12.0,1858
12628,2025-10-18,YG,YADGIR,17.0,1897
12628,2025-10-18,RC,RAICHUR,11.0,1965
12628,2025-10-18,MALM,MANTHRALAYAM RD,14.0,1994
12628,2025-10-18,AD,ADONI,4.0,2035
12628,2025-10-18,GTL,GUNTAKAL JN,30.0,2086
12628,2025-10-18,ATP,ANANTAPUR,34.0,2172
12628,2025-10-18,DMM,DHARMAVARAM JN,3.0,2205
12628,2025-10-18,SSPN,SAI P NILAYAM,10.0,2238
12628,2025-10-18,PKD,PENUKONDA,7.0,2259
12628,2025-10-18,HUP,HINDUPUR,16.0,2296
12628,2025-10-18,YNK,YELHANKA JN,3.0,2379
12628,2025-10-18,BNC,BANGALORE CANT,33.0,2402
12628,2025-10-18,SBC,KSR BANGALORE CY JN,-3.0,2406
12628,2025-10-19,NDLS,NEW DELHI,1.0,0
12628,2025-10-19,MTJ,MATHURA JN,43.0,141
12628,2025-10-19,AGC,AGRA CANTT,28.0,195
12628,2025-10-19,GWL,GWALIOR,10.0,313
12628,2025-10-19,VGLJ,V LAKSHMIBAI JHANSI,1.0,410
12628,2025-10-19,BINA,BINA JN,0.0,563
12628,2025-10-19,BPL,BHOPAL JN,3.0,701
12628,2025-10-19,ET,ITARSI JN,1.0,793
12628,2025-10-19,KNW,KHANDWA,0.0,976
12628,2025-10-19,BAU,BURHANPUR,0.0,1045
12628,2025-10-19,BSL,BHUSAVAL JN,0.0,1100
12628,2025-10-19,JL,JALGAON JN,0.0,1124
12628,2025-10-19,MMR,MANMAD JN,1.0,1284
12628,2025-10-19,KPG,KOPARGAON,0.0,1326
12628,2025-10-19,BAP,BELAPUR,7.0,1370
12628,2025-10-19,ANG,AHMADNAGAR,8.0,1437
12628,2025-10-19,DD,DAUND JN,12.0,1520
12628,2025-10-19,KWV,KURDUVADI,31.0,1630
12628,2025-10-19,SUR,SOLAPUR JN,7.0,1708
12628,2025-10-19,KLBG,KALABURAGI JN,1.0,1821
12628,2025-10-19,WADI,WADI,0.0,1858
12628,2025-10-19,YG,YADGIR,6.0,1897
12628,2025-10-19,RC,RAICHUR,40.0,1965
12628,2025-10-19,MALM,MANTHRALAYAM RD,43.0,1994
12628,2025-10-19,AD,ADONI,33.0,2035
12628,2025-10-19,GTL,GUNTAKAL JN,19.0,2086
12628,2025-10-19,ATP,ANANTAPUR,14.0,2172
12628,2025-10-19,DMM,DHARMAVARAM JN,1.0,2205
12628,2025-10-19,SSPN,SAI P NILAYAM,7.0,2238
12628,2025-10-19,PKD,PENUKONDA,4.0,2259
12628,2025-10-19,HUP,HINDUPUR,9.0,2296
12628,2025-10-19,YNK,YELHANKA JN,10.0,2379
12628,2025-10-19,BNC,BANGALORE CANT,27.0,2402
12628,2025-10-19,SBC,KSR BANGALORE CY JN,-9.0,2406
12628,2025-10-20,NDLS,NEW DELHI,0.0,0
12628,2025-10-20,MTJ,MATHURA JN,36.0,141
12628,2025-10-20,AGC,AGRA CANTT,22.0,195
12628,2025-10-20,GWL,GWALIOR,0.0,313
12628,2025-10-20,VGLJ,V LAKSHMIBAI JHANSI,1.0,410
12628,2025-10-20,BINA,BINA JN,0.0,563
12628,2025-10-20,BPL,BHOPAL JN,4.0,701
12628,2025-10-20,ET,ITARSI JN,6.0,793
12628,2025-10-20,KNW,KHANDWA,1.0,976
12628,2025-10-20,BAU,BURHANPUR,0.0,1045
12628,2025-10-20,BSL,BHUSAVAL JN,1.0,1100
12628,2025-10-20,JL,JALGAON JN,6.0,1124
12628,2025-10-20,MMR,MANMAD JN,0.0,1284
12628,2025-10-20,KPG,KOPARGAON,0.0,1326
12628,2025-10-20,BAP,BELAPUR,5.0,1370
12628,2025-10-20,ANG,AHMADNAGAR,1.0,1437
12628,2025-10-20,DD,DAUND JN,12.0,1520
12628,2025-10-20,KWV,KURDUVADI,41.0,1630
12628,2025-10-20,SUR,SOLAPUR JN,10.0,1708
12628,2025-10-20,KLBG,KALABURAGI JN,14.0,1821
12628,2025-10-20,WADI,WADI,1.0,1858
12628,2025-10-20,YG,YADGIR,7.0,1897
12628,2025-10-20,RC,RAICHUR,15.0,1965
12628,2025-10-20,MALM,MANTHRALAYAM RD,19.0,1994
12628,2025-10-20,AD,ADONI,7.0,2035
12628,2025-10-20,GTL,GUNTAKAL JN,1.0,2086
12628,2025-10-20,ATP,ANANTAPUR,2.0,2172
12628,2025-10-20,DMM,DHARMAVARAM JN,4.0,2205
12628,2025-10-20,SSPN,SAI P NILAYAM,9.0,2238
12628,2025-10-20,PKD,PENUKONDA,5.0,2259
12628,2025-10-20,HUP,HINDUPUR,12.0,2296
12628,2025-10-20,YNK,YELHANKA JN,0.0,2379
12628,2025-10-20,BNC,BANGALORE CANT,22.0,2402
12628,2025-10-20,SBC,KSR BANGALORE CY JN,-2.0,2406
12628,2025-10-21,NDLS,NEW DELHI,0.0,0
12628,2025-10-21,MTJ,MATHURA JN,0.0,141
12628,2025-10-21,AGC,AGRA CANTT,613.0,195
12628,2025-10-21,GWL,GWALIOR,595.0,313
12628,2025-10-21,VGLJ,V LAKSHMIBAI JHANSI,578.0,410
12628,2025-10-21,BINA,BINA JN,577.0,563
12628,2025-10-21,BPL,BHOPAL JN,614.0,701
12628,2025-10-21,ET,ITARSI JN,639.0,793
12628,2025-10-21,KNW,KHANDWA,627.0,976
12628,2025-10-21,BAU,BURHANPUR,630.0,1045
12628,2025-10-21,BSL,BHUSAVAL JN,640.0,1100
12628,2025-10-21,JL,JALGAON JN,662.0,1124
12628,2025-10-21,MMR,MANMAD JN,674.0,1284
12628,2025-10-21,KPG,KOPARGAON,671.0,1326
12628,2025-10-21,BAP,BELAPUR,670.0,1370
12628,2025-10-21,ANG,AHMADNAGAR,669.0,1437
12628,2025-10-21,DD,DAUND JN,652.0,1520
12628,2025-10-21,KWV,KURDUVADI,674.0,1630
12628,2025-10-21,SUR,SOLAPUR JN,649.0,1708
12628,2025-10-21,KLBG,KALABURAGI JN,637.0,1821
12628,2025-10-21,WADI,WADI,592.0,1858
12628,2025-10-21,YG,YADGIR,597.0,1897
12628,2025-10-21,RC,RAICHUR,603.0,1965
12628,2025-10-21,MALM,MANTHRALAYAM RD,606.0,1994
12628,2025-10-21,AD,ADONI,596.0,2035
12628,2025-10-21,GTL,GUNTAKAL JN,575.0,2086
12628,2025-10-21,ATP,ANANTAPUR,572.0,2172
12628,2025-10-21,DMM,DHARMAVARAM JN,597.0,2205
12628,2025-10-21,SSPN,SAI P NILAYAM,600.0,2238
12628,2025-10-21,PKD,PENUKONDA,616.0,2259
12628,2025-10-21,HUP,HINDUPUR,621.0,2296
12628,2025-10-21,YNK,YELHANKA JN,604.0,2379
12628,2025-10-21,BNC,BANGALORE CANT,567.0,2402
12628,2025-10-21,SBC,KSR BANGALORE CY JN,573.0,2406
12628,2025-10-22,NDLS,NEW DELHI,206.0,0
12628,2025-10-22,MTJ,MATHURA JN,289.0,141
12628,2025-10-22,AGC,AGRA CANTT,270.0,195
12628,2025-10-22,GWL,GWALIOR,227.0,313
12628,2025-10-22,VGLJ,V LAKSHMIBAI JHANSI,251.0,410
12628,2025-10-22,BINA,BINA JN,239.0,563
12628,2025-10-22,BPL,BHOPAL JN,281.0,701
12628,2025-10-22,ET,ITARSI JN,264.0,793
12628,2025-10-22,KNW,KHANDWA,287.0,976
12628,2025-10-22,BAU,BURHANPUR,293.0,1045
12628,2025-10-22,BSL,BHUSAVAL JN,286.0,1100
12628,2025-10-22,JL,JALGAON JN,289.0,1124
12628,2025-10-22,MMR,MANMAD JN,285.0,1284
12628,2025-10-22,KPG,KOPARGAON,272.0,1326
12628,2025-10-22,BAP,BELAPUR,278.0,1370
12628,2025-10-22,ANG,AHMADNAGAR,272.0,1437
12628,2025-10-22,DD,DAUND JN,275.0,1520
12628,2025-10-22,KWV,KURDUVADI,276.0,1630
12628,2025-10-22,SUR,SOLAPUR JN,260.0,1708
12628,2025-10-22,KLBG,KALABURAGI JN,247.0,1821
12628,2025-10-22,WADI,WADI,203.0,1858
12628,2025-10-22,YG,YADGIR,211.0,1897
12628,2025-10-22,RC,RAICHUR,219.0,1965
12628,2025-10-22,MALM,MANTHRALAYAM RD,224.0,1994
12628,2025-10-22,AD,ADONI,215.0,2035
12628,2025-10-22,GTL,GUNTAKAL JN,197.0,2086
12628,2025-10-22,ATP,ANANTAPUR,196.0,2172
12628,2025-10-22,DMM,DHARMAVARAM JN,157.0,2205
12628,2025-10-22,SSPN,SAI P NILAYAM,173.0,2238
12628,2025-10-22,PKD,PENUKONDA,167.0,2259
12628,2025-10-22,HUP,HINDUPUR,171.0,2296
12628,2025-10-22,YNK,YELHANKA JN,146.0,2379
12628,2025-10-22,BNC,BANGALORE CANT,160.0,2402
12628,2025-10-22,SBC,KSR BANGALORE CY JN,118.0,2406
12628,2025-10-23,NDLS,NEW DELHI,20.0,0
12628,2025-10-23,MTJ,MATHURA JN,52.0,141
12628,2025-10-23,AGC,AGRA CANTT,39.0,195
12628,2025-10-23,GWL,GWALIOR,6.0,313
12628,2025-10-23,VGLJ,V LAKSHMIBAI JHANSI,15.0,410
12628,2025-10-23,BINA,BINA JN,6.0,563
12628,2025-10-23,BPL,BHOPAL JN,6.0,701
12628,2025-10-23,ET,ITARSI JN,7.0,793
12628,2025-10-23,KNW,KHANDWA,1.0,976
12628,2025-10-23,BAU,BURHANPUR,15.0,1045
12628,2025-10-23,BSL,BHUSAVAL JN,12.0,1100
12628,2025-10-23,JL,JALGAON JN,19.0,1124
12628,2025-10-23,MMR,MANMAD JN,20.0,1284
12628,2025-10-23,KPG,KOPARGAON,10.0,1326
12628,2025-10-23,BAP,BELAPUR,14.0,1370
12628,2025-10-23,ANG,AHMADNAGAR,11.0,1437
12628,2025-10-23,DD,DAUND JN,5.0,1520
12628,2025-10-23,KWV,KURDUVADI,33.0,1630
12628,2025-10-23,SUR,SOLAPUR JN,4.0,1708
12628,2025-10-23,KLBG,KALABURAGI JN,0.0,1821
12628,2025-10-23,WADI,WADI,1.0,1858
12628,2025-10-23,YG,YADGIR,10.0,1897
12628,2025-10-23,RC,RAICHUR,17.0,1965
12628,2025-10-23,MALM,MANTHRALAYAM RD,22.0,1994
12628,2025-10-23,AD,ADONI,22.0,2035
12628,2025-10-23,GTL,GUNTAKAL JN,12.0,2086
12628,2025-10-23,ATP,ANANTAPUR,14.0,2172
12628,2025-10-23,DMM,DHARMAVARAM JN,2.0,2205
12628,2025-10-23,SSPN,SAI P NILAYAM,10.0,2238
12628,2025-10-23,PKD,PENUKONDA,7.0,2259
12628,2025-10-23,HUP,HINDUPUR,27.0,2296
12628,2025-10-23,YNK,YELHANKA JN,18.0,2379
12628,2025-10-23,BNC,BANGALORE CANT,34.0,2402
12628,2025-10-23,SBC,KSR BANGALORE CY JN,14.0,2406
12628,2025-10-24,NDLS,NEW DELHI,1.0,0
12628,2025-10-24,MTJ,MATHURA JN,28.0,141
12628,2025-10-24,AGC,AGRA CANTT,19.0,195
12628,2025-10-24,GWL,GWALIOR,5.0,313
12628,2025-10-24,VGLJ,V LAKSHMIBAI JHANSI,0.0,410
12628,2025-10-24,BINA,BINA JN,5.0,563
12628,2025-10-24,BPL,BHOPAL JN,23.0,701
12628,2025-10-24,ET,ITARSI JN,0.0,793
12628,2025-10-24,KNW,KHANDWA,3.0,976
12628,2025-10-24,BAU,BURHANPUR,21.0,1045
12628,2025-10-24,BSL,BHUSAVAL JN,9.0,1100
12628,2025-10-24,JL,JALGAON JN,16.0,1124
12628,2025-10-24,MMR,MANMAD JN,34.0,1284
12628,2025-10-24,KPG,KOPARGAON,21.0,1326
12628,2025-10-24,BAP,BELAPUR,24.0,1370
12628,2025-10-24,ANG,AHMADNAGAR,31.0,1437
12628,2025-10-24,DD,DAUND JN,39.0,1520
12628,2025-10-24,KWV,KURDUVADI,48.0,1630
12628,2025-10-24,SUR,SOLAPUR JN,13.0,1708
12628,2025-10-24,KLBG,KALABURAGI JN,10.0,1821
12628,2025-10-24,WADI,WADI,1.0,1858
12628,2025-10-24,YG,YADGIR,15.0,1897
12628,2025-10-24,RC,RAICHUR,12.0,1965
12628,2025-10-24,MALM,MANTHRALAYAM RD,15.0,1994
12628,2025-10-24,AD,ADONI,4.0,2035
12628,2025-10-24,GTL,GUNTAKAL JN,22.0,2086
12628,2025-10-24,ATP,ANANTAPUR,21.0,2172
12628,2025-10-24,DMM,DHARMAVARAM JN,10.0,2205
12628,2025-10-24,SSPN,SAI P NILAYAM,17.0,2238
12628,2025-10-24,PKD,PENUKONDA,14.0,2259
12628,2025-10-24,HUP,HINDUPUR,24.0,2296
12628,2025-10-24,YNK,YELHANKA JN,3.0,2379
12628,2025-10-24,BNC,BANGALORE CANT,21.0,2402
12628,2025-10-24,SBC,KSR BANGALORE CY JN,-20.0,2406
12628,2025-10-25,NDLS,NEW DELHI,1.0,0
12628,2025-10-25,MTJ,MATHURA JN,36.0,141
12628,2025-10-25,AGC,AGRA CANTT,25.0,195
12628,2025-10-25,GWL,GWALIOR,12.0,313
12628,2025-10-25,VGLJ,V LAKSHMIBAI JHANSI,17.0,410
12628,2025-10-25,BINA,BINA JN,3.0,563
12628,2025-10-25,BPL,BHOPAL JN,6.0,701
12628,2025-10-25,ET,ITARSI JN,7.0,793
12628,2025-10-25,KNW,KHANDWA,2.0,976
12628,2025-10-25,BAU,BURHANPUR,10.0,1045
12628,2025-10-25,BSL,BHUSAVAL JN,13.0,1100
12628,2025-10-25,JL,JALGAON JN,14.0,1124
12628,2025-10-25,MMR,MANMAD JN,18.0,1284
12628,2025-10-25,KPG,KOPARGAON,9.0,1326
12628,2025-10-25,BAP,BELAPUR,18.0,1370
12628,2025-10-25,ANG,AHMADNAGAR,27.0,1437
12628,2025-10-25,DD,DAUND JN,18.0,1520
12628,2025-10-25,KWV,KURDUVADI,31.0,1630
12628,2025-10-25,SUR,SOLAPUR JN,43.0,1708
12628,2025-10-25,KLBG,KALABURAGI JN,36.0,1821
12628,2025-10-25,WADI,WADI,6.0,1858
12628,2025-10-25,YG,YADGIR,17.0,1897
12628,2025-10-25,RC,RAICHUR,20.0,1965
12628,2025-10-25,MALM,MANTHRALAYAM RD,32.0,1994
12628,2025-10-25,AD,ADONI,21.0,2035
12628,2025-10-25,GTL,GUNTAKAL JN,0.0,2086
12628,2025-10-25,ATP,ANANTAPUR,3.0,2172
12628,2025-10-25,DMM,DHARMAVARAM JN,3.0,2205
12628,2025-10-25,SSPN,SAI P NILAYAM,19.0,2238
12628,2025-10-25,PKD,PENUKONDA,15.0,2259
12628,2025-10-25,HUP,HINDUPUR,24.0,2296
12628,2025-10-25,YNK,YELHANKA JN,12.0,2379
12628,2025-10-25,BNC,BANGALORE CANT,0.0,2402
12628,2025-10-25,SBC,KSR BANGALORE CY JN,-9.0,2406
12628,2025-10-26,NDLS,NEW DELHI,0.0,0
12628,2025-10-26,MTJ,MATHURA JN,30.0,141
12628,2025-10-26,AGC,AGRA CANTT,21.0,195
12628,2025-10-26,GWL,GWALIOR,9.0,313
12628,2025-10-26,VGLJ,V LAKSHMIBAI JHANSI,11.0,410
12628,2025-10-26,BINA,BINA JN,2.0,563
12628,2025-10-26,BPL,BHOPAL JN,18.0,701
12628,2025-10-26,ET,ITARSI JN,21.0,793
12628,2025-10-26,KNW,KHANDWA,6.0,976
12628,2025-10-26,BAU,BURHANPUR,15.0,1045
12628,2025-10-26,BSL,BHUSAVAL JN,12.0,1100
12628,2025-10-26,JL,JALGAON JN,15.0,1124
12628,2025-10-26,MMR,MANMAD JN,31.0,1284
12628,2025-10-26,KPG,KOPARGAON,27.0,1326
12628,2025-10-26,BAP,BELAPUR,35.0,1370
12628,2025-10-26,ANG,AHMADNAGAR,37.0,1437
12628,2025-10-26,DD,DAUND JN,53.0,1520
12628,2025-10-26,KWV,KURDUVADI,71.0,1630
12628,2025-10-26,SUR,SOLAPUR JN,54.0,1708
12628,2025-10-26,KLBG,KALABURAGI JN,57.0,1821
12628,2025-10-26,WADI,WADI,13.0,1858
12628,2025-10-26,YG,YADGIR,27.0,1897
12628,2025-10-26,RC,RAICHUR,41.0,1965
12628,2025-10-26,MALM,MANTHRALAYAM RD,46.0,1994
12628,2025-10-26,AD,ADONI,43.0,2035
12628,2025-10-26,GTL,GUNTAKAL JN,32.0,2086
12628,2025-10-26,ATP,ANANTAPUR,26.0,2172
12628,2025-10-26,DMM,DHARMAVARAM JN,2.0,2205
12628,2025-10-26,SSPN,SAI P NILAYAM,10.0,2238
12628,2025-10-26,PKD,PENUKONDA,13.0,2259
12628,2025-10-26,HUP,HINDUPUR,30.0,2296
12628,2025-10-26,YNK,YELHANKA JN,34.0,2379
12628,2025-10-26,BNC,BANGALORE CANT,36.0,2402
12628,2025-10-26,SBC,KSR BANGALORE CY JN,-7.0,2406
12628,2025-10-27,NDLS,NEW DELHI,0.0,0
12628,2025-10-27,MTJ,MATHURA JN,28.0,141
12628,2025-10-27,AGC,AGRA CANTT,13.0,195
12628,2025-10-27,GWL,GWALIOR,10.0,313
12628,2025-10-27,VGLJ,V LAKSHMIBAI JHANSI,21.0,410
12628,2025-10-27,BINA,BINA JN,6.0,563
12628,2025-10-27,BPL,BHOPAL JN,12.0,701
12628,2025-10-27,ET,ITARSI JN,5.0,793
12628,2025-10-27,KNW,KHANDWA,0.0,976
12628,2025-10-27,BAU,BURHANPUR,24.0,1045
12628,2025-10-27,BSL,BHUSAVAL JN,16.0,1100
12628,2025-10-27,JL,JALGAON JN,17.0,1124
12628,2025-10-27,MMR,MANMAD JN,12.0,1284
12628,2025-10-27,KPG,KOPARGAON,16.0,1326
12628,2025-10-27,BAP,BELAPUR,43.0,1370
12628,2025-10-27,ANG,AHMADNAGAR,47.0,1437
12628,2025-10-27,DD,DAUND JN,51.0,1520
12628,2025-10-27,KWV,KURDUVADI,59.0,1630
12628,2025-10-27,SUR,SOLAPUR JN,38.0,1708
12628,2025-10-27,KLBG,KALABURAGI JN,44.0,1821
12628,2025-10-27,WADI,WADI,1.0,1858
12628,2025-10-27,YG,YADGIR,11.0,1897
12628,2025-10-27,RC,RAICHUR,3.0,1965
12628,2025-10-27,MALM,MANTHRALAYAM RD,8.0,1994
12628,2025-10-27,AD,ADONI,1.0,2035
12628,2025-10-27,GTL,GUNTAKAL JN,27.0,2086
12628,2025-10-27,ATP,ANANTAPUR,29.0,2172
12628,2025-10-27,DMM,DHARMAVARAM JN,1.0,2205
12628,2025-10-27,SSPN,SAI P NILAYAM,9.0,2238
12628,2025-10-27,PKD,PENUKONDA,9.0,2259
12628,2025-10-27,HUP,HINDUPUR,19.0,2296
12628,2025-10-27,YNK,YELHANKA JN,2.0,2379
12628,2025-10-27,BNC,BANGALORE CANT,7.0,2402
12628,2025-10-27,SBC,KSR BANGALORE CY JN,-40.0,2406
12628,2025-10-28,NDLS,NEW DELHI,0.0,0
12628,2025-10-28,MTJ,MATHURA JN,24.0,141
12628,2025-10-28,AGC,AGRA CANTT,11.0,195
12628,2025-10-28,GWL,GWALIOR,0.0,313
12628,2025-10-28,VGLJ,V LAKSHMIBAI JHANSI,0.0,410
12628,2025-10-28,BINA,BINA JN,3.0,563
12628,2025-10-28,BPL,BHOPAL JN,15.0,701
12628,2025-10-28,ET,ITARSI JN,17.0,793
12628,2025-10-28,KNW,KHANDWA,103.0,976
12628,2025-10-28,BAU,BURHANPUR,105.0,1045
12628,2025-10-28,BSL,BHUSAVAL JN,111.0,1100
12628,2025-10-28,JL,JALGAON JN,135.0,1124
12628,2025-10-28,MMR,MANMAD JN,165.0,1284
12628,2025-10-28,KPG,KOPARGAON,162.0,1326
12628,2025-10-28,BAP,BELAPUR,172.0,1370
12628,2025-10-28,ANG,AHMADNAGAR,172.0,1437
12628,2025-10-28,DD,DAUND JN,177.0,1520
12628,2025-10-28,KWV,KURDUVADI,180.0,1630
12628,2025-10-28,SUR,SOLAPUR JN,156.0,1708
12628,2025-10-28,KLBG,KALABURAGI JN,153.0,1821
12628,2025-10-28,WADI,WADI,110.0,1858
12628,2025-10-28,YG,YADGIR,119.0,1897
12628,2025-10-28,RC,RAICHUR,117.0,1965
12628,2025-10-28,MALM,MANTHRALAYAM RD,122.0,1994
12628,2025-10-28,AD,ADONI,115.0,2035
12628,2025-10-28,GTL,GUNTAKAL JN,104.0,2086
12628,2025-10-28,ATP,ANANTAPUR,99.0,2172
12628,2025-10-28,DMM,DHARMAVARAM JN,63.0,2205
12628,2025-10-28,SSPN,SAI P NILAYAM,67.0,2238
12628,2025-10-28,PKD,PENUKONDA,63.0,2259
12628,2025-10-28,HUP,HINDUPUR,75.0,2296
12628,2025-10-28,YNK,YELHANKA JN,55.0,2379
12628,2025-10-28,BNC,BANGALORE CANT,55.0,2402
12628,2025-10-28,SBC,KSR BANGALORE CY JN,14.0,2406
12628,2025-10-29,NDLS,NEW DELHI,2.0,0
12628,2025-10-29,MTJ,MATHURA JN,22.0,141
12628,2025-10-29,AGC,AGRA CANTT,13.0,195
12628,2025-10-29,GWL,GWALIOR,5.0,313
12628,2025-10-29,VGLJ,V LAKSHMIBAI JHANSI,19.0,410
12628,2025-10-29,BINA,BINA JN,2.0,563
12628,2025-10-29,BPL,BHOPAL JN,2.0,701
12628,2025-10-29,ET,ITARSI JN,1.0,793
12628,2025-10-29,KNW,KHANDWA,1.0,976
12628,2025-10-29,BAU,BURHANPUR,6.0,1045
12628,2025-10-29,BSL,BHUSAVAL JN,1.0,1100
12628,2025-10-29,JL,JALGAON JN,18.0,1124
12628,2025-10-29,MMR,MANMAD JN,38.0,1284
12628,2025-10-29,KPG,KOPARGAON,30.0,1326
12628,2025-10-29,BAP,BELAPUR,33.0,1370
12628,2025-10-29,ANG,AHMADNAGAR,23.0,1437
12628,2025-10-29,DD,DAUND JN,14.0,1520
12628,2025-10-29,KWV,KURDUVADI,13.0,1630
12628,2025-10-29,SUR,SOLAPUR JN,14.0,1708
12628,2025-10-29,KLBG,KALABURAGI JN,7.0,1821
12628,2025-10-29,WADI,WADI,1.0,1858
12628,2025-10-29,YG,YADGIR,14.0,1897
12628,2025-10-29,RC,RAICHUR,23.0,1965
12628,2025-10-29,MALM,MANTHRALAYAM RD,28.0,1994
12628,2025-10-29,AD,ADONI,24.0,2035
12628,2025-10-29,GTL,GUNTAKAL JN,19.0,2086
12628,2025-10-29,ATP,ANANTAPUR,21.0,2172
12628,2025-10-29,DMM,DHARMAVARAM JN,2.0,2205
12628,2025-10-29,SSPN,SAI P NILAYAM,29.0,2238
12628,2025-10-29,PKD,PENUKONDA,30.0,2259
12628,2025-10-29,HUP,HINDUPUR,39.0,2296
12628,2025-10-29,YNK,YELHANKA JN,31.0,2379
12628,2025-10-29,BNC,BANGALORE CANT,46.0,2402
12628,2025-10-29,SBC,KSR BANGALORE CY JN,6.0,2406
12628,2025-10-30,NDLS,NEW DELHI,0.0,0
12628,2025-10-30,MTJ,MATHURA JN,25.0,141
12628,2025-10-30,AGC,AGRA CANTT,16.0,195
12628,2025-10-30,GWL,GWALIOR,0.0,313
12628,2025-10-30,VGLJ,V LAKSHMIBAI JHANSI,0.0,410
12628,2025-10-30,BINA,BINA JN,8.0,563
12628,2025-10-30,BPL,BHOPAL JN,10.0,701
12628,2025-10-30,ET,ITARSI JN,1.0,793
12628,2025-10-30,KNW,KHANDWA,6.0,976
12628,2025-10-30,BAU,BURHANPUR,21.0,1045
12628,2025-10-30,BSL,BHUSAVAL JN,21.0,1100
12628,2025-10-30,JL,JALGAON JN,46.0,1124
12628,2025-10-30,MMR,MANMAD JN,49.0,1284
12628,2025-10-30,KPG,KOPARGAON,50.0,1326
12628,2025-10-30,BAP,BELAPUR,50.0,1370
12628,2025-10-30,ANG,AHMADNAGAR,40.0,1437
12628,2025-10-30,DD,DAUND JN,50.0,1520
12628,2025-10-30,KWV,KURDUVADI,52.0,1630
12628,2025-10-30,SUR,SOLAPUR JN,20.0,1708
12628,2025-10-30,KLBG,KALABURAGI JN,40.0,1821
12628,2025-10-30,WADI,WADI,5.0,1858
12628,2025-10-30,YG,YADGIR,12.0,1897
12628,2025-10-30,RC,RAICHUR,19.0,1965
12628,2025-10-30,MALM,MANTHRALAYAM RD,23.0,1994
12628,2025-10-30,AD,ADONI,12.0,2035
12628,2025-10-30,GTL,GUNTAKAL JN,17.0,2086
12628,2025-10-30,ATP,ANANTAPUR,16.0,2172
12628,2025-10-30,DMM,DHARMAVARAM JN,1.0,2205
12628,2025-10-30,SSPN,SAI P NILAYAM,6.0,2238
12628,2025-10-30,PKD,PENUKONDA,4.0,2259
12628,2025-10-30,HUP,HINDUPUR,13.0,2296
12628,2025-10-30,YNK,YELHANKA JN,24.0,2379
12628,2025-10-30,BNC,BANGALORE CANT,29.0,2402
12628,2025-10-30,SBC,KSR BANGALORE CY JN,-12.0,2406
12628,2025-10-31,NDLS,NEW DELHI,0.0,0
12628,2025-10-31,MTJ,MATHURA JN,25.0,141
12628,2025-10-31,AGC,AGRA CANTT,18.0,195
12628,2025-10-31,GWL,GWALIOR,9.0,313
12628,2025-10-31,VGLJ,V LAKSHMIBAI JHANSI,15.0,410
12628,2025-10-31,BINA,BINA JN,12.0,563
12628,2025-10-31,BPL,BHOPAL JN,10.0,701
12628,2025-10-31,ET,ITARSI JN,0.0,793
12628,2025-10-31,KNW,KHANDWA,3.0,976
12628,2025-10-31,BAU,BURHANPUR,6.0,1045
12628,2025-10-31,BSL,BHUSAVAL JN,12.0,1100
12628,2025-10-31,JL,JALGAON JN,12.0,1124
12628,2025-10-31,MMR,MANMAD JN,34.0,1284
12628,2025-10-31,KPG,KOPARGAON,24.0,1326
12628,2025-10-31,BAP,BELAPUR,25.0,1370
12628,2025-10-31,ANG,AHMADNAGAR,16.0,1437
12628,2025-10-31,DD,DAUND JN,13.0,1520
12628,2025-10-31,KWV,KURDUVADI,37.0,1630
12628,2025-10-31,SUR,SOLAPUR JN,16.0,1708
12628,2025-10-31,KLBG,KALABURAGI JN,26.0,1821
12628,2025-10-31,WADI,WADI,0.0,1858
12628,2025-10-31,YG,YADGIR,8.0,1897
12628,2025-10-31,RC,RAICHUR,15.0,1965
12628,2025-10-31,MALM,MANTHRALAYAM RD,25.0,1994
12628,2025-10-31,AD,ADONI,19.0,2035
12628,2025-10-31,GTL,GUNTAKAL JN,19.0,2086
12628,2025-10-31,ATP,ANANTAPUR,19.0,2172
12628,2025-10-31,DMM,DHARMAVARAM JN,1.0,2205
12628,2025-10-31,SSPN,SAI P NILAYAM,16.0,2238
12628,2025-10-31,PKD,PENUKONDA,14.0,2259
12628,2025-10-31,HUP,HINDUPUR,25.0,2296
12628,2025-10-31,YNK,YELHANKA JN,14.0,2379
12628,2025-10-31,BNC,BANGALORE CANT,19.0,2402
12628,2025-10-31,SBC,KSR BANGALORE CY JN,-20.0,2406
12628,2025-11-01,NDLS,NEW DELHI,27.0,0
12628,2025-11-01,MTJ,MATHURA JN,67.0,141
12628,2025-11-01,AGC,AGRA CANTT,50.0,195
12628,2025-11-01,GWL,GWALIOR,30.0,313
12628,2025-11-01,VGLJ,V LAKSHMIBAI JHANSI,17.0,410
12628,2025-11-01,BINA,BINA JN,9.0,563
12628,2025-11-01,BPL,BHOPAL JN,21.0,701
12628,2025-11-01,ET,ITARSI JN,7.0,793
12628,2025-11-01,KNW,KHANDWA,11.0,976
12628,2025-11-01,BAU,BURHANPUR,13.0,1045
12628,2025-11-01,BSL,BHUSAVAL JN,14.0,1100
12628,2025-11-01,JL,JALGAON JN,15.0,1124
12628,2025-11-01,MMR,MANMAD JN,9.0,1284
12628,2025-11-01,KPG,KOPARGAON,7.0,1326
12628,2025-11-01,BAP,BELAPUR,26.0,1370
12628,2025-11-01,ANG,AHMADNAGAR,18.0,1437
12628,2025-11-01,DD,DAUND JN,14.0,1520
12628,2025-11-01,KWV,KURDUVADI,41.0,1630
12628,2025-11-01,SUR,SOLAPUR JN,14.0,1708
12628,2025-11-01,KLBG,KALABURAGI JN,5.0,1821
12628,2025-11-01,WADI,WADI,2.0,1858
12628,2025-11-01,YG,YADGIR,11.0,1897
12628,2025-11-01,RC,RAICHUR,15.0,1965
12628,2025-11-01,MALM,MANTHRALAYAM RD,21.0,1994
12628,2025-11-01,AD,ADONI,17.0,2035
12628,2025-11-01,GTL,GUNTAKAL JN,18.0,2086
12628,2025-11-01,ATP,ANANTAPUR,14.0,2172
12628,2025-11-01,DMM,DHARMAVARAM JN,0.0,2205
12628,2025-11-01,SSPN,SAI P NILAYAM,9.0,2238
12628,2025-11-01,PKD,PENUKONDA,7.0,2259
12628,2025-11-01,HUP,HINDUPUR,18.0,2296
12628,2025-11-01,YNK,YELHANKA JN,20.0,2379
12628,2025-11-01,BNC,BANGALORE CANT,48.0,2402
12628,2025-11-01,SBC,KSR BANGALORE CY JN,8.0,2406
12628,2025-11-02,NDLS,NEW DELHI,1.0,0
12628,2025-11-02,MTJ,MATHURA JN,20.0,141
12628,2025-11-02,AGC,AGRA CANTT,28.0,195
12628,2025-11-02,GWL,GWALIOR,7.0,313
12628,2025-11-02,VGLJ,V LAKSHMIBAI JHANSI,7.0,410
12628,2025-11-02,BINA,BINA JN,7.0,563
12628,2025-11-02,BPL,BHOPAL JN,5.0,701
12628,2025-11-02,ET,ITARSI JN,4.0,793
12628,2025-11-02,KNW,KHANDWA,0.0,976
12628,2025-11-02,BAU,BURHANPUR,4.0,1045
12628,2025-11-02,BSL,BHUSAVAL JN,1.0,1100
12628,2025-11-02,JL,JALGAON JN,2.0,1124
12628,2025-11-02,MMR,MANMAD JN,6.0,1284
12628,2025-11-02,KPG,KOPARGAON,0.0,1326
12628,2025-11-02,BAP,BELAPUR,8.0,1370
12628,2025-11-02,ANG,AHMADNAGAR,2.0,1437
12628,2025-11-02,DD,DAUND JN,15.0,1520
12628,2025-11-02,KWV,KURDUVADI,33.0,1630
12628,2025-11-02,SUR,SOLAPUR JN,24.0,1708
12628,2025-11-02,KLBG,KALABURAGI JN,14.0,1821
12628,2025-11-02,WADI,WADI,1.0,1858
12628,2025-11-02,YG,YADGIR,9.0,1897
12628,2025-11-02,RC,RAICHUR,9.0,1965
12628,2025-11-02,MALM,MANTHRALAYAM RD,23.0,1994
12628,2025-11-02,AD,ADONI,20.0,2035
12628,2025-11-02,GTL,GUNTAKAL JN,27.0,2086
12628,2025-11-02,ATP,ANANTAPUR,26.0,2172
12628,2025-11-02,DMM,DHARMAVARAM JN,6.0,2205
12628,2025-11-02,SSPN,SAI P NILAYAM,14.0,2238
12628,2025-11-02,PKD,PENUKONDA,13.0,2259
12628,2025-11-02,HUP,HINDUPUR,26.0,2296
12628,2025-11-02,YNK,YELHANKA JN,8.0,2379
12628,2025-11-02,BNC,BANGALORE CANT,19.0,2402
12628,2025-11-02,SBC,KSR BANGALORE CY JN,-11.0,2406
12628,2025-11-03,NDLS,NEW DELHI,5.0,0
12628,2025-11-03,MTJ,MATHURA JN,38.0,141
12628,2025-11-03,AGC,AGRA CANTT,29.0,195
12628,2025-11-03,GWL,GWALIOR,4.0,313
12628,2025-11-03,VGLJ,V LAKSHMIBAI JHANSI,5.0,410
12628,2025-11-03,BINA,BINA JN,3.0,563
12628,2025-11-03,BPL,BHOPAL JN,8.0,701
12628,2025-11-03,ET,ITARSI JN,0.0,793
12628,2025-11-03,KNW,KHANDWA,0.0,976
12628,2025-11-03,BAU,BURHANPUR,6.0,1045
12628,2025-11-03,BSL,BHUSAVAL JN,0.0,1100
12628,2025-11-03,JL,JALGAON JN,12.0,1124
12628,2025-11-03,MMR,MANMAD JN,38.0,1284
12628,2025-11-03,KPG,KOPARGAON,41.0,1326
12628,2025-11-03,BAP,BELAPUR,52.0,1370
12628,2025-11-03,ANG,AHMADNAGAR,44.0,1437
12628,2025-11-03,DD,DAUND JN,58.0,1520
12628,2025-11-03,KWV,KURDUVADI,71.0,1630
12628,2025-11-03,SUR,SOLAPUR JN,46.0,1708
12628,2025-11-03,KLBG,KALABURAGI JN,58.0,1821
12628,2025-11-03,WADI,WADI,12.0,1858
12628,2025-11-03,YG,YADGIR,24.0,1897
12628,2025-11-03,RC,RAICHUR,30.0,1965
12628,2025-11-03,MALM,MANTHRALAYAM RD,41.0,1994
12628,2025-11-03,AD,ADONI,33.0,2035
12628,2025-11-03,GTL,GUNTAKAL JN,21.0,2086
12628,2025-11-03,ATP,ANANTAPUR,17.0,2172
12628,2025-11-03,DMM,DHARMAVARAM JN,0.0,2205
12628,2025-11-03,SSPN,SAI P NILAYAM,9.0,2238
12628,2025-11-03,PKD,PENUKONDA,10.0,2259
12628,2025-11-03,HUP,HINDUPUR,21.0,2296
12628,2025-11-03,YNK,YELHANKA JN,10.0,2379
12628,2025-11-03,BNC,BANGALORE CANT,32.0,2402
12628,2025-11-03,SBC,KSR BANGALORE CY JN,0.0,2406
12628,2025-11-04,NDLS,NEW DELHI,1.0,0
12628,2025-11-04,MTJ,MATHURA JN,23.0,141
12628,2025-11-04,AGC,AGRA CANTT,17.0,195
12628,2025-11-04,GWL,GWALIOR,0.0,313
12628,2025-11-04,VGLJ,V LAKSHMIBAI JHANSI,0.0,410
12628,2025-11-04,BINA,BINA JN,0.0,563
12628,2025-11-04,BPL,BHOPAL JN,27.0,701
12628,2025-11-04,ET,ITARSI JN,1.0,793
12628,2025-11-04,KNW,KHANDWA,19.0,976
12628,2025-11-04,BAU,BURHANPUR,30.0,1045
12628,2025-11-04,BSL,BHUSAVAL JN,22.0,1100
12628,2025-11-04,JL,JALGAON JN,29.0,1124
12628,2025-11-04,MMR,MANMAD JN,42.0,1284
12628,2025-11-04,KPG,KOPARGAON,26.0,1326
12628,2025-11-04,BAP,BELAPUR,38.0,1370
12628,2025-11-04,ANG,AHMADNAGAR,31.0,1437
12628,2025-11-04,DD,DAUND JN,29.0,1520
12628,2025-11-04,KWV,KURDUVADI,42.0,1630
12628,2025-11-04,SUR,SOLAPUR JN,49.0,1708
12628,2025-11-04,KLBG,KALABURAGI JN,46.0,1821
12628,2025-11-04,WADI,WADI,7.0,1858
12628,2025-11-04,YG,YADGIR,21.0,1897
12628,2025-11-04,RC,RAICHUR,20.0,1965
12628,2025-11-04,MALM,MANTHRALAYAM RD,25.0,1994
12628,2025-11-04,AD,ADONI,42.0,2035
12628,2025-11-04,GTL,GUNTAKAL JN,57.0,2086
12628,2025-11-04,ATP,ANANTAPUR,37.0,2172
12628,2025-11-04,DMM,DHARMAVARAM JN,15.0,2205
12628,2025-11-04,SSPN,SAI P NILAYAM,0.0,2238
12628,2025-11-04,PKD,PENUKONDA,20.0,2259
12628,2025-11-04,HUP,HINDUPUR,37.0,2296
12628,2025-11-04,YNK,YELHANKA JN,14.0,2379
12628,2025-11-04,BNC,BANGALORE CANT,0.0,2402
12628,2025-11-04,SBC,KSR BANGALORE CY JN,-24.0,2406
12628,2025-11-05,NDLS,NEW DELHI,3.0,0
12628,2025-11-05,MTJ,MATHURA JN,37.0,141
12628,2025-11-05,AGC,AGRA CANTT,34.0,195
12628,2025-11-05,GWL,GWALIOR,12.0,313
12628,2025-11-05,VGLJ,V LAKSHMIBAI JHANSI,11.0,410
12628,2025-11-05,BINA,BINA JN,6.0,563
12628,2025-11-05,BPL,BHOPAL JN,1.0,701
12628,2025-11-05,ET,ITARSI JN,2.0,793
12628,2025-11-05,KNW,KHANDWA,14.0,976
12628,2025-11-05,BAU,BURHANPUR,20.0,1045
12628,2025-11-05,BSL,BHUSAVAL JN,22.0,1100
12628,2025-11-05,JL,JALGAON JN,23.0,1124
12628,2025-11-05,MMR,MANMAD JN,35.0,1284
12628,2025-11-05,KPG,KOPARGAON,23.0,1326
12628,2025-11-05,BAP,BELAPUR,26.0,1370
12628,2025-11-05,ANG,AHMADNAGAR,18.0,1437
12628,2025-11-05,DD,DAUND JN,37.0,1520
12628,2025-11-05,KWV,KURDUVADI,50.0,1630
12628,2025-11-05,SUR,SOLAPUR JN,38.0,1708
12628,2025-11-05,KLBG,KALABURAGI JN,33.0,1821
12628,2025-11-05,WADI,WADI,1.0,1858
12628,2025-11-05,YG,YADGIR,10.0,1897
12628,2025-11-05,RC,RAICHUR,16.0,1965
12628,2025-11-05,MALM,MANTHRALAYAM RD,20.0,1994
12628,2025-11-05,AD,ADONI,16.0,2035
12628,2025-11-05,GTL,GUNTAKAL JN,10.0,2086
12628,2025-11-05,ATP,ANANTAPUR,8.0,2172
12628,2025-11-05,DMM,DHARMAVARAM JN,1.0,2205
12628,2025-11-05,SSPN,SAI P NILAYAM,9.0,2238
12628,2025-11-05,PKD,PENUKONDA,8.0,2259
12628,2025-11-05,HUP,HINDUPUR,14.0,2296
12628,2025-11-05,YNK,YELHANKA JN,1.0,2379
12628,2025-11-05,BNC,BANGALORE CANT,13.0,2402
12628,2025-11-05,SBC,KSR BANGALORE CY JN,-23.0,2406
12628,2025-11-06,NDLS,NEW DELHI,0.0,0
12628,2025-11-06,MTJ,MATHURA JN,33.0,141
12628,2025-11-06,AGC,AGRA CANTT,15.0,195
12628,2025-11-06,GWL,GWALIOR,1.0,313
12628,2025-11-06,VGLJ,V LAKSHMIBAI JHANSI,0.0,410
12628,2025-11-06,BINA,BINA JN,10.0,563
12628,2025-11-06,BPL,BHOPAL JN,8.0,701
12628,2025-11-06,ET,ITARSI JN,4.0,793
12628,2025-11-06,KNW,KHANDWA,1.0,976
12628,2025-11-06,BAU,BURHANPUR,9.0,1045
12628,2025-11-06,BSL,BHUSAVAL JN,12.0,1100
12628,2025-11-06,JL,JALGAON JN,15.0,1124
12628,2025-11-06,MMR,MANMAD JN,39.0,1284
12628,2025-11-06,KPG,KOPARGAON,25.0,1326
12628,2025-11-06,BAP,BELAPUR,27.0,1370
12628,2025-11-06,ANG,AHMADNAGAR,20.0,1437
12628,2025-11-06,DD,DAUND JN,25.0,1520
12628,2025-11-06,KWV,KURDUVADI,47.0,1630
12628,2025-11-06,SUR,SOLAPUR JN,21.0,1708
12628,2025-11-06,KLBG,KALABURAGI JN,36.0,1821
12628,2025-11-06,WADI,WADI,1.0,1858
12628,2025-11-06,YG,YADGIR,7.0,1897
12628,2025-11-06,RC,RAICHUR,7.0,1965
12628,2025-11-06,MALM,MANTHRALAYAM RD,16.0,1994
12628,2025-11-06,AD,ADONI,6.0,2035
12628,2025-11-06,GTL,GUNTAKAL JN,46.0,2086
12628,2025-11-06,ATP,ANANTAPUR,35.0,2172
12628,2025-11-06,DMM,DHARMAVARAM JN,8.0,2205
12628,2025-11-06,SSPN,SAI P NILAYAM,15.0,2238
12628,2025-11-06,PKD,PENUKONDA,12.0,2259
12628,2025-11-06,HUP,HINDUPUR,19.0,2296
12628,2025-11-06,YNK,YELHANKA JN,20.0,2379
12628,2025-11-06,BNC,BANGALORE CANT,0.0,2402
12628,2025-11-06,SBC,KSR BANGALORE CY JN,-19.0,2406
12628,2025-11-07,NDLS,NEW DELHI,1.0,0
12628,2025-11-07,MTJ,MATHURA JN,36.0,141
12628,2025-11-07,AGC,AGRA CANTT,24.0,195
12628,2025-11-07,GWL,GWALIOR,29.0,313
12628,2025-11-07,VGLJ,V LAKSHMIBAI JHANSI,28.0,410
12628,2025-11-07,BINA,BINA JN,4.0,563
12628,2025-11-07,BPL,BHOPAL JN,5.0,701
12628,2025-11-07,ET,ITARSI JN,7.0,793
12628,2025-11-07,KNW,KHANDWA,6.0,976
12628,2025-11-07,BAU,BURHANPUR,17.0,1045
12628,2025-11-07,BSL,BHUSAVAL JN,1.0,1100
12628,2025-11-07,JL,JALGAON JN,1.0,1124
12628,2025-11-07,MMR,MANMAD JN,5.0,1284
12628,2025-11-07,KPG,KOPARGAON,4.0,1326
12628,2025-11-07,BAP,BELAPUR,17.0,1370
12628,2025-11-07,ANG,AHMADNAGAR,20.0,1437
12628,2025-11-07,DD,DAUND JN,10.0,1520
12628,2025-11-07,KWV,KURDUVADI,40.0,1630
12628,2025-11-07,SUR,SOLAPUR JN,34.0,1708
12628,2025-11-07,KLBG,KALABURAGI JN,37.0,1821
12628,2025-11-07,WADI,WADI,1.0,1858
12628,2025-11-07,YG,YADGIR,19.0,1897
12628,2025-11-07,RC,RAICHUR,14.0,1965
12628,2025-11-07,MALM,MANTHRALAYAM RD,21.0,1994
12628,2025-11-07,AD,ADONI,11.0,2035
12628,2025-11-07,GTL,GUNTAKAL JN,3.0,2086
12628,2025-11-07,ATP,ANANTAPUR,11.0,2172
12628,2025-11-07,DMM,DHARMAVARAM JN,4.0,2205
12628,2025-11-07,SSPN,SAI P NILAYAM,12.0,2238
12628,2025-11-07,PKD,PENUKONDA,16.0,2259
12628,2025-11-07,HUP,HINDUPUR,24.0,2296
12628,2025-11-07,YNK,YELHANKA JN,26.0,2379
12628,2025-11-07,BNC,BANGALORE CANT,38.0,2402
12628,2025-11-07,SBC,KSR BANGALORE CY JN,-1.0,2406
12628,2025-11-08,NDLS,NEW DELHI,2.0,0
12628,2025-11-08,MTJ,MATHURA JN,31.0,141
12628,2025-11-08,AGC,AGRA CANTT,14.0,195
12628,2025-11-08,GWL,GWALIOR,4.0,313
12628,2025-11-08,VGLJ,V LAKSHMIBAI JHANSI,0.0,410
12628,2025-11-08,BINA,BINA JN,0.0,563
12628,2025-11-08,BPL,BHOPAL JN,4.0,701
12628,2025-11-08,ET,ITARSI JN,28.0,793
12628,2025-11-08,KNW,KHANDWA,26.0,976
12628,2025-11-08,BAU,BURHANPUR,39.0,1045
12628,2025-11-08,BSL,BHUSAVAL JN,40.0,1100
12628,2025-11-08,JL,JALGAON JN,40.0,1124
12628,2025-11-08,MMR,MANMAD JN,43.0,1284
12628,2025-11-08,KPG,KOPARGAON,30.0,1326
12628,2025-11-08,BAP,BELAPUR,42.0,1370
12628,2025-11-08,ANG,AHMADNAGAR,36.0,1437
12628,2025-11-08,DD,DAUND JN,19.0,1520
12628,2025-11-08,KWV,KURDUVADI,73.0,1630
12628,2025-11-08,SUR,SOLAPUR JN,39.0,1708
12628,2025-11-08,KLBG,KALABURAGI JN,43.0,1821
12628,2025-11-08,WADI,WADI,0.0,1858
12628,2025-11-08,YG,YADGIR,5.0,1897
12628,2025-11-08,RC,RAICHUR,1.0,1965
12628,2025-11-08,MALM,MANTHRALAYAM RD,3.0,1994
12628,2025-11-08,AD,ADONI,0.0,2035
12628,2025-11-08,GTL,GUNTAKAL JN,7.0,2086
12628,2025-11-08,ATP,ANANTAPUR,11.0,2172
12628,2025-11-08,DMM,DHARMAVARAM JN,1.0,2205
12628,2025-11-08,SSPN,SAI P NILAYAM,25.0,2238
12628,2025-11-08,PKD,PENUKONDA,25.0,2259
12628,2025-11-08,HUP,HINDUPUR,32.0,2296
12628,2025-11-08,YNK,YELHANKA JN,17.0,2379
12628,2025-11-08,BNC,BANGALORE CANT,37.0,2402
12628,2025-11-08,SBC,KSR BANGALORE CY JN,2.0,2406
12628,2025-11-09,NDLS,NEW DELHI,0.0,0
12628,2025-11-09,MTJ,MATHURA JN,28.0,141
12628,2025-11-09,AGC,AGRA CANTT,15.0,195
12628,2025-11-09,GWL,GWALIOR,8.0,313
12628,2025-11-09,VGLJ,V LAKSHMIBAI JHANSI,3.0,410
12628,2025-11-09,BINA,BINA JN,0.0,563
12628,2025-11-09,BPL,BHOPAL JN,9.0,701
12628,2025-11-09,ET,ITARSI JN,0.0,793
12628,2025-11-09,KNW,KHANDWA,0.0,976
12628,2025-11-09,BAU,BURHANPUR,6.0,1045
12628,2025-11-09,BSL,BHUSAVAL JN,14.0,1100
12628,2025-11-09,JL,JALGAON JN,20.0,1124
12628,2025-11-09,MMR,MANMAD JN,31.0,1284
12628,2025-11-09,KPG,KOPARGAON,18.0,1326
12628,2025-11-09,BAP,BELAPUR,24.0,1370
12628,2025-11-09,ANG,AHMADNAGAR,12.0,1437
12628,2025-11-09,DD,DAUND JN,14.0,1520
12628,2025-11-09,KWV,KURDUVADI,41.0,1630
12628,2025-11-09,SUR,SOLAPUR JN,18.0,1708
12628,2025-11-09,KLBG,KALABURAGI JN,31.0,1821
12628,2025-11-09,WADI,WADI,0.0,1858
12628,2025-11-09,YG,YADGIR,7.0,1897
12628,2025-11-09,RC,RAICHUR,4.0,1965
12628,2025-11-09,MALM,MANTHRALAYAM RD,15.0,1994
12628,2025-11-09,AD,ADONI,8.0,2035
12628,2025-11-09,GTL,GUNTAKAL JN,0.0,2086
12628,2025-11-09,ATP,ANANTAPUR,7.0,2172
12628,2025-11-09,DMM,DHARMAVARAM JN,1.0,2205
12628,2025-11-09,SSPN,SAI P NILAYAM,15.0,2238
12628,2025-11-09,PKD,PENUKONDA,14.0,2259
12628,2025-11-09,HUP,HINDUPUR,23.0,2296
12628,2025-11-09,YNK,YELHANKA JN,21.0,2379
12628,2025-11-09,BNC,BANGALORE CANT,23.0,2402
12628,2025-11-09,SBC,KSR BANGALORE CY JN,-16.0,2406
12628,2025-11-10,NDLS,NEW DELHI,2.0,0
12628,2025-11-10,MTJ,MATHURA JN,34.0,141
12628,2025-11-10,AGC,AGRA CANTT,21.0,195
12628,2025-11-10,GWL,GWALIOR,3.0,313
12628,2025-11-10,VGLJ,V LAKSHMIBAI JHANSI,0.0,410
12628,2025-11-10,BINA,BINA JN,0.0,563
12628,2025-11-10,BPL,BHOPAL JN,0.0,701
12628,2025-11-10,ET,ITARSI JN,0.0,793
12628,2025-11-10,KNW,KHANDWA,0.0,976
12628,2025-11-10,BAU,BURHANPUR,21.0,1045
12628,2025-11-10,BSL,BHUSAVAL JN,15.0,1100
12628,2025-11-10,JL,JALGAON JN,19.0,1124
12628,2025-11-10,MMR,MANMAD JN,29.0,1284
12628,2025-11-10,KPG,KOPARGAON,25.0,1326
12628,2025-11-10,BAP,BELAPUR,38.0,1370
12628,2025-11-10,ANG,AHMADNAGAR,41.0,1437
12628,2025-11-10,DD,DAUND JN,51.0,1520
12628,2025-11-10,KWV,KURDUVADI,64.0,1630
12628,2025-11-10,SUR,SOLAPUR JN,33.0,1708
12628,2025-11-10,KLBG,KALABURAGI JN,54.0,1821
12628,2025-11-10,WADI,WADI,9.0,1858
12628,2025-11-10,YG,YADGIR,20.0,1897
12628,2025-11-10,RC,RAICHUR,27.0,1965
12628,2025-11-10,MALM,MANTHRALAYAM RD,30.0,1994
12628,2025-11-10,AD,ADONI,25.0,2035
12628,2025-11-10,GTL,GUNTAKAL JN,2.0,2086
12628,2025-11-10,ATP,ANANTAPUR,1.0,2172
12628,2025-11-10,DMM,DHARMAVARAM JN,1.0,2205
12628,2025-11-10,SSPN,SAI P NILAYAM,6.0,2238
12628,2025-11-10,PKD,PENUKONDA,3.0,2259
12628,2025-11-10,HUP,HINDUPUR,8.0,2296
12628,2025-11-10,YNK,YELHANKA JN,7.0,2379
12628,2025-11-10,BNC,BANGALORE CANT,17.0,2402
12628,2025-11-10,SBC,KSR BANGALORE CY JN,-24.0,2406
12628,2025-11-11,NDLS,NEW DELHI,1.0,0
12628,2025-11-11,MTJ,MATHURA JN,24.0,141
12628,2025-11-11,AGC,AGRA CANTT,17.0,195
12628,2025-11-11,GWL,GWALIOR,1.0,313
12628,2025-11-11,VGLJ,V LAKSHMIBAI JHANSI,0.0,410
12628,2025-11-11,BINA,BINA JN,0.0,563
12628,2025-11-11,BPL,BHOPAL JN,18.0,701
12628,2025-11-11,ET,ITARSI JN,5.0,793
12628,2025-11-11,KNW,KHANDWA,2.0,976
12628,2025-11-11,BAU,BURHANPUR,8.0,1045
12628,2025-11-11,BSL,BHUSAVAL JN,15.0,1100
12628,2025-11-11,JL,JALGAON JN,32.0,1124
12628,2025-11-11,MMR,MANMAD JN,28.0,1284
12628,2025-11-11,KPG,KOPARGAON,23.0,1326
12628,2025-11-11,BAP,BELAPUR,30.0,1370
12628,2025-11-11,ANG,AHMADNAGAR,25.0,1437
12628,2025-11-11,DD,DAUND JN,24.0,1520
12628,2025-11-11,KWV,KURDUVADI,47.0,1630
12628,2025-11-11,SUR,SOLAPUR JN,26.0,1708
12628,2025-11-11,KLBG,KALABURAGI JN,41.0,1821
12628,2025-11-11,WADI,WADI,7.0,1858
12628,2025-11-11,YG,YADGIR,15.0,1897
12628,2025-11-11,RC,RAICHUR,12.0,1965
12628,2025-11-11,MALM,MANTHRALAYAM RD,24.0,1994
12628,2025-11-11,AD,ADONI,18.0,2035
12628,2025-11-11,GTL,GUNTAKAL JN,44.0,2086
12628,2025-11-11,ATP,ANANTAPUR,36.0,2172
12628,2025-11-11,DMM,DHARMAVARAM JN,3.0,2205
12628,2025-11-11,SSPN,SAI P NILAYAM,10.0,2238
12628,2025-11-11,PKD,PENUKONDA,6.0,2259
12628,2025-11-11,HUP,HINDUPUR,10.0,2296
12628,2025-11-11,YNK,YELHANKA JN,0.0,2379
12628,2025-11-11,BNC,BANGALORE CANT,33.0,2402
12628,2025-11-11,SBC,KSR BANGALORE CY JN,-6.0,2406
12628,2025-11-12,NDLS,NEW DELHI,0.0,0
12628,2025-11-12,MTJ,MATHURA JN,46.0,141
12628,2025-11-12,AGC,AGRA CANTT,35.0,195
12628,2025-11-12,GWL,GWALIOR,13.0,313
12628,2025-11-12,VGLJ,V LAKSHMIBAI JHANSI,14.0,410
12628,2025-11-12,BINA,BINA JN,8.0,563
12628,2025-11-12,BPL,BHOPAL JN,3.0,701
12628,2025-11-12,ET,ITARSI JN,1.0,793
12628,2025-11-12,KNW,KHANDWA,0.0,976
12628,2025-11-12,BAU,BURHANPUR,6.0,1045
12628,2025-11-12,BSL,BHUSAVAL JN,12.0,1100
12628,2025-11-12,JL,JALGAON JN,14.0,1124
12628,2025-11-12,MMR,MANMAD JN,15.0,1284
12628,2025-11-12,KPG,KOPARGAON,6.0,1326
12628,2025-11-12,BAP,BELAPUR,10.0,1370
12628,2025-11-12,ANG,AHMADNAGAR,15.0,1437
12628,2025-11-12,DD,DAUND JN,50.0,1520
12628,2025-11-12,KWV,KURDUVADI,73.0,1630
12628,2025-11-12,SUR,SOLAPUR JN,47.0,1708
12628,2025-11-12,KLBG,KALABURAGI JN,64.0,1821
12628,2025-11-12,WADI,WADI,13.0,1858
12628,2025-11-12,YG,YADGIR,20.0,1897
12628,2025-11-12,RC,RAICHUR,16.0,1965
12628,2025-11-12,MALM,MANTHRALAYAM RD,27.0,1994
12628,2025-11-12,AD,ADONI,29.0,2035
12628,2025-11-12,GTL,GUNTAKAL JN,10.0,2086
12628,2025-11-12,ATP,ANANTAPUR,12.0,2172
12628,2025-11-12,DMM,DHARMAVARAM JN,1.0,2205
12628,2025-11-12,SSPN,SAI P NILAYAM,17.0,2238
12628,2025-11-12,PKD,PENUKONDA,16.0,2259
12628,2025-11-12,HUP,HINDUPUR,22.0,2296
12628,2025-11-12,YNK,YELHANKA JN,12.0,2379
12628,2025-11-12,BNC,BANGALORE CANT,37.0,2402
12628,2025-11-12,SBC,KSR BANGALORE CY JN,2.0,2406
12628,2025-11-13,NDLS,NEW DELHI,6.0,0
12628,2025-11-13,MTJ,MATHURA JN,28.0,141
12628,2025-11-13,AGC,AGRA CANTT,16.0,195
12628,2025-11-13,GWL,GWALIOR,0.0,313
12628,2025-11-13,VGLJ,V LAKSHMIBAI JHANSI,3.0,410
12628,2025-11-13,BINA,BINA JN,4.0,563
12628,2025-11-13,BPL,BHOPAL JN,20.0,701
12628,2025-11-13,ET,ITARSI JN,4.0,793
12628,2025-11-13,KNW,KHANDWA,19.0,976
12628,2025-11-13,BAU,BURHANPUR,28.0,1045
12628,2025-11-13,BSL,BHUSAVAL JN,22.0,1100
12628,2025-11-13,JL,JALGAON JN,33.0,1124
12628,2025-11-13,MMR,MANMAD JN,33.0,1284
12628,2025-11-13,KPG,KOPARGAON,23.0,1326
12628,2025-11-13,BAP,BELAPUR,32.0,1370
12628,2025-11-13,ANG,AHMADNAGAR,42.0,1437
12628,2025-11-13,DD,DAUND JN,49.0,1520
12628,2025-11-13,KWV,KURDUVADI,64.0,1630
12628,2025-11-13,SUR,SOLAPUR JN,40.0,1708
12628,2025-11-13,KLBG,KALABURAGI JN,55.0,1821
12628,2025-11-13,WADI,WADI,4.0,1858
12628,2025-11-13,YG,YADGIR,11.0,1897
12628,2025-11-13,RC,RAICHUR,1.0,1965
12628,2025-11-13,MALM,MANTHRALAYAM RD,5.0,1994
12628,2025-11-13,AD,ADONI,1.0,2035
12628,2025-11-13,GTL,GUNTAKAL JN,1.0,2086
12628,2025-11-13,ATP,ANANTAPUR,4.0,2172
12628,2025-11-13,DMM,DHARMAVARAM JN,0.0,2205
12628,2025-11-13,SSPN,SAI P NILAYAM,9.0,2238
12628,2025-11-13,PKD,PENUKONDA,9.0,2259
12628,2025-11-13,HUP,HINDUPUR,16.0,2296
12628,2025-11-13,YNK,YELHANKA JN,8.0,2379
12628,2025-11-13,BNC,BANGALORE CANT,18.0,2402
12628,2025-11-13,SBC,KSR BANGALORE CY JN,-14.0,2406
12628,2025-11-14,NDLS,NEW DELHI,6.0,0
12628,2025-11-14,MTJ,MATHURA JN,26.0,141
12628,2025-11-14,AGC,AGRA CANTT,19.0,195
12628,2025-11-14,GWL,GWALIOR,20.0,313
12628,2025-11-14,VGLJ,V LAKSHMIBAI JHANSI,15.0,410
12628,2025-11-14,BINA,BINA JN,8.0,563
12628,2025-11-14,BPL,BHOPAL JN,6.0,701
12628,2025-11-14,ET,ITARSI JN,2.0,793
12628,2025-11-14,KNW,KHANDWA,0.0,976
12628,2025-11-14,BAU,BURHANPUR,5.0,1045
12628,2025-11-14,BSL,BHUSAVAL JN,1.0,1100
12628,2025-11-14,JL,JALGAON JN,3.0,1124
12628,2025-11-14,MMR,MANMAD JN,25.0,1284
12628,2025-11-14,KPG,KOPARGAON,13.0,1326
12628,2025-11-14,BAP,BELAPUR,34.0,1370
12628,2025-11-14,ANG,AHMADNAGAR,36.0,1437
12628,2025-11-14,DD,DAUND JN,34.0,1520
12628,2025-11-14,KWV,KURDUVADI,54.0,1630
12628,2025-11-14,SUR,SOLAPUR JN,34.0,1708
12628,2025-11-14,KLBG,KALABURAGI JN,35.0,1821
12628,2025-11-14,WADI,WADI,1.0,1858
12628,2025-11-14,YG,YADGIR,9.0,1897
12628,2025-11-14,RC,RAICHUR,1.0,1965
12628,2025-11-14,MALM,MANTHRALAYAM RD,8.0,1994
12628,2025-11-14,AD,ADONI,0.0,2035
12628,2025-11-14,GTL,GUNTAKAL JN,21.0,2086
12628,2025-11-14,ATP,ANANTAPUR,11.0,2172
12628,2025-11-14,DMM,DHARMAVARAM JN,0.0,2205
12628,2025-11-14,SSPN,SAI P NILAYAM,7.0,2238
12628,2025-11-14,PKD,PENUKONDA,2.0,2259
12628,2025-11-14,HUP,HINDUPUR,7.0,2296
12628,2025-11-14,YNK,YELHANKA JN,1.0,2379
12628,2025-11-14,BNC,BANGALORE CANT,0.0,2402
12628,2025-11-14,SBC,KSR BANGALORE CY JN,-38.0,2406
12628,2025-11-15,NDLS,NEW DELHI,0.0,0
12628,2025-11-15,MTJ,MATHURA JN,19.0,141
12628,2025-11-15,AGC,AGRA CANTT,20.0,195
12628,2025-11-15,GWL,GWALIOR,0.0,313
12628,2025-11-15,VGLJ,V LAKSHMIBAI JHANSI,0.0,410
12628,2025-11-15,BINA,BINA JN,9.0,563
12628,2025-11-15,BPL,BHOPAL JN,7.0,701
12628,2025-11-15,ET,ITARSI JN,0.0,793
12628,2025-11-15,KNW,KHANDWA,72.0,976
12628,2025-11-15,BAU,BURHANPUR,92.0,1045
12628,2025-11-15,BSL,BHUSAVAL JN,103.0,1100
12628,2025-11-15,JL,JALGAON JN,106.0,1124
12628,2025-11-15,MMR,MANMAD JN,97.0,1284
12628,2025-11-15,KPG,KOPARGAON,90.0,1326
12628,2025-11-15,BAP,BELAPUR,118.0,1370
12628,2025-11-15,ANG,AHMADNAGAR,107.0,1437
12628,2025-11-15,DD,DAUND JN,112.0,1520
12628,2025-11-15,KWV,KURDUVADI,124.0,1630
12628,2025-11-15,SUR,SOLAPUR JN,104.0,1708
12628,2025-11-15,KLBG,KALABURAGI JN,100.0,1821
12628,2025-11-15,WADI,WADI,58.0,1858
12628,2025-11-15,YG,YADGIR,66.0,1897
12628,2025-11-15,RC,RAICHUR,54.0,1965
12628,2025-11-15,MALM,MANTHRALAYAM RD,61.0,1994
12628,2025-11-15,AD,ADONI,51.0,2035
12628,2025-11-15,GTL,GUNTAKAL JN,47.0,2086
12628,2025-11-15,ATP,ANANTAPUR,42.0,2172
12628,2025-11-15,DMM,DHARMAVARAM JN,11.0,2205
12628,2025-11-15,SSPN,SAI P NILAYAM,21.0,2238
12628,2025-11-15,PKD,PENUKONDA,18.0,2259
12628,2025-11-15,HUP,HINDUPUR,23.0,2296
12628,2025-11-15,YNK,YELHANKA JN,16.0,2379
12628,2025-11-15,BNC,BANGALORE CANT,25.0,2402
12628,2025-11-15,SBC,KSR BANGALORE CY JN,-9.0,2406
12628,2025-11-16,NDLS,NEW DELHI,0.0,0
12628,2025-11-16,MTJ,MATHURA JN,32.0,141
12628,2025-11-16,AGC,AGRA CANTT,25.0,195
12628,2025-11-16,GWL,GWALIOR,9.0,313
12628,2025-11-16,VGLJ,V LAKSHMIBAI JHANSI,1.0,410
12628,2025-11-16,BINA,BINA JN,8.0,563
12628,2025-11-16,BPL,BHOPAL JN,5.0,701
12628,2025-11-16,ET,ITARSI JN,40.0,793
12628,2025-11-16,KNW,KHANDWA,67.0,976
12628,2025-11-16,BAU,BURHANPUR,79.0,1045
12628,2025-11-16,BSL,BHUSAVAL JN,77.0,1100
12628,2025-11-16,JL,JALGAON JN,82.0,1124
12628,2025-11-16,MMR,MANMAD JN,86.0,1284
12628,2025-11-16,KPG,KOPARGAON,82.0,1326
12628,2025-11-16,BAP,BELAPUR,90.0,1370
12628,2025-11-16,ANG,AHMADNAGAR,84.0,1437
12628,2025-11-16,DD,DAUND JN,70.0,1520
12628,2025-11-16,KWV,KURDUVADI,81.0,1630
12628,2025-11-16,SUR,SOLAPUR JN,82.0,1708
12628,2025-11-16,KLBG,KALABURAGI JN,97.0,1821
12628,2025-11-16,WADI,WADI,67.0,1858
12628,2025-11-16,YG,YADGIR,88.0,1897
12628,2025-11-16,RC,RAICHUR,71.0,1965
12628,2025-11-16,MALM,MANTHRALAYAM RD,74.0,1994
12628,2025-11-16,AD,ADONI,62.0,2035
12628,2025-11-16,GTL,GUNTAKAL JN,59.0,2086
12628,2025-11-16,ATP,ANANTAPUR,67.0,2172
12628,2025-11-16,DMM,DHARMAVARAM JN,44.0,2205
12628,2025-11-16,SSPN,SAI P NILAYAM,54.0,2238
12628,2025-11-16,PKD,PENUKONDA,52.0,2259
12628,2025-11-16,HUP,HINDUPUR,60.0,2296
12628,2025-11-16,YNK,YELHANKA JN,41.0,2379
12628,2025-11-16,BNC,BANGALORE CANT,52.0,2402
12628,2025-11-16,SBC,KSR BANGALORE CY JN,21.0,2406
12628,2025-11-17,NDLS,NEW DELHI,0.0,0
12628,2025-11-17,MTJ,MATHURA JN,27.0,141
12628,2025-11-17,AGC,AGRA CANTT,25.0,195
12628,2025-11-17,GWL,GWALIOR,3.0,313
12628,2025-11-17,VGLJ,V LAKSHMIBAI JHANSI,0.0,410
12628,2025-11-17,BINA,BINA JN,10.0,563
12628,2025-11-17,BPL,BHOPAL JN,10.0,701
12628,2025-11-17,ET,ITARSI JN,45.0,793
12628,2025-11-17,KNW,KHANDWA,88.0,976
12628,2025-11-17,BAU,BURHANPUR,91.0,1045
12628,2025-11-17,BSL,BHUSAVAL JN,95.0,1100
12628,2025-11-17,JL,JALGAON JN,98.0,1124
12628,2025-11-17,MMR,MANMAD JN,107.0,1284
12628,2025-11-17,KPG,KOPARGAON,95.0,1326
12628,2025-11-17,BAP,BELAPUR,119.0,1370
12628,2025-11-17,ANG,AHMADNAGAR,131.0,1437
12628,2025-11-17,DD,DAUND JN,121.0,1520
12628,2025-11-17,KWV,KURDUVADI,124.0,1630
12628,2025-11-17,SUR,SOLAPUR JN,95.0,1708
12628,2025-11-17,KLBG,KALABURAGI JN,101.0,1821
12628,2025-11-17,WADI,WADI,65.0,1858
12628,2025-11-17,YG,YADGIR,72.0,1897
12628,2025-11-17,RC,RAICHUR,58.0,1965
12628,2025-11-17,MALM,MANTHRALAYAM RD,62.0,1994
12628,2025-11-17,AD,ADONI,56.0,2035
12628,2025-11-17,GTL,GUNTAKAL JN,39.0,2086
12628,2025-11-17,ATP,ANANTAPUR,41.0,2172
12628,2025-11-17,DMM,DHARMAVARAM JN,9.0,2205
12628,2025-11-17,SSPN,SAI P NILAYAM,17.0,2238
12628,2025-11-17,PKD,PENUKONDA,14.0,2259
12628,2025-11-17,HUP,HINDUPUR,20.0,2296
12628,2025-11-17,YNK,YELHANKA JN,3.0,2379
12628,2025-11-17,BNC,BANGALORE CANT,12.0,2402
12628,2025-11-17,SBC,KSR BANGALORE CY JN,-29.0,2406
12628,2025-11-18,NDLS,NEW DELHI,1.0,0
12628,2025-11-18,MTJ,MATHURA JN,24.0,141
12628,2025-11-18,AGC,AGRA CANTT,24.0,195
12628,2025-11-18,GWL,GWALIOR,0.0,313
12628,2025-11-18,VGLJ,V LAKSHMIBAI JHANSI,0.0,410
12628,2025-11-18,BINA,BINA JN,12.0,563
12628,2025-11-18,BPL,BHOPAL JN,15.0,701
12628,2025-11-18,ET,ITARSI JN,6.0,793
12628,2025-11-18,KNW,KHANDWA,0.0,976
12628,2025-11-18,BAU,BURHANPUR,15.0,1045
12628,2025-11-18,BSL,BHUSAVAL JN,21.0,1100
12628,2025-11-18,JL,JALGAON JN,25.0,1124
12628,2025-11-18,MMR,MANMAD JN,38.0,1284
12628,2025-11-18,KPG,KOPARGAON,28.0,1326
12628,2025-11-18,BAP,BELAPUR,33.0,1370
12628,2025-11-18,ANG,AHMADNAGAR,36.0,1437
12628,2025-11-18,DD,DAUND JN,28.0,1520
12628,2025-11-18,KWV,KURDUVADI,40.0,1630
12628,2025-11-18,SUR,SOLAPUR JN,20.0,1708
12628,2025-11-18,KLBG,KALABURAGI JN,47.0,1821
12628,2025-11-18,WADI,WADI,6.0,1858
12628,2025-11-18,YG,YADGIR,16.0,1897
12628,2025-11-18,RC,RAICHUR,8.0,1965
12628,2025-11-18,MALM,MANTHRALAYAM RD,14.0,1994
12628,2025-11-18,AD,ADONI,4.0,2035
12628,2025-11-18,GTL,GUNTAKAL JN,14.0,2086
12628,2025-11-18,ATP,ANANTAPUR,25.0,2172
12628,2025-11-18,DMM,DHARMAVARAM JN,1.0,2205
12628,2025-11-18,SSPN,SAI P NILAYAM,10.0,2238
12628,2025-11-18,PKD,PENUKONDA,23.0,2259
12628,2025-11-18,HUP,HINDUPUR,30.0,2296
12628,2025-11-18,YNK,YELHANKA JN,29.0,2379
12628,2025-11-18,BNC,BANGALORE CANT,44.0,2402
12628,2025-11-18,SBC,KSR BANGALORE CY JN,3.0,2406
12628,2025-11-19,NDLS,NEW DELHI,2.0,0
12628,2025-11-19,MTJ,MATHURA JN,22.0,141
12628,2025-11-19,AGC,AGRA CANTT,27.0,195
12628,2025-11-19,GWL,GWALIOR,29.0,313
12628,2025-11-19,VGLJ,V LAKSHMIBAI JHANSI,19.0,410
12628,2025-11-19,BINA,BINA JN,12.0,563
12628,2025-11-19,BPL,BHOPAL JN,12.0,701
12628,2025-11-19,ET,ITARSI JN,0.0,793
12628,2025-11-19,KNW,KHANDWA,1.0,976
12628,2025-11-19,BAU,BURHANPUR,22.0,1045
12628,2025-11-19,BSL,BHUSAVAL JN,43.0,1100
12628,2025-11-19,JL,JALGAON JN,50.0,1124
12628,2025-11-19,MMR,MANMAD JN,98.0,1284
12628,2025-11-19,KPG,KOPARGAON,95.0,1326
12628,2025-11-19,BAP,BELAPUR,103.0,1370
12628,2025-11-19,ANG,AHMADNAGAR,136.0,1437
12628,2025-11-19,DD,DAUND JN,132.0,1520
12628,2025-11-19,KWV,KURDUVADI,131.0,1630
12628,2025-11-19,SUR,SOLAPUR JN,100.0,1708
12628,2025-11-19,KLBG,KALABURAGI JN,130.0,1821
12628,2025-11-19,WADI,WADI,87.0,1858
12628,2025-11-19,YG,YADGIR,96.0,1897
12628,2025-11-19,RC,RAICHUR,85.0,1965
12628,2025-11-19,MALM,MANTHRALAYAM RD,89.0,1994
12628,2025-11-19,AD,ADONI,85.0,2035
12628,2025-11-19,GTL,GUNTAKAL JN,71.0,2086
12628,2025-11-19,ATP,ANANTAPUR,65.0,2172
12628,2025-11-19,DMM,DHARMAVARAM JN,45.0,2205
12628,2025-11-19,SSPN,SAI P NILAYAM,52.0,2238
12628,2025-11-19,PKD,PENUKONDA,56.0,2259
12628,2025-11-19,HUP,HINDUPUR,61.0,2296
12628,2025-11-19,YNK,YELHANKA JN,41.0,2379
12628,2025-11-19,BNC,BANGALORE CANT,45.0,2402
12628,2025-11-19,SBC,KSR BANGALORE CY JN,4.0,2406
12628,2025-11-20,NDLS,NEW DELHI,3.0,0
12628,2025-11-20,MTJ,MATHURA JN,15.0,141
12628,2025-11-20,AGC,AGRA CANTT,10.0,195
12628,2025-11-20,GWL,GWALIOR,12.0,313
12628,2025-11-20,VGLJ,V LAKSHMIBAI JHANSI,4.0,410
12628,2025-11-20,BINA,BINA JN,1.0,563
12628,2025-11-20,BPL,BHOPAL JN,6.0,701
12628,2025-11-20,ET,ITARSI JN,1.0,793
12628,2025-11-20,KNW,KHANDWA,0.0,976
12628,2025-11-20,BAU,BURHANPUR,7.0,1045
12628,2025-11-20,BSL,BHUSAVAL JN,7.0,1100
12628,2025-11-20,JL,JALGAON JN,21.0,1124
12628,2025-11-20,MMR,MANMAD JN,42.0,1284
12628,2025-11-20,KPG,KOPARGAON,35.0,1326
12628,2025-11-20,BAP,BELAPUR,45.0,1370
12628,2025-11-20,ANG,AHMADNAGAR,54.0,1437
12628,2025-11-20,DD,DAUND JN,67.0,1520
12628,2025-11-20,KWV,KURDUVADI,68.0,1630
12628,2025-11-20,SUR,SOLAPUR JN,37.0,1708
12628,2025-11-20,KLBG,KALABURAGI JN,46.0,1821
12628,2025-11-20,WADI,WADI,7.0,1858
12628,2025-11-20,YG,YADGIR,12.0,1897
12628,2025-11-20,RC,RAICHUR,16.0,1965
12628,2025-11-20,MALM,MANTHRALAYAM RD,21.0,1994
12628,2025-11-20,AD,ADONI,14.0,2035
12628,2025-11-20,GTL,GUNTAKAL JN,18.0,2086
12628,2025-11-20,ATP,ANANTAPUR,24.0,2172
12628,2025-11-20,DMM,DHARMAVARAM JN,1.0,2205
12628,2025-11-20,SSPN,SAI P NILAYAM,21.0,2238
12628,2025-11-20,PKD,PENUKONDA,21.0,2259
12628,2025-11-20,HUP,HINDUPUR,28.0,2296
12628,2025-11-20,YNK,YELHANKA JN,6.0,2379
12628,2025-11-20,BNC,BANGALORE CANT,22.0,2402
12628,2025-11-20,SBC,KSR BANGALORE CY JN,-10.0,2406
12628,2025-11-21,NDLS,NEW DELHI,2.0,0
12628,2025-11-21,MTJ,MATHURA JN,36.0,141
12628,2025-11-21,AGC,AGRA CANTT,32.0,195
12628,2025-11-21,GWL,GWALIOR,19.0,313
12628,2025-11-21,VGLJ,V LAKSHMIBAI JHANSI,0.0,410
12628,2025-11-21,BINA,BINA JN,6.0,563
12628,2025-11-21,BPL,BHOPAL JN,15.0,701
12628,2025-11-21,ET,ITARSI JN,2.0,793
12628,2025-11-21,KNW,KHANDWA,7.0,976
12628,2025-11-21,BAU,BURHANPUR,16.0,1045
12628,2025-11-21,BSL,BHUSAVAL JN,13.0,1100
12628,2025-11-21,JL,JALGAON JN,19.0,1124
12628,2025-11-21,MMR,MANMAD JN,32.0,1284
12628,2025-11-21,KPG,KOPARGAON,29.0,1326
12628,2025-11-21,BAP,BELAPUR,37.0,1370
12628,2025-11-21,ANG,AHMADNAGAR,30.0,1437
12628,2025-11-21,DD,DAUND JN,17.0,1520
12628,2025-11-21,KWV,KURDUVADI,50.0,1630
12628,2025-11-21,SUR,SOLAPUR JN,15.0,1708
12628,2025-11-21,KLBG,KALABURAGI JN,34.0,1821
12628,2025-11-21,WADI,WADI,0.0,1858
12628,2025-11-21,YG,YADGIR,8.0,1897
12628,2025-11-21,RC,RAICHUR,20.0,1965
12628,2025-11-21,MALM,MANTHRALAYAM RD,25.0,1994
12628,2025-11-21,AD,ADONI,14.0,2035
12628,2025-11-21,GTL,GUNTAKAL JN,25.0,2086
12628,2025-11-21,ATP,ANANTAPUR,45.0,2172
12628,2025-11-21,DMM,DHARMAVARAM JN,11.0,2205
12628,2025-11-21,SSPN,SAI P NILAYAM,19.0,2238
12628,2025-11-21,PKD,PENUKONDA,19.0,2259
12628,2025-11-21,HUP,HINDUPUR,29.0,2296
12628,2025-11-21,YNK,YELHANKA JN,15.0,2379
12628,2025-11-21,BNC,BANGALORE CANT,36.0,2402
12628,2025-11-21,SBC,KSR BANGALORE CY JN,7.0,2406
12628,2025-11-22,NDLS,NEW DELHI,1.0,0
12628,2025-11-22,MTJ,MATHURA JN,15.0,141
12628,2025-11-22,AGC,AGRA CANTT,17.0,195
12628,2025-11-22,GWL,GWALIOR,7.0,313
12628,2025-11-22,VGLJ,V LAKSHMIBAI JHANSI,0.0,410
12628,2025-11-22,BINA,BINA JN,0.0,563
12628,2025-11-22,BPL,BHOPAL JN,0.0,701
12628,2025-11-22,ET,ITARSI JN,4.0,793
12628,2025-11-22,KNW,KHANDWA,1.0,976
12628,2025-11-22,BAU,BURHANPUR,13.0,1045
12628,2025-11-22,BSL,BHUSAVAL JN,15.0,1100
12628,2025-11-22,JL,JALGAON JN,26.0,1124
12628,2025-11-22,MMR,MANMAD JN,24.0,1284
12628,2025-11-22,KPG,KOPARGAON,12.0,1326
12628,2025-11-22,BAP,BELAPUR,21.0,1370
12628,2025-11-22,ANG,AHMADNAGAR,26.0,1437
12628,2025-11-22,DD,DAUND JN,22.0,1520
12628,2025-11-22,KWV,KURDUVADI,49.0,1630
12628,2025-11-22,SUR,SOLAPUR JN,28.0,1708
12628,2025-11-22,KLBG,KALABURAGI JN,42.0,1821
12628,2025-11-22,WADI,WADI,0.0,1858
12628,2025-11-22,YG,YADGIR,12.0,1897
12628,2025-11-22,RC,RAICHUR,20.0,1965
12628,2025-11-22,MALM,MANTHRALAYAM RD,24.0,1994
12628,2025-11-22,AD,ADONI,13.0,2035
12628,2025-11-22,GTL,GUNTAKAL JN,10.0,2086
12628,2025-11-22,ATP,ANANTAPUR,7.0,2172
12628,2025-11-22,DMM,DHARMAVARAM JN,0.0,2205
12628,2025-11-22,SSPN,SAI P NILAYAM,33.0,2238
12628,2025-11-22,PKD,PENUKONDA,30.0,2259
12628,2025-11-22,HUP,HINDUPUR,35.0,2296
12628,2025-11-22,YNK,YELHANKA JN,31.0,2379
12628,2025-11-22,BNC,BANGALORE CANT,33.0,2402
12628,2025-11-22,SBC,KSR BANGALORE CY JN,-7.0,2406
12628,2025-11-23,NDLS,NEW DELHI,1.0,0
12628,2025-11-23,MTJ,MATHURA JN,36.0,141
12628,2025-11-23,AGC,AGRA CANTT,34.0,195
12628,2025-11-23,GWL,GWALIOR,21.0,313
12628,2025-11-23,VGLJ,V LAKSHMIBAI JHANSI,4.0,410
12628,2025-11-23,BINA,BINA JN,3.0,563
12628,2025-11-23,BPL,BHOPAL JN,22.0,701
12628,2025-11-23,ET,ITARSI JN,12.0,793
12628,2025-11-23,KNW,KHANDWA,3.0,976
12628,2025-11-23,BAU,BURHANPUR,12.0,1045
12628,2025-11-23,BSL,BHUSAVAL JN,17.0,1100
12628,2025-11-23,JL,JALGAON JN,22.0,1124
12628,2025-11-23,MMR,MANMAD JN,30.0,1284
12628,2025-11-23,KPG,KOPARGAON,19.0,1326
12628,2025-11-23,BAP,BELAPUR,38.0,1370
12628,2025-11-23,ANG,AHMADNAGAR,27.0,1437
12628,2025-11-23,DD,DAUND JN,23.0,1520
12628,2025-11-23,KWV,KURDUVADI,66.0,1630
12628,2025-11-23,SUR,SOLAPUR JN,43.0,1708
12628,2025-11-23,KLBG,KALABURAGI JN,54.0,1821
12628,2025-11-23,WADI,WADI,3.0,1858
12628,2025-11-23,YG,YADGIR,9.0,1897
12628,2025-11-23,RC,RAICHUR,13.0,1965
12628,2025-11-23,MALM,MANTHRALAYAM RD,21.0,1994
12628,2025-11-23,AD,ADONI,11.0,2035
12628,2025-11-23,GTL,GUNTAKAL JN,12.0,2086
12628,2025-11-23,ATP,ANANTAPUR,32.0,2172
12628,2025-11-23,DMM,DHARMAVARAM JN,3.0,2205
12628,2025-11-23,SSPN,SAI P NILAYAM,14.0,2238
12628,2025-11-23,PKD,PENUKONDA,13.0,2259
12628,2025-11-23,HUP,HINDUPUR,20.0,2296
12628,2025-11-23,YNK,YELHANKA JN,12.0,2379
12628,2025-11-23,BNC,BANGALORE CANT,38.0,2402
12628,2025-11-23,SBC,KSR BANGALORE CY JN,-3.0,2406
12628,2025-11-24,NDLS,NEW DELHI,5.0,0
12628,2025-11-24,MTJ,MATHURA JN,25.0,141
12628,2025-11-24,AGC,AGRA CANTT,16.0,195
12628,2025-11-24,GWL,GWALIOR,17.0,313
12628,2025-11-24,VGLJ,V LAKSHMIBAI JHANSI,16.0,410
12628,2025-11-24,BINA,BINA JN,11.0,563
12628,2025-11-24,BPL,BHOPAL JN,11.0,701
12628,2025-11-24,ET,ITARSI JN,2.0,793
12628,2025-11-24,KNW,KHANDWA,9.0,976
12628,2025-11-24,BAU,BURHANPUR,17.0,1045
12628,2025-11-24,BSL,BHUSAVAL JN,29.0,1100
12628,2025-11-24,JL,JALGAON JN,31.0,1124
12628,2025-11-24,MMR,MANMAD JN,24.0,1284
12628,2025-11-24,KPG,KOPARGAON,15.0,1326
12628,2025-11-24,BAP,BELAPUR,32.0,1370
12628,2025-11-24,ANG,AHMADNAGAR,24.0,1437
12628,2025-11-24,DD,DAUND JN,23.0,1520
12628,2025-11-24,KWV,KURDUVADI,45.0,1630
12628,2025-11-24,SUR,SOLAPUR JN,23.0,1708
12628,2025-11-24,KLBG,KALABURAGI JN,21.0,1821
12628,2025-11-24,WADI,WADI,1.0,1858
12628,2025-11-24,YG,YADGIR,15.0,1897
12628,2025-11-24,RC,RAICHUR,14.0,1965
12628,2025-11-24,MALM,MANTHRALAYAM RD,20.0,1994
12628,2025-11-24,AD,ADONI,13.0,2035
12628,2025-11-24,GTL,GUNTAKAL JN,6.0,2086
12628,2025-11-24,ATP,ANANTAPUR,11.0,2172
12628,2025-11-24,DMM,DHARMAVARAM JN,3.0,2205
12628,2025-11-24,SSPN,SAI P NILAYAM,9.0,2238
12628,2025-11-24,PKD,PENUKONDA,15.0,2259
12628,2025-11-24,HUP,HINDUPUR,20.0,2296
12628,2025-11-24,YNK,YELHANKA JN,1.0,2379
12628,2025-11-24,BNC,BANGALORE CANT,15.0,2402
12628,2025-11-24,SBC,KSR BANGALORE CY JN,-26.0,2406
12628,2025-11-25,NDLS,NEW DELHI,3.0,0
12628,2025-11-25,MTJ,MATHURA JN,30.0,141
12628,2025-11-25,AGC,AGRA CANTT,15.0,195
12628,2025-11-25,GWL,GWALIOR,6.0,313
12628,2025-11-25,VGLJ,V LAKSHMIBAI JHANSI,10.0,410
12628,2025-11-25,BINA,BINA JN,8.0,563
12628,2025-11-25,BPL,BHOPAL JN,21.0,701
12628,2025-11-25,ET,ITARSI JN,2.0,793
12628,2025-11-25,KNW,KHANDWA,1.0,976
12628,2025-11-25,BAU,BURHANPUR,11.0,1045
12628,2025-11-25,BSL,BHUSAVAL JN,5.0,1100
12628,2025-11-25,JL,JALGAON JN,17.0,1124
12628,2025-11-25,MMR,MANMAD JN,16.0,1284
12628,2025-11-25,KPG,KOPARGAON,5.0,1326
12628,2025-11-25,BAP,BELAPUR,21.0,1370
12628,2025-11-25,ANG,AHMADNAGAR,14.0,1437
12628,2025-11-25,DD,DAUND JN,73.0,1520
12628,2025-11-25,KWV,KURDUVADI,83.0,1630
12628,2025-11-25,SUR,SOLAPUR JN,54.0,1708
12628,2025-11-25,KLBG,KALABURAGI JN,95.0,1821
12628,2025-11-25,WADI,WADI,76.0,1858
12628,2025-11-25,YG,YADGIR,84.0,1897
12628,2025-11-25,RC,RAICHUR,88.0,1965
12628,2025-11-25,MALM,MANTHRALAYAM RD,96.0,1994
12628,2025-11-25,AD,ADONI,88.0,2035
12628,2025-11-25,GTL,GUNTAKAL JN,77.0,2086
12628,2025-11-25,ATP,ANANTAPUR,78.0,2172
12628,2025-11-25,DMM,DHARMAVARAM JN,48.0,2205
12628,2025-11-25,SSPN,SAI P NILAYAM,56.0,2238
12628,2025-11-25,PKD,PENUKONDA,57.0,2259
12628,2025-11-25,HUP,HINDUPUR,73.0,2296
12628,2025-11-25,YNK,YELHANKA JN,49.0,2379
12628,2025-11-25,BNC,BANGALORE CANT,46.0,2402
12628,2025-11-25,SBC,KSR BANGALORE CY JN,7.0,2406
12628,2025-11-26,NDLS,NEW DELHI,0.0,0
12628,2025-11-26,MTJ,MATHURA JN,21.0,141
12628,2025-11-26,AGC,AGRA CANTT,11.0,195
12628,2025-11-26,GWL,GWALIOR,13.0,313
12628,2025-11-26,VGLJ,V LAKSHMIBAI JHANSI,8.0,410
12628,2025-11-26,BINA,BINA JN,4.0,563
12628,2025-11-26,BPL,BHOPAL JN,23.0,701
12628,2025-11-26,ET,ITARSI JN,5.0,793
12628,2025-11-26,KNW,KHANDWA,0.0,976
12628,2025-11-26,BAU,BURHANPUR,26.0,1045
12628,2025-11-26,BSL,BHUSAVAL JN,20.0,1100
12628,2025-11-26,JL,JALGAON JN,30.0,1124
12628,2025-11-26,MMR,MANMAD JN,44.0,1284
12628,2025-11-26,KPG,KOPARGAON,40.0,1326
12628,2025-11-26,BAP,BELAPUR,55.0,1370
12628,2025-11-26,ANG,AHMADNAGAR,216.0,1437
12628,2025-11-26,DD,DAUND JN,327.0,1520
12628,2025-11-26,KWV,KURDUVADI,345.0,1630
12628,2025-11-26,SUR,SOLAPUR JN,322.0,1708
12628,2025-11-26,KLBG,KALABURAGI JN,311.0,1821
12628,2025-11-26,WADI,WADI,274.0,1858
12628,2025-11-26,YG,YADGIR,290.0,1897
12628,2025-11-26,RC,RAICHUR,307.0,1965
12628,2025-11-26,MALM,MANTHRALAYAM RD,317.0,1994
12628,2025-11-26,AD,ADONI,311.0,2035
12628,2025-11-26,GTL,GUNTAKAL JN,298.0,2086
12628,2025-11-26,ATP,ANANTAPUR,297.0,2172
12628,2025-11-26,DMM,DHARMAVARAM JN,267.0,2205
12628,2025-11-26,SSPN,SAI P NILAYAM,284.0,2238
12628,2025-11-26,PKD,PENUKONDA,284.0,2259
12628,2025-11-26,HUP,HINDUPUR,293.0,2296
12628,2025-11-26,YNK,YELHANKA JN,280.0,2379
12628,2025-11-26,BNC,BANGALORE CANT,282.0,2402
12628,2025-11-26,SBC,KSR BANGALORE CY JN,242.0,2406
12628,2025-11-27,NDLS,NEW DELHI,1.0,0
12628,2025-11-27,MTJ,MATHURA JN,36.0,141
12628,2025-11-27,AGC,AGRA CANTT,28.0,195
12628,2025-11-27,GWL,GWALIOR,11.0,313
12628,2025-11-27,VGLJ,V LAKSHMIBAI JHANSI,5.0,410
12628,2025-11-27,BINA,BINA JN,8.0,563
12628,2025-11-27,BPL,BHOPAL JN,12.0,701
12628,2025-11-27,ET,ITARSI JN,9.0,793
12628,2025-11-27,KNW,KHANDWA,0.0,976
12628,2025-11-27,BAU,BURHANPUR,11.0,1045
12628,2025-11-27,BSL,BHUSAVAL JN,20.0,1100
12628,2025-11-27,JL,JALGAON JN,35.0,1124
12628,2025-11-27,MMR,MANMAD JN,41.0,1284
12628,2025-11-27,KPG,KOPARGAON,34.0,1326
12628,2025-11-27,BAP,BELAPUR,43.0,1370
12628,2025-11-27,ANG,AHMADNAGAR,45.0,1437
12628,2025-11-27,DD,DAUND JN,48.0,1520
12628,2025-11-27,KWV,KURDUVADI,55.0,1630
12628,2025-11-27,SUR,SOLAPUR JN,32.0,1708
12628,2025-11-27,KLBG,KALABURAGI JN,40.0,1821
12628,2025-11-27,WADI,WADI,2.0,1858
12628,2025-11-27,YG,YADGIR,12.0,1897
12628,2025-11-27,RC,RAICHUR,15.0,1965
12628,2025-11-27,MALM,MANTHRALAYAM RD,20.0,1994
12628,2025-11-27,AD,ADONI,13.0,2035
12628,2025-11-27,GTL,GUNTAKAL JN,15.0,2086
12628,2025-11-27,ATP,ANANTAPUR,17.0,2172
12628,2025-11-27,DMM,DHARMAVARAM JN,2.0,2205
12628,2025-11-27,SSPN,SAI P NILAYAM,8.0,2238
12628,2025-11-27,PKD,PENUKONDA,7.0,2259
12628,2025-11-27,HUP,HINDUPUR,12.0,2296
12628,2025-11-27,YNK,YELHANKA JN,3.0,2379
12628,2025-11-27,BNC,BANGALORE CANT,14.0,2402
12628,2025-11-27,SBC,KSR BANGALORE CY JN,-7.0,2406
12628,2025-11-28,NDLS,NEW DELHI,190.0,0
12628,2025-11-28,MTJ,MATHURA JN,253.0,141
12628,2025-11-28,AGC,AGRA CANTT,241.0,195
12628,2025-11-28,GWL,GWALIOR,238.0,313
12628,2025-11-28,VGLJ,V LAKSHMIBAI JHANSI,223.0,410
12628,2025-11-28,BINA,BINA JN,213.0,563
12628,2025-11-28,BPL,BHOPAL JN,215.0,701
12628,2025-11-28,ET,ITARSI JN,213.0,793
12628,2025-11-28,KNW,KHANDWA,190.0,976
12628,2025-11-28,BAU,BURHANPUR,196.0,1045
12628,2025-11-28,BSL,BHUSAVAL JN,188.0,1100
12628,2025-11-28,JL,JALGAON JN,191.0,1124
12628,2025-11-28,MMR,MANMAD JN,192.0,1284
12628,2025-11-28,KPG,KOPARGAON,189.0,1326
12628,2025-11-28,BAP,BELAPUR,202.0,1370
12628,2025-11-28,ANG,AHMADNAGAR,213.0,1437
12628,2025-11-28,DD,DAUND JN,218.0,1520
12628,2025-11-28,KWV,KURDUVADI,221.0,1630
12628,2025-11-28,SUR,SOLAPUR JN,199.0,1708
12628,2025-11-28,KLBG,KALABURAGI JN,211.0,1821
12628,2025-11-28,WADI,WADI,164.0,1858
12628,2025-11-28,YG,YADGIR,171.0,1897
12628,2025-11-28,RC,RAICHUR,174.0,1965
12628,2025-11-28,MALM,MANTHRALAYAM RD,178.0,1994
12628,2025-11-28,AD,ADONI,167.0,2035
12628,2025-11-28,GTL,GUNTAKAL JN,169.0,2086
12628,2025-11-28,ATP,ANANTAPUR,160.0,2172
12628,2025-11-28,DMM,DHARMAVARAM JN,125.0,2205
12628,2025-11-28,SSPN,SAI P NILAYAM,133.0,2238
12628,2025-11-28,PKD,PENUKONDA,137.0,2259
12628,2025-11-28,HUP,HINDUPUR,144.0,2296
12628,2025-11-28,YNK,YELHANKA JN,127.0,2379
12628,2025-11-28,BNC,BANGALORE CANT,134.0,2402
12628,2025-11-28,SBC,KSR BANGALORE CY JN,94.0,2406
12628,2025-11-29,NDLS,NEW DELHI,1.0,0
12628,2025-11-29,MTJ,MATHURA JN,26.0,141
12628,2025-11-29,AGC,AGRA CANTT,16.0,195
12628,2025-11-29,GWL,GWALIOR,8.0,313
12628,2025-11-29,VGLJ,V LAKSHMIBAI JHANSI,0.0,410
12628,2025-11-29,BINA,BINA JN,0.0,563
12628,2025-11-29,BPL,BHOPAL JN,0.0,701
12628,2025-11-29,ET,ITARSI JN,13.0,793
12628,2025-11-29,KNW,KHANDWA,0.0,976
12628,2025-11-29,BAU,BURHANPUR,11.0,1045
12628,2025-11-29,BSL,BHUSAVAL JN,1.0,1100
12628,2025-11-29,JL,JALGAON JN,6.0,1124
12628,2025-11-29,MMR,MANMAD JN,20.0,1284
12628,2025-11-29,KPG,KOPARGAON,10.0,1326
12628,2025-11-29,BAP,BELAPUR,16.0,1370
12628,2025-11-29,ANG,AHMADNAGAR,17.0,1437
12628,2025-11-29,DD,DAUND JN,19.0,1520
12628,2025-11-29,KWV,KURDUVADI,50.0,1630
12628,2025-11-29,SUR,SOLAPUR JN,34.0,1708
12628,2025-11-29,KLBG,KALABURAGI JN,36.0,1821
12628,2025-11-29,WADI,WADI,1.0,1858
12628,2025-11-29,YG,YADGIR,15.0,1897
12628,2025-11-29,RC,RAICHUR,28.0,1965
12628,2025-11-29,MALM,MANTHRALAYAM RD,35.0,1994
12628,2025-11-29,AD,ADONI,36.0,2035
12628,2025-11-29,GTL,GUNTAKAL JN,23.0,2086
12628,2025-11-29,ATP,ANANTAPUR,20.0,2172
12628,2025-11-29,DMM,DHARMAVARAM JN,0.0,2205
12628,2025-11-29,SSPN,SAI P NILAYAM,17.0,2238
12628,2025-11-29,PKD,PENUKONDA,15.0,2259
12628,2025-11-29,HUP,HINDUPUR,21.0,2296
12628,2025-11-29,YNK,YELHANKA JN,15.0,2379
12628,2025-11-29,BNC,BANGALORE CANT,15.0,2402
12628,2025-11-29,SBC,KSR BANGALORE CY JN,-23.0,2406
12628,2025-11-30,NDLS,NEW DELHI,0.0,0
12628,2025-11-30,MTJ,MATHURA JN,9.0,141
12628,2025-11-30,AGC,AGRA CANTT,1.0,195
12628,2025-11-30,GWL,GWALIOR,22.0,313
12628,2025-11-30,VGLJ,V LAKSHMIBAI JHANSI,20.0,410
12628,2025-11-30,BINA,BINA JN,8.0,563
12628,2025-11-30,BPL,BHOPAL JN,14.0,701
12628,2025-11-30,ET,ITARSI JN,11.0,793
12628,2025-11-30,KNW,KHANDWA,6.0,976
12628,2025-11-30,BAU,BURHANPUR,22.0,1045
12628,2025-11-30,BSL,BHUSAVAL JN,15.0,1100
12628,2025-11-30,JL,JALGAON JN,23.0,1124
12628,2025-11-30,MMR,MANMAD JN,37.0,1284
12628,2025-11-30,KPG,KOPARGAON,35.0,1326
12628,2025-11-30,BAP,BELAPUR,38.0,1370
12628,2025-11-30,ANG,AHMADNAGAR,21.0,1437
12628,2025-11-30,DD,DAUND JN,14.0,1520
12628,2025-11-30,KWV,KURDUVADI,27.0,1630
12628,2025-11-30,SUR,SOLAPUR JN,15.0,1708
12628,2025-11-30,KLBG,KALABURAGI JN,5.0,1821
12628,2025-11-30,WADI,WADI,0.0,1858
12628,2025-11-30,YG,YADGIR,15.0,1897
12628,2025-11-30,RC,RAICHUR,10.0,1965
12628,2025-11-30,MALM,MANTHRALAYAM RD,13.0,1994
12628,2025-11-30,AD,ADONI,1.0,2035
12628,2025-11-30,GTL,GUNTAKAL JN,1.0,2086
12628,2025-11-30,ATP,ANANTAPUR,6.0,2172
12628,2025-11-30,DMM,DHARMAVARAM JN,1.0,2205
12628,2025-11-30,SSPN,SAI P NILAYAM,14.0,2238
12628,2025-11-30,PKD,PENUKONDA,12.0,2259
12628,2025-11-30,HUP,HINDUPUR,17.0,2296
12628,2025-11-30,YNK,YELHANKA JN,0.0,2379
12628,2025-11-30,BNC,BANGALORE CANT,16.0,2402
12628,2025-11-30,SBC,KSR BANGALORE CY JN,-7.0,2406
12628,2025-12-01,NDLS,NEW DELHI,0.0,0
12628,2025-12-01,MTJ,MATHURA JN,40.0,141
12628,2025-12-01,AGC,AGRA CANTT,33.0,195
12628,2025-12-01,GWL,GWALIOR,24.0,313
12628,2025-12-01,VGLJ,V LAKSHMIBAI JHANSI,15.0,410
12628,2025-12-01,BINA,BINA JN,10.0,563
12628,2025-12-01,BPL,BHOPAL JN,18.0,701
12628,2025-12-01,ET,ITARSI JN,0.0,793
12628,2025-12-01,KNW,KHANDWA,1.0,976
12628,2025-12-01,BAU,BURHANPUR,31.0,1045
12628,2025-12-01,BSL,BHUSAVAL JN,37.0,1100
12628,2025-12-01,JL,JALGAON JN,47.0,1124
12628,2025-12-01,MMR,MANMAD JN,42.0,1284
12628,2025-12-01,KPG,KOPARGAON,29.0,1326
12628,2025-12-01,BAP,BELAPUR,36.0,1370
12628,2025-12-01,ANG,AHMADNAGAR,27.0,1437
12628,2025-12-01,DD,DAUND JN,65.0,1520
12628,2025-12-01,KWV,KURDUVADI,88.0,1630
12628,2025-12-01,SUR,SOLAPUR JN,54.0,1708
12628,2025-12-01,KLBG,KALABURAGI JN,63.0,1821
12628,2025-12-01,WADI,WADI,14.0,1858
12628,2025-12-01,YG,YADGIR,37.0,1897
12628,2025-12-01,RC,RAICHUR,41.0,1965
12628,2025-12-01,MALM,MANTHRALAYAM RD,47.0,1994
12628,2025-12-01,AD,ADONI,37.0,2035
12628,2025-12-01,GTL,GUNTAKAL JN,33.0,2086
12628,2025-12-01,ATP,ANANTAPUR,28.0,2172
12628,2025-12-01,DMM,DHARMAVARAM JN,2.0,2205
12628,2025-12-01,SSPN,SAI P NILAYAM,9.0,2238
12628,2025-12-01,PKD,PENUKONDA,7.0,2259
12628,2025-12-01,HUP,HINDUPUR,14.0,2296
12628,2025-12-01,YNK,YELHANKA JN,2.0,2379
12628,2025-12-01,BNC,BANGALORE CANT,18.0,2402
12628,2025-12-01,SBC,KSR BANGALORE CY JN,-22.0,2406
12628,2025-12-02,NDLS,NEW DELHI,1.0,0
12628,2025-12-02,MTJ,MATHURA JN,28.0,141
12628,2025-12-02,AGC,AGRA CANTT,25.0,195
12628,2025-12-02,GWL,GWALIOR,17.0,313
12628,2025-12-02,VGLJ,V LAKSHMIBAI JHANSI,9.0,410
12628,2025-12-02,BINA,BINA JN,2.0,563
12628,2025-12-02,BPL,BHOPAL JN,8.0,701
12628,2025-12-02,ET,ITARSI JN,10.0,793
12628,2025-12-02,KNW,KHANDWA,0.0,976
12628,2025-12-02,BAU,BURHANPUR,24.0,1045
12628,2025-12-02,BSL,BHUSAVAL JN,24.0,1100
12628,2025-12-02,JL,JALGAON JN,27.0,1124
12628,2025-12-02,MMR,MANMAD JN,25.0,1284
12628,2025-12-02,KPG,KOPARGAON,25.0,1326
12628,2025-12-02,BAP,BELAPUR,32.0,1370
12628,2025-12-02,ANG,AHMADNAGAR,34.0,1437
12628,2025-12-02,DD,DAUND JN,32.0,1520
12628,2025-12-02,KWV,KURDUVADI,64.0,1630
12628,2025-12-02,SUR,SOLAPUR JN,38.0,1708
12628,2025-12-02,KLBG,KALABURAGI JN,51.0,1821
12628,2025-12-02,WADI,WADI,14.0,1858
12628,2025-12-02,YG,YADGIR,20.0,1897
12628,2025-12-02,RC,RAICHUR,30.0,1965
12628,2025-12-02,MALM,MANTHRALAYAM RD,37.0,1994
12628,2025-12-02,AD,ADONI,26.0,2035
12628,2025-12-02,GTL,GUNTAKAL JN,4.0,2086
12628,2025-12-02,ATP,ANANTAPUR,11.0,2172
12628,2025-12-02,DMM,DHARMAVARAM JN,0.0,2205
12628,2025-12-02,SSPN,SAI P NILAYAM,12.0,2238
12628,2025-12-02,PKD,PENUKONDA,20.0,2259
12628,2025-12-02,HUP,HINDUPUR,26.0,2296
12628,2025-12-02,YNK,YELHANKA JN,8.0,2379
12628,2025-12-02,BNC,BANGALORE CANT,17.0,2402
12628,2025-12-02,SBC,KSR BANGALORE CY JN,-21.0,2406
12628,2025-12-03,NDLS,NEW DELHI,1.0,0
12628,2025-12-03,MTJ,MATHURA JN,28.0,141
12628,2025-12-03,AGC,AGRA CANTT,21.0,195
12628,2025-12-03,GWL,GWALIOR,28.0,313
12628,2025-12-03,VGLJ,V LAKSHMIBAI JHANSI,13.0,410
12628,2025-12-03,BINA,BINA JN,6.0,563
12628,2025-12-03,BPL,BHOPAL JN,10.0,701
12628,2025-12-03,ET,ITARSI JN,0.0,793
12628,2025-12-03,KNW,KHANDWA,0.0,976
12628,2025-12-03,BAU,BURHANPUR,14.0,1045
12628,2025-12-03,BSL,BHUSAVAL JN,25.0,1100
12628,2025-12-03,JL,JALGAON JN,43.0,1124
12628,2025-12-03,MMR,MANMAD JN,44.0,1284
12628,2025-12-03,KPG,KOPARGAON,34.0,1326
12628,2025-12-03,BAP,BELAPUR,42.0,1370
12628,2025-12-03,ANG,AHMADNAGAR,26.0,1437
12628,2025-12-03,DD,DAUND JN,49.0,1520
12628,2025-12-03,KWV,KURDUVADI,66.0,1630
12628,2025-12-03,SUR,SOLAPUR JN,55.0,1708
12628,2025-12-03,KLBG,KALABURAGI JN,83.0,1821
12628,2025-12-03,WADI,WADI,61.0,1858
12628,2025-12-03,YG,YADGIR,72.0,1897
12628,2025-12-03,RC,RAICHUR,78.0,1965
12628,2025-12-03,MALM,MANTHRALAYAM RD,81.0,1994
12628,2025-12-03,AD,ADONI,86.0,2035
12628,2025-12-03,GTL,GUNTAKAL JN,75.0,2086
12628,2025-12-03,ATP,ANANTAPUR,80.0,2172
12628,2025-12-03,DMM,DHARMAVARAM JN,45.0,2205
12628,2025-12-03,SSPN,SAI P NILAYAM,63.0,2238
12628,2025-12-03,PKD,PENUKONDA,60.0,2259
12628,2025-12-03,HUP,HINDUPUR,65.0,2296
12628,2025-12-03,YNK,YELHANKA JN,54.0,2379
12628,2025-12-03,BNC,BANGALORE CANT,64.0,2402
12628,2025-12-03,SBC,KSR BANGALORE CY JN,25.0,2406
12628,2025-12-04,NDLS,NEW DELHI,1.0,0
12628,2025-12-04,MTJ,MATHURA JN,35.0,141
12628,2025-12-04,AGC,AGRA CANTT,24.0,195
12628,2025-12-04,GWL,GWALIOR,19.0,313
12628,2025-12-04,VGLJ,V LAKSHMIBAI JHANSI,0.0,410
12628,2025-12-04,BINA,BINA JN,4.0,563
12628,2025-12-04,BPL,BHOPAL JN,16.0,701
12628,2025-12-04,ET,ITARSI JN,5.0,793
12628,2025-12-04,KNW,KHANDWA,5.0,976
12628,2025-12-04,BAU,BURHANPUR,13.0,1045
12628,2025-12-04,BSL,BHUSAVAL JN,21.0,1100
12628,2025-12-04,JL,JALGAON JN,40.0,1124
12628,2025-12-04,MMR,MANMAD JN,38.0,1284
12628,2025-12-04,KPG,KOPARGAON,31.0,1326
12628,2025-12-04,BAP,BELAPUR,36.0,1370
12628,2025-12-04,ANG,AHMADNAGAR,21.0,1437
12628,2025-12-04,DD,DAUND JN,20.0,1520
12628,2025-12-04,KWV,KURDUVADI,60.0,1630
12628,2025-12-04,SUR,SOLAPUR JN,37.0,1708
12628,2025-12-04,KLBG,KALABURAGI JN,28.0,1821
12628,2025-12-04,WADI,WADI,1.0,1858
12628,2025-12-04,YG,YADGIR,19.0,1897
12628,2025-12-04,RC,RAICHUR,32.0,1965
12628,2025-12-04,MALM,MANTHRALAYAM RD,35.0,1994
12628,2025-12-04,AD,ADONI,25.0,2035
12628,2025-12-04,GTL,GUNTAKAL JN,24.0,2086
12628,2025-12-04,ATP,ANANTAPUR,28.0,2172
12628,2025-12-04,DMM,DHARMAVARAM JN,0.0,2205
12628,2025-12-04,SSPN,SAI P NILAYAM,11.0,2238
12628,2025-12-04,PKD,PENUKONDA,9.0,2259
12628,2025-12-04,HUP,HINDUPUR,16.0,2296
12628,2025-12-04,YNK,YELHANKA JN,1.0,2379
12628,2025-12-04,BNC,BANGALORE CANT,4.0,2402
12628,2025-12-04,SBC,KSR BANGALORE CY JN,-35.0,2406
12628,2025-12-05,NDLS,NEW DELHI,0.0,0
12628,2025-12-05,MTJ,MATHURA JN,34.0,141
12628,2025-12-05,AGC,AGRA CANTT,23.0,195
12628,2025-12-05,GWL,GWALIOR,22.0,313
12628,2025-12-05,VGLJ,V LAKSHMIBAI JHANSI,2.0,410
12628,2025-12-05,BINA,BINA JN,0.0,563
12628,2025-12-05,BPL,BHOPAL JN,18.0,701
12628,2025-12-05,ET,ITARSI JN,22.0,793
12628,2025-12-05,KNW,KHANDWA,6.0,976
12628,2025-12-05,BAU,BURHANPUR,10.0,1045
12628,2025-12-05,BSL,BHUSAVAL JN,29.0,1100
12628,2025-12-05,JL,JALGAON JN,35.0,1124
12628,2025-12-05,MMR,MANMAD JN,30.0,1284
12628,2025-12-05,KPG,KOPARGAON,18.0,1326
12628,2025-12-05,BAP,BELAPUR,34.0,1370
12628,2025-12-05,ANG,AHMADNAGAR,53.0,1437
12628,2025-12-05,DD,DAUND JN,45.0,1520
12628,2025-12-05,KWV,KURDUVADI,54.0,1630
12628,2025-12-05,SUR,SOLAPUR JN,32.0,1708
12628,2025-12-05,KLBG,KALABURAGI JN,38.0,1821
12628,2025-12-05,WADI,WADI,19.0,1858
12628,2025-12-05,YG,YADGIR,34.0,1897
12628,2025-12-05,RC,RAICHUR,32.0,1965
12628,2025-12-05,MALM,MANTHRALAYAM RD,36.0,1994
12628,2025-12-05,AD,ADONI,25.0,2035
12628,2025-12-05,GTL,GUNTAKAL JN,19.0,2086
12628,2025-12-05,ATP,ANANTAPUR,14.0,2172
12628,2025-12-05,DMM,DHARMAVARAM JN,0.0,2205
12628,2025-12-05,SSPN,SAI P NILAYAM,8.0,2238
12628,2025-12-05,PKD,PENUKONDA,6.0,2259
12628,2025-12-05,HUP,HINDUPUR,12.0,2296
12628,2025-12-05,YNK,YELHANKA JN,0.0,2379
12628,2025-12-05,BNC,BANGALORE CANT,4.0,2402
12628,2025-12-05,SBC,KSR BANGALORE CY JN,-36.0,2406
12628,2025-12-06,NDLS,NEW DELHI,3.0,0
12628,2025-12-06,MTJ,MATHURA JN,46.0,141
12628,2025-12-06,AGC,AGRA CANTT,34.0,195
12628,2025-12-06,GWL,GWALIOR,20.0,313
12628,2025-12-06,VGLJ,V LAKSHMIBAI JHANSI,10.0,410
12628,2025-12-06,BINA,BINA JN,14.0,563
12628,2025-12-06,BPL,BHOPAL JN,16.0,701
12628,2025-12-06,ET,ITARSI JN,5.0,793
12628,2025-12-06,KNW,KHANDWA,14.0,976
12628,2025-12-06,BAU,BURHANPUR,56.0,1045
12628,2025-12-06,BSL,BHUSAVAL JN,47.0,1100
12628,2025-12-06,JL,JALGAON JN,49.0,1124
12628,2025-12-06,MMR,MANMAD JN,64.0,1284
12628,2025-12-06,KPG,KOPARGAON,57.0,1326
12628,2025-12-06,BAP,BELAPUR,68.0,1370
12628,2025-12-06,ANG,AHMADNAGAR,57.0,1437
12628,2025-12-06,DD,DAUND JN,53.0,1520
12628,2025-12-06,KWV,KURDUVADI,61.0,1630
12628,2025-12-06,SUR,SOLAPUR JN,60.0,1708
12628,2025-12-06,KLBG,KALABURAGI JN,82.0,1821
12628,2025-12-06,WADI,WADI,40.0,1858
12628,2025-12-06,YG,YADGIR,46.0,1897
12628,2025-12-06,RC,RAICHUR,43.0,1965
12628,2025-12-06,MALM,MANTHRALAYAM RD,50.0,1994
12628,2025-12-06,AD,ADONI,40.0,2035
12628,2025-12-06,GTL,GUNTAKAL JN,24.0,2086
12628,2025-12-06,ATP,ANANTAPUR,37.0,2172
12628,2025-12-06,DMM,DHARMAVARAM JN,11.0,2205
12628,2025-12-06,SSPN,SAI P NILAYAM,15.0,2238
12628,2025-12-06,PKD,PENUKONDA,11.0,2259
12628,2025-12-06,HUP,HINDUPUR,16.0,2296
12628,2025-12-06,YNK,YELHANKA JN,34.0,2379
12628,2025-12-06,BNC,BANGALORE CANT,46.0,2402
12628,2025-12-06,SBC,KSR BANGALORE CY JN,5.0,2406
12628,2025-12-07,NDLS,NEW DELHI,0.0,0
12628,2025-12-07,MTJ,MATHURA JN,40.0,141
12628,2025-12-07,AGC,AGRA CANTT,27.0,195
12628,2025-12-07,GWL,GWALIOR,10.0,313
12628,2025-12-07,VGLJ,V LAKSHMIBAI JHANSI,0.0,410
12628,2025-12-07,BINA,BINA JN,0.0,563
12628,2025-12-07,BPL,BHOPAL JN,4.0,701
12628,2025-12-07,ET,ITARSI JN,1.0,793
12628,2025-12-07,KNW,KHANDWA,68.0,976
12628,2025-12-07,BAU,BURHANPUR,79.0,1045
12628,2025-12-07,BSL,BHUSAVAL JN,83.0,1100
12628,2025-12-07,JL,JALGAON JN,92.0,1124
12628,2025-12-07,MMR,MANMAD JN,77.0,1284
12628,2025-12-07,KPG,KOPARGAON,68.0,1326
12628,2025-12-07,BAP,BELAPUR,69.0,1370
12628,2025-12-07,ANG,AHMADNAGAR,55.0,1437
12628,2025-12-07,DD,DAUND JN,43.0,1520
12628,2025-12-07,KWV,KURDUVADI,73.0,1630
12628,2025-12-07,SUR,SOLAPUR JN,34.0,1708
12628,2025-12-07,KLBG,KALABURAGI JN,59.0,1821
12628,2025-12-07,WADI,WADI,20.0,1858
12628,2025-12-07,YG,YADGIR,30.0,1897
12628,2025-12-07,RC,RAICHUR,31.0,1965
12628,2025-12-07,MALM,MANTHRALAYAM RD,35.0,1994
12628,2025-12-07,AD,ADONI,24.0,2035
12628,2025-12-07,GTL,GUNTAKAL JN,19.0,2086
12628,2025-12-07,ATP,ANANTAPUR,35.0,2172
12628,2025-12-07,DMM,DHARMAVARAM JN,12.0,2205
12628,2025-12-07,SSPN,SAI P NILAYAM,21.0,2238
12628,2025-12-07,PKD,PENUKONDA,20.0,2259
12628,2025-12-07,HUP,HINDUPUR,33.0,2296
12628,2025-12-07,YNK,YELHANKA JN,28.0,2379
12628,2025-12-07,BNC,BANGALORE CANT,8.0,2402
12628,2025-12-07,SBC,KSR BANGALORE CY JN,-2.0,2406
12628,2025-12-08,NDLS,NEW DELHI,2.0,0
12628,2025-12-08,MTJ,MATHURA JN,31.0,141
12628,2025-12-08,AGC,AGRA CANTT,18.0,195
12628,2025-12-08,GWL,GWALIOR,16.0,313
12628,2025-12-08,VGLJ,V LAKSHMIBAI JHANSI,3.0,410
12628,2025-12-08,BINA,BINA JN,4.0,563
12628,2025-12-08,BPL,BHOPAL JN,24.0,701
12628,2025-12-08,ET,ITARSI JN,3.0,793
12628,2025-12-08,KNW,KHANDWA,37.0,976
12628,2025-12-08,BAU,BURHANPUR,48.0,1045
12628,2025-12-08,BSL,BHUSAVAL JN,37.0,1100
12628,2025-12-08,JL,JALGAON JN,42.0,1124
12628,2025-12-08,MMR,MANMAD JN,36.0,1284
12628,2025-12-08,KPG,KOPARGAON,34.0,1326
12628,2025-12-08,BAP,BELAPUR,51.0,1370
12628,2025-12-08,ANG,AHMADNAGAR,52.0,1437
12628,2025-12-08,DD,DAUND JN,51.0,1520
12628,2025-12-08,KWV,KURDUVADI,56.0,1630
12628,2025-12-08,SUR,SOLAPUR JN,28.0,1708
12628,2025-12-08,KLBG,KALABURAGI JN,41.0,1821
12628,2025-12-08,WADI,WADI,22.0,1858
12628,2025-12-08,YG,YADGIR,28.0,1897
12628,2025-12-08,RC,RAICHUR,38.0,1965
12628,2025-12-08,MALM,MANTHRALAYAM RD,42.0,1994
12628,2025-12-08,AD,ADONI,32.0,2035
12628,2025-12-08,GTL,GUNTAKAL JN,15.0,2086
12628,2025-12-08,ATP,ANANTAPUR,11.0,2172
12628,2025-12-08,DMM,DHARMAVARAM JN,1.0,2205
12628,2025-12-08,SSPN,SAI P NILAYAM,15.0,2238
12628,2025-12-08,PKD,PENUKONDA,68.0,2259
12628,2025-12-08,HUP,HINDUPUR,88.0,2296
12628,2025-12-08,YNK,YELHANKA JN,76.0,2379
12628,2025-12-08,BNC,BANGALORE CANT,96.0,2402
12628,2025-12-08,SBC,KSR BANGALORE CY JN,55.0,2406
12628,2025-12-09,NDLS,NEW DELHI,6.0,0
12628,2025-12-09,MTJ,MATHURA JN,30.0,141
12628,2025-12-09,AGC,AGRA CANTT,16.0,195
12628,2025-12-09,GWL,GWALIOR,7.0,313
12628,2025-12-09,VGLJ,V LAKSHMIBAI JHANSI,3.0,410
12628,2025-12-09,BINA,BINA JN,5.0,563
12628,2025-12-09,BPL,BHOPAL JN,16.0,701
12628,2025-12-09,ET,ITARSI JN,17.0,793
12628,2025-12-09,KNW,KHANDWA,67.0,976
12628,2025-12-09,BAU,BURHANPUR,76.0,1045
12628,2025-12-09,BSL,BHUSAVAL JN,77.0,1100
12628,2025-12-09,JL,JALGAON JN,82.0,1124
12628,2025-12-09,MMR,MANMAD JN,77.0,1284
12628,2025-12-09,KPG,KOPARGAON,67.0,1326
12628,2025-12-09,BAP,BELAPUR,77.0,1370
12628,2025-12-09,ANG,AHMADNAGAR,58.0,1437
12628,2025-12-09,DD,DAUND JN,91.0,1520
12628,2025-12-09,KWV,KURDUVADI,112.0,1630
12628,2025-12-09,SUR,SOLAPUR JN,86.0,1708
12628,2025-12-09,KLBG,KALABURAGI JN,109.0,1821
12628,2025-12-09,WADI,WADI,76.0,1858
12628,2025-12-09,YG,YADGIR,96.0,1897
12628,2025-12-09,RC,RAICHUR,124.0,1965
12628,2025-12-09,MALM,MANTHRALAYAM RD,129.0,1994
12628,2025-12-09,AD,ADONI,137.0,2035
12628,2025-12-09,GTL,GUNTAKAL JN,120.0,2086
12628,2025-12-09,ATP,ANANTAPUR,106.0,2172
12628,2025-12-09,DMM,DHARMAVARAM JN,75.0,2205
12628,2025-12-09,SSPN,SAI P NILAYAM,89.0,2238
12628,2025-12-09,PKD,PENUKONDA,83.0,2259
12628,2025-12-09,HUP,HINDUPUR,87.0,2296
12628,2025-12-09,YNK,YELHANKA JN,73.0,2379
12628,2025-12-09,BNC,BANGALORE CANT,42.0,2402
12628,2025-12-09,SBC,KSR BANGALORE CY JN,26.0,2406
12628,2025-12-10,NDLS,NEW DELHI,1.0,0
12628,2025-12-10,MTJ,MATHURA JN,44.0,141
12628,2025-12-10,AGC,AGRA CANTT,33.0,195
12628,2025-12-10,GWL,GWALIOR,10.0,313
12628,2025-12-10,VGLJ,V LAKSHMIBAI JHANSI,5.0,410
12628,2025-12-10,BINA,BINA JN,3.0,563
12628,2025-12-10,BPL,BHOPAL JN,7.0,701
12628,2025-12-10,ET,ITARSI JN,1.0,793
12628,2025-12-10,KNW,KHANDWA,91.0,976
12628,2025-12-10,BAU,BURHANPUR,96.0,1045
12628,2025-12-10,BSL,BHUSAVAL JN,106.0,1100
12628,2025-12-10,JL,JALGAON JN,112.0,1124
12628,2025-12-10,MMR,MANMAD JN,121.0,1284
12628,2025-12-10,KPG,KOPARGAON,145.0,1326
12628,2025-12-10,BAP,BELAPUR,157.0,1370
12628,2025-12-10,ANG,AHMADNAGAR,145.0,1437
12628,2025-12-10,DD,DAUND JN,179.0,1520
12628,2025-12-10,KWV,KURDUVADI,182.0,1630
12628,2025-12-10,SUR,SOLAPUR JN,160.0,1708
12628,2025-12-10,KLBG,KALABURAGI JN,166.0,1821
12628,2025-12-10,WADI,WADI,125.0,1858
12628,2025-12-10,YG,YADGIR,136.0,1897
12628,2025-12-10,RC,RAICHUR,149.0,1965
12628,2025-12-10,MALM,MANTHRALAYAM RD,159.0,1994
12628,2025-12-10,AD,ADONI,167.0,2035
12628,2025-12-10,GTL,GUNTAKAL JN,167.0,2086
12628,2025-12-10,ATP,ANANTAPUR,167.0,2172
12628,2025-12-10,DMM,DHARMAVARAM JN,134.0,2205
12628,2025-12-10,SSPN,SAI P NILAYAM,139.0,2238
12628,2025-12-10,PKD,PENUKONDA,132.0,2259
12628,2025-12-10,HUP,HINDUPUR,138.0,2296
12628,2025-12-10,YNK,YELHANKA JN,136.0,2379
12628,2025-12-10,BNC,BANGALORE CANT,135.0,2402
12628,2025-12-10,SBC,KSR BANGALORE CY JN,94.0,2406
12628,2025-12-11,NDLS,NEW DELHI,1.0,0
12628,2025-12-11,MTJ,MATHURA JN,36.0,141
12628,2025-12-11,AGC,AGRA CANTT,26.0,195
12628,2025-12-11,GWL,GWALIOR,12.0,313
12628,2025-12-11,VGLJ,V LAKSHMIBAI JHANSI,3.0,410
12628,2025-12-11,BINA,BINA JN,2.0,563
12628,2025-12-11,BPL,BHOPAL JN,11.0,701
12628,2025-12-11,ET,ITARSI JN,0.0,793
12628,2025-12-11,KNW,KHANDWA,31.0,976
12628,2025-12-11,BAU,BURHANPUR,50.0,1045
12628,2025-12-11,BSL,BHUSAVAL JN,81.0,1100
12628,2025-12-11,JL,JALGAON JN,79.0,1124
12628,2025-12-11,MMR,MANMAD JN,103.0,1284
12628,2025-12-11,KPG,KOPARGAON,92.0,1326
12628,2025-12-11,BAP,BELAPUR,119.0,1370
12628,2025-12-11,ANG,AHMADNAGAR,107.0,1437
12628,2025-12-11,DD,DAUND JN,120.0,1520
12628,2025-12-11,KWV,KURDUVADI,135.0,1630
12628,2025-12-11,SUR,SOLAPUR JN,122.0,1708
12628,2025-12-11,KLBG,KALABURAGI JN,133.0,1821
12628,2025-12-11,WADI,WADI,150.0,1858
12628,2025-12-11,YG,YADGIR,161.0,1897
12628,2025-12-11,RC,RAICHUR,160.0,1965
12628,2025-12-11,MALM,MANTHRALAYAM RD,164.0,1994
12628,2025-12-11,AD,ADONI,159.0,2035
12628,2025-12-11,GTL,GUNTAKAL JN,166.0,2086
12628,2025-12-11,ATP,ANANTAPUR,159.0,2172
12628,2025-12-11,DMM,DHARMAVARAM JN,130.0,2205
12628,2025-12-11,SSPN,SAI P NILAYAM,134.0,2238
12628,2025-12-11,PKD,PENUKONDA,126.0,2259
12628,2025-12-11,HUP,HINDUPUR,132.0,2296
12628,2025-12-11,YNK,YELHANKA JN,110.0,2379
12628,2025-12-11,BNC,BANGALORE CANT,113.0,2402
12628,2025-12-11,SBC,KSR BANGALORE CY JN,68.0,2406
12628,2025-12-12,NDLS,NEW DELHI,1.0,0
12628,2025-12-12,MTJ,MATHURA JN,23.0,141
12628,2025-12-12,AGC,AGRA CANTT,25.0,195
12628,2025-12-12,GWL,GWALIOR,9.0,313
12628,2025-12-12,VGLJ,V LAKSHMIBAI JHANSI,7.0,410
12628,2025-12-12,BINA,BINA JN,8.0,563
12628,2025-12-12,BPL,BHOPAL JN,24.0,701
12628,2025-12-12,ET,ITARSI JN,24.0,793
12628,2025-12-12,KNW,KHANDWA,0.0,976
12628,2025-12-12,BAU,BURHANPUR,5.0,1045
12628,2025-12-12,BSL,BHUSAVAL JN,40.0,1100
12628,2025-12-12,JL,JALGAON JN,14.0,1124
12628,2025-12-12,MMR,MANMAD JN,33.0,1284
12628,2025-12-12,KPG,KOPARGAON,31.0,1326
12628,2025-12-12,BAP,BELAPUR,50.0,1370
12628,2025-12-12,ANG,AHMADNAGAR,37.0,1437
12628,2025-12-12,DD,DAUND JN,34.0,1520
12628,2025-12-12,KWV,KURDUVADI,41.0,1630
12628,2025-12-12,SUR,SOLAPUR JN,10.0,1708
12628,2025-12-12,KLBG,KALABURAGI JN,43.0,1821
12628,2025-12-12,WADI,WADI,13.0,1858
12628,2025-12-12,YG,YADGIR,21.0,1897
12628,2025-12-12,RC,RAICHUR,43.0,1965
12628,2025-12-12,MALM,MANTHRALAYAM RD,46.0,1994
12628,2025-12-12,AD,ADONI,47.0,2035
12628,2025-12-12,GTL,GUNTAKAL JN,33.0,2086
12628,2025-12-12,ATP,ANANTAPUR,26.0,2172
12628,2025-12-12,DMM,DHARMAVARAM JN,2.0,2205
12628,2025-12-12,SSPN,SAI P NILAYAM,11.0,2238
12628,2025-12-12,PKD,PENUKONDA,7.0,2259
12628,2025-12-12,HUP,HINDUPUR,17.0,2296
12628,2025-12-12,YNK,YELHANKA JN,14.0,2379
12628,2025-12-12,BNC,BANGALORE CANT,11.0,2402
12628,2025-12-12,SBC,KSR BANGALORE CY JN,-31.0,2406
12628,2025-12-13,NDLS,NEW DELHI,1.0,0
12628,2025-12-13,MTJ,MATHURA JN,31.0,141
12628,2025-12-13,AGC,AGRA CANTT,19.0,195
12628,2025-12-13,GWL,GWALIOR,14.0,313
12628,2025-12-13,VGLJ,V LAKSHMIBAI JHANSI,0.0,410
12628,2025-12-13,BINA,BINA JN,1.0,563
12628,2025-12-13,BPL,BHOPAL JN,3.0,701
12628,2025-12-13,ET,ITARSI JN,6.0,793
12628,2025-12-13,KNW,KHANDWA,21.0,976
12628,2025-12-13,BAU,BURHANPUR,38.0,1045
12628,2025-12-13,BSL,BHUSAVAL JN,30.0,1100
12628,2025-12-13,JL,JALGAON JN,38.0,1124
12628,2025-12-13,MMR,MANMAD JN,41.0,1284
12628,2025-12-13,KPG,KOPARGAON,37.0,1326
12628,2025-12-13,BAP,BELAPUR,56.0,1370
12628,2025-12-13,ANG,AHMADNAGAR,45.0,1437
12628,2025-12-13,DD,DAUND JN,29.0,1520
12628,2025-12-13,KWV,KURDUVADI,64.0,1630
12628,2025-12-13,SUR,SOLAPUR JN,82.0,1708
12628,2025-12-13,KLBG,KALABURAGI JN,81.0,1821
12628,2025-12-13,WADI,WADI,32.0,1858
12628,2025-12-13,YG,YADGIR,46.0,1897
12628,2025-12-13,RC,RAICHUR,47.0,1965
12628,2025-12-13,MALM,MANTHRALAYAM RD,52.0,1994
12628,2025-12-13,AD,ADONI,42.0,2035
12628,2025-12-13,GTL,GUNTAKAL JN,37.0,2086
12628,2025-12-13,ATP,ANANTAPUR,25.0,2172
12628,2025-12-13,DMM,DHARMAVARAM JN,3.0,2205
12628,2025-12-13,SSPN,SAI P NILAYAM,24.0,2238
12628,2025-12-13,PKD,PENUKONDA,20.0,2259
12628,2025-12-13,HUP,HINDUPUR,27.0,2296
12628,2025-12-13,YNK,YELHANKA JN,19.0,2379
12628,2025-12-13,BNC,BANGALORE CANT,0.0,2402
12628,2025-12-13,SBC,KSR BANGALORE CY JN,-21.0,2406
12628,2025-12-14,NDLS,NEW DELHI,0.0,0
12628,2025-12-14,MTJ,MATHURA JN,76.0,141
12628,2025-12-14,AGC,AGRA CANTT,87.0,195
12628,2025-12-14,GWL,GWALIOR,104.0,313
12628,2025-12-14,VGLJ,V LAKSHMIBAI JHANSI,89.0,410
12628,2025-12-14,BINA,BINA JN,119.0,563
12628,2025-12-14,BPL,BHOPAL JN,186.0,701
12628,2025-12-14,ET,ITARSI JN,168.0,793
12628,2025-12-14,KNW,KHANDWA,149.0,976
12628,2025-12-14,BAU,BURHANPUR,156.0,1045
12628,2025-12-14,BSL,BHUSAVAL JN,143.0,1100
12628,2025-12-14,JL,JALGAON JN,151.0,1124
12628,2025-12-14,MMR,MANMAD JN,158.0,1284
12628,2025-12-14,KPG,KOPARGAON,153.0,1326
12628,2025-12-14,BAP,BELAPUR,159.0,1370
12628,2025-12-14,ANG,AHMADNAGAR,152.0,1437
12628,2025-12-14,DD,DAUND JN,145.0,1520
12628,2025-12-14,KWV,KURDUVADI,156.0,1630
12628,2025-12-14,SUR,SOLAPUR JN,171.0,1708
12628,2025-12-14,KLBG,KALABURAGI JN,171.0,1821
12628,2025-12-14,WADI,WADI,143.0,1858
12628,2025-12-14,YG,YADGIR,154.0,1897
12628,2025-12-14,RC,RAICHUR,155.0,1965
12628,2025-12-14,MALM,MANTHRALAYAM RD,160.0,1994
12628,2025-12-14,AD,ADONI,153.0,2035
12628,2025-12-14,GTL,GUNTAKAL JN,133.0,2086
12628,2025-12-14,ATP,ANANTAPUR,126.0,2172
12628,2025-12-14,DMM,DHARMAVARAM JN,92.0,2205
12628,2025-12-14,SSPN,SAI P NILAYAM,96.0,2238
12628,2025-12-14,PKD,PENUKONDA,91.0,2259
12628,2025-12-14,HUP,HINDUPUR,97.0,2296
12628,2025-12-14,YNK,YELHANKA JN,76.0,2379
12628,2025-12-14,BNC,BANGALORE CANT,92.0,2402
12628,2025-12-14,SBC,KSR BANGALORE CY JN,52.0,2406
12628,2025-12-15,NDLS,NEW DELHI,5.0,0
12628,2025-12-15,MTJ,MATHURA JN,31.0,141
12628,2025-12-15,AGC,AGRA CANTT,29.0,195
12628,2025-12-15,GWL,GWALIOR,52.0,313
12628,2025-12-15,VGLJ,V LAKSHMIBAI JHANSI,41.0,410
12628,2025-12-15,BINA,BINA JN,38.0,563
12628,2025-12-15,BPL,BHOPAL JN,61.0,701
12628,2025-12-15,ET,ITARSI JN,29.0,793
12628,2025-12-15,KNW,KHANDWA,19.0,976
12628,2025-12-15,BAU,BURHANPUR,27.0,1045
12628,2025-12-15,BSL,BHUSAVAL JN,28.0,1100
12628,2025-12-15,JL,JALGAON JN,42.0,1124
12628,2025-12-15,MMR,MANMAD JN,28.0,1284
12628,2025-12-15,KPG,KOPARGAON,18.0,1326
12628,2025-12-15,BAP,BELAPUR,39.0,1370
12628,2025-12-15,ANG,AHMADNAGAR,34.0,1437
12628,2025-12-15,DD,DAUND JN,39.0,1520
12628,2025-12-15,KWV,KURDUVADI,68.0,1630
12628,2025-12-15,SUR,SOLAPUR JN,45.0,1708
12628,2025-12-15,KLBG,KALABURAGI JN,55.0,1821
12628,2025-12-15,WADI,WADI,41.0,1858
12628,2025-12-15,YG,YADGIR,50.0,1897
12628,2025-12-15,RC,RAICHUR,45.0,1965
12628,2025-12-15,MALM,MANTHRALAYAM RD,49.0,1994
12628,2025-12-15,AD,ADONI,40.0,2035
12628,2025-12-15,GTL,GUNTAKAL JN,15.0,2086
12628,2025-12-15,ATP,ANANTAPUR,37.0,2172
12628,2025-12-15,DMM,DHARMAVARAM JN,6.0,2205
12628,2025-12-15,SSPN,SAI P NILAYAM,12.0,2238
12628,2025-12-15,PKD,PENUKONDA,15.0,2259
12628,2025-12-15,HUP,HINDUPUR,26.0,2296
12628,2025-12-15,YNK,YELHANKA JN,5.0,2379
12628,2025-12-15,BNC,BANGALORE CANT,13.0,2402
12628,2025-12-15,SBC,KSR BANGALORE CY JN,-28.0,2406
12628,2025-12-16,NDLS,NEW DELHI,13.0,0
12628,2025-12-16,MTJ,MATHURA JN,35.0,141
12628,2025-12-16,AGC,AGRA CANTT,27.0,195
12628,2025-12-16,GWL,GWALIOR,11.0,313
12628,2025-12-16,VGLJ,V LAKSHMIBAI JHANSI,3.0,410
12628,2025-12-16,BINA,BINA JN,1.0,563
12628,2025-12-16,BPL,BHOPAL JN,10.0,701
12628,2025-12-16,ET,ITARSI JN,20.0,793
12628,2025-12-16,KNW,KHANDWA,127.0,976
12628,2025-12-16,BAU,BURHANPUR,129.0,1045
12628,2025-12-16,BSL,BHUSAVAL JN,136.0,1100
12628,2025-12-16,JL,JALGAON JN,144.0,1124
12628,2025-12-16,MMR,MANMAD JN,144.0,1284
12628,2025-12-16,KPG,KOPARGAON,134.0,1326
12628,2025-12-16,BAP,BELAPUR,145.0,1370
12628,2025-12-16,ANG,AHMADNAGAR,137.0,1437
12628,2025-12-16,DD,DAUND JN,143.0,1520
12628,2025-12-16,KWV,KURDUVADI,156.0,1630
12628,2025-12-16,SUR,SOLAPUR JN,159.0,1708
12628,2025-12-16,KLBG,KALABURAGI JN,155.0,1821
12628,2025-12-16,WADI,WADI,121.0,1858
12628,2025-12-16,YG,YADGIR,128.0,1897
12628,2025-12-16,RC,RAICHUR,135.0,1965
12628,2025-12-16,MALM,MANTHRALAYAM RD,138.0,1994
12628,2025-12-16,AD,ADONI,133.0,2035
12628,2025-12-16,GTL,GUNTAKAL JN,113.0,2086
12628,2025-12-16,ATP,ANANTAPUR,118.0,2172
12628,2025-12-16,DMM,DHARMAVARAM JN,83.0,2205
12628,2025-12-16,SSPN,SAI P NILAYAM,89.0,2238
12628,2025-12-16,PKD,PENUKONDA,84.0,2259
12628,2025-12-16,HUP,HINDUPUR,95.0,2296
12628,2025-12-16,YNK,YELHANKA JN,74.0,2379
12628,2025-12-16,BNC,BANGALORE CANT,71.0,2402
12628,2025-12-16,SBC,KSR BANGALORE CY JN,30.0,2406
12628,2025-12-17,NDLS,NEW DELHI,4.0,0
12628,2025-12-17,MTJ,MATHURA JN,33.0,141
12628,2025-12-17,AGC,AGRA CANTT,23.0,195
12628,2025-12-17,GWL,GWALIOR,8.0,313
12628,2025-12-17,VGLJ,V LAKSHMIBAI JHANSI,1.0,410
12628,2025-12-17,BINA,BINA JN,5.0,563
12628,2025-12-17,BPL,BHOPAL JN,32.0,701
12628,2025-12-17,ET,ITARSI JN,24.0,793
12628,2025-12-17,KNW,KHANDWA,106.0,976
12628,2025-12-17,BAU,BURHANPUR,111.0,1045
12628,2025-12-17,BSL,BHUSAVAL JN,103.0,1100
12628,2025-12-17,JL,JALGAON JN,116.0,1124
12628,2025-12-17,MMR,MANMAD JN,116.0,1284
12628,2025-12-17,KPG,KOPARGAON,109.0,1326
12628,2025-12-17,BAP,BELAPUR,146.0,1370
12628,2025-12-17,ANG,AHMADNAGAR,132.0,1437
12628,2025-12-17,DD,DAUND JN,119.0,1520
12628,2025-12-17,KWV,KURDUVADI,133.0,1630
12628,2025-12-17,SUR,SOLAPUR JN,113.0,1708
12628,2025-12-17,KLBG,KALABURAGI JN,110.0,1821
12628,2025-12-17,WADI,WADI,69.0,1858
12628,2025-12-17,YG,YADGIR,77.0,1897
12628,2025-12-17,RC,RAICHUR,82.0,1965
12628,2025-12-17,MALM,MANTHRALAYAM RD,92.0,1994
12628,2025-12-17,AD,ADONI,86.0,2035
12628,2025-12-17,GTL,GUNTAKAL JN,64.0,2086
12628,2025-12-17,ATP,ANANTAPUR,68.0,2172
12628,2025-12-17,DMM,DHARMAVARAM JN,35.0,2205
12628,2025-12-17,SSPN,SAI P NILAYAM,44.0,2238
12628,2025-12-17,PKD,PENUKONDA,41.0,2259
12628,2025-12-17,HUP,HINDUPUR,54.0,2296
12628,2025-12-17,YNK,YELHANKA JN,40.0,2379
12628,2025-12-17,BNC,BANGALORE CANT,63.0,2402
12628,2025-12-17,SBC,KSR BANGALORE CY JN,24.0,2406
12628,2025-12-18,NDLS,NEW DELHI,6.0,0
12628,2025-12-18,MTJ,MATHURA JN,105.0,141
12628,2025-12-18,AGC,AGRA CANTT,115.0,195
12628,2025-12-18,GWL,GWALIOR,154.0,313
12628,2025-12-18,VGLJ,V LAKSHMIBAI JHANSI,209.0,410
12628,2025-12-18,BINA,BINA JN,334.0,563
12628,2025-12-18,BPL,BHOPAL JN,343.0,701
12628,2025-12-18,ET,ITARSI JN,319.0,793
12628,2025-12-18,KNW,KHANDWA,328.0,976
12628,2025-12-18,BAU,BURHANPUR,332.0,1045
12628,2025-12-18,BSL,BHUSAVAL JN,332.0,1100
12628,2025-12-18,JL,JALGAON JN,349.0,1124
12628,2025-12-18,MMR,MANMAD JN,366.0,1284
12628,2025-12-18,KPG,KOPARGAON,355.0,1326
12628,2025-12-18,BAP,BELAPUR,371.0,1370
12628,2025-12-18,ANG,AHMADNAGAR,443.0,1437
12628,2025-12-18,DD,DAUND JN,431.0,1520
12628,2025-12-18,KWV,KURDUVADI,418.0,1630
12628,2025-12-18,SUR,SOLAPUR JN,416.0,1708
12628,2025-12-18,KLBG,KALABURAGI JN,439.0,1821
12628,2025-12-18,WADI,WADI,416.0,1858
12628,2025-12-18,YG,YADGIR,398.0,1897
12628,2025-12-18,RC,RAICHUR,428.0,1965
12628,2025-12-18,MALM,MANTHRALAYAM RD,397.0,1994
12628,2025-12-18,AD,ADONI,430.0,2035
12628,2025-12-18,GTL,GUNTAKAL JN,409.0,2086
12628,2025-12-18,ATP,ANANTAPUR,397.0,2172
12628,2025-12-18,DMM,DHARMAVARAM JN,389.0,2205
12628,2025-12-18,SSPN,SAI P NILAYAM,392.0,2238
12628,2025-12-18,PKD,PENUKONDA,386.0,2259
12628,2025-12-18,HUP,HINDUPUR,391.0,2296
12628,2025-12-18,YNK,YELHANKA JN,381.0,2379
12628,2025-12-18,BNC,BANGALORE CANT,358.0,2402
12628,2025-12-18,SBC,KSR BANGALORE CY JN,343.0,2406
12628,2025-12-19,NDLS,NEW DELHI,10.0,0
12628,2025-12-19,MTJ,MATHURA JN,63.0,141
12628,2025-12-19,AGC,AGRA CANTT,74.0,195
12628,2025-12-19,GWL,GWALIOR,91.0,313
12628,2025-12-19,VGLJ,V LAKSHMIBAI JHANSI,92.0,410
12628,2025-12-19,BINA,BINA JN,111.0,563
12628,2025-12-19,BPL,BHOPAL JN,136.0,701
12628,2025-12-19,ET,ITARSI JN,117.0,793
12628,2025-12-19,KNW,KHANDWA,142.0,976
12628,2025-12-19,BAU,BURHANPUR,163.0,1045
12628,2025-12-19,BSL,BHUSAVAL JN,163.0,1100
12628,2025-12-19,JL,JALGAON JN,173.0,1124
12628,2025-12-19,MMR,MANMAD JN,176.0,1284
12628,2025-12-19,KPG,KOPARGAON,168.0,1326
12628,2025-12-19,BAP,BELAPUR,193.0,1370
12628,2025-12-19,ANG,AHMADNAGAR,178.0,1437
12628,2025-12-19,DD,DAUND JN,177.0,1520
12628,2025-12-19,KWV,KURDUVADI,192.0,1630
12628,2025-12-19,SUR,SOLAPUR JN,179.0,1708
12628,2025-12-19,KLBG,KALABURAGI JN,187.0,1821
12628,2025-12-19,WADI,WADI,148.0,1858
12628,2025-12-19,YG,YADGIR,155.0,1897
12628,2025-12-19,RC,RAICHUR,179.0,1965
12628,2025-12-19,MALM,MANTHRALAYAM RD,181.0,1994
12628,2025-12-19,AD,ADONI,171.0,2035
12628,2025-12-19,GTL,GUNTAKAL JN,169.0,2086
12628,2025-12-19,ATP,ANANTAPUR,169.0,2172
12628,2025-12-19,DMM,DHARMAVARAM JN,138.0,2205
12628,2025-12-19,SSPN,SAI P NILAYAM,141.0,2238
12628,2025-12-19,PKD,PENUKONDA,134.0,2259
12628,2025-12-19,HUP,HINDUPUR,138.0,2296
12628,2025-12-19,YNK,YELHANKA JN,117.0,2379
12628,2025-12-19,BNC,BANGALORE CANT,124.0,2402
12628,2025-12-19,SBC,KSR BANGALORE CY JN,78.0,2406
12628,2025-12-20,NDLS,NEW DELHI,119.0,0
12628,2025-12-20,MTJ,MATHURA JN,230.0,141
12628,2025-12-20,AGC,AGRA CANTT,254.0,195
12628,2025-12-20,GWL,GWALIOR,355.0,313
12628,2025-12-20,VGLJ,V LAKSHMIBAI JHANSI,394.0,410
12628,2025-12-20,BINA,BINA JN,410.0,563
12628,2025-12-20,BPL,BHOPAL JN,421.0,701
12628,2025-12-20,ET,ITARSI JN,421.0,793
12628,2025-12-20,KNW,KHANDWA,399.0,976
12628,2025-12-20,BAU,BURHANPUR,420.0,1045
12628,2025-12-20,BSL,BHUSAVAL JN,419.0,1100
12628,2025-12-20,JL,JALGAON JN,429.0,1124
12628,2025-12-20,MMR,MANMAD JN,472.0,1284
12628,2025-12-20,KPG,KOPARGAON,465.0,1326
12628,2025-12-20,BAP,BELAPUR,474.0,1370
12628,2025-12-20,ANG,AHMADNAGAR,480.0,1437
12628,2025-12-20,DD,DAUND JN,476.0,1520
12628,2025-12-20,KWV,KURDUVADI,503.0,1630
12628,2025-12-20,SUR,SOLAPUR JN,484.0,1708
12628,2025-12-20,KLBG,KALABURAGI JN,489.0,1821
12628,2025-12-20,WADI,WADI,466.0,1858
12628,2025-12-20,YG,YADGIR,485.0,1897
12628,2025-12-20,RC,RAICHUR,493.0,1965
12628,2025-12-20,MALM,MANTHRALAYAM RD,507.0,1994
12628,2025-12-20,AD,ADONI,501.0,2035
12628,2025-12-20,GTL,GUNTAKAL JN,506.0,2086
12628,2025-12-20,ATP,ANANTAPUR,497.0,2172
12628,2025-12-20,DMM,DHARMAVARAM JN,460.0,2205
12628,2025-12-20,SSPN,SAI P NILAYAM,463.0,2238
12628,2025-12-20,PKD,PENUKONDA,456.0,2259
12628,2025-12-20,HUP,HINDUPUR,470.0,2296
12628,2025-12-20,YNK,YELHANKA JN,478.0,2379
12628,2025-12-20,BNC,BANGALORE CANT,477.0,2402
12628,2025-12-20,SBC,KSR BANGALORE CY JN,436.0,2406
12628,2025-12-21,NDLS,NEW DELHI,5.0,0
12628,2025-12-21,MTJ,MATHURA JN,39.0,141
12628,2025-12-21,AGC,AGRA CANTT,26.0,195
12628,2025-12-21,GWL,GWALIOR,60.0,313
12628,2025-12-21,VGLJ,V LAKSHMIBAI JHANSI,112.0,410
12628,2025-12-21,BINA,BINA JN,170.0,563
12628,2025-12-21,BPL,BHOPAL JN,253.0,701
12628,2025-12-21,ET,ITARSI JN,248.0,793
12628,2025-12-21,KNW,KHANDWA,328.0,976
12628,2025-12-21,BAU,BURHANPUR,332.0,1045
12628,2025-12-21,BSL,BHUSAVAL JN,354.0,1100
12628,2025-12-21,JL,JALGAON JN,368.0,1124
12628,2025-12-21,MMR,MANMAD JN,366.0,1284
12628,2025-12-21,KPG,KOPARGAON,362.0,1326
12628,2025-12-21,BAP,BELAPUR,381.0,1370
12628,2025-12-21,ANG,AHMADNAGAR,394.0,1437
12628,2025-12-21,DD,DAUND JN,395.0,1520
12628,2025-12-21,KWV,KURDUVADI,412.0,1630
12628,2025-12-21,SUR,SOLAPUR JN,390.0,1708
12628,2025-12-21,KLBG,KALABURAGI JN,405.0,1821
12628,2025-12-21,WADI,WADI,378.0,1858
12628,2025-12-21,YG,YADGIR,388.0,1897
12628,2025-12-21,RC,RAICHUR,402.0,1965
12628,2025-12-21,MALM,MANTHRALAYAM RD,413.0,1994
12628,2025-12-21,AD,ADONI,416.0,2035
12628,2025-12-21,GTL,GUNTAKAL JN,398.0,2086
12628,2025-12-21,ATP,ANANTAPUR,401.0,2172
12628,2025-12-21,DMM,DHARMAVARAM JN,376.0,2205
12628,2025-12-21,SSPN,SAI P NILAYAM,386.0,2238
12628,2025-12-21,PKD,PENUKONDA,381.0,2259
12628,2025-12-21,HUP,HINDUPUR,395.0,2296
12628,2025-12-21,YNK,YELHANKA JN,390.0,2379
12628,2025-12-21,BNC,BANGALORE CANT,387.0,2402
12628,2025-12-21,SBC,KSR BANGALORE CY JN,346.0,2406
12628,2025-12-22,NDLS,NEW DELHI,0.0,0
12628,2025-12-22,MTJ,MATHURA JN,25.0,141
12628,2025-12-22,AGC,AGRA CANTT,64.0,195
12628,2025-12-22,GWL,GWALIOR,103.0,313
12628,2025-12-22,VGLJ,V LAKSHMIBAI JHANSI,123.0,410
12628,2025-12-22,BINA,BINA JN,189.0,563
12628,2025-12-22,BPL,BHOPAL JN,267.0,701
12628,2025-12-22,ET,ITARSI JN,238.0,793
12628,2025-12-22,KNW,KHANDWA,221.0,976
12628,2025-12-22,BAU,BURHANPUR,220.0,1045
12628,2025-12-22,BSL,BHUSAVAL JN,208.0,1100
12628,2025-12-22,JL,JALGAON JN,213.0,1124
12628,2025-12-22,MMR,MANMAD JN,202.0,1284
12628,2025-12-22,KPG,KOPARGAON,197.0,1326
12628,2025-12-22,BAP,BELAPUR,205.0,1370
12628,2025-12-22,ANG,AHMADNAGAR,201.0,1437
12628,2025-12-22,DD,DAUND JN,221.0,1520
12628,2025-12-22,KWV,KURDUVADI,258.0,1630
12628,2025-12-22,SUR,SOLAPUR JN,245.0,1708
12628,2025-12-22,KLBG,KALABURAGI JN,274.0,1821
12628,2025-12-22,WADI,WADI,241.0,1858
12628,2025-12-22,YG,YADGIR,248.0,1897
12628,2025-12-22,RC,RAICHUR,249.0,1965
12628,2025-12-22,MALM,MANTHRALAYAM RD,258.0,1994
12628,2025-12-22,AD,ADONI,255.0,2035
12628,2025-12-22,GTL,GUNTAKAL JN,238.0,2086
12628,2025-12-22,ATP,ANANTAPUR,229.0,2172
12628,2025-12-22,DMM,DHARMAVARAM JN,203.0,2205
12628,2025-12-22,SSPN,SAI P NILAYAM,212.0,2238
12628,2025-12-22,PKD,PENUKONDA,216.0,2259
12628,2025-12-22,HUP,HINDUPUR,227.0,2296
12628,2025-12-22,YNK,YELHANKA JN,207.0,2379
12628,2025-12-22,BNC,BANGALORE CANT,250.0,2402
12628,2025-12-22,SBC,KSR BANGALORE CY JN,203.0,2406
12628,2025-12-23,NDLS,NEW DELHI,103.0,0
12628,2025-12-23,MTJ,MATHURA JN,124.0,141
12628,2025-12-23,AGC,AGRA CANTT,121.0,195
12628,2025-12-23,GWL,GWALIOR,112.0,313
12628,2025-12-23,VGLJ,V LAKSHMIBAI JHANSI,118.0,410
12628,2025-12-23,BINA,BINA JN,98.0,563
12628,2025-12-23,BPL,BHOPAL JN,128.0,701
12628,2025-12-23,ET,ITARSI JN,122.0,793
12628,2025-12-23,KNW,KHANDWA,106.0,976
12628,2025-12-23,BAU,BURHANPUR,112.0,1045
12628,2025-12-23,BSL,BHUSAVAL JN,100.0,1100
12628,2025-12-23,JL,JALGAON JN,108.0,1124
12628,2025-12-23,MMR,MANMAD JN,138.0,1284
12628,2025-12-23,KPG,KOPARGAON,131.0,1326
12628,2025-12-23,BAP,BELAPUR,144.0,1370
12628,2025-12-23,ANG,AHMADNAGAR,128.0,1437
12628,2025-12-23,DD,DAUND JN,131.0,1520
12628,2025-12-23,KWV,KURDUVADI,154.0,1630
12628,2025-12-23,SUR,SOLAPUR JN,140.0,1708
12628,2025-12-23,KLBG,KALABURAGI JN,159.0,1821
12628,2025-12-23,WADI,WADI,127.0,1858
12628,2025-12-23,YG,YADGIR,136.0,1897
12628,2025-12-23,RC,RAICHUR,140.0,1965
12628,2025-12-23,MALM,MANTHRALAYAM RD,153.0,1994
12628,2025-12-23,AD,ADONI,149.0,2035
12628,2025-12-23,GTL,GUNTAKAL JN,135.0,2086
12628,2025-12-23,ATP,ANANTAPUR,134.0,2172
12628,2025-12-23,DMM,DHARMAVARAM JN,113.0,2205
12628,2025-12-23,SSPN,SAI P NILAYAM,123.0,2238
12628,2025-12-23,PKD,PENUKONDA,118.0,2259
12628,2025-12-23,HUP,HINDUPUR,125.0,2296
12628,2025-12-23,YNK,YELHANKA JN,121.0,2379
12628,2025-12-23,BNC,BANGALORE CANT,121.0,2402
12628,2025-12-23,SBC,KSR BANGALORE CY JN,81.0,2406
12628,2025-12-24,NDLS,NEW DELHI,3.0,0
12628,2025-12-24,MTJ,MATHURA JN,41.0,141
12628,2025-12-24,AGC,AGRA CANTT,33.0,195
12628,2025-12-24,GWL,GWALIOR,22.0,313
12628,2025-12-24,VGLJ,V LAKSHMIBAI JHANSI,6.0,410
12628,2025-12-24,BINA,BINA JN,6.0,563
12628,2025-12-24,BPL,BHOPAL JN,20.0,701
12628,2025-12-24,ET,ITARSI JN,22.0,793
12628,2025-12-24,KNW,KHANDWA,0.0,976
12628,2025-12-24,BAU,BURHANPUR,22.0,1045
12628,2025-12-24,BSL,BHUSAVAL JN,31.0,1100
12628,2025-12-24,JL,JALGAON JN,34.0,1124
12628,2025-12-24,MMR,MANMAD JN,28.0,1284
12628,2025-12-24,KPG,KOPARGAON,29.0,1326
12628,2025-12-24,BAP,BELAPUR,38.0,1370
12628,2025-12-24,ANG,AHMADNAGAR,21.0,1437
12628,2025-12-24,DD,DAUND JN,3.0,1520
12628,2025-12-24,KWV,KURDUVADI,31.0,1630
12628,2025-12-24,SUR,SOLAPUR JN,5.0,1708
12628,2025-12-24,KLBG,KALABURAGI JN,13.0,1821
12628,2025-12-24,WADI,WADI,0.0,1858
12628,2025-12-24,YG,YADGIR,6.0,1897
12628,2025-12-24,RC,RAICHUR,5.0,1965
12628,2025-12-24,MALM,MANTHRALAYAM RD,9.0,1994
12628,2025-12-24,AD,ADONI,2.0,2035
12628,2025-12-24,GTL,GUNTAKAL JN,18.0,2086
12628,2025-12-24,ATP,ANANTAPUR,12.0,2172
12628,2025-12-24,DMM,DHARMAVARAM JN,0.0,2205
12628,2025-12-24,SSPN,SAI P NILAYAM,15.0,2238
12628,2025-12-24,PKD,PENUKONDA,13.0,2259
12628,2025-12-24,HUP,HINDUPUR,18.0,2296
12628,2025-12-24,YNK,YELHANKA JN,9.0,2379
12628,2025-12-24,BNC,BANGALORE CANT,27.0,2402
12628,2025-12-24,SBC,KSR BANGALORE CY JN,-14.0,2406
12628,2025-12-25,NDLS,NEW DELHI,4.0,0
12628,2025-12-25,MTJ,MATHURA JN,35.0,141
12628,2025-12-25,AGC,AGRA CANTT,33.0,195
12628,2025-12-25,GWL,GWALIOR,29.0,313
12628,2025-12-25,VGLJ,V LAKSHMIBAI JHANSI,19.0,410
12628,2025-12-25,BINA,BINA JN,6.0,563
12628,2025-12-25,BPL,BHOPAL JN,10.0,701
12628,2025-12-25,ET,ITARSI JN,16.0,793
12628,2025-12-25,KNW,KHANDWA,11.0,976
12628,2025-12-25,BAU,BURHANPUR,37.0,1045
12628,2025-12-25,BSL,BHUSAVAL JN,42.0,1100
12628,2025-12-25,JL,JALGAON JN,43.0,1124
12628,2025-12-25,MMR,MANMAD JN,50.0,1284
12628,2025-12-25,KPG,KOPARGAON,48.0,1326
12628,2025-12-25,BAP,BELAPUR,58.0,1370
12628,2025-12-25,ANG,AHMADNAGAR,47.0,1437
12628,2025-12-25,DD,DAUND JN,40.0,1520
12628,2025-12-25,KWV,KURDUVADI,66.0,1630
12628,2025-12-25,SUR,SOLAPUR JN,45.0,1708
12628,2025-12-25,KLBG,KALABURAGI JN,69.0,1821
12628,2025-12-25,WADI,WADI,35.0,1858
12628,2025-12-25,YG,YADGIR,43.0,1897
12628,2025-12-25,RC,RAICHUR,45.0,1965
12628,2025-12-25,MALM,MANTHRALAYAM RD,51.0,1994
12628,2025-12-25,AD,ADONI,47.0,2035
12628,2025-12-25,GTL,GUNTAKAL JN,46.0,2086
12628,2025-12-25,ATP,ANANTAPUR,36.0,2172
12628,2025-12-25,DMM,DHARMAVARAM JN,5.0,2205
12628,2025-12-25,SSPN,SAI P NILAYAM,12.0,2238
12628,2025-12-25,PKD,PENUKONDA,12.0,2259
12628,2025-12-25,HUP,HINDUPUR,18.0,2296
12628,2025-12-25,YNK,YELHANKA JN,0.0,2379
12628,2025-12-25,BNC,BANGALORE CANT,0.0,2402
12628,2025-12-25,SBC,KSR BANGALORE CY JN,-34.0,2406
12628,2025-12-26,NDLS,NEW DELHI,7.0,0
12628,2025-12-26,MTJ,MATHURA JN,45.0,141
12628,2025-12-26,AGC,AGRA CANTT,41.0,195
12628,2025-12-26,GWL,GWALIOR,33.0,313
12628,2025-12-26,VGLJ,V LAKSHMIBAI JHANSI,13.0,410
12628,2025-12-26,BINA,BINA JN,4.0,563
12628,2025-12-26,BPL,BHOPAL JN,25.0,701
12628,2025-12-26,ET,ITARSI JN,5.0,793
12628,2025-12-26,KNW,KHANDWA,0.0,976
12628,2025-12-26,BAU,BURHANPUR,1.0,1045
12628,2025-12-26,BSL,BHUSAVAL JN,1.0,1100
12628,2025-12-26,JL,JALGAON JN,21.0,1124
12628,2025-12-26,MMR,MANMAD JN,11.0,1284
12628,2025-12-26,KPG,KOPARGAON,2.0,1326
12628,2025-12-26,BAP,BELAPUR,9.0,1370
12628,2025-12-26,ANG,AHMADNAGAR,8.0,1437
12628,2025-12-26,DD,DAUND JN,15.0,1520
12628,2025-12-26,KWV,KURDUVADI,50.0,1630
12628,2025-12-26,SUR,SOLAPUR JN,23.0,1708
12628,2025-12-26,KLBG,KALABURAGI JN,49.0,1821
12628,2025-12-26,WADI,WADI,20.0,1858
12628,2025-12-26,YG,YADGIR,28.0,1897
12628,2025-12-26,RC,RAICHUR,32.0,1965
12628,2025-12-26,MALM,MANTHRALAYAM RD,67.0,1994
12628,2025-12-26,AD,ADONI,65.0,2035
12628,2025-12-26,GTL,GUNTAKAL JN,68.0,2086
12628,2025-12-26,ATP,ANANTAPUR,65.0,2172
12628,2025-12-26,DMM,DHARMAVARAM JN,36.0,2205
12628,2025-12-26,SSPN,SAI P NILAYAM,44.0,2238
12628,2025-12-26,PKD,PENUKONDA,43.0,2259
12628,2025-12-26,HUP,HINDUPUR,48.0,2296
12628,2025-12-26,YNK,YELHANKA JN,46.0,2379
12628,2025-12-26,BNC,BANGALORE CANT,50.0,2402
12628,2025-12-26,SBC,KSR BANGALORE CY JN,8.0,2406
12628,2025-12-27,NDLS,NEW DELHI,1.0,0
12628,2025-12-27,MTJ,MATHURA JN,16.0,141
12628,2025-12-27,AGC,AGRA CANTT,6.0,195
12628,2025-12-27,GWL,GWALIOR,22.0,313
12628,2025-12-27,VGLJ,V LAKSHMIBAI JHANSI,32.0,410
12628,2025-12-27,BINA,BINA JN,12.0,563
12628,2025-12-27,BPL,BHOPAL JN,51.0,701
12628,2025-12-27,ET,ITARSI JN,25.0,793
12628,2025-12-27,KNW,KHANDWA,15.0,976
12628,2025-12-27,BAU,BURHANPUR,19.0,1045
12628,2025-12-27,BSL,BHUSAVAL JN,3.0,1100
12628,2025-12-27,JL,JALGAON JN,21.0,1124
12628,2025-12-27,MMR,MANMAD JN,14.0,1284
12628,2025-12-27,KPG,KOPARGAON,4.0,1326
12628,2025-12-27,BAP,BELAPUR,14.0,1370
12628,2025-12-27,ANG,AHMADNAGAR,0.0,1437
12628,2025-12-27,DD,DAUND JN,2.0,1520
12628,2025-12-27,KWV,KURDUVADI,6.0,1630
12628,2025-12-27,SUR,SOLAPUR JN,0.0,1708
12628,2025-12-27,KLBG,KALABURAGI JN,26.0,1821
12628,2025-12-27,WADI,WADI,4.0,1858
12628,2025-12-27,YG,YADGIR,13.0,1897
12628,2025-12-27,RC,RAICHUR,29.0,1965
12628,2025-12-27,MALM,MANTHRALAYAM RD,39.0,1994
12628,2025-12-27,AD,ADONI,40.0,2035
12628,2025-12-27,GTL,GUNTAKAL JN,30.0,2086
12628,2025-12-27,ATP,ANANTAPUR,25.0,2172
12628,2025-12-27,DMM,DHARMAVARAM JN,1.0,2205
12628,2025-12-27,SSPN,SAI P NILAYAM,10.0,2238
12628,2025-12-27,PKD,PENUKONDA,7.0,2259
12628,2025-12-27,HUP,HINDUPUR,14.0,2296
12628,2025-12-27,YNK,YELHANKA JN,17.0,2379
12628,2025-12-27,BNC,BANGALORE CANT,28.0,2402
12628,2025-12-27,SBC,KSR BANGALORE CY JN,-8.0,2406
12628,2025-12-28,NDLS,NEW DELHI,10.0,0
12628,2025-12-28,MTJ,MATHURA JN,89.0,141
12628,2025-12-28,AGC,AGRA CANTT,97.0,195
12628,2025-12-28,GWL,GWALIOR,172.0,313
12628,2025-12-28,VGLJ,V LAKSHMIBAI JHANSI,291.0,410
12628,2025-12-28,BINA,BINA JN,352.0,563
12628,2025-12-28,BPL,BHOPAL JN,362.0,701
12628,2025-12-28,ET,ITARSI JN,363.0,793
12628,2025-12-28,KNW,KHANDWA,353.0,976
12628,2025-12-28,BAU,BURHANPUR,354.0,1045
12628,2025-12-28,BSL,BHUSAVAL JN,350.0,1100
12628,2025-12-28,JL,JALGAON JN,352.0,1124
12628,2025-12-28,MMR,MANMAD JN,363.0,1284
12628,2025-12-28,KPG,KOPARGAON,365.0,1326
12628,2025-12-28,BAP,BELAPUR,368.0,1370
12628,2025-12-28,ANG,AHMADNAGAR,410.0,1437
12628,2025-12-28,DD,DAUND JN,418.0,1520
12628,2025-12-28,KWV,KURDUVADI,431.0,1630
12628,2025-12-28,SUR,SOLAPUR JN,437.0,1708
12628,2025-12-28,KLBG,KALABURAGI JN,435.0,1821
12628,2025-12-28,WADI,WADI,423.0,1858
12628,2025-12-28,YG,YADGIR,422.0,1897
12628,2025-12-28,RC,RAICHUR,414.0,1965
12628,2025-12-28,MALM,MANTHRALAYAM RD,413.0,1994
12628,2025-12-28,AD,ADONI,404.0,2035
12628,2025-12-28,GTL,GUNTAKAL JN,396.0,2086
12628,2025-12-28,ATP,ANANTAPUR,395.0,2172
12628,2025-12-28,DMM,DHARMAVARAM JN,372.0,2205
12628,2025-12-28,SSPN,SAI P NILAYAM,372.0,2238
12628,2025-12-28,PKD,PENUKONDA,372.0,2259
12628,2025-12-28,HUP,HINDUPUR,372.0,2296
12628,2025-12-28,YNK,YELHANKA JN,371.0,2379
12628,2025-12-28,BNC,BANGALORE CANT,371.0,2402
12628,2025-12-28,SBC,KSR BANGALORE CY JN,358.0,2406
12628,2025-12-29,NDLS,NEW DELHI,6.0,0
12628,2025-12-29,MTJ,MATHURA JN,60.0,141
12628,2025-12-29,AGC,AGRA CANTT,55.0,195
12628,2025-12-29,GWL,GWALIOR,96.0,313
12628,2025-12-29,VGLJ,V LAKSHMIBAI JHANSI,148.0,410
12628,2025-12-29,BINA,BINA JN,227.0,563
12628,2025-12-29,BPL,BHOPAL JN,267.0,701
12628,2025-12-29,ET,ITARSI JN,263.0,793
12628,2025-12-29,KNW,KHANDWA,280.0,976
12628,2025-12-29,BAU,BURHANPUR,280.0,1045
12628,2025-12-29,BSL,BHUSAVAL JN,291.0,1100
12628,2025-12-29,JL,JALGAON JN,297.0,1124
12628,2025-12-29,MMR,MANMAD JN,297.0,1284
12628,2025-12-29,KPG,KOPARGAON,299.0,1326
12628,2025-12-29,BAP,BELAPUR,313.0,1370
12628,2025-12-29,ANG,AHMADNAGAR,322.0,1437
12628,2025-12-29,DD,DAUND JN,337.0,1520
12628,2025-12-29,KWV,KURDUVADI,339.0,1630
12628,2025-12-29,SUR,SOLAPUR JN,320.0,1708
12628,2025-12-29,KLBG,KALABURAGI JN,334.0,1821
12628,2025-12-29,WADI,WADI,291.0,1858
12628,2025-12-29,YG,YADGIR,309.0,1897
12628,2025-12-29,RC,RAICHUR,309.0,1965
12628,2025-12-29,MALM,MANTHRALAYAM RD,318.0,1994
12628,2025-12-29,AD,ADONI,312.0,2035
12628,2025-12-29,GTL,GUNTAKAL JN,301.0,2086
12628,2025-12-29,ATP,ANANTAPUR,287.0,2172
12628,2025-12-29,DMM,DHARMAVARAM JN,253.0,2205
12628,2025-12-29,SSPN,SAI P NILAYAM,255.0,2238
12628,2025-12-29,PKD,PENUKONDA,253.0,2259
12628,2025-12-29,HUP,HINDUPUR,262.0,2296
12628,2025-12-29,YNK,YELHANKA JN,276.0,2379
12628,2025-12-29,BNC,BANGALORE CANT,257.0,2402
12628,2025-12-29,SBC,KSR BANGALORE CY JN,238.0,2406
12628,2025-12-30,NDLS,NEW DELHI,15.0,0
12628,2025-12-30,MTJ,MATHURA JN,66.0,141
12628,2025-12-30,AGC,AGRA CANTT,62.0,195
12628,2025-12-30,GWL,GWALIOR,103.0,313
12628,2025-12-30,VGLJ,V LAKSHMIBAI JHANSI,167.0,410
12628,2025-12-30,BINA,BINA JN,151.0,563
12628,2025-12-30,BPL,BHOPAL JN,174.0,701
12628,2025-12-30,ET,ITARSI JN,155.0,793
12628,2025-12-30,KNW,KHANDWA,150.0,976
12628,2025-12-30,BAU,BURHANPUR,152.0,1045
12628,2025-12-30,BSL,BHUSAVAL JN,143.0,1100
12628,2025-12-30,JL,JALGAON JN,148.0,1124
12628,2025-12-30,MMR,MANMAD JN,157.0,1284
12628,2025-12-30,KPG,KOPARGAON,145.0,1326
12628,2025-12-30,BAP,BELAPUR,152.0,1370
12628,2025-12-30,ANG,AHMADNAGAR,137.0,1437
12628,2025-12-30,DD,DAUND JN,129.0,1520
12628,2025-12-30,KWV,KURDUVADI,140.0,1630
12628,2025-12-30,SUR,SOLAPUR JN,139.0,1708
12628,2025-12-30,KLBG,KALABURAGI JN,156.0,1821
12628,2025-12-30,WADI,WADI,121.0,1858
12628,2025-12-30,YG,YADGIR,129.0,1897
12628,2025-12-30,RC,RAICHUR,142.0,1965
12628,2025-12-30,MALM,MANTHRALAYAM RD,151.0,1994
12628,2025-12-30,AD,ADONI,149.0,2035
12628,2025-12-30,GTL,GUNTAKAL JN,127.0,2086
12628,2025-12-30,ATP,ANANTAPUR,120.0,2172
12628,2025-12-30,DMM,DHARMAVARAM JN,98.0,2205
12628,2025-12-30,SSPN,SAI P NILAYAM,101.0,2238
12628,2025-12-30,PKD,PENUKONDA,94.0,2259
12628,2025-12-30,HUP,HINDUPUR,101.0,2296
12628,2025-12-30,YNK,YELHANKA JN,99.0,2379
12628,2025-12-30,BNC,BANGALORE CANT,101.0,2402
12628,2025-12-30,SBC,KSR BANGALORE CY JN,61.0,2406
12628,2025-12-31,NDLS,NEW DELHI,2.0,0
12628,2025-12-31,MTJ,MATHURA JN,33.0,141
12628,2025-12-31,AGC,AGRA CANTT,27.0,195
12628,2025-12-31,GWL,GWALIOR,35.0,313
12628,2025-12-31,VGLJ,V LAKSHMIBAI JHANSI,56.0,410
12628,2025-12-31,BINA,BINA JN,107.0,563
12628,2025-12-31,BPL,BHOPAL JN,120.0,701
12628,2025-12-31,ET,ITARSI JN,112.0,793
12628,2025-12-31,KNW,KHANDWA,85.0,976
12628,2025-12-31,BAU,BURHANPUR,85.0,1045
12628,2025-12-31,BSL,BHUSAVAL JN,76.0,1100
12628,2025-12-31,JL,JALGAON JN,77.0,1124
12628,2025-12-31,MMR,MANMAD JN,98.0,1284
12628,2025-12-31,KPG,KOPARGAON,91.0,1326
12628,2025-12-31,BAP,BELAPUR,118.0,1370
12628,2025-12-31,ANG,AHMADNAGAR,110.0,1437
12628,2025-12-31,DD,DAUND JN,120.0,1520
12628,2025-12-31,KWV,KURDUVADI,149.0,1630
12628,2025-12-31,SUR,SOLAPUR JN,124.0,1708
12628,2025-12-31,KLBG,KALABURAGI JN,162.0,1821
12628,2025-12-31,WADI,WADI,125.0,1858
12628,2025-12-31,YG,YADGIR,104.0,1897
12628,2025-12-31,RC,RAICHUR,135.0,1965
12628,2025-12-31,MALM,MANTHRALAYAM RD,140.0,1994
12628,2025-12-31,AD,ADONI,94.0,2035
12628,2025-12-31,GTL,GUNTAKAL JN,113.0,2086
12628,2025-12-31,ATP,ANANTAPUR,115.0,2172
12628,2025-12-31,DMM,DHARMAVARAM JN,87.0,2205
12628,2025-12-31,SSPN,SAI P NILAYAM,92.0,2238
12628,2025-12-31,PKD,PENUKONDA,86.0,2259
12628,2025-12-31,HUP,HINDUPUR,97.0,2296
12628,2025-12-31,YNK,YELHANKA JN,78.0,2379
12628,2025-12-31,BNC,BANGALORE CANT,91.0,2402
12628,2025-12-31,SBC,KSR BANGALORE CY JN,50.0,2406
12628,2026-01-01,NDLS,NEW DELHI,17.0,0
12628,2026-01-01,MTJ,MATHURA JN,42.0,141
12628,2026-01-01,AGC,AGRA CANTT,41.0,195
12628,2026-01-01,GWL,GWALIOR,46.0,313
12628,2026-01-01,VGLJ,V LAKSHMIBAI JHANSI,58.0,410
12628,2026-01-01,BINA,BINA JN,111.0,563
12628,2026-01-01,BPL,BHOPAL JN,145.0,701
12628,2026-01-01,ET,ITARSI JN,115.0,793
12628,2026-01-01,KNW,KHANDWA,145.0,976
12628,2026-01-01,BAU,BURHANPUR,152.0,1045
12628,2026-01-01,BSL,BHUSAVAL JN,139.0,1100
12628,2026-01-01,JL,JALGAON JN,139.0,1124
12628,2026-01-01,MMR,MANMAD JN,155.0,1284
12628,2026-01-01,KPG,KOPARGAON,143.0,1326
12628,2026-01-01,BAP,BELAPUR,144.0,1370
12628,2026-01-01,ANG,AHMADNAGAR,142.0,1437
12628,2026-01-01,DD,DAUND JN,165.0,1520
12628,2026-01-01,KWV,KURDUVADI,169.0,1630
12628,2026-01-01,SUR,SOLAPUR JN,149.0,1708
12628,2026-01-01,KLBG,KALABURAGI JN,163.0,1821
12628,2026-01-01,WADI,WADI,131.0,1858
12628,2026-01-01,YG,YADGIR,137.0,1897
12628,2026-01-01,RC,RAICHUR,131.0,1965
12628,2026-01-01,MALM,MANTHRALAYAM RD,131.0,1994
12628,2026-01-01,AD,ADONI,126.0,2035
12628,2026-01-01,GTL,GUNTAKAL JN,133.0,2086
12628,2026-01-01,ATP,ANANTAPUR,150.0,2172
12628,2026-01-01,DMM,DHARMAVARAM JN,127.0,2205
12628,2026-01-01,SSPN,SAI P NILAYAM,133.0,2238
12628,2026-01-01,PKD,PENUKONDA,136.0,2259
12628,2026-01-01,HUP,HINDUPUR,146.0,2296
12628,2026-01-01,YNK,YELHANKA JN,128.0,2379
12628,2026-01-01,BNC,BANGALORE CANT,141.0,2402
12628,2026-01-01,SBC,KSR BANGALORE CY JN,90.0,2406
12628,2026-01-02,NDLS,NEW DELHI,10.0,0
12628,2026-01-02,MTJ,MATHURA JN,28.0,141
12628,2026-01-02,AGC,AGRA CANTT,26.0,195
12628,2026-01-02,GWL,GWALIOR,88.0,313
12628,2026-01-02,VGLJ,V LAKSHMIBAI JHANSI,124.0,410
12628,2026-01-02,BINA,BINA JN,144.0,563
12628,2026-01-02,BPL,BHOPAL JN,172.0,701
12628,2026-01-02,ET,ITARSI JN,155.0,793
12628,2026-01-02,KNW,KHANDWA,141.0,976
12628,2026-01-02,BAU,BURHANPUR,151.0,1045
12628,2026-01-02,BSL,BHUSAVAL JN,144.0,1100
12628,2026-01-02,JL,JALGAON JN,165.0,1124
12628,2026-01-02,MMR,MANMAD JN,174.0,1284
12628,2026-01-02,KPG,KOPARGAON,166.0,1326
12628,2026-01-02,BAP,BELAPUR,175.0,1370
12628,2026-01-02,ANG,AHMADNAGAR,168.0,1437
12628,2026-01-02,DD,DAUND JN,181.0,1520
12628,2026-01-02,KWV,KURDUVADI,196.0,1630
12628,2026-01-02,SUR,SOLAPUR JN,164.0,1708
12628,2026-01-02,KLBG,KALABURAGI JN,189.0,1821
12628,2026-01-02,WADI,WADI,163.0,1858
12628,2026-01-02,YG,YADGIR,176.0,1897
12628,2026-01-02,RC,RAICHUR,160.0,1965
12628,2026-01-02,MALM,MANTHRALAYAM RD,159.0,1994
12628,2026-01-02,AD,ADONI,158.0,2035
12628,2026-01-02,GTL,GUNTAKAL JN,139.0,2086
12628,2026-01-02,ATP,ANANTAPUR,155.0,2172
12628,2026-01-02,DMM,DHARMAVARAM JN,140.0,2205
12628,2026-01-02,SSPN,SAI P NILAYAM,149.0,2238
12628,2026-01-02,PKD,PENUKONDA,149.0,2259
12628,2026-01-02,HUP,HINDUPUR,161.0,2296
12628,2026-01-02,YNK,YELHANKA JN,156.0,2379
12628,2026-01-02,BNC,BANGALORE CANT,208.0,2402
12628,2026-01-02,SBC,KSR BANGALORE CY JN,155.0,2406
12628,2026-01-03,NDLS,NEW DELHI,21.0,0
12628,2026-01-03,MTJ,MATHURA JN,63.0,141
12628,2026-01-03,AGC,AGRA CANTT,62.0,195
12628,2026-01-03,GWL,GWALIOR,35.0,313
12628,2026-01-03,VGLJ,V LAKSHMIBAI JHANSI,40.0,410
12628,2026-01-03,BINA,BINA JN,89.0,563
12628,2026-01-03,BPL,BHOPAL JN,129.0,701
12628,2026-01-03,ET,ITARSI JN,128.0,793
12628,2026-01-03,KNW,KHANDWA,123.0,976
12628,2026-01-03,BAU,BURHANPUR,128.0,1045
12628,2026-01-03,BSL,BHUSAVAL JN,121.0,1100
12628,2026-01-03,JL,JALGAON JN,126.0,1124
12628,2026-01-03,MMR,MANMAD JN,126.0,1284
12628,2026-01-03,KPG,KOPARGAON,119.0,1326
12628,2026-01-03,BAP,BELAPUR,130.0,1370
12628,2026-01-03,ANG,AHMADNAGAR,117.0,1437
12628,2026-01-03,DD,DAUND JN,101.0,1520
12628,2026-01-03,KWV,KURDUVADI,122.0,1630
12628,2026-01-03,SUR,SOLAPUR JN,100.0,1708
12628,2026-01-03,KLBG,KALABURAGI JN,109.0,1821
12628,2026-01-03,WADI,WADI,90.0,1858
12628,2026-01-03,YG,YADGIR,90.0,1897
12628,2026-01-03,RC,RAICHUR,87.0,1965
12628,2026-01-03,MALM,MANTHRALAYAM RD,88.0,1994
12628,2026-01-03,AD,ADONI,83.0,2035
12628,2026-01-03,GTL,GUNTAKAL JN,72.0,2086
12628,2026-01-03,ATP,ANANTAPUR,77.0,2172
12628,2026-01-03,DMM,DHARMAVARAM JN,63.0,2205
12628,2026-01-03,SSPN,SAI P NILAYAM,73.0,2238
12628,2026-01-03,PKD,PENUKONDA,75.0,2259
12628,2026-01-03,HUP,HINDUPUR,93.0,2296
12628,2026-01-03,YNK,YELHANKA JN,77.0,2379
12628,2026-01-03,BNC,BANGALORE CANT,79.0,2402
12628,2026-01-03,SBC,KSR BANGALORE CY JN,26.0,2406
12628,2026-01-04,NDLS,NEW DELHI,0.0,0
12628,2026-01-04,MTJ,MATHURA JN,48.0,141
12628,2026-01-04,AGC,AGRA CANTT,46.0,195
12628,2026-01-04,GWL,GWALIOR,70.0,313
12628,2026-01-04,VGLJ,V LAKSHMIBAI JHANSI,96.0,410
12628,2026-01-04,BINA,BINA JN,125.0,563
12628,2026-01-04,BPL,BHOPAL JN,237.0,701
12628,2026-01-04,ET,ITARSI JN,225.0,793
12628,2026-01-04,KNW,KHANDWA,230.0,976
12628,2026-01-04,BAU,BURHANPUR,235.0,1045
12628,2026-01-04,BSL,BHUSAVAL JN,244.0,1100
12628,2026-01-04,JL,JALGAON JN,255.0,1124
12628,2026-01-04,MMR,MANMAD JN,287.0,1284
12628,2026-01-04,KPG,KOPARGAON,276.0,1326
12628,2026-01-04,BAP,BELAPUR,292.0,1370
12628,2026-01-04,ANG,AHMADNAGAR,278.0,1437
12628,2026-01-04,DD,DAUND JN,274.0,1520
12628,2026-01-04,KWV,KURDUVADI,282.0,1630
12628,2026-01-04,SUR,SOLAPUR JN,257.0,1708
12628,2026-01-04,KLBG,KALABURAGI JN,279.0,1821
12628,2026-01-04,WADI,WADI,246.0,1858
12628,2026-01-04,YG,YADGIR,243.0,1897
12628,2026-01-04,RC,RAICHUR,239.0,1965
12628,2026-01-04,MALM,MANTHRALAYAM RD,239.0,1994
12628,2026-01-04,AD,ADONI,237.0,2035
12628,2026-01-04,GTL,GUNTAKAL JN,234.0,2086
12628,2026-01-04,ATP,ANANTAPUR,244.0,2172
12628,2026-01-04,DMM,DHARMAVARAM JN,225.0,2205
12628,2026-01-04,SSPN,SAI P NILAYAM,233.0,2238
12628,2026-01-04,PKD,PENUKONDA,235.0,2259
12628,2026-01-04,HUP,HINDUPUR,241.0,2296
12628,2026-01-04,YNK,YELHANKA JN,233.0,2379
12628,2026-01-04,BNC,BANGALORE CANT,256.0,2402
12628,2026-01-04,SBC,KSR BANGALORE CY JN,201.0,2406
12628,2026-01-05,NDLS,NEW DELHI,2.0,0
12628,2026-01-05,MTJ,MATHURA JN,22.0,141
12628,2026-01-05,AGC,AGRA CANTT,36.0,195
12628,2026-01-05,GWL,GWALIOR,176.0,313
12628,2026-01-05,VGLJ,V LAKSHMIBAI JHANSI,270.0,410
12628,2026-01-05,BINA,BINA JN,358.0,563
12628,2026-01-05,BPL,BHOPAL JN,396.0,701
12628,2026-01-05,ET,ITARSI JN,396.0,793
12628,2026-01-05,KNW,KHANDWA,414.0,976
12628,2026-01-05,BAU,BURHANPUR,425.0,1045
12628,2026-01-05,BSL,BHUSAVAL JN,414.0,1100
12628,2026-01-05,JL,JALGAON JN,431.0,1124
12628,2026-01-05,MMR,MANMAD JN,434.0,1284
12628,2026-01-05,KPG,KOPARGAON,427.0,1326
12628,2026-01-05,BAP,BELAPUR,434.0,1370
12628,2026-01-05,ANG,AHMADNAGAR,417.0,1437
12628,2026-01-05,DD,DAUND JN,415.0,1520
12628,2026-01-05,KWV,KURDUVADI,423.0,1630
12628,2026-01-05,SUR,SOLAPUR JN,407.0,1708
12628,2026-01-05,KLBG,KALABURAGI JN,438.0,1821
12628,2026-01-05,WADI,WADI,402.0,1858
12628,2026-01-05,YG,YADGIR,421.0,1897
12628,2026-01-05,RC,RAICHUR,417.0,1965
12628,2026-01-05,MALM,MANTHRALAYAM RD,417.0,1994
12628,2026-01-05,AD,ADONI,421.0,2035
12628,2026-01-05,GTL,GUNTAKAL JN,412.0,2086
12628,2026-01-05,ATP,ANANTAPUR,414.0,2172
12628,2026-01-05,DMM,DHARMAVARAM JN,393.0,2205
12628,2026-01-05,SSPN,SAI P NILAYAM,402.0,2238
12628,2026-01-05,PKD,PENUKONDA,407.0,2259
12628,2026-01-05,HUP,HINDUPUR,417.0,2296
12628,2026-01-05,YNK,YELHANKA JN,411.0,2379
12628,2026-01-05,BNC,BANGALORE CANT,422.0,2402
12628,2026-01-05,SBC,KSR BANGALORE CY JN,369.0,2406
12628,2026-01-06,NDLS,NEW DELHI,194.0,0
12628,2026-01-06,MTJ,MATHURA JN,278.0,141
12628,2026-01-06,AGC,AGRA CANTT,281.0,195
12628,2026-01-06,GWL,GWALIOR,304.0,313
12628,2026-01-06,VGLJ,V LAKSHMIBAI JHANSI,435.0,410
12628,2026-01-06,BINA,BINA JN,460.0,563
12628,2026-01-06,BPL,BHOPAL JN,483.0,701
12628,2026-01-06,ET,ITARSI JN,489.0,793
12628,2026-01-06,KNW,KHANDWA,483.0,976
12628,2026-01-06,BAU,BURHANPUR,490.0,1045
12628,2026-01-06,BSL,BHUSAVAL JN,492.0,1100
12628,2026-01-06,JL,JALGAON JN,496.0,1124
12628,2026-01-06,MMR,MANMAD JN,491.0,1284
12628,2026-01-06,KPG,KOPARGAON,483.0,1326
12628,2026-01-06,BAP,BELAPUR,484.0,1370
12628,2026-01-06,ANG,AHMADNAGAR,479.0,1437
12628,2026-01-06,DD,DAUND JN,499.0,1520
12628,2026-01-06,KWV,KURDUVADI,512.0,1630
12628,2026-01-06,SUR,SOLAPUR JN,501.0,1708
12628,2026-01-06,KLBG,KALABURAGI JN,536.0,1821
12628,2026-01-06,WADI,WADI,510.0,1858
12628,2026-01-06,YG,YADGIR,512.0,1897
12628,2026-01-06,RC,RAICHUR,514.0,1965
12628,2026-01-06,MALM,MANTHRALAYAM RD,519.0,1994
12628,2026-01-06,AD,ADONI,515.0,2035
12628,2026-01-06,GTL,GUNTAKAL JN,506.0,2086
12628,2026-01-06,ATP,ANANTAPUR,507.0,2172
12628,2026-01-06,DMM,DHARMAVARAM JN,507.0,2205
12628,2026-01-06,SSPN,SAI P NILAYAM,513.0,2238
12628,2026-01-06,PKD,PENUKONDA,526.0,2259
12628,2026-01-06,HUP,HINDUPUR,538.0,2296
12628,2026-01-06,YNK,YELHANKA JN,566.0,2379
12628,2026-01-06,BNC,BANGALORE CANT,592.0,2402
12628,2026-01-06,SBC,KSR BANGALORE CY JN,540.0,2406
12628,2026-01-07,NDLS,NEW DELHI,55.0,0
12628,2026-01-07,MTJ,MATHURA JN,147.0,141
12628,2026-01-07,AGC,AGRA CANTT,184.0,195
12628,2026-01-07,GWL,GWALIOR,242.0,313
12628,2026-01-07,VGLJ,V LAKSHMIBAI JHANSI,326.0,410
12628,2026-01-07,BINA,BINA JN,399.0,563
12628,2026-01-07,BPL,BHOPAL JN,461.0,701
12628,2026-01-07,ET,ITARSI JN,459.0,793
12628,2026-01-07,KNW,KHANDWA,430.0,976
12628,2026-01-07,BAU,BURHANPUR,429.0,1045
12628,2026-01-07,BSL,BHUSAVAL JN,413.0,1100
12628,2026-01-07,JL,JALGAON JN,413.0,1124
12628,2026-01-07,MMR,MANMAD JN,408.0,1284
12628,2026-01-07,KPG,KOPARGAON,397.0,1326
12628,2026-01-07,BAP,BELAPUR,406.0,1370
12628,2026-01-07,ANG,AHMADNAGAR,424.0,1437
12628,2026-01-07,DD,DAUND JN,469.0,1520
12628,2026-01-07,KWV,KURDUVADI,474.0,1630
12628,2026-01-07,SUR,SOLAPUR JN,477.0,1708
12628,2026-01-07,KLBG,KALABURAGI JN,469.0,1821
12628,2026-01-07,WADI,WADI,432.0,1858
12628,2026-01-07,YG,YADGIR,440.0,1897
12628,2026-01-07,RC,RAICHUR,413.0,1965
12628,2026-01-07,MALM,MANTHRALAYAM RD,412.0,1994
12628,2026-01-07,AD,ADONI,409.0,2035
12628,2026-01-07,GTL,GUNTAKAL JN,400.0,2086
12628,2026-01-07,ATP,ANANTAPUR,404.0,2172
12628,2026-01-07,DMM,DHARMAVARAM JN,388.0,2205
12628,2026-01-07,SSPN,SAI P NILAYAM,393.0,2238
12628,2026-01-07,PKD,PENUKONDA,392.0,2259
12628,2026-01-07,HUP,HINDUPUR,409.0,2296
12628,2026-01-07,YNK,YELHANKA JN,393.0,2379
12628,2026-01-07,BNC,BANGALORE CANT,397.0,2402
12628,2026-01-07,SBC,KSR BANGALORE CY JN,343.0,2406
12628,2026-01-08,NDLS,NEW DELHI,10.0,0
12628,2026-01-08,MTJ,MATHURA JN,53.0,141
12628,2026-01-08,AGC,AGRA CANTT,83.0,195
12628,2026-01-08,GWL,GWALIOR,220.0,313
12628,2026-01-08,VGLJ,V LAKSHMIBAI JHANSI,311.0,410
12628,2026-01-08,BINA,BINA JN,393.0,563
12628,2026-01-08,BPL,BHOPAL JN,396.0,701
12628,2026-01-08,ET,ITARSI JN,394.0,793
12628,2026-01-08,KNW,KHANDWA,376.0,976
12628,2026-01-08,BAU,BURHANPUR,383.0,1045
12628,2026-01-08,BSL,BHUSAVAL JN,372.0,1100
12628,2026-01-08,JL,JALGAON JN,371.0,1124
12628,2026-01-08,MMR,MANMAD JN,376.0,1284
12628,2026-01-08,KPG,KOPARGAON,365.0,1326
12628,2026-01-08,BAP,BELAPUR,367.0,1370
12628,2026-01-08,ANG,AHMADNAGAR,397.0,1437
12628,2026-01-08,DD,DAUND JN,406.0,1520
12628,2026-01-08,KWV,KURDUVADI,414.0,1630
12628,2026-01-08,SUR,SOLAPUR JN,382.0,1708
12628,2026-01-08,KLBG,KALABURAGI JN,404.0,1821
12628,2026-01-08,WADI,WADI,390.0,1858
12628,2026-01-08,YG,YADGIR,395.0,1897
12628,2026-01-08,RC,RAICHUR,407.0,1965
12628,2026-01-08,MALM,MANTHRALAYAM RD,409.0,1994
12628,2026-01-08,AD,ADONI,404.0,2035
12628,2026-01-08,GTL,GUNTAKAL JN,395.0,2086
12628,2026-01-08,ATP,ANANTAPUR,397.0,2172
12628,2026-01-08,DMM,DHARMAVARAM JN,377.0,2205
12628,2026-01-08,SSPN,SAI P NILAYAM,389.0,2238
12628,2026-01-08,PKD,PENUKONDA,388.0,2259
12628,2026-01-08,HUP,HINDUPUR,393.0,2296
12628,2026-01-08,YNK,YELHANKA JN,381.0,2379
12628,2026-01-08,BNC,BANGALORE CANT,382.0,2402
12628,2026-01-08,SBC,KSR BANGALORE CY JN,329.0,2406
12628,2026-01-09,NDLS,NEW DELHI,32.0,0
12628,2026-01-09,MTJ,MATHURA JN,65.0,141
12628,2026-01-09,AGC,AGRA CANTT,64.0,195
12628,2026-01-09,GWL,GWALIOR,40.0,313
12628,2026-01-09,VGLJ,V LAKSHMIBAI JHANSI,41.0,410
12628,2026-01-09,BINA,BINA JN,68.0,563
12628,2026-01-09,BPL,BHOPAL JN,132.0,701
12628,2026-01-09,ET,ITARSI JN,136.0,793
12628,2026-01-09,KNW,KHANDWA,189.0,976
12628,2026-01-09,BAU,BURHANPUR,200.0,1045
12628,2026-01-09,BSL,BHUSAVAL JN,190.0,1100
12628,2026-01-09,JL,JALGAON JN,188.0,1124
12628,2026-01-09,MMR,MANMAD JN,202.0,1284
12628,2026-01-09,KPG,KOPARGAON,190.0,1326
12628,2026-01-09,BAP,BELAPUR,198.0,1370
12628,2026-01-09,ANG,AHMADNAGAR,202.0,1437
12628,2026-01-09,DD,DAUND JN,252.0,1520
12628,2026-01-09,KWV,KURDUVADI,254.0,1630
12628,2026-01-09,SUR,SOLAPUR JN,236.0,1708
12628,2026-01-09,KLBG,KALABURAGI JN,252.0,1821
12628,2026-01-09,WADI,WADI,211.0,1858
12628,2026-01-09,YG,YADGIR,208.0,1897
12628,2026-01-09,RC,RAICHUR,212.0,1965
12628,2026-01-09,MALM,MANTHRALAYAM RD,214.0,1994
12628,2026-01-09,AD,ADONI,211.0,2035
12628,2026-01-09,GTL,GUNTAKAL JN,207.0,2086
12628,2026-01-09,ATP,ANANTAPUR,204.0,2172
12628,2026-01-09,DMM,DHARMAVARAM JN,184.0,2205
12628,2026-01-09,SSPN,SAI P NILAYAM,188.0,2238
12628,2026-01-09,PKD,PENUKONDA,186.0,2259
12628,2026-01-09,HUP,HINDUPUR,196.0,2296
12628,2026-01-09,YNK,YELHANKA JN,193.0,2379
12628,2026-01-09,BNC,BANGALORE CANT,195.0,2402
12628,2026-01-09,SBC,KSR BANGALORE CY JN,148.0,2406
12628,2026-01-10,NDLS,NEW DELHI,14.0,0
12628,2026-01-10,MTJ,MATHURA JN,39.0,141
12628,2026-01-10,AGC,AGRA CANTT,34.0,195
12628,2026-01-10,GWL,GWALIOR,10.0,313
12628,2026-01-10,VGLJ,V LAKSHMIBAI JHANSI,2.0,410
12628,2026-01-10,BINA,BINA JN,0.0,563
12628,2026-01-10,BPL,BHOPAL JN,29.0,701
12628,2026-01-10,ET,ITARSI JN,4.0,793
12628,2026-01-10,KNW,KHANDWA,12.0,976
12628,2026-01-10,BAU,BURHANPUR,20.0,1045
12628,2026-01-10,BSL,BHUSAVAL JN,16.0,1100
12628,2026-01-10,JL,JALGAON JN,27.0,1124
12628,2026-01-10,MMR,MANMAD JN,43.0,1284
12628,2026-01-10,KPG,KOPARGAON,45.0,1326
12628,2026-01-10,BAP,BELAPUR,53.0,1370
12628,2026-01-10,ANG,AHMADNAGAR,55.0,1437
12628,2026-01-10,DD,DAUND JN,76.0,1520
12628,2026-01-10,KWV,KURDUVADI,84.0,1630
12628,2026-01-10,SUR,SOLAPUR JN,72.0,1708
12628,2026-01-10,KLBG,KALABURAGI JN,93.0,1821
12628,2026-01-10,WADI,WADI,67.0,1858
12628,2026-01-10,YG,YADGIR,64.0,1897
12628,2026-01-10,RC,RAICHUR,50.0,1965
12628,2026-01-10,MALM,MANTHRALAYAM RD,52.0,1994
12628,2026-01-10,AD,ADONI,50.0,2035
12628,2026-01-10,GTL,GUNTAKAL JN,48.0,2086
12628,2026-01-10,ATP,ANANTAPUR,50.0,2172
12628,2026-01-10,DMM,DHARMAVARAM JN,30.0,2205
12628,2026-01-10,SSPN,SAI P NILAYAM,39.0,2238
12628,2026-01-10,PKD,PENUKONDA,42.0,2259
12628,2026-01-10,HUP,HINDUPUR,49.0,2296
12628,2026-01-10,YNK,YELHANKA JN,37.0,2379
12628,2026-01-10,BNC,BANGALORE CANT,60.0,2402
12628,2026-01-10,SBC,KSR BANGALORE CY JN,7.0,2406
12628,2026-01-11,NDLS,NEW DELHI,20.0,0
12628,2026-01-11,MTJ,MATHURA JN,90.0,141
12628,2026-01-11,AGC,AGRA CANTT,84.0,195
12628,2026-01-11,GWL,GWALIOR,57.0,313
12628,2026-01-11,VGLJ,V LAKSHMIBAI JHANSI,55.0,410
12628,2026-01-11,BINA,BINA JN,52.0,563
12628,2026-01-11,BPL,BHOPAL JN,90.0,701
12628,2026-01-11,ET,ITARSI JN,80.0,793
12628,2026-01-11,KNW,KHANDWA,75.0,976
12628,2026-01-11,BAU,BURHANPUR,85.0,1045
12628,2026-01-11,BSL,BHUSAVAL JN,79.0,1100
12628,2026-01-11,JL,JALGAON JN,92.0,1124
12628,2026-01-11,MMR,MANMAD JN,120.0,1284
12628,2026-01-11,KPG,KOPARGAON,105.0,1326
12628,2026-01-11,BAP,BELAPUR,106.0,1370
12628,2026-01-11,ANG,AHMADNAGAR,102.0,1437
12628,2026-01-11,DD,DAUND JN,101.0,1520
12628,2026-01-11,KWV,KURDUVADI,110.0,1630
12628,2026-01-11,SUR,SOLAPUR JN,92.0,1708
12628,2026-01-11,KLBG,KALABURAGI JN,130.0,1821
12628,2026-01-11,WADI,WADI,108.0,1858
12628,2026-01-11,YG,YADGIR,111.0,1897
12628,2026-01-11,RC,RAICHUR,99.0,1965
12628,2026-01-11,MALM,MANTHRALAYAM RD,101.0,1994
12628,2026-01-11,AD,ADONI,106.0,2035
12628,2026-01-11,GTL,GUNTAKAL JN,108.0,2086
12628,2026-01-11,ATP,ANANTAPUR,101.0,2172
12628,2026-01-11,DMM,DHARMAVARAM JN,74.0,2205
12628,2026-01-11,SSPN,SAI P NILAYAM,79.0,2238
12628,2026-01-11,PKD,PENUKONDA,78.0,2259
12628,2026-01-11,HUP,HINDUPUR,90.0,2296
12628,2026-01-11,YNK,YELHANKA JN,80.0,2379
12628,2026-01-11,BNC,BANGALORE CANT,77.0,2402
12628,2026-01-11,SBC,KSR BANGALORE CY JN,27.0,2406
12628,2026-01-12,NDLS,NEW DELHI,1.0,0
12628,2026-01-12,MTJ,MATHURA JN,23.0,141
12628,2026-01-12,AGC,AGRA CANTT,14.0,195
12628,2026-01-12,GWL,GWALIOR,17.0,313
12628,2026-01-12,VGLJ,V LAKSHMIBAI JHANSI,5.0,410
12628,2026-01-12,BINA,BINA JN,0.0,563
12628,2026-01-12,BPL,BHOPAL JN,37.0,701
12628,2026-01-12,ET,ITARSI JN,17.0,793
12628,2026-01-12,KNW,KHANDWA,22.0,976
12628,2026-01-12,BAU,BURHANPUR,44.0,1045
12628,2026-01-12,BSL,BHUSAVAL JN,35.0,1100
12628,2026-01-12,JL,JALGAON JN,37.0,1124
12628,2026-01-12,MMR,MANMAD JN,36.0,1284
12628,2026-01-12,KPG,KOPARGAON,26.0,1326
12628,2026-01-12,BAP,BELAPUR,34.0,1370
12628,2026-01-12,ANG,AHMADNAGAR,23.0,1437
12628,2026-01-12,DD,DAUND JN,41.0,1520
12628,2026-01-12,KWV,KURDUVADI,44.0,1630
12628,2026-01-12,SUR,SOLAPUR JN,33.0,1708
12628,2026-01-12,KLBG,KALABURAGI JN,41.0,1821
12628,2026-01-12,WADI,WADI,7.0,1858
12628,2026-01-12,YG,YADGIR,7.0,1897
12628,2026-01-12,RC,RAICHUR,8.0,1965
12628,2026-01-12,MALM,MANTHRALAYAM RD,10.0,1994
12628,2026-01-12,AD,ADONI,24.0,2035
12628,2026-01-12,GTL,GUNTAKAL JN,16.0,2086
12628,2026-01-12,ATP,ANANTAPUR,19.0,2172
12628,2026-01-12,DMM,DHARMAVARAM JN,0.0,2205
12628,2026-01-12,SSPN,SAI P NILAYAM,9.0,2238
12628,2026-01-12,PKD,PENUKONDA,23.0,2259
12628,2026-01-12,HUP,HINDUPUR,35.0,2296
12628,2026-01-12,YNK,YELHANKA JN,14.0,2379
12628,2026-01-12,BNC,BANGALORE CANT,21.0,2402
12628,2026-01-12,SBC,KSR BANGALORE CY JN,-31.0,2406
12628,2026-01-13,NDLS,NEW DELHI,2.0,0
12628,2026-01-13,MTJ,MATHURA JN,25.0,141
12628,2026-01-13,AGC,AGRA CANTT,19.0,195
12628,2026-01-13,GWL,GWALIOR,19.0,313
12628,2026-01-13,VGLJ,V LAKSHMIBAI JHANSI,21.0,410
12628,2026-01-13,BINA,BINA JN,5.0,563
12628,2026-01-13,BPL,BHOPAL JN,19.0,701
12628,2026-01-13,ET,ITARSI JN,18.0,793
12628,2026-01-13,KNW,KHANDWA,2.0,976
12628,2026-01-13,BAU,BURHANPUR,26.0,1045
12628,2026-01-13,BSL,BHUSAVAL JN,12.0,1100
12628,2026-01-13,JL,JALGAON JN,17.0,1124
12628,2026-01-13,MMR,MANMAD JN,24.0,1284
12628,2026-01-13,KPG,KOPARGAON,14.0,1326
12628,2026-01-13,BAP,BELAPUR,21.0,1370
12628,2026-01-13,ANG,AHMADNAGAR,5.0,1437
12628,2026-01-13,DD,DAUND JN,76.0,1520
12628,2026-01-13,KWV,KURDUVADI,95.0,1630
12628,2026-01-13,SUR,SOLAPUR JN,76.0,1708
12628,2026-01-13,KLBG,KALABURAGI JN,99.0,1821
12628,2026-01-13,WADI,WADI,83.0,1858
12628,2026-01-13,YG,YADGIR,81.0,1897
12628,2026-01-13,RC,RAICHUR,69.0,1965
12628,2026-01-13,MALM,MANTHRALAYAM RD,74.0,1994
12628,2026-01-13,AD,ADONI,73.0,2035
12628,2026-01-13,GTL,GUNTAKAL JN,58.0,2086
12628,2026-01-13,ATP,ANANTAPUR,56.0,2172
12628,2026-01-13,DMM,DHARMAVARAM JN,30.0,2205
12628,2026-01-13,SSPN,SAI P NILAYAM,35.0,2238
12628,2026-01-13,PKD,PENUKONDA,36.0,2259
12628,2026-01-13,HUP,HINDUPUR,41.0,2296
12628,2026-01-13,YNK,YELHANKA JN,21.0,2379
12628,2026-01-13,BNC,BANGALORE CANT,36.0,2402
12628,2026-01-13,SBC,KSR BANGALORE CY JN,-16.0,2406
12628,2026-01-14,NDLS,NEW DELHI,0.0,0
12628,2026-01-14,MTJ,MATHURA JN,15.0,141
12628,2026-01-14,AGC,AGRA CANTT,18.0,195
12628,2026-01-14,GWL,GWALIOR,16.0,313
12628,2026-01-14,VGLJ,V LAKSHMIBAI JHANSI,0.0,410
12628,2026-01-14,BINA,BINA JN,16.0,563
12628,2026-01-14,BPL,BHOPAL JN,24.0,701
12628,2026-01-14,ET,ITARSI JN,23.0,793
12628,2026-01-14,KNW,KHANDWA,5.0,976
12628,2026-01-14,BAU,BURHANPUR,16.0,1045
12628,2026-01-14,BSL,BHUSAVAL JN,6.0,1100
12628,2026-01-14,JL,JALGAON JN,14.0,1124
12628,2026-01-14,MMR,MANMAD JN,31.0,1284
12628,2026-01-14,KPG,KOPARGAON,20.0,1326
12628,2026-01-14,BAP,BELAPUR,25.0,1370
12628,2026-01-14,ANG,AHMADNAGAR,15.0,1437
12628,2026-01-14,DD,DAUND JN,28.0,1520
12628,2026-01-14,KWV,KURDUVADI,58.0,1630
12628,2026-01-14,SUR,SOLAPUR JN,57.0,1708
12628,2026-01-14,KLBG,KALABURAGI JN,63.0,1821
12628,2026-01-14,WADI,WADI,23.0,1858
12628,2026-01-14,YG,YADGIR,20.0,1897
12628,2026-01-14,RC,RAICHUR,4.0,1965
12628,2026-01-14,MALM,MANTHRALAYAM RD,5.0,1994
12628,2026-01-14,AD,ADONI,4.0,2035
12628,2026-01-14,GTL,GUNTAKAL JN,3.0,2086
12628,2026-01-14,ATP,ANANTAPUR,6.0,2172
12628,2026-01-14,DMM,DHARMAVARAM JN,1.0,2205
12628,2026-01-14,SSPN,SAI P NILAYAM,7.0,2238
12628,2026-01-14,PKD,PENUKONDA,22.0,2259
12628,2026-01-14,HUP,HINDUPUR,40.0,2296
12628,2026-01-14,YNK,YELHANKA JN,24.0,2379
12628,2026-01-14,BNC,BANGALORE CANT,36.0,2402
12628,2026-01-14,SBC,KSR BANGALORE CY JN,-17.0,2406
12628,2026-01-15,NDLS,NEW DELHI,3.0,0
12628,2026-01-15,MTJ,MATHURA JN,38.0,141
12628,2026-01-15,AGC,AGRA CANTT,32.0,195
12628,2026-01-15,GWL,GWALIOR,1.0,313
12628,2026-01-15,VGLJ,V LAKSHMIBAI JHANSI,4.0,410
12628,2026-01-15,BINA,BINA JN,14.0,563
12628,2026-01-15,BPL,BHOPAL JN,65.0,701
12628,2026-01-15,ET,ITARSI JN,47.0,793
12628,2026-01-15,KNW,KHANDWA,18.0,976
12628,2026-01-15,BAU,BURHANPUR,44.0,1045
12628,2026-01-15,BSL,BHUSAVAL JN,34.0,1100
12628,2026-01-15,JL,JALGAON JN,35.0,1124
12628,2026-01-15,MMR,MANMAD JN,40.0,1284
12628,2026-01-15,KPG,KOPARGAON,34.0,1326
12628,2026-01-15,BAP,BELAPUR,38.0,1370
12628,2026-01-15,ANG,AHMADNAGAR,30.0,1437
12628,2026-01-15,DD,DAUND JN,58.0,1520
12628,2026-01-15,KWV,KURDUVADI,63.0,1630
12628,2026-01-15,SUR,SOLAPUR JN,39.0,1708
12628,2026-01-15,KLBG,KALABURAGI JN,51.0,1821
12628,2026-01-15,WADI,WADI,13.0,1858
12628,2026-01-15,YG,YADGIR,16.0,1897
12628,2026-01-15,RC,RAICHUR,25.0,1965
12628,2026-01-15,MALM,MANTHRALAYAM RD,25.0,1994
12628,2026-01-15,AD,ADONI,25.0,2035
12628,2026-01-15,GTL,GUNTAKAL JN,13.0,2086
12628,2026-01-15,ATP,ANANTAPUR,15.0,2172
12628,2026-01-15,DMM,DHARMAVARAM JN,1.0,2205
12628,2026-01-15,SSPN,SAI P NILAYAM,7.0,2238
12628,2026-01-15,PKD,PENUKONDA,9.0,2259
12628,2026-01-15,HUP,HINDUPUR,17.0,2296
12628,2026-01-15,YNK,YELHANKA JN,0.0,2379
12628,2026-01-15,BNC,BANGALORE CANT,52.0,2402
12628,2026-01-15,SBC,KSR BANGALORE CY JN,-2.0,2406
12628,2026-01-16,NDLS,NEW DELHI,4.0,0
12628,2026-01-16,MTJ,MATHURA JN,30.0,141
12628,2026-01-16,AGC,AGRA CANTT,37.0,195
12628,2026-01-16,GWL,GWALIOR,20.0,313
12628,2026-01-16,VGLJ,V LAKSHMIBAI JHANSI,10.0,410
12628,2026-01-16,BINA,BINA JN,1.0,563
12628,2026-01-16,BPL,BHOPAL JN,12.0,701
12628,2026-01-16,ET,ITARSI JN,81.0,793
12628,2026-01-16,KNW,KHANDWA,74.0,976
12628,2026-01-16,BAU,BURHANPUR,84.0,1045
12628,2026-01-16,BSL,BHUSAVAL JN,81.0,1100
12628,2026-01-16,JL,JALGAON JN,82.0,1124
12628,2026-01-16,MMR,MANMAD JN,95.0,1284
12628,2026-01-16,KPG,KOPARGAON,89.0,1326
12628,2026-01-16,BAP,BELAPUR,120.0,1370
12628,2026-01-16,ANG,AHMADNAGAR,126.0,1437
12628,2026-01-16,DD,DAUND JN,153.0,1520
12628,2026-01-16,KWV,KURDUVADI,157.0,1630
12628,2026-01-16,SUR,SOLAPUR JN,129.0,1708
12628,2026-01-16,KLBG,KALABURAGI JN,133.0,1821
12628,2026-01-16,WADI,WADI,94.0,1858
12628,2026-01-16,YG,YADGIR,94.0,1897
12628,2026-01-16,RC,RAICHUR,99.0,1965
12628,2026-01-16,MALM,MANTHRALAYAM RD,98.0,1994
12628,2026-01-16,AD,ADONI,100.0,2035
12628,2026-01-16,GTL,GUNTAKAL JN,110.0,2086
12628,2026-01-16,ATP,ANANTAPUR,107.0,2172
12628,2026-01-16,DMM,DHARMAVARAM JN,83.0,2205
12628,2026-01-16,SSPN,SAI P NILAYAM,86.0,2238
12628,2026-01-16,PKD,PENUKONDA,88.0,2259
12628,2026-01-16,HUP,HINDUPUR,93.0,2296
12628,2026-01-16,YNK,YELHANKA JN,84.0,2379
12628,2026-01-16,BNC,BANGALORE CANT,100.0,2402
12628,2026-01-16,SBC,KSR BANGALORE CY JN,46.0,2406
12628,2026-01-17,NDLS,NEW DELHI,18.0,0
12628,2026-01-17,MTJ,MATHURA JN,98.0,141
12628,2026-01-17,AGC,AGRA CANTT,87.0,195
12628,2026-01-17,GWL,GWALIOR,56.0,313
12628,2026-01-17,VGLJ,V LAKSHMIBAI JHANSI,46.0,410
12628,2026-01-17,BINA,BINA JN,40.0,563
12628,2026-01-17,BPL,BHOPAL JN,58.0,701
12628,2026-01-17,ET,ITARSI JN,32.0,793
12628,2026-01-17,KNW,KHANDWA,33.0,976
12628,2026-01-17,BAU,BURHANPUR,27.0,1045
12628,2026-01-17,BSL,BHUSAVAL JN,30.0,1100
12628,2026-01-17,JL,JALGAON JN,39.0,1124
12628,2026-01-17,MMR,MANMAD JN,50.0,1284
12628,2026-01-17,KPG,KOPARGAON,44.0,1326
12628,2026-01-17,BAP,BELAPUR,48.0,1370
12628,2026-01-17,ANG,AHMADNAGAR,30.0,1437
12628,2026-01-17,DD,DAUND JN,52.0,1520
12628,2026-01-17,KWV,KURDUVADI,58.0,1630
12628,2026-01-17,SUR,SOLAPUR JN,33.0,1708
12628,2026-01-17,KLBG,KALABURAGI JN,40.0,1821
12628,2026-01-17,WADI,WADI,5.0,1858
12628,2026-01-17,YG,YADGIR,2.0,1897
12628,2026-01-17,RC,RAICHUR,1.0,1965
12628,2026-01-17,MALM,MANTHRALAYAM RD,1.0,1994
12628,2026-01-17,AD,ADONI,0.0,2035
12628,2026-01-17,GTL,GUNTAKAL JN,13.0,2086
12628,2026-01-17,ATP,ANANTAPUR,10.0,2172
12628,2026-01-17,DMM,DHARMAVARAM JN,1.0,2205
12628,2026-01-17,SSPN,SAI P NILAYAM,0.0,2238
12628,2026-01-17,PKD,PENUKONDA,21.0,2259
12628,2026-01-17,HUP,HINDUPUR,29.0,2296
12628,2026-01-17,YNK,YELHANKA JN,5.0,2379
12628,2026-01-17,BNC,BANGALORE CANT,45.0,2402
12628,2026-01-17,SBC,KSR BANGALORE CY JN,0.0,2406
12628,2026-01-18,NDLS,NEW DELHI,4.0,0
12628,2026-01-18,MTJ,MATHURA JN,41.0,141
12628,2026-01-18,AGC,AGRA CANTT,38.0,195
12628,2026-01-18,GWL,GWALIOR,6.0,313
12628,2026-01-18,VGLJ,V LAKSHMIBAI JHANSI,4.0,410
12628,2026-01-18,BINA,BINA JN,1.0,563
12628,2026-01-18,BPL,BHOPAL JN,10.0,701
12628,2026-01-18,ET,ITARSI JN,1.0,793
12628,2026-01-18,KNW,KHANDWA,5.0,976
12628,2026-01-18,BAU,BURHANPUR,6.0,1045
12628,2026-01-18,BSL,BHUSAVAL JN,0.0,1100
12628,2026-01-18,JL,JALGAON JN,8.0,1124
12628,2026-01-18,MMR,MANMAD JN,9.0,1284
12628,2026-01-18,KPG,KOPARGAON,0.0,1326
12628,2026-01-18,BAP,BELAPUR,3.0,1370
12628,2026-01-18,ANG,AHMADNAGAR,15.0,1437
12628,2026-01-18,DD,DAUND JN,32.0,1520
12628,2026-01-18,KWV,KURDUVADI,67.0,1630
12628,2026-01-18,SUR,SOLAPUR JN,57.0,1708
12628,2026-01-18,KLBG,KALABURAGI JN,74.0,1821
12628,2026-01-18,WADI,WADI,47.0,1858
12628,2026-01-18,YG,YADGIR,19.0,1897
12628,2026-01-18,RC,RAICHUR,31.0,1965
12628,2026-01-18,MALM,MANTHRALAYAM RD,43.0,1994
12628,2026-01-18,AD,ADONI,42.0,2035
12628,2026-01-18,GTL,GUNTAKAL JN,40.0,2086
12628,2026-01-18,ATP,ANANTAPUR,35.0,2172
12628,2026-01-18,DMM,DHARMAVARAM JN,10.0,2205
12628,2026-01-18,SSPN,SAI P NILAYAM,17.0,2238
12628,2026-01-18,PKD,PENUKONDA,20.0,2259
12628,2026-01-18,HUP,HINDUPUR,28.0,2296
12628,2026-01-18,YNK,YELHANKA JN,9.0,2379
12628,2026-01-18,BNC,BANGALORE CANT,23.0,2402
12628,2026-01-18,SBC,KSR BANGALORE CY JN,-20.0,2406
12628,2026-01-19,NDLS,NEW DELHI,1.0,0
12628,2026-01-19,MTJ,MATHURA JN,50.0,141
12628,2026-01-19,AGC,AGRA CANTT,42.0,195
12628,2026-01-19,GWL,GWALIOR,5.0,313
12628,2026-01-19,VGLJ,V LAKSHMIBAI JHANSI,0.0,410
12628,2026-01-19,BINA,BINA JN,143.0,563
12628,2026-01-19,BPL,BHOPAL JN,176.0,701
12628,2026-01-19,ET,ITARSI JN,151.0,793
12628,2026-01-19,KNW,KHANDWA,134.0,976
12628,2026-01-19,BAU,BURHANPUR,134.0,1045
12628,2026-01-19,BSL,BHUSAVAL JN,122.0,1100
12628,2026-01-19,JL,JALGAON JN,124.0,1124
12628,2026-01-19,MMR,MANMAD JN,124.0,1284
12628,2026-01-19,KPG,KOPARGAON,115.0,1326
12628,2026-01-19,BAP,BELAPUR,125.0,1370
12628,2026-01-19,ANG,AHMADNAGAR,115.0,1437
12628,2026-01-19,DD,DAUND JN,123.0,1520
12628,2026-01-19,KWV,KURDUVADI,150.0,1630
12628,2026-01-19,SUR,SOLAPUR JN,125.0,1708
12628,2026-01-19,KLBG,KALABURAGI JN,150.0,1821
12628,2026-01-19,WADI,WADI,119.0,1858
12628,2026-01-19,YG,YADGIR,122.0,1897
12628,2026-01-19,RC,RAICHUR,109.0,1965
12628,2026-01-19,MALM,MANTHRALAYAM RD,109.0,1994
12628,2026-01-19,AD,ADONI,106.0,2035
12628,2026-01-19,GTL,GUNTAKAL JN,101.0,2086
12628,2026-01-19,ATP,ANANTAPUR,102.0,2172
12628,2026-01-19,DMM,DHARMAVARAM JN,75.0,2205
12628,2026-01-19,SSPN,SAI P NILAYAM,81.0,2238
12628,2026-01-19,PKD,PENUKONDA,80.0,2259
12628,2026-01-19,HUP,HINDUPUR,89.0,2296
12628,2026-01-19,YNK,YELHANKA JN,62.0,2379
12628,2026-01-19,BNC,BANGALORE CANT,61.0,2402
12628,2026-01-19,SBC,KSR BANGALORE CY JN,8.0,2406
12628,2026-01-20,NDLS,NEW DELHI,0.0,0
12628,2026-01-20,MTJ,MATHURA JN,44.0,141
12628,2026-01-20,AGC,AGRA CANTT,41.0,195
12628,2026-01-20,GWL,GWALIOR,9.0,313
12628,2026-01-20,VGLJ,V LAKSHMIBAI JHANSI,6.0,410
12628,2026-01-20,BINA,BINA JN,8.0,563
12628,2026-01-20,BPL,BHOPAL JN,29.0,701
12628,2026-01-20,ET,ITARSI JN,11.0,793
12628,2026-01-20,KNW,KHANDWA,4.0,976
12628,2026-01-20,BAU,BURHANPUR,16.0,1045
12628,2026-01-20,BSL,BHUSAVAL JN,10.0,1100
12628,2026-01-20,JL,JALGAON JN,10.0,1124
12628,2026-01-20,MMR,MANMAD JN,24.0,1284
12628,2026-01-20,KPG,KOPARGAON,17.0,1326
12628,2026-01-20,BAP,BELAPUR,27.0,1370
12628,2026-01-20,ANG,AHMADNAGAR,13.0,1437
12628,2026-01-20,DD,DAUND JN,47.0,1520
12628,2026-01-20,KWV,KURDUVADI,64.0,1630
12628,2026-01-20,SUR,SOLAPUR JN,33.0,1708
12628,2026-01-20,KLBG,KALABURAGI JN,48.0,1821
12628,2026-01-20,WADI,WADI,24.0,1858
12628,2026-01-20,YG,YADGIR,20.0,1897
12628,2026-01-20,RC,RAICHUR,7.0,1965
12628,2026-01-20,MALM,MANTHRALAYAM RD,6.0,1994
12628,2026-01-20,AD,ADONI,9.0,2035
12628,2026-01-20,GTL,GUNTAKAL JN,5.0,2086
12628,2026-01-20,ATP,ANANTAPUR,6.0,2172
12628,2026-01-20,DMM,DHARMAVARAM JN,18.0,2205
12628,2026-01-20,SSPN,SAI P NILAYAM,26.0,2238
12628,2026-01-20,PKD,PENUKONDA,28.0,2259
12628,2026-01-20,HUP,HINDUPUR,36.0,2296
12628,2026-01-20,YNK,YELHANKA JN,23.0,2379
12628,2026-01-20,BNC,BANGALORE CANT,38.0,2402
12628,2026-01-20,SBC,KSR BANGALORE CY JN,-21.0,2406
12628,2026-01-21,NDLS,NEW DELHI,1.0,0
12628,2026-01-21,MTJ,MATHURA JN,36.0,141
12628,2026-01-21,AGC,AGRA CANTT,30.0,195
12628,2026-01-21,GWL,GWALIOR,31.0,313
12628,2026-01-21,VGLJ,V LAKSHMIBAI JHANSI,13.0,410
12628,2026-01-21,BINA,BINA JN,1.0,563
12628,2026-01-21,BPL,BHOPAL JN,10.0,701
12628,2026-01-21,ET,ITARSI JN,10.0,793
12628,2026-01-21,KNW,KHANDWA,0.0,976
12628,2026-01-21,BAU,BURHANPUR,23.0,1045
12628,2026-01-21,BSL,BHUSAVAL JN,18.0,1100
12628,2026-01-21,JL,JALGAON JN,19.0,1124
12628,2026-01-21,MMR,MANMAD JN,17.0,1284
12628,2026-01-21,KPG,KOPARGAON,12.0,1326
12628,2026-01-21,BAP,BELAPUR,20.0,1370
12628,2026-01-21,ANG,AHMADNAGAR,15.0,1437
12628,2026-01-21,DD,DAUND JN,65.0,1520
12628,2026-01-21,KWV,KURDUVADI,77.0,1630
12628,2026-01-21,SUR,SOLAPUR JN,45.0,1708
12628,2026-01-21,KLBG,KALABURAGI JN,97.0,1821
12628,2026-01-21,WADI,WADI,80.0,1858
12628,2026-01-21,YG,YADGIR,85.0,1897
12628,2026-01-21,RC,RAICHUR,75.0,1965
12628,2026-01-21,MALM,MANTHRALAYAM RD,78.0,1994
12628,2026-01-21,AD,ADONI,75.0,2035
12628,2026-01-21,GTL,GUNTAKAL JN,69.0,2086
12628,2026-01-21,ATP,ANANTAPUR,63.0,2172
12628,2026-01-21,DMM,DHARMAVARAM JN,49.0,2205
12628,2026-01-21,SSPN,SAI P NILAYAM,53.0,2238
12628,2026-01-21,PKD,PENUKONDA,55.0,2259
12628,2026-01-21,HUP,HINDUPUR,60.0,2296
12628,2026-01-21,YNK,YELHANKA JN,41.0,2379
12628,2026-01-21,BNC,BANGALORE CANT,13.0,2402
12628,2026-01-21,SBC,KSR BANGALORE CY JN,-11.0,2406
12628,2026-01-22,NDLS,NEW DELHI,0.0,0
12628,2026-01-22,MTJ,MATHURA JN,50.0,141
12628,2026-01-22,AGC,AGRA CANTT,44.0,195
12628,2026-01-22,GWL,GWALIOR,20.0,313
12628,2026-01-22,VGLJ,V LAKSHMIBAI JHANSI,18.0,410
12628,2026-01-22,BINA,BINA JN,10.0,563
12628,2026-01-22,BPL,BHOPAL JN,23.0,701
12628,2026-01-22,ET,ITARSI JN,35.0,793
12628,2026-01-22,KNW,KHANDWA,26.0,976
12628,2026-01-22,BAU,BURHANPUR,32.0,1045
12628,2026-01-22,BSL,BHUSAVAL JN,19.0,1100
12628,2026-01-22,JL,JALGAON JN,35.0,1124
12628,2026-01-22,MMR,MANMAD JN,41.0,1284
12628,2026-01-22,KPG,KOPARGAON,28.0,1326
12628,2026-01-22,BAP,BELAPUR,37.0,1370
12628,2026-01-22,ANG,AHMADNAGAR,30.0,1437
12628,2026-01-22,DD,DAUND JN,49.0,1520
12628,2026-01-22,KWV,KURDUVADI,92.0,1630
12628,2026-01-22,SUR,SOLAPUR JN,70.0,1708
12628,2026-01-22,KLBG,KALABURAGI JN,99.0,1821
12628,2026-01-22,WADI,WADI,79.0,1858
12628,2026-01-22,YG,YADGIR,51.0,1897
12628,2026-01-22,RC,RAICHUR,65.0,1965
12628,2026-01-22,MALM,MANTHRALAYAM RD,65.0,1994
12628,2026-01-22,AD,ADONI,62.0,2035
12628,2026-01-22,GTL,GUNTAKAL JN,62.0,2086
12628,2026-01-22,ATP,ANANTAPUR,67.0,2172
12628,2026-01-22,DMM,DHARMAVARAM JN,50.0,2205
12628,2026-01-22,SSPN,SAI P NILAYAM,54.0,2238
12628,2026-01-22,PKD,PENUKONDA,64.0,2259
12628,2026-01-22,HUP,HINDUPUR,69.0,2296
12628,2026-01-22,YNK,YELHANKA JN,55.0,2379
12628,2026-01-22,BNC,BANGALORE CANT,27.0,2402
12628,2026-01-22,SBC,KSR BANGALORE CY JN,1.0,2406
12628,2026-01-23,NDLS,NEW DELHI,1.0,0
12628,2026-01-23,MTJ,MATHURA JN,42.0,141
12628,2026-01-23,AGC,AGRA CANTT,37.0,195
12628,2026-01-23,GWL,GWALIOR,15.0,313
12628,2026-01-23,VGLJ,V LAKSHMIBAI JHANSI,4.0,410
12628,2026-01-23,BINA,BINA JN,0.0,563
12628,2026-01-23,BPL,BHOPAL JN,4.0,701
12628,2026-01-23,ET,ITARSI JN,1.0,793
12628,2026-01-23,KNW,KHANDWA,0.0,976
12628,2026-01-23,BAU,BURHANPUR,18.0,1045
12628,2026-01-23,BSL,BHUSAVAL JN,11.0,1100
12628,2026-01-23,JL,JALGAON JN,20.0,1124
12628,2026-01-23,MMR,MANMAD JN,22.0,1284
12628,2026-01-23,KPG,KOPARGAON,9.0,1326
12628,2026-01-23,BAP,BELAPUR,45.0,1370
12628,2026-01-23,ANG,AHMADNAGAR,132.0,1437
12628,2026-01-23,DD,DAUND JN,324.0,1520
12628,2026-01-23,KWV,KURDUVADI,329.0,1630
12628,2026-01-23,SUR,SOLAPUR JN,303.0,1708
12628,2026-01-23,KLBG,KALABURAGI JN,327.0,1821
12628,2026-01-23,WADI,WADI,288.0,1858
12628,2026-01-23,YG,YADGIR,284.0,1897
12628,2026-01-23,RC,RAICHUR,298.0,1965
12628,2026-01-23,MALM,MANTHRALAYAM RD,297.0,1994
12628,2026-01-23,AD,ADONI,294.0,2035
12628,2026-01-23,GTL,GUNTAKAL JN,288.0,2086
12628,2026-01-23,ATP,ANANTAPUR,290.0,2172
12628,2026-01-23,DMM,DHARMAVARAM JN,265.0,2205
12628,2026-01-23,SSPN,SAI P NILAYAM,277.0,2238
12628,2026-01-23,PKD,PENUKONDA,282.0,2259
12628,2026-01-23,HUP,HINDUPUR,288.0,2296
12628,2026-01-23,YNK,YELHANKA JN,278.0,2379
12628,2026-01-23,BNC,BANGALORE CANT,287.0,2402
12628,2026-01-23,SBC,KSR BANGALORE CY JN,233.0,2406
12628,2026-01-24,NDLS,NEW DELHI,0.0,0
12628,2026-01-24,MTJ,MATHURA JN,39.0,141
12628,2026-01-24,AGC,AGRA CANTT,36.0,195
12628,2026-01-24,GWL,GWALIOR,29.0,313
12628,2026-01-24,VGLJ,V LAKSHMIBAI JHANSI,21.0,410
12628,2026-01-24,BINA,BINA JN,8.0,563
12628,2026-01-24,BPL,BHOPAL JN,22.0,701
12628,2026-01-24,ET,ITARSI JN,10.0,793
12628,2026-01-24,KNW,KHANDWA,0.0,976
12628,2026-01-24,BAU,BURHANPUR,10.0,1045
12628,2026-01-24,BSL,BHUSAVAL JN,0.0,1100
12628,2026-01-24,JL,JALGAON JN,5.0,1124
12628,2026-01-24,MMR,MANMAD JN,16.0,1284
12628,2026-01-24,KPG,KOPARGAON,3.0,1326
12628,2026-01-24,BAP,BELAPUR,45.0,1370
12628,2026-01-24,ANG,AHMADNAGAR,83.0,1437
12628,2026-01-24,DD,DAUND JN,370.0,1520
12628,2026-01-24,KWV,KURDUVADI,387.0,1630
12628,2026-01-24,SUR,SOLAPUR JN,357.0,1708
12628,2026-01-24,KLBG,KALABURAGI JN,414.0,1821
12628,2026-01-24,WADI,WADI,383.0,1858
12628,2026-01-24,YG,YADGIR,380.0,1897
12628,2026-01-24,RC,RAICHUR,381.0,1965
12628,2026-01-24,MALM,MANTHRALAYAM RD,381.0,1994
12628,2026-01-24,AD,ADONI,378.0,2035
12628,2026-01-24,GTL,GUNTAKAL JN,375.0,2086
12628,2026-01-24,ATP,ANANTAPUR,371.0,2172
12628,2026-01-24,DMM,DHARMAVARAM JN,353.0,2205
12628,2026-01-24,SSPN,SAI P NILAYAM,362.0,2238
12628,2026-01-24,PKD,PENUKONDA,361.0,2259
12628,2026-01-24,HUP,HINDUPUR,368.0,2296
12628,2026-01-24,YNK,YELHANKA JN,349.0,2379
12628,2026-01-24,BNC,BANGALORE CANT,354.0,2402
12628,2026-01-24,SBC,KSR BANGALORE CY JN,301.0,2406
12628,2026-01-25,NDLS,NEW DELHI,8.0,0
12628,2026-01-25,MTJ,MATHURA JN,47.0,141
12628,2026-01-25,AGC,AGRA CANTT,41.0,195
12628,2026-01-25,GWL,GWALIOR,17.0,313
12628,2026-01-25,VGLJ,V LAKSHMIBAI JHANSI,4.0,410
12628,2026-01-25,BINA,BINA JN,8.0,563
12628,2026-01-25,BPL,BHOPAL JN,18.0,701
12628,2026-01-25,ET,ITARSI JN,12.0,793
12628,2026-01-25,KNW,KHANDWA,0.0,976
12628,2026-01-25,BAU,BURHANPUR,2.0,1045
12628,2026-01-25,BSL,BHUSAVAL JN,2.0,1100
12628,2026-01-25,JL,JALGAON JN,4.0,1124
12628,2026-01-25,MMR,MANMAD JN,5.0,1284
12628,2026-01-25,KPG,KOPARGAON,0.0,1326
12628,2026-01-25,BAP,BELAPUR,7.0,1370
12628,2026-01-25,ANG,AHMADNAGAR,1.0,1437
12628,2026-01-25,DD,DAUND JN,40.0,1520
12628,2026-01-25,KWV,KURDUVADI,78.0,1630
12628,2026-01-25,SUR,SOLAPUR JN,59.0,1708
12628,2026-01-25,KLBG,KALABURAGI JN,91.0,1821
12628,2026-01-25,WADI,WADI,55.0,1858
12628,2026-01-25,YG,YADGIR,52.0,1897
12628,2026-01-25,RC,RAICHUR,60.0,1965
12628,2026-01-25,MALM,MANTHRALAYAM RD,60.0,1994
12628,2026-01-25,AD,ADONI,59.0,2035
12628,2026-01-25,GTL,GUNTAKAL JN,46.0,2086
12628,2026-01-25,ATP,ANANTAPUR,51.0,2172
12628,2026-01-25,DMM,DHARMAVARAM JN,36.0,2205
12628,2026-01-25,SSPN,SAI P NILAYAM,46.0,2238
12628,2026-01-25,PKD,PENUKONDA,48.0,2259
12628,2026-01-25,HUP,HINDUPUR,52.0,2296
12628,2026-01-25,YNK,YELHANKA JN,31.0,2379
12628,2026-01-25,BNC,BANGALORE CANT,31.0,2402
12628,2026-01-25,SBC,KSR BANGALORE CY JN,-23.0,2406
12628,2026-01-26,NDLS,NEW DELHI,0.0,0
12628,2026-01-26,MTJ,MATHURA JN,35.0,141
12628,2026-01-26,AGC,AGRA CANTT,31.0,195
12628,2026-01-26,GWL,GWALIOR,20.0,313
12628,2026-01-26,VGLJ,V LAKSHMIBAI JHANSI,34.0,410
12628,2026-01-26,BINA,BINA JN,36.0,563
12628,2026-01-26,BPL,BHOPAL JN,40.0,701
12628,2026-01-26,ET,ITARSI JN,26.0,793
12628,2026-01-26,KNW,KHANDWA,4.0,976
12628,2026-01-26,BAU,BURHANPUR,12.0,1045
12628,2026-01-26,BSL,BHUSAVAL JN,5.0,1100
12628,2026-01-26,JL,JALGAON JN,6.0,1124
12628,2026-01-26,MMR,MANMAD JN,10.0,1284
12628,2026-01-26,KPG,KOPARGAON,4.0,1326
12628,2026-01-26,BAP,BELAPUR,10.0,1370
12628,2026-01-26,ANG,AHMADNAGAR,2.0,1437
12628,2026-01-26,DD,DAUND JN,59.0,1520
12628,2026-01-26,KWV,KURDUVADI,79.0,1630
12628,2026-01-26,SUR,SOLAPUR JN,48.0,1708
12628,2026-01-26,KLBG,KALABURAGI JN,80.0,1821
12628,2026-01-26,WADI,WADI,61.0,1858
12628,2026-01-26,YG,YADGIR,58.0,1897
12628,2026-01-26,RC,RAICHUR,51.0,1965
12628,2026-01-26,MALM,MANTHRALAYAM RD,51.0,1994
12628,2026-01-26,AD,ADONI,51.0,2035
12628,2026-01-26,GTL,GUNTAKAL JN,40.0,2086
12628,2026-01-26,ATP,ANANTAPUR,46.0,2172
12628,2026-01-26,DMM,DHARMAVARAM JN,20.0,2205
12628,2026-01-26,SSPN,SAI P NILAYAM,37.0,2238
12628,2026-01-26,PKD,PENUKONDA,40.0,2259
12628,2026-01-26,HUP,HINDUPUR,45.0,2296
12628,2026-01-26,YNK,YELHANKA JN,24.0,2379
12628,2026-01-26,BNC,BANGALORE CANT,26.0,2402
12628,2026-01-26,SBC,KSR BANGALORE CY JN,-24.0,2406
12628,2026-01-27,NDLS,NEW DELHI,2.0,0
12628,2026-01-27,MTJ,MATHURA JN,33.0,141
12628,2026-01-27,AGC,AGRA CANTT,32.0,195
12628,2026-01-27,GWL,GWALIOR,16.0,313
12628,2026-01-27,VGLJ,V LAKSHMIBAI JHANSI,1.0,410
12628,2026-01-27,BINA,BINA JN,13.0,563
12628,2026-01-27,BPL,BHOPAL JN,66.0,701
12628,2026-01-27,ET,ITARSI JN,71.0,793
12628,2026-01-27,KNW,KHANDWA,95.0,976
12628,2026-01-27,BAU,BURHANPUR,108.0,1045
12628,2026-01-27,BSL,BHUSAVAL JN,103.0,1100
12628,2026-01-27,JL,JALGAON JN,109.0,1124
12628,2026-01-27,MMR,MANMAD JN,122.0,1284
12628,2026-01-27,KPG,KOPARGAON,114.0,1326
12628,2026-01-27,BAP,BELAPUR,139.0,1370
12628,2026-01-27,ANG,AHMADNAGAR,125.0,1437
12628,2026-01-27,DD,DAUND JN,170.0,1520
12628,2026-01-27,KWV,KURDUVADI,180.0,1630
12628,2026-01-27,SUR,SOLAPUR JN,158.0,1708
12628,2026-01-27,KLBG,KALABURAGI JN,183.0,1821
12628,2026-01-27,WADI,WADI,147.0,1858
12628,2026-01-27,YG,YADGIR,119.0,1897
12628,2026-01-27,RC,RAICHUR,135.0,1965
12628,2026-01-27,MALM,MANTHRALAYAM RD,134.0,1994
12628,2026-01-27,AD,ADONI,130.0,2035
12628,2026-01-27,GTL,GUNTAKAL JN,136.0,2086
12628,2026-01-27,ATP,ANANTAPUR,129.0,2172
12628,2026-01-27,DMM,DHARMAVARAM JN,111.0,2205
12628,2026-01-27,SSPN,SAI P NILAYAM,141.0,2238
12628,2026-01-27,PKD,PENUKONDA,139.0,2259
12628,2026-01-27,HUP,HINDUPUR,143.0,2296
12628,2026-01-27,YNK,YELHANKA JN,126.0,2379
12628,2026-01-27,BNC,BANGALORE CANT,107.0,2402
12628,2026-01-27,SBC,KSR BANGALORE CY JN,83.0,2406
12628,2026-01-28,NDLS,NEW DELHI,0.0,0
12628,2026-01-28,MTJ,MATHURA JN,39.0,141
12628,2026-01-28,AGC,AGRA CANTT,45.0,195
12628,2026-01-28,GWL,GWALIOR,99.0,313
12628,2026-01-28,VGLJ,V LAKSHMIBAI JHANSI,121.0,410
12628,2026-01-28,BINA,BINA JN,96.0,563
12628,2026-01-28,BPL,BHOPAL JN,95.0,701
12628,2026-01-28,ET,ITARSI JN,91.0,793
12628,2026-01-28,KNW,KHANDWA,75.0,976
12628,2026-01-28,BAU,BURHANPUR,77.0,1045
12628,2026-01-28,BSL,BHUSAVAL JN,78.0,1100
12628,2026-01-28,JL,JALGAON JN,82.0,1124
12628,2026-01-28,MMR,MANMAD JN,84.0,1284
12628,2026-01-28,KPG,KOPARGAON,75.0,1326
12628,2026-01-28,BAP,BELAPUR,92.0,1370
12628,2026-01-28,ANG,AHMADNAGAR,104.0,1437
12628,2026-01-28,DD,DAUND JN,200.0,1520
12628,2026-01-28,KWV,KURDUVADI,223.0,1630
12628,2026-01-28,SUR,SOLAPUR JN,211.0,1708
12628,2026-01-28,KLBG,KALABURAGI JN,237.0,1821
12628,2026-01-28,WADI,WADI,196.0,1858
12628,2026-01-28,YG,YADGIR,204.0,1897
12628,2026-01-28,RC,RAICHUR,199.0,1965
12628,2026-01-28,MALM,MANTHRALAYAM RD,199.0,1994
12628,2026-01-28,AD,ADONI,195.0,2035
12628,2026-01-28,GTL,GUNTAKAL JN,183.0,2086
12628,2026-01-28,ATP,ANANTAPUR,186.0,2172
12628,2026-01-28,DMM,DHARMAVARAM JN,164.0,2205
12628,2026-01-28,SSPN,SAI P NILAYAM,171.0,2238
12628,2026-01-28,PKD,PENUKONDA,172.0,2259
12628,2026-01-28,HUP,HINDUPUR,176.0,2296
12628,2026-01-28,YNK,YELHANKA JN,151.0,2379
12628,2026-01-28,BNC,BANGALORE CANT,173.0,2402
12628,2026-01-28,SBC,KSR BANGALORE CY JN,119.0,2406
12628,2026-01-29,NDLS,NEW DELHI,2.0,0
12628,2026-01-29,MTJ,MATHURA JN,21.0,141
12628,2026-01-29,AGC,AGRA CANTT,34.0,195
12628,2026-01-29,GWL,GWALIOR,79.0,313
12628,2026-01-29,VGLJ,V LAKSHMIBAI JHANSI,120.0,410
12628,2026-01-29,BINA,BINA JN,188.0,563
12628,2026-01-29,BPL,BHOPAL JN,249.0,701
12628,2026-01-29,ET,ITARSI JN,229.0,793
12628,2026-01-29,KNW,KHANDWA,208.0,976
12628,2026-01-29,BAU,BURHANPUR,213.0,1045
12628,2026-01-29,BSL,BHUSAVAL JN,200.0,1100
12628,2026-01-29,JL,JALGAON JN,203.0,1124
12628,2026-01-29,MMR,MANMAD JN,193.0,1284
12628,2026-01-29,KPG,KOPARGAON,188.0,1326
12628,2026-01-29,BAP,BELAPUR,201.0,1370
12628,2026-01-29,ANG,AHMADNAGAR,203.0,1437
12628,2026-01-29,DD,DAUND JN,212.0,1520
12628,2026-01-29,KWV,KURDUVADI,257.0,1630
12628,2026-01-29,SUR,SOLAPUR JN,223.0,1708
12628,2026-01-29,KLBG,KALABURAGI JN,232.0,1821
12628,2026-01-29,WADI,WADI,203.0,1858
12628,2026-01-29,YG,YADGIR,201.0,1897
12628,2026-01-29,RC,RAICHUR,202.0,1965
12628,2026-01-29,MALM,MANTHRALAYAM RD,202.0,1994
12628,2026-01-29,AD,ADONI,198.0,2035
12628,2026-01-29,GTL,GUNTAKAL JN,184.0,2086
12628,2026-01-29,ATP,ANANTAPUR,190.0,2172
12628,2026-01-29,DMM,DHARMAVARAM JN,170.0,2205
12628,2026-01-29,SSPN,SAI P NILAYAM,171.0,2238
12628,2026-01-29,PKD,PENUKONDA,177.0,2259
12628,2026-01-29,HUP,HINDUPUR,183.0,2296
12628,2026-01-29,YNK,YELHANKA JN,176.0,2379
12628,2026-01-29,BNC,BANGALORE CANT,154.0,2402
12628,2026-01-29,SBC,KSR BANGALORE CY JN,126.0,2406
12628,2026-01-30,NDLS,NEW DELHI,14.0,0
12628,2026-01-30,MTJ,MATHURA JN,42.0,141
12628,2026-01-30,AGC,AGRA CANTT,60.0,195
12628,2026-01-30,GWL,GWALIOR,87.0,313
12628,2026-01-30,VGLJ,V LAKSHMIBAI JHANSI,103.0,410
12628,2026-01-30,BINA,BINA JN,74.0,563
12628,2026-01-30,BPL,BHOPAL JN,110.0,701
12628,2026-01-30,ET,ITARSI JN,89.0,793
12628,2026-01-30,KNW,KHANDWA,66.0,976
12628,2026-01-30,BAU,BURHANPUR,66.0,1045
12628,2026-01-30,BSL,BHUSAVAL JN,56.0,1100
12628,2026-01-30,JL,JALGAON JN,163.0,1124
12628,2026-01-30,MMR,MANMAD JN,163.0,1284
12628,2026-01-30,KPG,KOPARGAON,150.0,1326
12628,2026-01-30,BAP,BELAPUR,158.0,1370
12628,2026-01-30,ANG,AHMADNAGAR,157.0,1437
12628,2026-01-30,DD,DAUND JN,163.0,1520
12628,2026-01-30,KWV,KURDUVADI,182.0,1630
12628,2026-01-30,SUR,SOLAPUR JN,206.0,1708
12628,2026-01-30,KLBG,KALABURAGI JN,242.0,1821
12628,2026-01-30,WADI,WADI,209.0,1858
12628,2026-01-30,YG,YADGIR,212.0,1897
12628,2026-01-30,RC,RAICHUR,211.0,1965
12628,2026-01-30,MALM,MANTHRALAYAM RD,214.0,1994
12628,2026-01-30,AD,ADONI,212.0,2035
12628,2026-01-30,GTL,GUNTAKAL JN,202.0,2086
12628,2026-01-30,ATP,ANANTAPUR,206.0,2172
12628,2026-01-30,DMM,DHARMAVARAM JN,187.0,2205
12628,2026-01-30,SSPN,SAI P NILAYAM,209.0,2238
12628,2026-01-30,PKD,PENUKONDA,208.0,2259
12628,2026-01-30,HUP,HINDUPUR,253.0,2296
12628,2026-01-30,YNK,YELHANKA JN,229.0,2379
12628,2026-01-30,BNC,BANGALORE CANT,259.0,2402
12628,2026-01-30,SBC,KSR BANGALORE CY JN,207.0,2406
12628,2026-01-31,NDLS,NEW DELHI,2.0,0
12628,2026-01-31,MTJ,MATHURA JN,32.0,141
12628,2026-01-31,AGC,AGRA CANTT,24.0,195
12628,2026-01-31,GWL,GWALIOR,6.0,313
12628,2026-01-31,VGLJ,V LAKSHMIBAI JHANSI,0.0,410
12628,2026-01-31,BINA,BINA JN,3.0,563
12628,2026-01-31,BPL,BHOPAL JN,0.0,701
12628,2026-01-31,ET,ITARSI JN,1.0,793
12628,2026-01-31,KNW,KHANDWA,0.0,976
12628,2026-01-31,BAU,BURHANPUR,3.0,1045
12628,2026-01-31,BSL,BHUSAVAL JN,1.0,1100
12628,2026-01-31,JL,JALGAON JN,2.0,1124
12628,2026-01-31,MMR,MANMAD JN,31.0,1284
12628,2026-01-31,KPG,KOPARGAON,23.0,1326
12628,2026-01-31,BAP,BELAPUR,33.0,1370
12628,2026-01-31,ANG,AHMADNAGAR,14.0,1437
12628,2026-01-31,DD,DAUND JN,25.0,1520
12628,2026-01-31,KWV,KURDUVADI,43.0,1630
12628,2026-01-31,SUR,SOLAPUR JN,16.0,1708
12628,2026-01-31,KLBG,KALABURAGI JN,24.0,1821
12628,2026-01-31,WADI,WADI,1.0,1858
12628,2026-01-31,YG,YADGIR,0.0,1897
12628,2026-01-31,RC,RAICHUR,0.0,1965
12628,2026-01-31,MALM,MANTHRALAYAM RD,7.0,1994
12628,2026-01-31,AD,ADONI,3.0,2035
12628,2026-01-31,GTL,GUNTAKAL JN,0.0,2086
12628,2026-01-31,ATP,ANANTAPUR,0.0,2172
12628,2026-01-31,DMM,DHARMAVARAM JN,3.0,2205
12628,2026-01-31,SSPN,SAI P NILAYAM,21.0,2238
12628,2026-01-31,PKD,PENUKONDA,23.0,2259
12628,2026-01-31,HUP,HINDUPUR,28.0,2296
12628,2026-01-31,YNK,YELHANKA JN,7.0,2379
12628,2026-01-31,BNC,BANGALORE CANT,19.0,2402
12628,2026-01-31,SBC,KSR BANGALORE CY JN,-31.0,2406
12628,2026-02-01,NDLS,NEW DELHI,3.0,0
12628,2026-02-01,MTJ,MATHURA JN,31.0,141
12628,2026-02-01,AGC,AGRA CANTT,28.0,195
12628,2026-02-01,GWL,GWALIOR,15.0,313
12628,2026-02-01,VGLJ,V LAKSHMIBAI JHANSI,7.0,410
12628,2026-02-01,BINA,BINA JN,1.0,563
12628,2026-02-01,BPL,BHOPAL JN,11.0,701
12628,2026-02-01,ET,ITARSI JN,3.0,793
12628,2026-02-01,KNW,KHANDWA,1.0,976
12628,2026-02-01,BAU,BURHANPUR,18.0,1045
12628,2026-02-01,BSL,BHUSAVAL JN,15.0,1100
12628,2026-02-01,JL,JALGAON JN,18.0,1124
12628,2026-02-01,MMR,MANMAD JN,13.0,1284
12628,2026-02-01,KPG,KOPARGAON,5.0,1326
12628,2026-02-01,BAP,BELAPUR,27.0,1370
12628,2026-02-01,ANG,AHMADNAGAR,34.0,1437
12628,2026-02-01,DD,DAUND JN,54.0,1520
12628,2026-02-01,KWV,KURDUVADI,88.0,1630
12628,2026-02-01,SUR,SOLAPUR JN,66.0,1708
12628,2026-02-01,KLBG,KALABURAGI JN,107.0,1821
12628,2026-02-01,WADI,WADI,86.0,1858
12628,2026-02-01,YG,YADGIR,90.0,1897
12628,2026-02-01,RC,RAICHUR,90.0,1965
12628,2026-02-01,MALM,MANTHRALAYAM RD,90.0,1994
12628,2026-02-01,AD,ADONI,85.0,2035
12628,2026-02-01,GTL,GUNTAKAL JN,93.0,2086
12628,2026-02-01,ATP,ANANTAPUR,88.0,2172
12628,2026-02-01,DMM,DHARMAVARAM JN,71.0,2205
12628,2026-02-01,SSPN,SAI P NILAYAM,49.0,2238
12628,2026-02-01,PKD,PENUKONDA,85.0,2259
12628,2026-02-01,HUP,HINDUPUR,90.0,2296
12628,2026-02-01,YNK,YELHANKA JN,74.0,2379
12628,2026-02-01,BNC,BANGALORE CANT,86.0,2402
12628,2026-02-01,SBC,KSR BANGALORE CY JN,32.0,2406
12628,2026-02-02,NDLS,NEW DELHI,2.0,0
12628,2026-02-02,MTJ,MATHURA JN,75.0,141
12628,2026-02-02,AGC,AGRA CANTT,90.0,195
12628,2026-02-02,GWL,GWALIOR,122.0,313
12628,2026-02-02,VGLJ,V LAKSHMIBAI JHANSI,163.0,410
12628,2026-02-02,BINA,BINA JN,153.0,563
12628,2026-02-02,BPL,BHOPAL JN,159.0,701
12628,2026-02-02,ET,ITARSI JN,157.0,793
12628,2026-02-02,KNW,KHANDWA,134.0,976
12628,2026-02-02,BAU,BURHANPUR,144.0,1045
12628,2026-02-02,BSL,BHUSAVAL JN,139.0,1100
12628,2026-02-02,JL,JALGAON JN,142.0,1124
12628,2026-02-02,MMR,MANMAD JN,166.0,1284
12628,2026-02-02,KPG,KOPARGAON,159.0,1326
12628,2026-02-02,BAP,BELAPUR,168.0,1370
12628,2026-02-02,ANG,AHMADNAGAR,174.0,1437
12628,2026-02-02,DD,DAUND JN,175.0,1520
12628,2026-02-02,KWV,KURDUVADI,195.0,1630
12628,2026-02-02,SUR,SOLAPUR JN,166.0,1708
12628,2026-02-02,KLBG,KALABURAGI JN,179.0,1821
12628,2026-02-02,WADI,WADI,143.0,1858
12628,2026-02-02,YG,YADGIR,147.0,1897
12628,2026-02-02,RC,RAICHUR,147.0,1965
12628,2026-02-02,MALM,MANTHRALAYAM RD,149.0,1994
12628,2026-02-02,AD,ADONI,174.0,2035
12628,2026-02-02,GTL,GUNTAKAL JN,181.0,2086
12628,2026-02-02,ATP,ANANTAPUR,185.0,2172
12628,2026-02-02,DMM,DHARMAVARAM JN,236.0,2205
12628,2026-02-02,SSPN,SAI P NILAYAM,261.0,2238
12628,2026-02-02,PKD,PENUKONDA,261.0,2259
12628,2026-02-02,HUP,HINDUPUR,268.0,2296
12628,2026-02-02,YNK,YELHANKA JN,256.0,2379
12628,2026-02-02,BNC,BANGALORE CANT,271.0,2402
12628,2026-02-02,SBC,KSR BANGALORE CY JN,218.0,2406
12628,2026-02-03,NDLS,NEW DELHI,12.0,0
12628,2026-02-03,MTJ,MATHURA JN,98.0,141
12628,2026-02-03,AGC,AGRA CANTT,114.0,195
12628,2026-02-03,GWL,GWALIOR,183.0,313
12628,2026-02-03,VGLJ,V LAKSHMIBAI JHANSI,251.0,410
12628,2026-02-03,BINA,BINA JN,252.0,563
12628,2026-02-03,BPL,BHOPAL JN,263.0,701
12628,2026-02-03,ET,ITARSI JN,256.0,793
12628,2026-02-03,KNW,KHANDWA,256.0,976
12628,2026-02-03,BAU,BURHANPUR,257.0,1045
12628,2026-02-03,BSL,BHUSAVAL JN,248.0,1100
12628,2026-02-03,JL,JALGAON JN,259.0,1124
12628,2026-02-03,MMR,MANMAD JN,253.0,1284
12628,2026-02-03,KPG,KOPARGAON,240.0,1326
12628,2026-02-03,BAP,BELAPUR,240.0,1370
12628,2026-02-03,ANG,AHMADNAGAR,224.0,1437
12628,2026-02-03,DD,DAUND JN,219.0,1520
12628,2026-02-03,KWV,KURDUVADI,255.0,1630
12628,2026-02-03,SUR,SOLAPUR JN,217.0,1708
12628,2026-02-03,KLBG,KALABURAGI JN,221.0,1821
12628,2026-02-03,WADI,WADI,184.0,1858
12628,2026-02-03,YG,YADGIR,184.0,1897
12628,2026-02-03,RC,RAICHUR,179.0,1965
12628,2026-02-03,MALM,MANTHRALAYAM RD,179.0,1994
12628,2026-02-03,AD,ADONI,176.0,2035
12628,2026-02-03,GTL,GUNTAKAL JN,177.0,2086
12628,2026-02-03,ATP,ANANTAPUR,179.0,2172
12628,2026-02-03,DMM,DHARMAVARAM JN,158.0,2205
12628,2026-02-03,SSPN,SAI P NILAYAM,165.0,2238
12628,2026-02-03,PKD,PENUKONDA,164.0,2259
12628,2026-02-03,HUP,HINDUPUR,174.0,2296
12628,2026-02-03,YNK,YELHANKA JN,157.0,2379
12628,2026-02-03,BNC,BANGALORE CANT,151.0,2402
12628,2026-02-03,SBC,KSR BANGALORE CY JN,97.0,2406
12628,2026-02-04,NDLS,NEW DELHI,1.0,0
12628,2026-02-04,MTJ,MATHURA JN,34.0,141
12628,2026-02-04,AGC,AGRA CANTT,53.0,195
12628,2026-02-04,GWL,GWALIOR,30.0,313
12628,2026-02-04,VGLJ,V LAKSHMIBAI JHANSI,20.0,410
12628,2026-02-04,BINA,BINA JN,8.0,563
12628,2026-02-04,BPL,BHOPAL JN,39.0,701
12628,2026-02-04,ET,ITARSI JN,19.0,793
12628,2026-02-04,KNW,KHANDWA,87.0,976
12628,2026-02-04,BAU,BURHANPUR,87.0,1045
12628,2026-02-04,BSL,BHUSAVAL JN,89.0,1100
12628,2026-02-04,JL,JALGAON JN,91.0,1124
12628,2026-02-04,MMR,MANMAD JN,92.0,1284
12628,2026-02-04,KPG,KOPARGAON,84.0,1326
12628,2026-02-04,BAP,BELAPUR,86.0,1370
12628,2026-02-04,ANG,AHMADNAGAR,124.0,1437
12628,2026-02-04,DD,DAUND JN,130.0,1520
12628,2026-02-04,KWV,KURDUVADI,164.0,1630
12628,2026-02-04,SUR,SOLAPUR JN,133.0,1708
12628,2026-02-04,KLBG,KALABURAGI JN,132.0,1821
12628,2026-02-04,WADI,WADI,95.0,1858
12628,2026-02-04,YG,YADGIR,100.0,1897
12628,2026-02-04,RC,RAICHUR,88.0,1965
12628,2026-02-04,MALM,MANTHRALAYAM RD,88.0,1994
12628,2026-02-04,AD,ADONI,84.0,2035
12628,2026-02-04,GTL,GUNTAKAL JN,76.0,2086
12628,2026-02-04,ATP,ANANTAPUR,76.0,2172
12628,2026-02-04,DMM,DHARMAVARAM JN,55.0,2205
12628,2026-02-04,SSPN,SAI P NILAYAM,66.0,2238
12628,2026-02-04,PKD,PENUKONDA,68.0,2259
12628,2026-02-04,HUP,HINDUPUR,72.0,2296
12628,2026-02-04,YNK,YELHANKA JN,45.0,2379
12628,2026-02-04,BNC,BANGALORE CANT,49.0,2402
12628,2026-02-04,SBC,KSR BANGALORE CY JN,-5.0,2406
12628,2026-02-05,NDLS,NEW DELHI,3.0,0
12628,2026-02-05,MTJ,MATHURA JN,32.0,141
12628,2026-02-05,AGC,AGRA CANTT,24.0,195
12628,2026-02-05,GWL,GWALIOR,1.0,313
12628,2026-02-05,VGLJ,V LAKSHMIBAI JHANSI,0.0,410
12628,2026-02-05,BINA,BINA JN,5.0,563
12628,2026-02-05,BPL,BHOPAL JN,10.0,701
12628,2026-02-05,ET,ITARSI JN,5.0,793
12628,2026-02-05,KNW,KHANDWA,1.0,976
12628,2026-02-05,BAU,BURHANPUR,16.0,1045
12628,2026-02-05,BSL,BHUSAVAL JN,11.0,1100
12628,2026-02-05,JL,JALGAON JN,12.0,1124
12628,2026-02-05,MMR,MANMAD JN,55.0,1284
12628,2026-02-05,KPG,KOPARGAON,41.0,1326
12628,2026-02-05,BAP,BELAPUR,41.0,1370
12628,2026-02-05,ANG,AHMADNAGAR,20.0,1437
12628,2026-02-05,DD,DAUND JN,41.0,1520
12628,2026-02-05,KWV,KURDUVADI,74.0,1630
12628,2026-02-05,SUR,SOLAPUR JN,40.0,1708
12628,2026-02-05,KLBG,KALABURAGI JN,67.0,1821
12628,2026-02-05,WADI,WADI,45.0,1858
12628,2026-02-05,YG,YADGIR,51.0,1897
12628,2026-02-05,RC,RAICHUR,46.0,1965
12628,2026-02-05,MALM,MANTHRALAYAM RD,45.0,1994
12628,2026-02-05,AD,ADONI,45.0,2035
12628,2026-02-05,GTL,GUNTAKAL JN,35.0,2086
12628,2026-02-05,ATP,ANANTAPUR,37.0,2172
12628,2026-02-05,DMM,DHARMAVARAM JN,15.0,2205
12628,2026-02-05,SSPN,SAI P NILAYAM,30.0,2238
12628,2026-02-05,PKD,PENUKONDA,33.0,2259
12628,2026-02-05,HUP,HINDUPUR,39.0,2296
12628,2026-02-05,YNK,YELHANKA JN,21.0,2379
12628,2026-02-05,BNC,BANGALORE CANT,31.0,2402
12628,2026-02-05,SBC,KSR BANGALORE CY JN,-19.0,2406
12628,2026-02-06,NDLS,NEW DELHI,5.0,0
12628,2026-02-06,MTJ,MATHURA JN,35.0,141
12628,2026-02-06,AGC,AGRA CANTT,71.0,195
12628,2026-02-06,GWL,GWALIOR,49.0,313
12628,2026-02-06,VGLJ,V LAKSHMIBAI JHANSI,29.0,410
12628,2026-02-06,BINA,BINA JN,11.0,563
12628,2026-02-06,BPL,BHOPAL JN,21.0,701
12628,2026-02-06,ET,ITARSI JN,2.0,793
12628,2026-02-06,KNW,KHANDWA,58.0,976
12628,2026-02-06,BAU,BURHANPUR,59.0,1045
12628,2026-02-06,BSL,BHUSAVAL JN,47.0,1100
12628,2026-02-06,JL,JALGAON JN,51.0,1124
12628,2026-02-06,MMR,MANMAD JN,84.0,1284
12628,2026-02-06,KPG,KOPARGAON,83.0,1326
12628,2026-02-06,BAP,BELAPUR,106.0,1370
12628,2026-02-06,ANG,AHMADNAGAR,96.0,1437
12628,2026-02-06,DD,DAUND JN,107.0,1520
12628,2026-02-06,KWV,KURDUVADI,137.0,1630
12628,2026-02-06,SUR,SOLAPUR JN,111.0,1708
12628,2026-02-06,KLBG,KALABURAGI JN,130.0,1821
12628,2026-02-06,WADI,WADI,93.0,1858
12628,2026-02-06,YG,YADGIR,104.0,1897
12628,2026-02-06,RC,RAICHUR,94.0,1965
12628,2026-02-06,MALM,MANTHRALAYAM RD,92.0,1994
12628,2026-02-06,AD,ADONI,85.0,2035
12628,2026-02-06,GTL,GUNTAKAL JN,74.0,2086
12628,2026-02-06,ATP,ANANTAPUR,75.0,2172
12628,2026-02-06,DMM,DHARMAVARAM JN,59.0,2205
12628,2026-02-06,SSPN,SAI P NILAYAM,62.0,2238
12628,2026-02-06,PKD,PENUKONDA,61.0,2259
12628,2026-02-06,HUP,HINDUPUR,66.0,2296
12628,2026-02-06,YNK,YELHANKA JN,47.0,2379
12628,2026-02-06,BNC,BANGALORE CANT,50.0,2402
12628,2026-02-06,SBC,KSR BANGALORE CY JN,-5.0,2406
12628,2026-02-07,NDLS,NEW DELHI,0.0,0
12628,2026-02-07,MTJ,MATHURA JN,20.0,141
12628,2026-02-07,AGC,AGRA CANTT,23.0,195
12628,2026-02-07,GWL,GWALIOR,1.0,313
12628,2026-02-07,VGLJ,V LAKSHMIBAI JHANSI,1.0,410
12628,2026-02-07,BINA,BINA JN,0.0,563
12628,2026-02-07,BPL,BHOPAL JN,1.0,701
12628,2026-02-07,ET,ITARSI JN,0.0,793
12628,2026-02-07,KNW,KHANDWA,0.0,976
12628,2026-02-07,BAU,BURHANPUR,44.0,1045
12628,2026-02-07,BSL,BHUSAVAL JN,43.0,1100
12628,2026-02-07,JL,JALGAON JN,54.0,1124
12628,2026-02-07,MMR,MANMAD JN,53.0,1284
12628,2026-02-07,KPG,KOPARGAON,39.0,1326
12628,2026-02-07,BAP,BELAPUR,49.0,1370
12628,2026-02-07,ANG,AHMADNAGAR,32.0,1437
12628,2026-02-07,DD,DAUND JN,43.0,1520
12628,2026-02-07,KWV,KURDUVADI,76.0,1630
12628,2026-02-07,SUR,SOLAPUR JN,65.0,1708
12628,2026-02-07,KLBG,KALABURAGI JN,111.0,1821
12628,2026-02-07,WADI,WADI,85.0,1858
12628,2026-02-07,YG,YADGIR,87.0,1897
12628,2026-02-07,RC,RAICHUR,89.0,1965
12628,2026-02-07,MALM,MANTHRALAYAM RD,90.0,1994
12628,2026-02-07,AD,ADONI,84.0,2035
12628,2026-02-07,GTL,GUNTAKAL JN,83.0,2086
12628,2026-02-07,ATP,ANANTAPUR,78.0,2172
12628,2026-02-07,DMM,DHARMAVARAM JN,77.0,2205
12628,2026-02-07,SSPN,SAI P NILAYAM,88.0,2238
12628,2026-02-07,PKD,PENUKONDA,91.0,2259
12628,2026-02-07,HUP,HINDUPUR,94.0,2296
12628,2026-02-07,YNK,YELHANKA JN,84.0,2379
12628,2026-02-07,BNC,BANGALORE CANT,83.0,2402
12628,2026-02-07,SBC,KSR BANGALORE CY JN,30.0,2406
12628,2026-02-08,NDLS,NEW DELHI,0.0,0
12628,2026-02-08,MTJ,MATHURA JN,46.0,141
12628,2026-02-08,AGC,AGRA CANTT,35.0,195
12628,2026-02-08,GWL,GWALIOR,7.0,313
12628,2026-02-08,VGLJ,V LAKSHMIBAI JHANSI,1.0,410
12628,2026-02-08,BINA,BINA JN,2.0,563
12628,2026-02-08,BPL,BHOPAL JN,20.0,701
12628,2026-02-08,ET,ITARSI JN,0.0,793
12628,2026-02-08,KNW,KHANDWA,25.0,976
12628,2026-02-08,BAU,BURHANPUR,35.0,1045
12628,2026-02-08,BSL,BHUSAVAL JN,23.0,1100
12628,2026-02-08,JL,JALGAON JN,25.0,1124
12628,2026-02-08,MMR,MANMAD JN,59.0,1284
12628,2026-02-08,KPG,KOPARGAON,59.0,1326
12628,2026-02-08,BAP,BELAPUR,68.0,1370
12628,2026-02-08,ANG,AHMADNAGAR,57.0,1437
12628,2026-02-08,DD,DAUND JN,53.0,1520
12628,2026-02-08,KWV,KURDUVADI,85.0,1630
12628,2026-02-08,SUR,SOLAPUR JN,54.0,1708
12628,2026-02-08,KLBG,KALABURAGI JN,105.0,1821
12628,2026-02-08,WADI,WADI,88.0,1858
12628,2026-02-08,YG,YADGIR,92.0,1897
12628,2026-02-08,RC,RAICHUR,93.0,1965
12628,2026-02-08,MALM,MANTHRALAYAM RD,96.0,1994
12628,2026-02-08,AD,ADONI,92.0,2035
12628,2026-02-08,GTL,GUNTAKAL JN,79.0,2086
12628,2026-02-08,ATP,ANANTAPUR,79.0,2172
12628,2026-02-08,DMM,DHARMAVARAM JN,88.0,2205
12628,2026-02-08,SSPN,SAI P NILAYAM,98.0,2238
12628,2026-02-08,PKD,PENUKONDA,98.0,2259
12628,2026-02-08,HUP,HINDUPUR,104.0,2296
12628,2026-02-08,YNK,YELHANKA JN,88.0,2379
12628,2026-02-08,BNC,BANGALORE CANT,93.0,2402
12628,2026-02-08,SBC,KSR BANGALORE CY JN,41.0,2406
12628,2026-02-09,NDLS,NEW DELHI,2.0,0
12628,2026-02-09,MTJ,MATHURA JN,48.0,141
12628,2026-02-09,AGC,AGRA CANTT,41.0,195
12628,2026-02-09,GWL,GWALIOR,28.0,313
12628,2026-02-09,VGLJ,V LAKSHMIBAI JHANSI,11.0,410
12628,2026-02-09,BINA,BINA JN,0.0,563
12628,2026-02-09,BPL,BHOPAL JN,28.0,701
12628,2026-02-09,ET,ITARSI JN,49.0,793
12628,2026-02-09,KNW,KHANDWA,82.0,976
12628,2026-02-09,BAU,BURHANPUR,84.0,1045
12628,2026-02-09,BSL,BHUSAVAL JN,76.0,1100
12628,2026-02-09,JL,JALGAON JN,79.0,1124
12628,2026-02-09,MMR,MANMAD JN,107.0,1284
12628,2026-02-09,KPG,KOPARGAON,102.0,1326
12628,2026-02-09,BAP,BELAPUR,137.0,1370
12628,2026-02-09,ANG,AHMADNAGAR,124.0,1437
12628,2026-02-09,DD,DAUND JN,121.0,1520
12628,2026-02-09,KWV,KURDUVADI,137.0,1630
12628,2026-02-09,SUR,SOLAPUR JN,122.0,1708
12628,2026-02-09,KLBG,KALABURAGI JN,160.0,1821
12628,2026-02-09,WADI,WADI,144.0,1858
12628,2026-02-09,YG,YADGIR,143.0,1897
12628,2026-02-09,RC,RAICHUR,143.0,1965
12628,2026-02-09,MALM,MANTHRALAYAM RD,144.0,1994
12628,2026-02-09,AD,ADONI,139.0,2035
12628,2026-02-09,GTL,GUNTAKAL JN,138.0,2086
12628,2026-02-09,ATP,ANANTAPUR,138.0,2172
12628,2026-02-09,DMM,DHARMAVARAM JN,129.0,2205
12628,2026-02-09,SSPN,SAI P NILAYAM,137.0,2238
12628,2026-02-09,PKD,PENUKONDA,138.0,2259
12628,2026-02-09,HUP,HINDUPUR,144.0,2296
12628,2026-02-09,YNK,YELHANKA JN,127.0,2379
12628,2026-02-09,BNC,BANGALORE CANT,155.0,2402
12628,2026-02-09,SBC,KSR BANGALORE CY JN,101.0,2406
12628,2026-02-10,NDLS,NEW DELHI,5.0,0
12628,2026-02-10,MTJ,MATHURA JN,18.0,141
12628,2026-02-10,AGC,AGRA CANTT,20.0,195
12628,2026-02-10,GWL,GWALIOR,0.0,313
12628,2026-02-10,VGLJ,V LAKSHMIBAI JHANSI,0.0,410
12628,2026-02-10,BINA,BINA JN,8.0,563
12628,2026-02-10,BPL,BHOPAL JN,9.0,701
12628,2026-02-10,ET,ITARSI JN,11.0,793
12628,2026-02-10,KNW,KHANDWA,60.0,976
12628,2026-02-10,BAU,BURHANPUR,66.0,1045
12628,2026-02-10,BSL,BHUSAVAL JN,62.0,1100
12628,2026-02-10,JL,JALGAON JN,66.0,1124
12628,2026-02-10,MMR,MANMAD JN,66.0,1284
12628,2026-02-10,KPG,KOPARGAON,55.0,1326
12628,2026-02-10,BAP,BELAPUR,69.0,1370
12628,2026-02-10,ANG,AHMADNAGAR,59.0,1437
12628,2026-02-10,DD,DAUND JN,80.0,1520
12628,2026-02-10,KWV,KURDUVADI,95.0,1630
12628,2026-02-10,SUR,SOLAPUR JN,88.0,1708
12628,2026-02-10,KLBG,KALABURAGI JN,109.0,1821
12628,2026-02-10,WADI,WADI,78.0,1858
12628,2026-02-10,YG,YADGIR,80.0,1897
12628,2026-02-10,RC,RAICHUR,72.0,1965
12628,2026-02-10,MALM,MANTHRALAYAM RD,77.0,1994
12628,2026-02-10,AD,ADONI,73.0,2035
12628,2026-02-10,GTL,GUNTAKAL JN,65.0,2086
12628,2026-02-10,ATP,ANANTAPUR,61.0,2172
12628,2026-02-10,DMM,DHARMAVARAM JN,41.0,2205
12628,2026-02-10,SSPN,SAI P NILAYAM,49.0,2238
12628,2026-02-10,PKD,PENUKONDA,48.0,2259
12628,2026-02-10,HUP,HINDUPUR,52.0,2296
12628,2026-02-10,YNK,YELHANKA JN,35.0,2379
12628,2026-02-10,BNC,BANGALORE CANT,42.0,2402
12628,2026-02-10,SBC,KSR BANGALORE CY JN,-12.0,2406
12628,2026-02-11,NDLS,NEW DELHI,4.0,0
12628,2026-02-11,MTJ,MATHURA JN,47.0,141
12628,2026-02-11,AGC,AGRA CANTT,42.0,195
12628,2026-02-11,GWL,GWALIOR,9.0,313
12628,2026-02-11,VGLJ,V LAKSHMIBAI JHANSI,8.0,410
12628,2026-02-11,BINA,BINA JN,0.0,563
12628,2026-02-11,BPL,BHOPAL JN,22.0,701
12628,2026-02-11,ET,ITARSI JN,4.0,793
12628,2026-02-11,KNW,KHANDWA,1.0,976
12628,2026-02-11,BAU,BURHANPUR,12.0,1045
12628,2026-02-11,BSL,BHUSAVAL JN,12.0,1100
12628,2026-02-11,JL,JALGAON JN,23.0,1124
12628,2026-02-11,MMR,MANMAD JN,29.0,1284
12628,2026-02-11,KPG,KOPARGAON,21.0,1326
12628,2026-02-11,BAP,BELAPUR,28.0,1370
12628,2026-02-11,ANG,AHMADNAGAR,7.0,1437
12628,2026-02-11,DD,DAUND JN,21.0,1520
12628,2026-02-11,KWV,KURDUVADI,68.0,1630
12628,2026-02-11,SUR,SOLAPUR JN,40.0,1708
12628,2026-02-11,KLBG,KALABURAGI JN,75.0,1821
12628,2026-02-11,WADI,WADI,45.0,1858
12628,2026-02-11,YG,YADGIR,46.0,1897
12628,2026-02-11,RC,RAICHUR,37.0,1965
12628,2026-02-11,MALM,MANTHRALAYAM RD,34.0,1994
12628,2026-02-11,AD,ADONI,36.0,2035
12628,2026-02-11,GTL,GUNTAKAL JN,30.0,2086
12628,2026-02-11,ATP,ANANTAPUR,30.0,2172
12628,2026-02-11,DMM,DHARMAVARAM JN,7.0,2205
12628,2026-02-11,SSPN,SAI P NILAYAM,50.0,2238
12628,2026-02-11,PKD,PENUKONDA,54.0,2259
12628,2026-02-11,HUP,HINDUPUR,60.0,2296
12628,2026-02-11,YNK,YELHANKA JN,42.0,2379
12628,2026-02-11,BNC,BANGALORE CANT,46.0,2402
12628,2026-02-11,SBC,KSR BANGALORE CY JN,-6.0,2406
12628,2026-02-12,NDLS,NEW DELHI,0.0,0
12628,2026-02-12,MTJ,MATHURA JN,39.0,141
12628,2026-02-12,AGC,AGRA CANTT,30.0,195
12628,2026-02-12,GWL,GWALIOR,0.0,313
12628,2026-02-12,VGLJ,V LAKSHMIBAI JHANSI,0.0,410
12628,2026-02-12,BINA,BINA JN,8.0,563
12628,2026-02-12,BPL,BHOPAL JN,11.0,701
12628,2026-02-12,ET,ITARSI JN,13.0,793
12628,2026-02-12,KNW,KHANDWA,16.0,976
12628,2026-02-12,BAU,BURHANPUR,21.0,1045
12628,2026-02-12,BSL,BHUSAVAL JN,14.0,1100
12628,2026-02-12,JL,JALGAON JN,16.0,1124
12628,2026-02-12,MMR,MANMAD JN,31.0,1284
12628,2026-02-12,KPG,KOPARGAON,24.0,1326
12628,2026-02-12,BAP,BELAPUR,32.0,1370
12628,2026-02-12,ANG,AHMADNAGAR,15.0,1437
12628,2026-02-12,DD,DAUND JN,7.0,1520
12628,2026-02-12,KWV,KURDUVADI,9.0,1630
12628,2026-02-12,SUR,SOLAPUR JN,14.0,1708
12628,2026-02-12,KLBG,KALABURAGI JN,28.0,1821
12628,2026-02-12,WADI,WADI,1.0,1858
12628,2026-02-12,YG,YADGIR,3.0,1897
12628,2026-02-12,RC,RAICHUR,6.0,1965
12628,2026-02-12,MALM,MANTHRALAYAM RD,5.0,1994
12628,2026-02-12,AD,ADONI,1.0,2035
12628,2026-02-12,GTL,GUNTAKAL JN,44.0,2086
12628,2026-02-12,ATP,ANANTAPUR,46.0,2172
12628,2026-02-12,DMM,DHARMAVARAM JN,22.0,2205
12628,2026-02-12,SSPN,SAI P NILAYAM,34.0,2238
12628,2026-02-12,PKD,PENUKONDA,36.0,2259
12628,2026-02-12,HUP,HINDUPUR,42.0,2296
12628,2026-02-12,YNK,YELHANKA JN,22.0,2379
12628,2026-02-12,BNC,BANGALORE CANT,39.0,2402
12628,2026-02-12,SBC,KSR BANGALORE CY JN,5.0,2406
12628,2026-02-13,NDLS,NEW DELHI,3.0,0
12628,2026-02-13,MTJ,MATHURA JN,28.0,141
12628,2026-02-13,AGC,AGRA CANTT,20.0,195
12628,2026-02-13,GWL,GWALIOR,19.0,313
12628,2026-02-13,VGLJ,V LAKSHMIBAI JHANSI,0.0,410
12628,2026-02-13,BINA,BINA JN,0.0,563
12628,2026-02-13,BPL,BHOPAL JN,5.0,701
12628,2026-02-13,ET,ITARSI JN,0.0,793
12628,2026-02-13,KNW,KHANDWA,2.0,976
12628,2026-02-13,BAU,BURHANPUR,16.0,1045
12628,2026-02-13,BSL,BHUSAVAL JN,13.0,1100
12628,2026-02-13,JL,JALGAON JN,22.0,1124
12628,2026-02-13,MMR,MANMAD JN,22.0,1284
12628,2026-02-13,KPG,KOPARGAON,13.0,1326
12628,2026-02-13,BAP,BELAPUR,14.0,1370
12628,2026-02-13,ANG,AHMADNAGAR,5.0,1437
12628,2026-02-13,DD,DAUND JN,46.0,1520
12628,2026-02-13,KWV,KURDUVADI,49.0,1630
12628,2026-02-13,SUR,SOLAPUR JN,17.0,1708
12628,2026-02-13,KLBG,KALABURAGI JN,34.0,1821
12628,2026-02-13,WADI,WADI,19.0,1858
12628,2026-02-13,YG,YADGIR,31.0,1897
12628,2026-02-13,RC,RAICHUR,29.0,1965
12628,2026-02-13,MALM,MANTHRALAYAM RD,29.0,1994
12628,2026-02-13,AD,ADONI,25.0,2035
12628,2026-02-13,GTL,GUNTAKAL JN,24.0,2086
12628,2026-02-13,ATP,ANANTAPUR,27.0,2172
12628,2026-02-13,DMM,DHARMAVARAM JN,7.0,2205
12628,2026-02-13,SSPN,SAI P NILAYAM,12.0,2238
12628,2026-02-13,PKD,PENUKONDA,17.0,2259
12628,2026-02-13,HUP,HINDUPUR,23.0,2296
12628,2026-02-13,YNK,YELHANKA JN,17.0,2379
12628,2026-02-13,BNC,BANGALORE CANT,33.0,2402
12628,2026-02-13,SBC,KSR BANGALORE CY JN,-19.0,2406
12628,2026-02-14,NDLS,NEW DELHI,1.0,0
12628,2026-02-14,MTJ,MATHURA JN,28.0,141
12628,2026-02-14,AGC,AGRA CANTT,24.0,195
12628,2026-02-14,GWL,GWALIOR,22.0,313
12628,2026-02-14,VGLJ,V LAKSHMIBAI JHANSI,22.0,410
12628,2026-02-14,BINA,BINA JN,12.0,563
12628,2026-02-14,BPL,BHOPAL JN,13.0,701
12628,2026-02-14,ET,ITARSI JN,1.0,793
12628,2026-02-14,KNW,KHANDWA,0.0,976
12628,2026-02-14,BAU,BURHANPUR,20.0,1045
12628,2026-02-14,BSL,BHUSAVAL JN,23.0,1100
12628,2026-02-14,JL,JALGAON JN,23.0,1124
12628,2026-02-14,MMR,MANMAD JN,72.0,1284
12628,2026-02-14,KPG,KOPARGAON,65.0,1326
12628,2026-02-14,BAP,BELAPUR,66.0,1370
12628,2026-02-14,ANG,AHMADNAGAR,107.0,1437
12628,2026-02-14,DD,DAUND JN,116.0,1520
12628,2026-02-14,KWV,KURDUVADI,145.0,1630
12628,2026-02-14,SUR,SOLAPUR JN,118.0,1708
12628,2026-02-14,KLBG,KALABURAGI JN,119.0,1821
12628,2026-02-14,WADI,WADI,95.0,1858
12628,2026-02-14,YG,YADGIR,95.0,1897
12628,2026-02-14,RC,RAICHUR,99.0,1965
12628,2026-02-14,MALM,MANTHRALAYAM RD,100.0,1994
12628,2026-02-14,AD,ADONI,96.0,2035
12628,2026-02-14,GTL,GUNTAKAL JN,88.0,2086
12628,2026-02-14,ATP,ANANTAPUR,87.0,2172
12628,2026-02-14,DMM,DHARMAVARAM JN,62.0,2205
12628,2026-02-14,SSPN,SAI P NILAYAM,71.0,2238
12628,2026-02-14,PKD,PENUKONDA,71.0,2259
12628,2026-02-14,HUP,HINDUPUR,75.0,2296
12628,2026-02-14,YNK,YELHANKA JN,53.0,2379
12628,2026-02-14,BNC,BANGALORE CANT,56.0,2402
12628,2026-02-14,SBC,KSR BANGALORE CY JN,3.0,2406
12628,2026-02-15,NDLS,NEW DELHI,3.0,0
12628,2026-02-15,MTJ,MATHURA JN,13.0,141
12628,2026-02-15,AGC,AGRA CANTT,22.0,195
12628,2026-02-15,GWL,GWALIOR,13.0,313
12628,2026-02-15,VGLJ,V LAKSHMIBAI JHANSI,10.0,410
12628,2026-02-15,BINA,BINA JN,0.0,563
12628,2026-02-15,BPL,BHOPAL JN,0.0,701
12628,2026-02-15,ET,ITARSI JN,10.0,793
12628,2026-02-15,KNW,KHANDWA,1.0,976
12628,2026-02-15,BAU,BURHANPUR,37.0,1045
12628,2026-02-15,BSL,BHUSAVAL JN,40.0,1100
12628,2026-02-15,JL,JALGAON JN,41.0,1124
12628,2026-02-15,MMR,MANMAD JN,33.0,1284
12628,2026-02-15,KPG,KOPARGAON,25.0,1326
12628,2026-02-15,BAP,BELAPUR,34.0,1370
12628,2026-02-15,ANG,AHMADNAGAR,25.0,1437
12628,2026-02-15,DD,DAUND JN,19.0,1520
12628,2026-02-15,KWV,KURDUVADI,49.0,1630
12628,2026-02-15,SUR,SOLAPUR JN,32.0,1708
12628,2026-02-15,KLBG,KALABURAGI JN,53.0,1821
12628,2026-02-15,WADI,WADI,16.0,1858
12628,2026-02-15,YG,YADGIR,11.0,1897
12628,2026-02-15,RC,RAICHUR,8.0,1965
12628,2026-02-15,MALM,MANTHRALAYAM RD,10.0,1994
12628,2026-02-15,AD,ADONI,9.0,2035
12628,2026-02-15,GTL,GUNTAKAL JN,10.0,2086
12628,2026-02-15,ATP,ANANTAPUR,15.0,2172
12628,2026-02-15,DMM,DHARMAVARAM JN,1.0,2205
12628,2026-02-15,SSPN,SAI P NILAYAM,11.0,2238
12628,2026-02-15,PKD,PENUKONDA,17.0,2259
12628,2026-02-15,HUP,HINDUPUR,43.0,2296
12628,2026-02-15,YNK,YELHANKA JN,18.0,2379
12628,2026-02-15,BNC,BANGALORE CANT,23.0,2402
12628,2026-02-15,SBC,KSR BANGALORE CY JN,-24.0,2406
12628,2026-02-16,NDLS,NEW DELHI,6.0,0
12628,2026-02-16,MTJ,MATHURA JN,17.0,141
12628,2026-02-16,AGC,AGRA CANTT,8.0,195
12628,2026-02-16,GWL,GWALIOR,32.0,313
12628,2026-02-16,VGLJ,V LAKSHMIBAI JHANSI,30.0,410
12628,2026-02-16,BINA,BINA JN,8.0,563
12628,2026-02-16,BPL,BHOPAL JN,11.0,701
12628,2026-02-16,ET,ITARSI JN,1.0,793
12628,2026-02-16,KNW,KHANDWA,3.0,976
12628,2026-02-16,BAU,BURHANPUR,31.0,1045
12628,2026-02-16,BSL,BHUSAVAL JN,30.0,1100
12628,2026-02-16,JL,JALGAON JN,30.0,1124
12628,2026-02-16,MMR,MANMAD JN,29.0,1284
12628,2026-02-16,KPG,KOPARGAON,19.0,1326
12628,2026-02-16,BAP,BELAPUR,26.0,1370
12628,2026-02-16,ANG,AHMADNAGAR,8.0,1437
12628,2026-02-16,DD,DAUND JN,19.0,1520
12628,2026-02-16,KWV,KURDUVADI,32.0,1630
12628,2026-02-16,SUR,SOLAPUR JN,18.0,1708
12628,2026-02-16,KLBG,KALABURAGI JN,62.0,1821
12628,2026-02-16,WADI,WADI,58.0,1858
12628,2026-02-16,YG,YADGIR,69.0,1897
12628,2026-02-16,RC,RAICHUR,71.0,1965
12628,2026-02-16,MALM,MANTHRALAYAM RD,71.0,1994
12628,2026-02-16,AD,ADONI,70.0,2035
12628,2026-02-16,GTL,GUNTAKAL JN,78.0,2086
12628,2026-02-16,ATP,ANANTAPUR,77.0,2172
12628,2026-02-16,DMM,DHARMAVARAM JN,56.0,2205
12628,2026-02-16,SSPN,SAI P NILAYAM,67.0,2238
12628,2026-02-16,PKD,PENUKONDA,69.0,2259
12628,2026-02-16,HUP,HINDUPUR,77.0,2296
12628,2026-02-16,YNK,YELHANKA JN,52.0,2379
12628,2026-02-16,BNC,BANGALORE CANT,23.0,2402
12628,2026-02-16,SBC,KSR BANGALORE CY JN,7.0,2406
12628,2026-02-17,NDLS,NEW DELHI,0.0,0
12628,2026-02-17,MTJ,MATHURA JN,35.0,141
12628,2026-02-17,AGC,AGRA CANTT,24.0,195
12628,2026-02-17,GWL,GWALIOR,18.0,313
12628,2026-02-17,VGLJ,V LAKSHMIBAI JHANSI,13.0,410
12628,2026-02-17,BINA,BINA JN,3.0,563
12628,2026-02-17,BPL,BHOPAL JN,3.0,701
12628,2026-02-17,ET,ITARSI JN,2.0,793
12628,2026-02-17,KNW,KHANDWA,1.0,976
12628,2026-02-17,BAU,BURHANPUR,2.0,1045
12628,2026-02-17,BSL,BHUSAVAL JN,3.0,1100
12628,2026-02-17,JL,JALGAON JN,5.0,1124
12628,2026-02-17,MMR,MANMAD JN,20.0,1284
12628,2026-02-17,KPG,KOPARGAON,7.0,1326
12628,2026-02-17,BAP,BELAPUR,13.0,1370
12628,2026-02-17,ANG,AHMADNAGAR,0.0,1437
12628,2026-02-17,DD,DAUND JN,24.0,1520
12628,2026-02-17,KWV,KURDUVADI,58.0,1630
12628,2026-02-17,SUR,SOLAPUR JN,45.0,1708
12628,2026-02-17,KLBG,KALABURAGI JN,84.0,1821
12628,2026-02-17,WADI,WADI,52.0,1858
12628,2026-02-17,YG,YADGIR,55.0,1897
12628,2026-02-17,RC,RAICHUR,57.0,1965
12628,2026-02-17,MALM,MANTHRALAYAM RD,56.0,1994
12628,2026-02-17,AD,ADONI,50.0,2035
12628,2026-02-17,GTL,GUNTAKAL JN,38.0,2086
12628,2026-02-17,ATP,ANANTAPUR,37.0,2172
12628,2026-02-17,DMM,DHARMAVARAM JN,14.0,2205
12628,2026-02-17,SSPN,SAI P NILAYAM,27.0,2238
12628,2026-02-17,PKD,PENUKONDA,29.0,2259
12628,2026-02-17,HUP,HINDUPUR,35.0,2296
12628,2026-02-17,YNK,YELHANKA JN,18.0,2379
12628,2026-02-17,BNC,BANGALORE CANT,26.0,2402
12628,2026-02-17,SBC,KSR BANGALORE CY JN,-27.0,2406
12628,2026-02-18,NDLS,NEW DELHI,2.0,0
12628,2026-02-18,MTJ,MATHURA JN,35.0,141
12628,2026-02-18,AGC,AGRA CANTT,25.0,195
12628,2026-02-18,GWL,GWALIOR,13.0,313
12628,2026-02-18,VGLJ,V LAKSHMIBAI JHANSI,29.0,410
12628,2026-02-18,BINA,BINA JN,10.0,563
12628,2026-02-18,BPL,BHOPAL JN,20.0,701
12628,2026-02-18,ET,ITARSI JN,4.0,793
12628,2026-02-18,KNW,KHANDWA,4.0,976
12628,2026-02-18,BAU,BURHANPUR,13.0,1045
12628,2026-02-18,BSL,BHUSAVAL JN,11.0,1100
12628,2026-02-18,JL,JALGAON JN,22.0,1124
12628,2026-02-18,MMR,MANMAD JN,17.0,1284
12628,2026-02-18,KPG,KOPARGAON,2.0,1326
12628,2026-02-18,BAP,BELAPUR,8.0,1370
12628,2026-02-18,ANG,AHMADNAGAR,0.0,1437
12628,2026-02-18,DD,DAUND JN,6.0,1520
12628,2026-02-18,KWV,KURDUVADI,55.0,1630
12628,2026-02-18,SUR,SOLAPUR JN,24.0,1708
12628,2026-02-18,KLBG,KALABURAGI JN,47.0,1821
12628,2026-02-18,WADI,WADI,8.0,1858
12628,2026-02-18,YG,YADGIR,12.0,1897
12628,2026-02-18,RC,RAICHUR,9.0,1965
12628,2026-02-18,MALM,MANTHRALAYAM RD,10.0,1994
12628,2026-02-18,AD,ADONI,7.0,2035
12628,2026-02-18,GTL,GUNTAKAL JN,5.0,2086
12628,2026-02-18,ATP,ANANTAPUR,17.0,2172
12628,2026-02-18,DMM,DHARMAVARAM JN,14.0,2205
12628,2026-02-18,SSPN,SAI P NILAYAM,29.0,2238
12628,2026-02-18,PKD,PENUKONDA,33.0,2259
12628,2026-02-18,HUP,HINDUPUR,39.0,2296
12628,2026-02-18,YNK,YELHANKA JN,33.0,2379
12628,2026-02-18,BNC,BANGALORE CANT,43.0,2402
12628,2026-02-18,SBC,KSR BANGALORE CY JN,-11.0,2406
12628,2026-02-19,NDLS,NEW DELHI,215.0,0
12628,2026-02-19,MTJ,MATHURA JN,261.0,141
12628,2026-02-19,AGC,AGRA CANTT,256.0,195
12628,2026-02-19,GWL,GWALIOR,233.0,313
12628,2026-02-19,VGLJ,V LAKSHMIBAI JHANSI,238.0,410
12628,2026-02-19,BINA,BINA JN,239.0,563
12628,2026-02-19,BPL,BHOPAL JN,241.0,701
12628,2026-02-19,ET,ITARSI JN,237.0,793
12628,2026-02-19,KNW,KHANDWA,223.0,976
12628,2026-02-19,BAU,BURHANPUR,231.0,1045
12628,2026-02-19,BSL,BHUSAVAL JN,227.0,1100
12628,2026-02-19,JL,JALGAON JN,231.0,1124
12628,2026-02-19,MMR,MANMAD JN,227.0,1284
12628,2026-02-19,KPG,KOPARGAON,218.0,1326
12628,2026-02-19,BAP,BELAPUR,227.0,1370
12628,2026-02-19,ANG,AHMADNAGAR,222.0,1437
12628,2026-02-19,DD,DAUND JN,246.0,1520
12628,2026-02-19,KWV,KURDUVADI,259.0,1630
12628,2026-02-19,SUR,SOLAPUR JN,232.0,1708
12628,2026-02-19,KLBG,KALABURAGI JN,236.0,1821
12628,2026-02-19,WADI,WADI,214.0,1858
12628,2026-02-19,YG,YADGIR,221.0,1897
12628,2026-02-19,RC,RAICHUR,230.0,1965
12628,2026-02-19,MALM,MANTHRALAYAM RD,228.0,1994
12628,2026-02-19,AD,ADONI,229.0,2035
12628,2026-02-19,GTL,GUNTAKAL JN,211.0,2086
12628,2026-02-19,ATP,ANANTAPUR,218.0,2172
12628,2026-02-19,DMM,DHARMAVARAM JN,215.0,2205
12628,2026-02-19,SSPN,SAI P NILAYAM,221.0,2238
12628,2026-02-19,PKD,PENUKONDA,219.0,2259
12628,2026-02-19,HUP,HINDUPUR,225.0,2296
12628,2026-02-19,YNK,YELHANKA JN,200.0,2379
12628,2026-02-19,BNC,BANGALORE CANT,213.0,2402
12628,2026-02-19,SBC,KSR BANGALORE CY JN,161.0,2406
12628,2026-02-20,NDLS,NEW DELHI,13.0,0
12628,2026-02-20,MTJ,MATHURA JN,57.0,141
12628,2026-02-20,AGC,AGRA CANTT,54.0,195
12628,2026-02-20,GWL,GWALIOR,22.0,313
12628,2026-02-20,VGLJ,V LAKSHMIBAI JHANSI,8.0,410
12628,2026-02-20,BINA,BINA JN,11.0,563
12628,2026-02-20,BPL,BHOPAL JN,35.0,701
12628,2026-02-20,ET,ITARSI JN,6.0,793
12628,2026-02-20,KNW,KHANDWA,1.0,976
12628,2026-02-20,BAU,BURHANPUR,15.0,1045
12628,2026-02-20,BSL,BHUSAVAL JN,8.0,1100
12628,2026-02-20,JL,JALGAON JN,11.0,1124
12628,2026-02-20,MMR,MANMAD JN,21.0,1284
12628,2026-02-20,KPG,KOPARGAON,12.0,1326
12628,2026-02-20,BAP,BELAPUR,23.0,1370
12628,2026-02-20,ANG,AHMADNAGAR,18.0,1437
12628,2026-02-20,DD,DAUND JN,13.0,1520
12628,2026-02-20,KWV,KURDUVADI,61.0,1630
12628,2026-02-20,SUR,SOLAPUR JN,63.0,1708
12628,2026-02-20,KLBG,KALABURAGI JN,60.0,1821
12628,2026-02-20,WADI,WADI,25.0,1858
12628,2026-02-20,YG,YADGIR,50.0,1897
12628,2026-02-20,RC,RAICHUR,41.0,1965
12628,2026-02-20,MALM,MANTHRALAYAM RD,41.0,1994
12628,2026-02-20,AD,ADONI,36.0,2035
12628,2026-02-20,GTL,GUNTAKAL JN,32.0,2086
12628,2026-02-20,ATP,ANANTAPUR,30.0,2172
12628,2026-02-20,DMM,DHARMAVARAM JN,176.0,2205
12628,2026-02-20,SSPN,SAI P NILAYAM,145.0,2238
12628,2026-02-20,PKD,PENUKONDA,178.0,2259
12628,2026-02-20,HUP,HINDUPUR,184.0,2296
12628,2026-02-20,YNK,YELHANKA JN,160.0,2379
12628,2026-02-20,BNC,BANGALORE CANT,127.0,2402
12628,2026-02-20,SBC,KSR BANGALORE CY JN,101.0,2406
12628,2026-02-21,NDLS,NEW DELHI,0.0,0
12628,2026-02-21,MTJ,MATHURA JN,26.0,141
12628,2026-02-21,AGC,AGRA CANTT,14.0,195
12628,2026-02-21,GWL,GWALIOR,1.0,313
12628,2026-02-21,VGLJ,V LAKSHMIBAI JHANSI,0.0,410
12628,2026-02-21,BINA,BINA JN,1.0,563
12628,2026-02-21,BPL,BHOPAL JN,13.0,701
12628,2026-02-21,ET,ITARSI JN,9.0,793
12628,2026-02-21,KNW,KHANDWA,0.0,976
12628,2026-02-21,BAU,BURHANPUR,2.0,1045
12628,2026-02-21,BSL,BHUSAVAL JN,11.0,1100
12628,2026-02-21,JL,JALGAON JN,14.0,1124
12628,2026-02-21,MMR,MANMAD JN,7.0,1284
12628,2026-02-21,KPG,KOPARGAON,1.0,1326
12628,2026-02-21,BAP,BELAPUR,13.0,1370
12628,2026-02-21,ANG,AHMADNAGAR,25.0,1437
12628,2026-02-21,DD,DAUND JN,41.0,1520
12628,2026-02-21,KWV,KURDUVADI,54.0,1630
12628,2026-02-21,SUR,SOLAPUR JN,37.0,1708
12628,2026-02-21,KLBG,KALABURAGI JN,43.0,1821
12628,2026-02-21,WADI,WADI,10.0,1858
12628,2026-02-21,YG,YADGIR,17.0,1897
12628,2026-02-21,RC,RAICHUR,0.0,1965
12628,2026-02-21,MALM,MANTHRALAYAM RD,3.0,1994
12628,2026-02-21,AD,ADONI,0.0,2035
12628,2026-02-21,GTL,GUNTAKAL JN,7.0,2086
12628,2026-02-21,ATP,ANANTAPUR,0.0,2172
12628,2026-02-21,DMM,DHARMAVARAM JN,0.0,2205
12628,2026-02-21,SSPN,SAI P NILAYAM,24.0,2238
12628,2026-02-21,PKD,PENUKONDA,27.0,2259
12628,2026-02-21,HUP,HINDUPUR,32.0,2296
12628,2026-02-21,YNK,YELHANKA JN,32.0,2379
12628,2026-02-21,BNC,BANGALORE CANT,24.0,2402
12628,2026-02-21,SBC,KSR BANGALORE CY JN,-32.0,2406
12628,2026-02-22,NDLS,NEW DELHI,0.0,0
12628,2026-02-22,MTJ,MATHURA JN,40.0,141
12628,2026-02-22,AGC,AGRA CANTT,60.0,195
12628,2026-02-22,GWL,GWALIOR,28.0,313
12628,2026-02-22,VGLJ,V LAKSHMIBAI JHANSI,17.0,410
12628,2026-02-22,BINA,BINA JN,9.0,563
12628,2026-02-22,BPL,BHOPAL JN,7.0,701
12628,2026-02-22,ET,ITARSI JN,0.0,793
12628,2026-02-22,KNW,KHANDWA,0.0,976
12628,2026-02-22,BAU,BURHANPUR,17.0,1045
12628,2026-02-22,BSL,BHUSAVAL JN,14.0,1100
12628,2026-02-22,JL,JALGAON JN,15.0,1124
12628,2026-02-22,MMR,MANMAD JN,15.0,1284
12628,2026-02-22,KPG,KOPARGAON,3.0,1326
12628,2026-02-22,BAP,BELAPUR,24.0,1370
12628,2026-02-22,ANG,AHMADNAGAR,7.0,1437
12628,2026-02-22,DD,DAUND JN,16.0,1520
12628,2026-02-22,KWV,KURDUVADI,57.0,1630
12628,2026-02-22,SUR,SOLAPUR JN,50.0,1708
12628,2026-02-22,KLBG,KALABURAGI JN,57.0,1821
12628,2026-02-22,WADI,WADI,25.0,1858
12628,2026-02-22,YG,YADGIR,40.0,1897
12628,2026-02-22,RC,RAICHUR,43.0,1965
12628,2026-02-22,MALM,MANTHRALAYAM RD,42.0,1994
12628,2026-02-22,AD,ADONI,45.0,2035
12628,2026-02-22,GTL,GUNTAKAL JN,33.0,2086
12628,2026-02-22,ATP,ANANTAPUR,35.0,2172
12628,2026-02-22,DMM,DHARMAVARAM JN,16.0,2205
12628,2026-02-22,SSPN,SAI P NILAYAM,23.0,2238
12628,2026-02-22,PKD,PENUKONDA,25.0,2259
12628,2026-02-22,HUP,HINDUPUR,33.0,2296
12628,2026-02-22,YNK,YELHANKA JN,14.0,2379
12628,2026-02-22,BNC,BANGALORE CANT,48.0,2402
12628,2026-02-22,SBC,KSR BANGALORE CY JN,-5.0,2406
12628,2026-02-23,NDLS,NEW DELHI,11.0,0
12628,2026-02-23,MTJ,MATHURA JN,31.0,141
12628,2026-02-23,AGC,AGRA CANTT,19.0,195
12628,2026-02-23,GWL,GWALIOR,0.0,313
12628,2026-02-23,VGLJ,V LAKSHMIBAI JHANSI,8.0,410
12628,2026-02-23,BINA,BINA JN,3.0,563
12628,2026-02-23,BPL,BHOPAL JN,3.0,701
12628,2026-02-23,ET,ITARSI JN,1.0,793
12628,2026-02-23,KNW,KHANDWA,78.0,976
12628,2026-02-23,BAU,BURHANPUR,79.0,1045
12628,2026-02-23,BSL,BHUSAVAL JN,65.0,1100
12628,2026-02-23,JL,JALGAON JN,66.0,1124
12628,2026-02-23,MMR,MANMAD JN,64.0,1284
12628,2026-02-23,KPG,KOPARGAON,52.0,1326
12628,2026-02-23,BAP,BELAPUR,58.0,1370
12628,2026-02-23,ANG,AHMADNAGAR,38.0,1437
12628,2026-02-23,DD,DAUND JN,45.0,1520
12628,2026-02-23,KWV,KURDUVADI,57.0,1630
12628,2026-02-23,SUR,SOLAPUR JN,32.0,1708
12628,2026-02-23,KLBG,KALABURAGI JN,46.0,1821
12628,2026-02-23,WADI,WADI,26.0,1858
12628,2026-02-23,YG,YADGIR,29.0,1897
12628,2026-02-23,RC,RAICHUR,18.0,1965
12628,2026-02-23,MALM,MANTHRALAYAM RD,28.0,1994
12628,2026-02-23,AD,ADONI,22.0,2035
12628,2026-02-23,GTL,GUNTAKAL JN,20.0,2086
12628,2026-02-23,ATP,ANANTAPUR,19.0,2172
12628,2026-02-23,DMM,DHARMAVARAM JN,5.0,2205
12628,2026-02-23,SSPN,SAI P NILAYAM,11.0,2238
12628,2026-02-23,PKD,PENUKONDA,15.0,2259
12628,2026-02-23,HUP,HINDUPUR,21.0,2296
12628,2026-02-23,YNK,YELHANKA JN,0.0,2379
12628,2026-02-23,BNC,BANGALORE CANT,23.0,2402
12628,2026-02-23,SBC,KSR BANGALORE CY JN,-25.0,2406
12628,2026-02-24,NDLS,NEW DELHI,3.0,0
12628,2026-02-24,MTJ,MATHURA JN,28.0,141
12628,2026-02-24,AGC,AGRA CANTT,26.0,195
12628,2026-02-24,GWL,GWALIOR,3.0,313
12628,2026-02-24,VGLJ,V LAKSHMIBAI JHANSI,1.0,410
12628,2026-02-24,BINA,BINA JN,9.0,563
12628,2026-02-24,BPL,BHOPAL JN,24.0,701
12628,2026-02-24,ET,ITARSI JN,11.0,793
12628,2026-02-24,KNW,KHANDWA,0.0,976
12628,2026-02-24,BAU,BURHANPUR,18.0,1045
12628,2026-02-24,BSL,BHUSAVAL JN,9.0,1100
12628,2026-02-24,JL,JALGAON JN,11.0,1124
12628,2026-02-24,MMR,MANMAD JN,6.0,1284
12628,2026-02-24,KPG,KOPARGAON,0.0,1326
12628,2026-02-24,BAP,BELAPUR,11.0,1370
12628,2026-02-24,ANG,AHMADNAGAR,2.0,1437
12628,2026-02-24,DD,DAUND JN,15.0,1520
12628,2026-02-24,KWV,KURDUVADI,28.0,1630
12628,2026-02-24,SUR,SOLAPUR JN,37.0,1708
12628,2026-02-24,KLBG,KALABURAGI JN,70.0,1821
12628,2026-02-24,WADI,WADI,40.0,1858
12628,2026-02-24,YG,YADGIR,47.0,1897
12628,2026-02-24,RC,RAICHUR,34.0,1965
12628,2026-02-24,MALM,MANTHRALAYAM RD,33.0,1994
12628,2026-02-24,AD,ADONI,28.0,2035
12628,2026-02-24,GTL,GUNTAKAL JN,23.0,2086
12628,2026-02-24,ATP,ANANTAPUR,30.0,2172
12628,2026-02-24,DMM,DHARMAVARAM JN,25.0,2205
12628,2026-02-24,SSPN,SAI P NILAYAM,28.0,2238
12628,2026-02-24,PKD,PENUKONDA,34.0,2259
12628,2026-02-24,HUP,HINDUPUR,38.0,2296
12628,2026-02-24,YNK,YELHANKA JN,28.0,2379
12628,2026-02-24,BNC,BANGALORE CANT,37.0,2402
12628,2026-02-24,SBC,KSR BANGALORE CY JN,-15.0,2406
12628,2026-02-25,NDLS,NEW DELHI,1.0,0
12628,2026-02-25,MTJ,MATHURA JN,22.0,141
12628,2026-02-25,AGC,AGRA CANTT,26.0,195
12628,2026-02-25,GWL,GWALIOR,12.0,313
12628,2026-02-25,VGLJ,V LAKSHMIBAI JHANSI,4.0,410
12628,2026-02-25,BINA,BINA JN,12.0,563
12628,2026-02-25,BPL,BHOPAL JN,18.0,701
12628,2026-02-25,ET,ITARSI JN,1.0,793
12628,2026-02-25,KNW,KHANDWA,1.0,976
12628,2026-02-25,BAU,BURHANPUR,52.0,1045
12628,2026-02-25,BSL,BHUSAVAL JN,39.0,1100
12628,2026-02-25,JL,JALGAON JN,40.0,1124
12628,2026-02-25,MMR,MANMAD JN,108.0,1284
12628,2026-02-25,KPG,KOPARGAON,93.0,1326
12628,2026-02-25,BAP,BELAPUR,120.0,1370
12628,2026-02-25,ANG,AHMADNAGAR,107.0,1437
12628,2026-02-25,DD,DAUND JN,137.0,1520
12628,2026-02-25,KWV,KURDUVADI,153.0,1630
12628,2026-02-25,SUR,SOLAPUR JN,127.0,1708
12628,2026-02-25,KLBG,KALABURAGI JN,133.0,1821
12628,2026-02-25,WADI,WADI,112.0,1858
12628,2026-02-25,YG,YADGIR,123.0,1897
12628,2026-02-25,RC,RAICHUR,121.0,1965
12628,2026-02-25,MALM,MANTHRALAYAM RD,121.0,1994
12628,2026-02-25,AD,ADONI,116.0,2035
12628,2026-02-25,GTL,GUNTAKAL JN,113.0,2086
12628,2026-02-25,ATP,ANANTAPUR,110.0,2172
12628,2026-02-25,DMM,DHARMAVARAM JN,95.0,2205
12628,2026-02-25,SSPN,SAI P NILAYAM,95.0,2238
12628,2026-02-25,PKD,PENUKONDA,104.0,2259
12628,2026-02-25,HUP,HINDUPUR,112.0,2296
12628,2026-02-25,YNK,YELHANKA JN,91.0,2379
12628,2026-02-25,BNC,BANGALORE CANT,115.0,2402
12628,2026-02-25,SBC,KSR BANGALORE CY JN,56.0,2406
12628,2026-02-26,NDLS,NEW DELHI,0.0,0
12628,2026-02-26,MTJ,MATHURA JN,17.0,141
12628,2026-02-26,AGC,AGRA CANTT,27.0,195
12628,2026-02-26,GWL,GWALIOR,17.0,313
12628,2026-02-26,VGLJ,V LAKSHMIBAI JHANSI,10.0,410
12628,2026-02-26,BINA,BINA JN,0.0,563
12628,2026-02-26,BPL,BHOPAL JN,6.0,701
12628,2026-02-26,ET,ITARSI JN,1.0,793
12628,2026-02-26,KNW,KHANDWA,0.0,976
12628,2026-02-26,BAU,BURHANPUR,4.0,1045
12628,2026-02-26,BSL,BHUSAVAL JN,0.0,1100
12628,2026-02-26,JL,JALGAON JN,2.0,1124
12628,2026-02-26,MMR,MANMAD JN,3.0,1284
12628,2026-02-26,KPG,KOPARGAON,0.0,1326
12628,2026-02-26,BAP,BELAPUR,15.0,1370
12628,2026-02-26,ANG,AHMADNAGAR,8.0,1437
12628,2026-02-26,DD,DAUND JN,11.0,1520
12628,2026-02-26,KWV,KURDUVADI,51.0,1630
12628,2026-02-26,SUR,SOLAPUR JN,45.0,1708
12628,2026-02-26,KLBG,KALABURAGI JN,73.0,1821
12628,2026-02-26,WADI,WADI,33.0,1858
12628,2026-02-26,YG,YADGIR,40.0,1897
12628,2026-02-26,RC,RAICHUR,30.0,1965
12628,2026-02-26,MALM,MANTHRALAYAM RD,29.0,1994
12628,2026-02-26,AD,ADONI,25.0,2035
12628,2026-02-26,GTL,GUNTAKAL JN,13.0,2086
12628,2026-02-26,ATP,ANANTAPUR,24.0,2172
12628,2026-02-26,DMM,DHARMAVARAM JN,1.0,2205
12628,2026-02-26,SSPN,SAI P NILAYAM,8.0,2238
12628,2026-02-26,PKD,PENUKONDA,12.0,2259
12628,2026-02-26,HUP,HINDUPUR,22.0,2296
12628,2026-02-26,YNK,YELHANKA JN,2.0,2379
12628,2026-02-26,BNC,BANGALORE CANT,11.0,2402
12628,2026-02-26,SBC,KSR BANGALORE CY JN,-43.0,2406
12628,2026-02-27,NDLS,NEW DELHI,6.0,0
12628,2026-02-27,MTJ,MATHURA JN,44.0,141
12628,2026-02-27,AGC,AGRA CANTT,37.0,195
12628,2026-02-27,GWL,GWALIOR,0.0,313
12628,2026-02-27,VGLJ,V LAKSHMIBAI JHANSI,5.0,410
12628,2026-02-27,BINA,BINA JN,14.0,563
12628,2026-02-27,BPL,BHOPAL JN,14.0,701
12628,2026-02-27,ET,ITARSI JN,0.0,793
12628,2026-02-27,KNW,KHANDWA,3.0,976
12628,2026-02-27,BAU,BURHANPUR,20.0,1045
12628,2026-02-27,BSL,BHUSAVAL JN,20.0,1100
12628,2026-02-27,JL,JALGAON JN,22.0,1124
12628,2026-02-27,MMR,MANMAD JN,16.0,1284
12628,2026-02-27,KPG,KOPARGAON,9.0,1326
12628,2026-02-27,BAP,BELAPUR,22.0,1370
12628,2026-02-27,ANG,AHMADNAGAR,8.0,1437
12628,2026-02-27,DD,DAUND JN,11.0,1520
12628,2026-02-27,KWV,KURDUVADI,70.0,1630
12628,2026-02-27,SUR,SOLAPUR JN,49.0,1708
12628,2026-02-27,KLBG,KALABURAGI JN,61.0,1821
12628,2026-02-27,WADI,WADI,30.0,1858
12628,2026-02-27,YG,YADGIR,34.0,1897
12628,2026-02-27,RC,RAICHUR,31.0,1965
12628,2026-02-27,MALM,MANTHRALAYAM RD,32.0,1994
12628,2026-02-27,AD,ADONI,26.0,2035
12628,2026-02-27,GTL,GUNTAKAL JN,12.0,2086
12628,2026-02-27,ATP,ANANTAPUR,11.0,2172
12628,2026-02-27,DMM,DHARMAVARAM JN,21.0,2205
12628,2026-02-27,SSPN,SAI P NILAYAM,29.0,2238
12628,2026-02-27,PKD,PENUKONDA,31.0,2259
12628,2026-02-27,HUP,HINDUPUR,38.0,2296
12628,2026-02-27,YNK,YELHANKA JN,26.0,2379
12628,2026-02-27,BNC,BANGALORE CANT,50.0,2402
12628,2026-02-27,SBC,KSR BANGALORE CY JN,7.0,2406
12628,2026-02-28,NDLS,NEW DELHI,23.0,0
12628,2026-02-28,MTJ,MATHURA JN,58.0,141
12628,2026-02-28,AGC,AGRA CANTT,53.0,195
12628,2026-02-28,GWL,GWALIOR,38.0,313
12628,2026-02-28,VGLJ,V LAKSHMIBAI JHANSI,20.0,410
12628,2026-02-28,BINA,BINA JN,19.0,563
12628,2026-02-28,BPL,BHOPAL JN,29.0,701
12628,2026-02-28,ET,ITARSI JN,6.0,793
12628,2026-02-28,KNW,KHANDWA,0.0,976
12628,2026-02-28,BAU,BURHANPUR,34.0,1045
12628,2026-02-28,BSL,BHUSAVAL JN,32.0,1100
12628,2026-02-28,JL,JALGAON JN,45.0,1124
12628,2026-02-28,MMR,MANMAD JN,79.0,1284
12628,2026-02-28,KPG,KOPARGAON,75.0,1326
12628,2026-02-28,BAP,BELAPUR,113.0,1370
12628,2026-02-28,ANG,AHMADNAGAR,110.0,1437
12628,2026-02-28,DD,DAUND JN,104.0,1520
12628,2026-02-28,KWV,KURDUVADI,104.0,1630
12628,2026-02-28,SUR,SOLAPUR JN,73.0,1708
12628,2026-02-28,KLBG,KALABURAGI JN,96.0,1821
12628,2026-02-28,WADI,WADI,83.0,1858
12628,2026-02-28,YG,YADGIR,87.0,1897
12628,2026-02-28,RC,RAICHUR,80.0,1965
12628,2026-02-28,MALM,MANTHRALAYAM RD,79.0,1994
12628,2026-02-28,AD,ADONI,81.0,2035
12628,2026-02-28,GTL,GUNTAKAL JN,86.0,2086
12628,2026-02-28,ATP,ANANTAPUR,89.0,2172
12628,2026-02-28,DMM,DHARMAVARAM JN,75.0,2205
12628,2026-02-28,SSPN,SAI P NILAYAM,78.0,2238
12628,2026-02-28,PKD,PENUKONDA,81.0,2259
12628,2026-02-28,HUP,HINDUPUR,87.0,2296
12628,2026-02-28,YNK,YELHANKA JN,58.0,2379
12628,2026-02-28,BNC,BANGALORE CANT,70.0,2402
12628,2026-02-28,SBC,KSR BANGALORE CY JN,11.0,2406
12628,2026-03-01,NDLS,NEW DELHI,4.0,0
12628,2026-03-01,MTJ,MATHURA JN,38.0,141
12628,2026-03-01,AGC,AGRA CANTT,42.0,195
12628,2026-03-01,GWL,GWALIOR,11.0,313
12628,2026-03-01,VGLJ,V LAKSHMIBAI JHANSI,9.0,410
12628,2026-03-01,BINA,BINA JN,4.0,563
12628,2026-03-01,BPL,BHOPAL JN,12.0,701
12628,2026-03-01,ET,ITARSI JN,0.0,793
12628,2026-03-01,KNW,KHANDWA,7.0,976
12628,2026-03-01,BAU,BURHANPUR,23.0,1045
12628,2026-03-01,BSL,BHUSAVAL JN,11.0,1100
12628,2026-03-01,JL,JALGAON JN,16.0,1124
12628,2026-03-01,MMR,MANMAD JN,19.0,1284
12628,2026-03-01,KPG,KOPARGAON,8.0,1326
12628,2026-03-01,BAP,BELAPUR,12.0,1370
12628,2026-03-01,ANG,AHMADNAGAR,1.0,1437
12628,2026-03-01,DD,DAUND JN,15.0,1520
12628,2026-03-01,KWV,KURDUVADI,47.0,1630
12628,2026-03-01,SUR,SOLAPUR JN,15.0,1708
12628,2026-03-01,KLBG,KALABURAGI JN,16.0,1821
12628,2026-03-01,WADI,WADI,1.0,1858
12628,2026-03-01,YG,YADGIR,8.0,1897
12628,2026-03-01,RC,RAICHUR,0.0,1965
12628,2026-03-01,MALM,MANTHRALAYAM RD,1.0,1994
12628,2026-03-01,AD,ADONI,0.0,2035
12628,2026-03-01,GTL,GUNTAKAL JN,10.0,2086
12628,2026-03-01,ATP,ANANTAPUR,12.0,2172
12628,2026-03-01,DMM,DHARMAVARAM JN,0.0,2205
12628,2026-03-01,SSPN,SAI P NILAYAM,9.0,2238
12628,2026-03-01,PKD,PENUKONDA,17.0,2259
12628,2026-03-01,HUP,HINDUPUR,24.0,2296
12628,2026-03-01,YNK,YELHANKA JN,12.0,2379
12628,2026-03-01,BNC,BANGALORE CANT,37.0,2402
12628,2026-03-01,SBC,KSR BANGALORE CY JN,-11.0,2406
12628,2026-03-02,NDLS,NEW DELHI,3.0,0
12628,2026-03-02,MTJ,MATHURA JN,31.0,141
12628,2026-03-02,AGC,AGRA CANTT,24.0,195
12628,2026-03-02,GWL,GWALIOR,14.0,313
12628,2026-03-02,VGLJ,V LAKSHMIBAI JHANSI,4.0,410
12628,2026-03-02,BINA,BINA JN,5.0,563
12628,2026-03-02,BPL,BHOPAL JN,3.0,701
12628,2026-03-02,ET,ITARSI JN,1.0,793
12628,2026-03-02,KNW,KHANDWA,0.0,976
12628,2026-03-02,BAU,BURHANPUR,5.0,1045
12628,2026-03-02,BSL,BHUSAVAL JN,1.0,1100
12628,2026-03-02,JL,JALGAON JN,4.0,1124
12628,2026-03-02,MMR,MANMAD JN,6.0,1284
12628,2026-03-02,KPG,KOPARGAON,3.0,1326
12628,2026-03-02,BAP,BELAPUR,13.0,1370
12628,2026-03-02,ANG,AHMADNAGAR,5.0,1437
12628,2026-03-02,DD,DAUND JN,21.0,1520
12628,2026-03-02,KWV,KURDUVADI,45.0,1630
12628,2026-03-02,SUR,SOLAPUR JN,29.0,1708
12628,2026-03-02,KLBG,KALABURAGI JN,46.0,1821
12628,2026-03-02,WADI,WADI,12.0,1858
12628,2026-03-02,YG,YADGIR,21.0,1897
12628,2026-03-02,RC,RAICHUR,16.0,1965
12628,2026-03-02,MALM,MANTHRALAYAM RD,16.0,1994
12628,2026-03-02,AD,ADONI,17.0,2035
12628,2026-03-02,GTL,GUNTAKAL JN,17.0,2086
12628,2026-03-02,ATP,ANANTAPUR,25.0,2172
12628,2026-03-02,DMM,DHARMAVARAM JN,3.0,2205
12628,2026-03-02,SSPN,SAI P NILAYAM,11.0,2238
12628,2026-03-02,PKD,PENUKONDA,15.0,2259
12628,2026-03-02,HUP,HINDUPUR,24.0,2296
12628,2026-03-02,YNK,YELHANKA JN,5.0,2379
12628,2026-03-02,BNC,BANGALORE CANT,33.0,2402
12628,2026-03-02,SBC,KSR BANGALORE CY JN,-20.0,2406
12628,2026-03-03,NDLS,NEW DELHI,1.0,0
12628,2026-03-03,MTJ,MATHURA JN,22.0,141
12628,2026-03-03,AGC,AGRA CANTT,12.0,195
12628,2026-03-03,GWL,GWALIOR,2.0,313
12628,2026-03-03,VGLJ,V LAKSHMIBAI JHANSI,2.0,410
12628,2026-03-03,BINA,BINA JN,0.0,563
12628,2026-03-03,BPL,BHOPAL JN,0.0,701
12628,2026-03-03,ET,ITARSI JN,0.0,793
12628,2026-03-03,KNW,KHANDWA,0.0,976
12628,2026-03-03,BAU,BURHANPUR,2.0,1045
12628,2026-03-03,BSL,BHUSAVAL JN,0.0,1100
12628,2026-03-03,JL,JALGAON JN,0.0,1124
12628,2026-03-03,MMR,MANMAD JN,27.0,1284
12628,2026-03-03,KPG,KOPARGAON,30.0,1326
12628,2026-03-03,BAP,BELAPUR,58.0,1370
12628,2026-03-03,ANG,AHMADNAGAR,52.0,1437
12628,2026-03-03,DD,DAUND JN,37.0,1520
12628,2026-03-03,KWV,KURDUVADI,46.0,1630
12628,2026-03-03,SUR,SOLAPUR JN,16.0,1708
12628,2026-03-03,KLBG,KALABURAGI JN,15.0,1821
12628,2026-03-03,WADI,WADI,1.0,1858
12628,2026-03-03,YG,YADGIR,7.0,1897
12628,2026-03-03,RC,RAICHUR,1.0,1965
12628,2026-03-03,MALM,MANTHRALAYAM RD,0.0,1994
12628,2026-03-03,AD,ADONI,0.0,2035
12628,2026-03-03,GTL,GUNTAKAL JN,1.0,2086
12628,2026-03-03,ATP,ANANTAPUR,1.0,2172
12628,2026-03-03,DMM,DHARMAVARAM JN,1.0,2205
12628,2026-03-03,SSPN,SAI P NILAYAM,7.0,2238
12628,2026-03-03,PKD,PENUKONDA,8.0,2259
12628,2026-03-03,HUP,HINDUPUR,16.0,2296
12628,2026-03-03,YNK,YELHANKA JN,28.0,2379
12628,2026-03-03,BNC,BANGALORE CANT,26.0,2402
12628,2026-03-03,SBC,KSR BANGALORE CY JN,-26.0,2406
12628,2026-03-04,NDLS,NEW DELHI,5.0,0
12628,2026-03-04,MTJ,MATHURA JN,16.0,141
12628,2026-03-04,AGC,AGRA CANTT,12.0,195
12628,2026-03-04,GWL,GWALIOR,1.0,313
12628,2026-03-04,VGLJ,V LAKSHMIBAI JHANSI,8.0,410
12628,2026-03-04,BINA,BINA JN,7.0,563
12628,2026-03-04,BPL,BHOPAL JN,4.0,701
12628,2026-03-04,ET,ITARSI JN,0.0,793
12628,2026-03-04,KNW,KHANDWA,1.0,976
12628,2026-03-04,BAU,BURHANPUR,9.0,1045
12628,2026-03-04,BSL,BHUSAVAL JN,10.0,1100
12628,2026-03-04,JL,JALGAON JN,8.0,1124
12628,2026-03-04,MMR,MANMAD JN,4.0,1284
12628,2026-03-04,KPG,KOPARGAON,8.0,1326
12628,2026-03-04,BAP,BELAPUR,10.0,1370
12628,2026-03-04,ANG,AHMADNAGAR,9.0,1437
12628,2026-03-04,DD,DAUND JN,0.0,1520
12628,2026-03-04,KWV,KURDUVADI,10.0,1630
12628,2026-03-04,SUR,SOLAPUR JN,19.0,1708
12628,2026-03-04,KLBG,KALABURAGI JN,25.0,1821
12628,2026-03-04,WADI,WADI,15.0,1858
12628,2026-03-04,YG,YADGIR,19.0,1897
12628,2026-03-04,RC,RAICHUR,9.0,1965
12628,2026-03-04,MALM,MANTHRALAYAM RD,14.0,1994
12628,2026-03-04,AD,ADONI,8.0,2035
12628,2026-03-04,GTL,GUNTAKAL JN,7.0,2086
12628,2026-03-04,ATP,ANANTAPUR,10.0,2172
12628,2026-03-04,DMM,DHARMAVARAM JN,0.0,2205
12628,2026-03-04,SSPN,SAI P NILAYAM,10.0,2238
12628,2026-03-04,PKD,PENUKONDA,12.0,2259
12628,2026-03-04,HUP,HINDUPUR,24.0,2296
12628,2026-03-04,YNK,YELHANKA JN,38.0,2379
12628,2026-03-04,BNC,BANGALORE CANT,54.0,2402
12628,2026-03-04,SBC,KSR BANGALORE CY JN,0.0,2406
12628,2026-03-05,NDLS,NEW DELHI,4.0,0
12628,2026-03-05,MTJ,MATHURA JN,22.0,141
12628,2026-03-05,AGC,AGRA CANTT,14.0,195
12628,2026-03-05,GWL,GWALIOR,9.0,313
12628,2026-03-05,VGLJ,V LAKSHMIBAI JHANSI,12.0,410
12628,2026-03-05,BINA,BINA JN,1.0,563
12628,2026-03-05,BPL,BHOPAL JN,5.0,701
12628,2026-03-05,ET,ITARSI JN,0.0,793
12628,2026-03-05,KNW,KHANDWA,3.0,976
12628,2026-03-05,BAU,BURHANPUR,11.0,1045
12628,2026-03-05,BSL,BHUSAVAL JN,0.0,1100
12628,2026-03-05,JL,JALGAON JN,0.0,1124
12628,2026-03-05,MMR,MANMAD JN,8.0,1284
12628,2026-03-05,KPG,KOPARGAON,0.0,1326
12628,2026-03-05,BAP,BELAPUR,17.0,1370
12628,2026-03-05,ANG,AHMADNAGAR,9.0,1437
12628,2026-03-05,DD,DAUND JN,18.0,1520
12628,2026-03-05,KWV,KURDUVADI,44.0,1630
12628,2026-03-05,SUR,SOLAPUR JN,23.0,1708
12628,2026-03-05,KLBG,KALABURAGI JN,34.0,1821
12628,2026-03-05,WADI,WADI,8.0,1858
12628,2026-03-05,YG,YADGIR,31.0,1897
12628,2026-03-05,RC,RAICHUR,20.0,1965
12628,2026-03-05,MALM,MANTHRALAYAM RD,20.0,1994
12628,2026-03-05,AD,ADONI,16.0,2035
12628,2026-03-05,GTL,GUNTAKAL JN,19.0,2086
12628,2026-03-05,ATP,ANANTAPUR,23.0,2172
12628,2026-03-05,DMM,DHARMAVARAM JN,0.0,2205
12628,2026-03-05,SSPN,SAI P NILAYAM,9.0,2238
12628,2026-03-05,PKD,PENUKONDA,11.0,2259
12628,2026-03-05,HUP,HINDUPUR,17.0,2296
12628,2026-03-05,YNK,YELHANKA JN,1.0,2379
12628,2026-03-05,BNC,BANGALORE CANT,42.0,2402
12628,2026-03-05,SBC,KSR BANGALORE CY JN,-11.0,2406
12628,2026-03-06,NDLS,NEW DELHI,2.0,0
12628,2026-03-06,MTJ,MATHURA JN,28.0,141
12628,2026-03-06,AGC,AGRA CANTT,22.0,195
12628,2026-03-06,GWL,GWALIOR,0.0,313
12628,2026-03-06,VGLJ,V LAKSHMIBAI JHANSI,0.0,410
12628,2026-03-06,BINA,BINA JN,0.0,563
12628,2026-03-06,BPL,BHOPAL JN,12.0,701
12628,2026-03-06,ET,ITARSI JN,2.0,793
12628,2026-03-06,KNW,KHANDWA,135.0,976
12628,2026-03-06,BAU,BURHANPUR,140.0,1045
12628,2026-03-06,BSL,BHUSAVAL JN,155.0,1100
12628,2026-03-06,JL,JALGAON JN,152.0,1124
12628,2026-03-06,MMR,MANMAD JN,150.0,1284
12628,2026-03-06,KPG,KOPARGAON,137.0,1326
12628,2026-03-06,BAP,BELAPUR,150.0,1370
12628,2026-03-06,ANG,AHMADNAGAR,132.0,1437
12628,2026-03-06,DD,DAUND JN,141.0,1520
12628,2026-03-06,KWV,KURDUVADI,155.0,1630
12628,2026-03-06,SUR,SOLAPUR JN,133.0,1708
12628,2026-03-06,KLBG,KALABURAGI JN,134.0,1821
12628,2026-03-06,WADI,WADI,104.0,1858
12628,2026-03-06,YG,YADGIR,107.0,1897
12628,2026-03-06,RC,RAICHUR,93.0,1965
12628,2026-03-06,MALM,MANTHRALAYAM RD,92.0,1994
12628,2026-03-06,AD,ADONI,85.0,2035
12628,2026-03-06,GTL,GUNTAKAL JN,93.0,2086
12628,2026-03-06,ATP,ANANTAPUR,89.0,2172
12628,2026-03-06,DMM,DHARMAVARAM JN,73.0,2205
12628,2026-03-06,SSPN,SAI P NILAYAM,78.0,2238
12628,2026-03-06,PKD,PENUKONDA,77.0,2259
12628,2026-03-06,HUP,HINDUPUR,83.0,2296
12628,2026-03-06,YNK,YELHANKA JN,72.0,2379
12628,2026-03-06,BNC,BANGALORE CANT,61.0,2402
12628,2026-03-06,SBC,KSR BANGALORE CY JN,39.0,2406
12628,2026-03-07,NDLS,NEW DELHI,10.0,0
12628,2026-03-07,MTJ,MATHURA JN,37.0,141
12628,2026-03-07,AGC,AGRA CANTT,31.0,195
12628,2026-03-07,GWL,GWALIOR,13.0,313
12628,2026-03-07,VGLJ,V LAKSHMIBAI JHANSI,3.0,410
12628,2026-03-07,BINA,BINA JN,0.0,563
12628,2026-03-07,BPL,BHOPAL JN,8.0,701
12628,2026-03-07,ET,ITARSI JN,0.0,793
12628,2026-03-07,KNW,KHANDWA,0.0,976
12628,2026-03-07,BAU,BURHANPUR,4.0,1045
12628,2026-03-07,BSL,BHUSAVAL JN,0.0,1100
12628,2026-03-07,JL,JALGAON JN,0.0,1124
12628,2026-03-07,MMR,MANMAD JN,10.0,1284
12628,2026-03-07,KPG,KOPARGAON,9.0,1326
12628,2026-03-07,BAP,BELAPUR,20.0,1370
12628,2026-03-07,ANG,AHMADNAGAR,21.0,1437
12628,2026-03-07,DD,DAUND JN,19.0,1520
12628,2026-03-07,KWV,KURDUVADI,53.0,1630
12628,2026-03-07,SUR,SOLAPUR JN,24.0,1708
12628,2026-03-07,KLBG,KALABURAGI JN,54.0,1821
12628,2026-03-07,WADI,WADI,14.0,1858
12628,2026-03-07,YG,YADGIR,14.0,1897
12628,2026-03-07,RC,RAICHUR,10.0,1965
12628,2026-03-07,MALM,MANTHRALAYAM RD,9.0,1994
12628,2026-03-07,AD,ADONI,5.0,2035
12628,2026-03-07,GTL,GUNTAKAL JN,2.0,2086
12628,2026-03-07,ATP,ANANTAPUR,8.0,2172
12628,2026-03-07,DMM,DHARMAVARAM JN,0.0,2205
12628,2026-03-07,SSPN,SAI P NILAYAM,18.0,2238
12628,2026-03-07,PKD,PENUKONDA,21.0,2259
12628,2026-03-07,HUP,HINDUPUR,30.0,2296
12628,2026-03-07,YNK,YELHANKA JN,4.0,2379
12628,2026-03-07,BNC,BANGALORE CANT,39.0,2402
12628,2026-03-07,SBC,KSR BANGALORE CY JN,-15.0,2406
12628,2026-03-08,NDLS,NEW DELHI,0.0,0
12628,2026-03-08,MTJ,MATHURA JN,19.0,141
12628,2026-03-08,AGC,AGRA CANTT,20.0,195
12628,2026-03-08,GWL,GWALIOR,9.0,313
12628,2026-03-08,VGLJ,V LAKSHMIBAI JHANSI,4.0,410
12628,2026-03-08,BINA,BINA JN,1.0,563
12628,2026-03-08,BPL,BHOPAL JN,17.0,701
12628,2026-03-08,ET,ITARSI JN,6.0,793
12628,2026-03-08,KNW,KHANDWA,9.0,976
12628,2026-03-08,BAU,BURHANPUR,23.0,1045
12628,2026-03-08,BSL,BHUSAVAL JN,22.0,1100
12628,2026-03-08,JL,JALGAON JN,27.0,1124
12628,2026-03-08,MMR,MANMAD JN,17.0,1284
12628,2026-03-08,KPG,KOPARGAON,7.0,1326
12628,2026-03-08,BAP,BELAPUR,37.0,1370
12628,2026-03-08,ANG,AHMADNAGAR,21.0,1437
12628,2026-03-08,DD,DAUND JN,22.0,1520
12628,2026-03-08,KWV,KURDUVADI,66.0,1630
12628,2026-03-08,SUR,SOLAPUR JN,41.0,1708
12628,2026-03-08,KLBG,KALABURAGI JN,51.0,1821
12628,2026-03-08,WADI,WADI,28.0,1858
12628,2026-03-08,YG,YADGIR,42.0,1897
12628,2026-03-08,RC,RAICHUR,40.0,1965
12628,2026-03-08,MALM,MANTHRALAYAM RD,40.0,1994
12628,2026-03-08,AD,ADONI,38.0,2035
12628,2026-03-08,GTL,GUNTAKAL JN,24.0,2086
12628,2026-03-08,ATP,ANANTAPUR,27.0,2172
12628,2026-03-08,DMM,DHARMAVARAM JN,1.0,2205
12628,2026-03-08,SSPN,SAI P NILAYAM,11.0,2238
12628,2026-03-08,PKD,PENUKONDA,24.0,2259
12628,2026-03-08,HUP,HINDUPUR,39.0,2296
12628,2026-03-08,YNK,YELHANKA JN,34.0,2379
12628,2026-03-08,BNC,BANGALORE CANT,37.0,2402
12628,2026-03-08,SBC,KSR BANGALORE CY JN,-4.0,2406
12628,2026-03-09,NDLS,NEW DELHI,0.0,0
12628,2026-03-09,MTJ,MATHURA JN,16.0,141
12628,2026-03-09,AGC,AGRA CANTT,14.0,195
12628,2026-03-09,GWL,GWALIOR,0.0,313
12628,2026-03-09,VGLJ,V LAKSHMIBAI JHANSI,0.0,410
12628,2026-03-09,BINA,BINA JN,5.0,563
12628,2026-03-09,BPL,BHOPAL JN,10.0,701
12628,2026-03-09,ET,ITARSI JN,0.0,793
12628,2026-03-09,KNW,KHANDWA,0.0,976
12628,2026-03-09,BAU,BURHANPUR,9.0,1045
12628,2026-03-09,BSL,BHUSAVAL JN,8.0,1100
12628,2026-03-09,JL,JALGAON JN,10.0,1124
12628,2026-03-09,MMR,MANMAD JN,16.0,1284
12628,2026-03-09,KPG,KOPARGAON,14.0,1326
12628,2026-03-09,BAP,BELAPUR,29.0,1370
12628,2026-03-09,ANG,AHMADNAGAR,9.0,1437
12628,2026-03-09,DD,DAUND JN,11.0,1520
12628,2026-03-09,KWV,KURDUVADI,34.0,1630
12628,2026-03-09,SUR,SOLAPUR JN,17.0,1708
12628,2026-03-09,KLBG,KALABURAGI JN,19.0,1821
12628,2026-03-09,WADI,WADI,7.0,1858
12628,2026-03-09,YG,YADGIR,44.0,1897
12628,2026-03-09,RC,RAICHUR,41.0,1965
12628,2026-03-09,MALM,MANTHRALAYAM RD,41.0,1994
12628,2026-03-09,AD,ADONI,39.0,2035
12628,2026-03-09,GTL,GUNTAKAL JN,46.0,2086
12628,2026-03-09,ATP,ANANTAPUR,48.0,2172
12628,2026-03-09,DMM,DHARMAVARAM JN,22.0,2205
12628,2026-03-09,SSPN,SAI P NILAYAM,30.0,2238
12628,2026-03-09,PKD,PENUKONDA,34.0,2259
12628,2026-03-09,HUP,HINDUPUR,39.0,2296
12628,2026-03-09,YNK,YELHANKA JN,42.0,2379
12628,2026-03-09,BNC,BANGALORE CANT,44.0,2402
12628,2026-03-09,SBC,KSR BANGALORE CY JN,-9.0,2406
12628,2026-03-10,NDLS,NEW DELHI,7.0,0
12628,2026-03-10,MTJ,MATHURA JN,24.0,141
12628,2026-03-10,AGC,AGRA CANTT,22.0,195
12628,2026-03-10,GWL,GWALIOR,6.0,313
12628,2026-03-10,VGLJ,V LAKSHMIBAI JHANSI,0.0,410
12628,2026-03-10,BINA,BINA JN,1.0,563
12628,2026-03-10,BPL,BHOPAL JN,2.0,701
12628,2026-03-10,ET,ITARSI JN,0.0,793
12628,2026-03-10,KNW,KHANDWA,0.0,976
12628,2026-03-10,BAU,BURHANPUR,0.0,1045
12628,2026-03-10,BSL,BHUSAVAL JN,11.0,1100
12628,2026-03-10,JL,JALGAON JN,19.0,1124
12628,2026-03-10,MMR,MANMAD JN,8.0,1284
12628,2026-03-10,KPG,KOPARGAON,0.0,1326
12628,2026-03-10,BAP,BELAPUR,10.0,1370
12628,2026-03-10,ANG,AHMADNAGAR,2.0,1437
12628,2026-03-10,DD,DAUND JN,2.0,1520
12628,2026-03-10,KWV,KURDUVADI,13.0,1630
12628,2026-03-10,SUR,SOLAPUR JN,12.0,1708
12628,2026-03-10,KLBG,KALABURAGI JN,43.0,1821
12628,2026-03-10,WADI,WADI,16.0,1858
12628,2026-03-10,YG,YADGIR,21.0,1897
12628,2026-03-10,RC,RAICHUR,9.0,1965
12628,2026-03-10,MALM,MANTHRALAYAM RD,7.0,1994
12628,2026-03-10,AD,ADONI,4.0,2035
12628,2026-03-10,GTL,GUNTAKAL JN,2.0,2086
12628,2026-03-10,ATP,ANANTAPUR,4.0,2172
12628,2026-03-10,DMM,DHARMAVARAM JN,1.0,2205
12628,2026-03-10,SSPN,SAI P NILAYAM,9.0,2238
12628,2026-03-10,PKD,PENUKONDA,11.0,2259
12628,2026-03-10,HUP,HINDUPUR,16.0,2296
12628,2026-03-10,YNK,YELHANKA JN,1.0,2379
12628,2026-03-10,BNC,BANGALORE CANT,28.0,2402
12628,2026-03-10,SBC,KSR BANGALORE CY JN,-25.0,2406
12628,2026-03-11,NDLS,NEW DELHI,0.0,0
12628,2026-03-11,MTJ,MATHURA JN,31.0,141
12628,2026-03-11,AGC,AGRA CANTT,28.0,195
12628,2026-03-11,GWL,GWALIOR,7.0,313
12628,2026-03-11,VGLJ,V LAKSHMIBAI JHANSI,0.0,410
12628,2026-03-11,BINA,BINA JN,5.0,563
12628,2026-03-11,BPL,BHOPAL JN,6.0,701
12628,2026-03-11,ET,ITARSI JN,1.0,793
12628,2026-03-11,KNW,KHANDWA,3.0,976
12628,2026-03-11,BAU,BURHANPUR,14.0,1045
12628,2026-03-11,BSL,BHUSAVAL JN,27.0,1100
12628,2026-03-11,JL,JALGAON JN,44.0,1124
12628,2026-03-11,MMR,MANMAD JN,42.0,1284
12628,2026-03-11,KPG,KOPARGAON,35.0,1326
12628,2026-03-11,BAP,BELAPUR,44.0,1370
12628,2026-03-11,ANG,AHMADNAGAR,41.0,1437
12628,2026-03-11,DD,DAUND JN,55.0,1520
12628,2026-03-11,KWV,KURDUVADI,64.0,1630
12628,2026-03-11,SUR,SOLAPUR JN,43.0,1708
12628,2026-03-11,KLBG,KALABURAGI JN,70.0,1821
12628,2026-03-11,WADI,WADI,35.0,1858
12628,2026-03-11,YG,YADGIR,45.0,1897
12628,2026-03-11,RC,RAICHUR,52.0,1965
12628,2026-03-11,MALM,MANTHRALAYAM RD,52.0,1994
12628,2026-03-11,AD,ADONI,51.0,2035
12628,2026-03-11,GTL,GUNTAKAL JN,39.0,2086
12628,2026-03-11,ATP,ANANTAPUR,38.0,2172
12628,2026-03-11,DMM,DHARMAVARAM JN,15.0,2205
12628,2026-03-11,SSPN,SAI P NILAYAM,22.0,2238
12628,2026-03-11,PKD,PENUKONDA,25.0,2259
12628,2026-03-11,HUP,HINDUPUR,31.0,2296
12628,2026-03-11,YNK,YELHANKA JN,8.0,2379
12628,2026-03-11,BNC,BANGALORE CANT,27.0,2402
12628,2026-03-11,SBC,KSR BANGALORE CY JN,-20.0,2406
12628,2026-03-12,NDLS,NEW DELHI,0.0,0
12628,2026-03-12,MTJ,MATHURA JN,40.0,141
12628,2026-03-12,AGC,AGRA CANTT,34.0,195
12628,2026-03-12,GWL,GWALIOR,3.0,313
12628,2026-03-12,VGLJ,V LAKSHMIBAI JHANSI,0.0,410
12628,2026-03-12,BINA,BINA JN,1.0,563
12628,2026-03-12,BPL,BHOPAL JN,6.0,701
12628,2026-03-12,ET,ITARSI JN,8.0,793
12628,2026-03-12,KNW,KHANDWA,1.0,976
12628,2026-03-12,BAU,BURHANPUR,28.0,1045
12628,2026-03-12,BSL,BHUSAVAL JN,31.0,1100
12628,2026-03-12,JL,JALGAON JN,40.0,1124
12628,2026-03-12,MMR,MANMAD JN,32.0,1284
12628,2026-03-12,KPG,KOPARGAON,24.0,1326
12628,2026-03-12,BAP,BELAPUR,35.0,1370
12628,2026-03-12,ANG,AHMADNAGAR,28.0,1437
12628,2026-03-12,DD,DAUND JN,28.0,1520
12628,2026-03-12,KWV,KURDUVADI,48.0,1630
12628,2026-03-12,SUR,SOLAPUR JN,15.0,1708
12628,2026-03-12,KLBG,KALABURAGI JN,30.0,1821
12628,2026-03-12,WADI,WADI,5.0,1858
12628,2026-03-12,YG,YADGIR,9.0,1897
12628,2026-03-12,RC,RAICHUR,11.0,1965
12628,2026-03-12,MALM,MANTHRALAYAM RD,11.0,1994
12628,2026-03-12,AD,ADONI,14.0,2035
12628,2026-03-12,GTL,GUNTAKAL JN,33.0,2086
12628,2026-03-12,ATP,ANANTAPUR,41.0,2172
12628,2026-03-12,DMM,DHARMAVARAM JN,13.0,2205
12628,2026-03-12,SSPN,SAI P NILAYAM,18.0,2238
12628,2026-03-12,PKD,PENUKONDA,17.0,2259
12628,2026-03-12,HUP,HINDUPUR,26.0,2296
12628,2026-03-12,YNK,YELHANKA JN,2.0,2379
12628,2026-03-12,BNC,BANGALORE CANT,9.0,2402
12628,2026-03-12,SBC,KSR BANGALORE CY JN,-37.0,2406
12628,2026-03-13,NDLS,NEW DELHI,0.0,0
12628,2026-03-13,MTJ,MATHURA JN,25.0,141
12628,2026-03-13,AGC,AGRA CANTT,28.0,195
12628,2026-03-13,GWL,GWALIOR,1.0,313
12628,2026-03-13,VGLJ,V LAKSHMIBAI JHANSI,2.0,410
12628,2026-03-13,BINA,BINA JN,7.0,563
12628,2026-03-13,BPL,BHOPAL JN,10.0,701
12628,2026-03-13,ET,ITARSI JN,6.0,793
12628,2026-03-13,KNW,KHANDWA,0.0,976
12628,2026-03-13,BAU,BURHANPUR,16.0,1045
12628,2026-03-13,BSL,BHUSAVAL JN,12.0,1100
12628,2026-03-13,JL,JALGAON JN,23.0,1124
12628,2026-03-13,MMR,MANMAD JN,11.0,1284
12628,2026-03-13,KPG,KOPARGAON,0.0,1326
12628,2026-03-13,BAP,BELAPUR,16.0,1370
12628,2026-03-13,ANG,AHMADNAGAR,12.0,1437
12628,2026-03-13,DD,DAUND JN,9.0,1520
12628,2026-03-13,KWV,KURDUVADI,38.0,1630
12628,2026-03-13,SUR,SOLAPUR JN,5.0,1708
12628,2026-03-13,KLBG,KALABURAGI JN,29.0,1821
12628,2026-03-13,WADI,WADI,20.0,1858
12628,2026-03-13,YG,YADGIR,25.0,1897
12628,2026-03-13,RC,RAICHUR,23.0,1965
12628,2026-03-13,MALM,MANTHRALAYAM RD,30.0,1994
12628,2026-03-13,AD,ADONI,33.0,2035
12628,2026-03-13,GTL,GUNTAKAL JN,39.0,2086
12628,2026-03-13,ATP,ANANTAPUR,40.0,2172
12628,2026-03-13,DMM,DHARMAVARAM JN,17.0,2205
12628,2026-03-13,SSPN,SAI P NILAYAM,32.0,2238
12628,2026-03-13,PKD,PENUKONDA,35.0,2259
12628,2026-03-13,HUP,HINDUPUR,47.0,2296
12628,2026-03-13,YNK,YELHANKA JN,26.0,2379
12628,2026-03-13,BNC,BANGALORE CANT,29.0,2402
12628,2026-03-13,SBC,KSR BANGALORE CY JN,-18.0,2406
12628,2026-03-14,NDLS,NEW DELHI,0.0,0
12628,2026-03-14,MTJ,MATHURA JN,23.0,141
12628,2026-03-14,AGC,AGRA CANTT,22.0,195
12628,2026-03-14,GWL,GWALIOR,5.0,313
12628,2026-03-14,VGLJ,V LAKSHMIBAI JHANSI,5.0,410
12628,2026-03-14,BINA,BINA JN,1.0,563
12628,2026-03-14,BPL,BHOPAL JN,6.0,701
12628,2026-03-14,ET,ITARSI JN,6.0,793
12628,2026-03-14,KNW,KHANDWA,0.0,976
12628,2026-03-14,BAU,BURHANPUR,2.0,1045
12628,2026-03-14,BSL,BHUSAVAL JN,0.0,1100
12628,2026-03-14,JL,JALGAON JN,2.0,1124
12628,2026-03-14,MMR,MANMAD JN,94.0,1284
12628,2026-03-14,KPG,KOPARGAON,94.0,1326
12628,2026-03-14,BAP,BELAPUR,104.0,1370
12628,2026-03-14,ANG,AHMADNAGAR,128.0,1437
12628,2026-03-14,DD,DAUND JN,131.0,1520
12628,2026-03-14,KWV,KURDUVADI,133.0,1630
12628,2026-03-14,SUR,SOLAPUR JN,108.0,1708
12628,2026-03-14,KLBG,KALABURAGI JN,126.0,1821
12628,2026-03-14,WADI,WADI,92.0,1858
12628,2026-03-14,YG,YADGIR,95.0,1897
12628,2026-03-14,RC,RAICHUR,100.0,1965
12628,2026-03-14,MALM,MANTHRALAYAM RD,100.0,1994
12628,2026-03-14,AD,ADONI,104.0,2035
12628,2026-03-14,GTL,GUNTAKAL JN,93.0,2086
12628,2026-03-14,ATP,ANANTAPUR,92.0,2172
12628,2026-03-14,DMM,DHARMAVARAM JN,65.0,2205
12628,2026-03-14,SSPN,SAI P NILAYAM,67.0,2238
12628,2026-03-14,PKD,PENUKONDA,68.0,2259
12628,2026-03-14,HUP,HINDUPUR,82.0,2296
12628,2026-03-14,YNK,YELHANKA JN,66.0,2379
12628,2026-03-14,BNC,BANGALORE CANT,74.0,2402
12628,2026-03-14,SBC,KSR BANGALORE CY JN,15.0,2406
12628,2026-03-15,NDLS,NEW DELHI,1.0,0
12628,2026-03-15,MTJ,MATHURA JN,18.0,141
12628,2026-03-15,AGC,AGRA CANTT,13.0,195
12628,2026-03-15,GWL,GWALIOR,0.0,313
12628,2026-03-15,VGLJ,V LAKSHMIBAI JHANSI,12.0,410
12628,2026-03-15,BINA,BINA JN,3.0,563
12628,2026-03-15,BPL,BHOPAL JN,7.0,701
12628,2026-03-15,ET,ITARSI JN,0.0,793
12628,2026-03-15,KNW,KHANDWA,0.0,976
12628,2026-03-15,BAU,BURHANPUR,34.0,1045
12628,2026-03-15,BSL,BHUSAVAL JN,30.0,1100
12628,2026-03-15,JL,JALGAON JN,28.0,1124
12628,2026-03-15,MMR,MANMAD JN,17.0,1284
12628,2026-03-15,KPG,KOPARGAON,8.0,1326
12628,2026-03-15,BAP,BELAPUR,19.0,1370
12628,2026-03-15,ANG,AHMADNAGAR,11.0,1437
12628,2026-03-15,DD,DAUND JN,19.0,1520
12628,2026-03-15,KWV,KURDUVADI,58.0,1630
12628,2026-03-15,SUR,SOLAPUR JN,24.0,1708
12628,2026-03-15,KLBG,KALABURAGI JN,52.0,1821
12628,2026-03-15,WADI,WADI,18.0,1858
12628,2026-03-15,YG,YADGIR,22.0,1897
12628,2026-03-15,RC,RAICHUR,22.0,1965
12628,2026-03-15,MALM,MANTHRALAYAM RD,20.0,1994
12628,2026-03-15,AD,ADONI,25.0,2035
12628,2026-03-15,GTL,GUNTAKAL JN,14.0,2086
12628,2026-03-15,ATP,ANANTAPUR,20.0,2172
12628,2026-03-15,DMM,DHARMAVARAM JN,15.0,2205
12628,2026-03-15,SSPN,SAI P NILAYAM,23.0,2238
12628,2026-03-15,PKD,PENUKONDA,26.0,2259
12628,2026-03-15,HUP,HINDUPUR,36.0,2296
12628,2026-03-15,YNK,YELHANKA JN,17.0,2379
12628,2026-03-15,BNC,BANGALORE CANT,21.0,2402
12628,2026-03-15,SBC,KSR BANGALORE CY JN,-28.0,2406
12628,2026-03-16,NDLS,NEW DELHI,2.0,0
12628,2026-03-16,MTJ,MATHURA JN,35.0,141
12628,2026-03-16,AGC,AGRA CANTT,31.0,195
12628,2026-03-16,GWL,GWALIOR,9.0,313
12628,2026-03-16,VGLJ,V LAKSHMIBAI JHANSI,7.0,410
12628,2026-03-16,BINA,BINA JN,8.0,563
12628,2026-03-16,BPL,BHOPAL JN,28.0,701
12628,2026-03-16,ET,ITARSI JN,3.0,793
12628,2026-03-16,KNW,KHANDWA,1.0,976
12628,2026-03-16,BAU,BURHANPUR,25.0,1045
12628,2026-03-16,BSL,BHUSAVAL JN,18.0,1100
12628,2026-03-16,JL,JALGAON JN,18.0,1124
12628,2026-03-16,MMR,MANMAD JN,27.0,1284
12628,2026-03-16,KPG,KOPARGAON,20.0,1326
12628,2026-03-16,BAP,BELAPUR,36.0,1370
12628,2026-03-16,ANG,AHMADNAGAR,38.0,1437
12628,2026-03-16,DD,DAUND JN,50.0,1520
12628,2026-03-16,KWV,KURDUVADI,47.0,1630
12628,2026-03-16,SUR,SOLAPUR JN,23.0,1708
12628,2026-03-16,KLBG,KALABURAGI JN,59.0,1821
12628,2026-03-16,WADI,WADI,31.0,1858
12628,2026-03-16,YG,YADGIR,30.0,1897
12628,2026-03-16,RC,RAICHUR,20.0,1965
12628,2026-03-16,MALM,MANTHRALAYAM RD,43.0,1994
12628,2026-03-16,AD,ADONI,48.0,2035
12628,2026-03-16,GTL,GUNTAKAL JN,49.0,2086
12628,2026-03-16,ATP,ANANTAPUR,42.0,2172
12628,2026-03-16,DMM,DHARMAVARAM JN,15.0,2205
12628,2026-03-16,SSPN,SAI P NILAYAM,21.0,2238
12628,2026-03-16,PKD,PENUKONDA,23.0,2259
12628,2026-03-16,HUP,HINDUPUR,29.0,2296
12628,2026-03-16,YNK,YELHANKA JN,21.0,2379
12628,2026-03-16,BNC,BANGALORE CANT,55.0,2402
12628,2026-03-16,SBC,KSR BANGALORE CY JN,2.0,2406
12628,2026-03-17,NDLS,NEW DELHI,1.0,0
12628,2026-03-17,MTJ,MATHURA JN,31.0,141
12628,2026-03-17,AGC,AGRA CANTT,37.0,195
12628,2026-03-17,GWL,GWALIOR,4.0,313
12628,2026-03-17,VGLJ,V LAKSHMIBAI JHANSI,2.0,410
12628,2026-03-17,BINA,BINA JN,0.0,563
12628,2026-03-17,BPL,BHOPAL JN,8.0,701
12628,2026-03-17,ET,ITARSI JN,6.0,793
12628,2026-03-17,KNW,KHANDWA,65.0,976
12628,2026-03-17,BAU,BURHANPUR,70.0,1045
12628,2026-03-17,BSL,BHUSAVAL JN,67.0,1100
12628,2026-03-17,JL,JALGAON JN,64.0,1124
12628,2026-03-17,MMR,MANMAD JN,58.0,1284
12628,2026-03-17,KPG,KOPARGAON,42.0,1326
12628,2026-03-17,BAP,BELAPUR,45.0,1370
12628,2026-03-17,ANG,AHMADNAGAR,32.0,1437
12628,2026-03-17,DD,DAUND JN,15.0,1520
12628,2026-03-17,KWV,KURDUVADI,20.0,1630
12628,2026-03-17,SUR,SOLAPUR JN,4.0,1708
12628,2026-03-17,KLBG,KALABURAGI JN,32.0,1821
12628,2026-03-17,WADI,WADI,14.0,1858
12628,2026-03-17,YG,YADGIR,13.0,1897
12628,2026-03-17,RC,RAICHUR,8.0,1965
12628,2026-03-17,MALM,MANTHRALAYAM RD,7.0,1994
12628,2026-03-17,AD,ADONI,10.0,2035
12628,2026-03-17,GTL,GUNTAKAL JN,45.0,2086
12628,2026-03-17,ATP,ANANTAPUR,51.0,2172
12628,2026-03-17,DMM,DHARMAVARAM JN,25.0,2205
12628,2026-03-17,SSPN,SAI P NILAYAM,31.0,2238
12628,2026-03-17,PKD,PENUKONDA,32.0,2259
12628,2026-03-17,HUP,HINDUPUR,36.0,2296
12628,2026-03-17,YNK,YELHANKA JN,39.0,2379
12628,2026-03-17,BNC,BANGALORE CANT,35.0,2402
12628,2026-03-17,SBC,KSR BANGALORE CY JN,-19.0,2406
12628,2026-03-18,NDLS,NEW DELHI,0.0,0
12628,2026-03-18,MTJ,MATHURA JN,48.0,141
12628,2026-03-18,AGC,AGRA CANTT,48.0,195
12628,2026-03-18,GWL,GWALIOR,33.0,313
12628,2026-03-18,VGLJ,V LAKSHMIBAI JHANSI,17.0,410
12628,2026-03-18,BINA,BINA JN,8.0,563
12628,2026-03-18,BPL,BHOPAL JN,8.0,701
12628,2026-03-18,ET,ITARSI JN,1.0,793
12628,2026-03-18,KNW,KHANDWA,0.0,976
12628,2026-03-18,BAU,BURHANPUR,16.0,1045
12628,2026-03-18,BSL,BHUSAVAL JN,8.0,1100
12628,2026-03-18,JL,JALGAON JN,7.0,1124
12628,2026-03-18,MMR,MANMAD JN,1.0,1284
12628,2026-03-18,KPG,KOPARGAON,2.0,1326
12628,2026-03-18,BAP,BELAPUR,16.0,1370
12628,2026-03-18,ANG,AHMADNAGAR,14.0,1437
12628,2026-03-18,DD,DAUND JN,23.0,1520
12628,2026-03-18,KWV,KURDUVADI,60.0,1630
12628,2026-03-18,SUR,SOLAPUR JN,40.0,1708
12628,2026-03-18,KLBG,KALABURAGI JN,64.0,1821
12628,2026-03-18,WADI,WADI,25.0,1858
12628,2026-03-18,YG,YADGIR,26.0,1897
12628,2026-03-18,RC,RAICHUR,13.0,1965
12628,2026-03-18,MALM,MANTHRALAYAM RD,13.0,1994
12628,2026-03-18,AD,ADONI,13.0,2035
12628,2026-03-18,GTL,GUNTAKAL JN,41.0,2086
12628,2026-03-18,ATP,ANANTAPUR,5.0,2172
12628,2026-03-18,DMM,DHARMAVARAM JN,14.0,2205
12628,2026-03-18,SSPN,SAI P NILAYAM,32.0,2238
12628,2026-03-18,PKD,PENUKONDA,36.0,2259
12628,2026-03-18,HUP,HINDUPUR,53.0,2296
12628,2026-03-18,YNK,YELHANKA JN,33.0,2379
12628,2026-03-18,BNC,BANGALORE CANT,43.0,2402
12628,2026-03-18,SBC,KSR BANGALORE CY JN,-13.0,2406
12628,2026-03-19,NDLS,NEW DELHI,1.0,0
12628,2026-03-19,MTJ,MATHURA JN,33.0,141
12628,2026-03-19,AGC,AGRA CANTT,22.0,195
12628,2026-03-19,GWL,GWALIOR,0.0,313
12628,2026-03-19,VGLJ,V LAKSHMIBAI JHANSI,10.0,410
12628,2026-03-19,BINA,BINA JN,0.0,563
12628,2026-03-19,BPL,BHOPAL JN,8.0,701
12628,2026-03-19,ET,ITARSI JN,0.0,793
12628,2026-03-19,KNW,KHANDWA,0.0,976
12628,2026-03-19,BAU,BURHANPUR,24.0,1045
12628,2026-03-19,BSL,BHUSAVAL JN,18.0,1100
12628,2026-03-19,JL,JALGAON JN,29.0,1124
12628,2026-03-19,MMR,MANMAD JN,18.0,1284
12628,2026-03-19,KPG,KOPARGAON,5.0,1326
12628,2026-03-19,BAP,BELAPUR,12.0,1370
12628,2026-03-19,ANG,AHMADNAGAR,0.0,1437
12628,2026-03-19,DD,DAUND JN,7.0,1520
12628,2026-03-19,KWV,KURDUVADI,44.0,1630
12628,2026-03-19,SUR,SOLAPUR JN,15.0,1708
12628,2026-03-19,KLBG,KALABURAGI JN,51.0,1821
12628,2026-03-19,WADI,WADI,31.0,1858
12628,2026-03-19,YG,YADGIR,35.0,1897
12628,2026-03-19,RC,RAICHUR,45.0,1965
12628,2026-03-19,MALM,MANTHRALAYAM RD,46.0,1994
12628,2026-03-19,AD,ADONI,49.0,2035
12628,2026-03-19,GTL,GUNTAKAL JN,36.0,2086
12628,2026-03-19,ATP,ANANTAPUR,36.0,2172
12628,2026-03-19,DMM,DHARMAVARAM JN,28.0,2205
12628,2026-03-19,SSPN,SAI P NILAYAM,36.0,2238
12628,2026-03-19,PKD,PENUKONDA,37.0,2259
12628,2026-03-19,HUP,HINDUPUR,42.0,2296
12628,2026-03-19,YNK,YELHANKA JN,19.0,2379
12628,2026-03-19,BNC,BANGALORE CANT,22.0,2402
12628,2026-03-19,SBC,KSR BANGALORE CY JN,-32.0,2406
12628,2026-03-20,NDLS,NEW DELHI,3.0,0
12628,2026-03-20,MTJ,MATHURA JN,39.0,141
12628,2026-03-20,AGC,AGRA CANTT,123.0,195
12628,2026-03-20,GWL,GWALIOR,87.0,313
12628,2026-03-20,VGLJ,V LAKSHMIBAI JHANSI,74.0,410
12628,2026-03-20,BINA,BINA JN,73.0,563
12628,2026-03-20,BPL,BHOPAL JN,85.0,701
12628,2026-03-20,ET,ITARSI JN,70.0,793
12628,2026-03-20,KNW,KHANDWA,62.0,976
12628,2026-03-20,BAU,BURHANPUR,71.0,1045
12628,2026-03-20,BSL,BHUSAVAL JN,55.0,1100
12628,2026-03-20,JL,JALGAON JN,59.0,1124
12628,2026-03-20,MMR,MANMAD JN,65.0,1284
12628,2026-03-20,KPG,KOPARGAON,51.0,1326
12628,2026-03-20,BAP,BELAPUR,58.0,1370
12628,2026-03-20,ANG,AHMADNAGAR,44.0,1437
12628,2026-03-20,DD,DAUND JN,87.0,1520
12628,2026-03-20,KWV,KURDUVADI,115.0,1630
12628,2026-03-20,SUR,SOLAPUR JN,84.0,1708
12628,2026-03-20,KLBG,KALABURAGI JN,99.0,1821
12628,2026-03-20,WADI,WADI,83.0,1858
12628,2026-03-20,YG,YADGIR,87.0,1897
12628,2026-03-20,RC,RAICHUR,76.0,1965
12628,2026-03-20,MALM,MANTHRALAYAM RD,76.0,1994
12628,2026-03-20,AD,ADONI,80.0,2035
12628,2026-03-20,GTL,GUNTAKAL JN,85.0,2086
12628,2026-03-20,ATP,ANANTAPUR,83.0,2172
12628,2026-03-20,DMM,DHARMAVARAM JN,64.0,2205
12628,2026-03-20,SSPN,SAI P NILAYAM,75.0,2238
12628,2026-03-20,PKD,PENUKONDA,73.0,2259
12628,2026-03-20,HUP,HINDUPUR,78.0,2296
12628,2026-03-20,YNK,YELHANKA JN,60.0,2379
12628,2026-03-20,BNC,BANGALORE CANT,53.0,2402
12628,2026-03-20,SBC,KSR BANGALORE CY JN,-2.0,2406
12628,2026-03-21,NDLS,NEW DELHI,1.0,0
12628,2026-03-21,MTJ,MATHURA JN,15.0,141
12628,2026-03-21,AGC,AGRA CANTT,4.0,195
12628,2026-03-21,GWL,GWALIOR,5.0,313
12628,2026-03-21,VGLJ,V LAKSHMIBAI JHANSI,0.0,410
12628,2026-03-21,BINA,BINA JN,8.0,563
12628,2026-03-21,BPL,BHOPAL JN,13.0,701
12628,2026-03-21,ET,ITARSI JN,0.0,793
12628,2026-03-21,KNW,KHANDWA,0.0,976
12628,2026-03-21,BAU,BURHANPUR,6.0,1045
12628,2026-03-21,BSL,BHUSAVAL JN,1.0,1100
12628,2026-03-21,JL,JALGAON JN,3.0,1124
12628,2026-03-21,MMR,MANMAD JN,14.0,1284
12628,2026-03-21,KPG,KOPARGAON,5.0,1326
12628,2026-03-21,BAP,BELAPUR,7.0,1370
12628,2026-03-21,ANG,AHMADNAGAR,7.0,1437
12628,2026-03-21,DD,DAUND JN,7.0,1520
12628,2026-03-21,KWV,KURDUVADI,58.0,1630
12628,2026-03-21,SUR,SOLAPUR JN,36.0,1708
12628,2026-03-21,KLBG,KALABURAGI JN,41.0,1821
12628,2026-03-21,WADI,WADI,18.0,1858
12628,2026-03-21,YG,YADGIR,18.0,1897
12628,2026-03-21,RC,RAICHUR,0.0,1965
12628,2026-03-21,MALM,MANTHRALAYAM RD,0.0,1994
12628,2026-03-21,AD,ADONI,0.0,2035
12628,2026-03-21,GTL,GUNTAKAL JN,0.0,2086
12628,2026-03-21,ATP,ANANTAPUR,0.0,2172
12628,2026-03-21,DMM,DHARMAVARAM JN,0.0,2205
12628,2026-03-21,SSPN,SAI P NILAYAM,0.0,2238
12628,2026-03-21,PKD,PENUKONDA,0.0,2259
12628,2026-03-21,HUP,HINDUPUR,0.0,2296
12628,2026-03-21,YNK,YELHANKA JN,0.0,2379
12628,2026-03-21,BNC,BANGALORE CANT,34.0,2402
12628,2026-03-21,SBC,KSR BANGALORE CY JN,-17.0,2406
12628,2026-03-22,NDLS,NEW DELHI,0.0,0
12628,2026-03-22,MTJ,MATHURA JN,8.0,141
12628,2026-03-22,AGC,AGRA CANTT,9.0,195
12628,2026-03-22,GWL,GWALIOR,19.0,313
12628,2026-03-22,VGLJ,V LAKSHMIBAI JHANSI,4.0,410
12628,2026-03-22,BINA,BINA JN,11.0,563
12628,2026-03-22,BPL,BHOPAL JN,8.0,701
12628,2026-03-22,ET,ITARSI JN,0.0,793
12628,2026-03-22,KNW,KHANDWA,0.0,976
12628,2026-03-22,BAU,BURHANPUR,13.0,1045
12628,2026-03-22,BSL,BHUSAVAL JN,15.0,1100
12628,2026-03-22,JL,JALGAON JN,15.0,1124
12628,2026-03-22,MMR,MANMAD JN,24.0,1284
12628,2026-03-22,KPG,KOPARGAON,16.0,1326
12628,2026-03-22,BAP,BELAPUR,17.0,1370
12628,2026-03-22,ANG,AHMADNAGAR,17.0,1437
12628,2026-03-22,DD,DAUND JN,12.0,1520
12628,2026-03-22,KWV,KURDUVADI,41.0,1630
12628,2026-03-22,SUR,SOLAPUR JN,18.0,1708
12628,2026-03-22,KLBG,KALABURAGI JN,60.0,1821
12628,2026-03-22,WADI,WADI,25.0,1858
12628,2026-03-22,YG,YADGIR,21.0,1897
12628,2026-03-22,RC,RAICHUR,7.0,1965
12628,2026-03-22,MALM,MANTHRALAYAM RD,6.0,1994
12628,2026-03-22,AD,ADONI,2.0,2035
12628,2026-03-22,GTL,GUNTAKAL JN,14.0,2086
12628,2026-03-22,ATP,ANANTAPUR,20.0,2172
12628,2026-03-22,DMM,DHARMAVARAM JN,13.0,2205
12628,2026-03-22,SSPN,SAI P NILAYAM,35.0,2238
12628,2026-03-22,PKD,PENUKONDA,40.0,2259
12628,2026-03-22,HUP,HINDUPUR,45.0,2296
12628,2026-03-22,YNK,YELHANKA JN,34.0,2379
12628,2026-03-22,BNC,BANGALORE CANT,3.0,2402
12628,2026-03-22,SBC,KSR BANGALORE CY JN,-22.0,2406
12628,2026-03-23,NDLS,NEW DELHI,0.0,0
12628,2026-03-23,MTJ,MATHURA JN,25.0,141
12628,2026-03-23,AGC,AGRA CANTT,14.0,195
12628,2026-03-23,GWL,GWALIOR,0.0,313
12628,2026-03-23,VGLJ,V LAKSHMIBAI JHANSI,0.0,410
12628,2026-03-23,BINA,BINA JN,6.0,563
12628,2026-03-23,BPL,BHOPAL JN,9.0,701
12628,2026-03-23,ET,ITARSI JN,4.0,793
12628,2026-03-23,KNW,KHANDWA,12.0,976
12628,2026-03-23,BAU,BURHANPUR,27.0,1045
12628,2026-03-23,BSL,BHUSAVAL JN,15.0,1100
12628,2026-03-23,JL,JALGAON JN,13.0,1124
12628,2026-03-23,MMR,MANMAD JN,15.0,1284
12628,2026-03-23,KPG,KOPARGAON,8.0,1326
12628,2026-03-23,BAP,BELAPUR,10.0,1370
12628,2026-03-23,ANG,AHMADNAGAR,13.0,1437
12628,2026-03-23,DD,DAUND JN,26.0,1520
12628,2026-03-23,KWV,KURDUVADI,48.0,1630
12628,2026-03-23,SUR,SOLAPUR JN,36.0,1708
12628,2026-03-23,KLBG,KALABURAGI JN,48.0,1821
12628,2026-03-23,WADI,WADI,15.0,1858
12628,2026-03-23,YG,YADGIR,27.0,1897
12628,2026-03-23,RC,RAICHUR,34.0,1965
12628,2026-03-23,MALM,MANTHRALAYAM RD,37.0,1994
12628,2026-03-23,AD,ADONI,39.0,2035
12628,2026-03-23,GTL,GUNTAKAL JN,35.0,2086
12628,2026-03-23,ATP,ANANTAPUR,35.0,2172
12628,2026-03-23,DMM,DHARMAVARAM JN,17.0,2205
12628,2026-03-23,SSPN,SAI P NILAYAM,24.0,2238
12628,2026-03-23,PKD,PENUKONDA,26.0,2259
12628,2026-03-23,HUP,HINDUPUR,31.0,2296
12628,2026-03-23,YNK,YELHANKA JN,28.0,2379
12628,2026-03-23,BNC,BANGALORE CANT,41.0,2402
12628,2026-03-23,SBC,KSR BANGALORE CY JN,-11.0,2406
12628,2026-03-24,NDLS,NEW DELHI,1.0,0
12628,2026-03-24,MTJ,MATHURA JN,23.0,141
12628,2026-03-24,AGC,AGRA CANTT,8.0,195
12628,2026-03-24,GWL,GWALIOR,10.0,313
12628,2026-03-24,VGLJ,V LAKSHMIBAI JHANSI,12.0,410
12628,2026-03-24,BINA,BINA JN,0.0,563
12628,2026-03-24,BPL,BHOPAL JN,6.0,701
12628,2026-03-24,ET,ITARSI JN,10.0,793
12628,2026-03-24,KNW,KHANDWA,0.0,976
12628,2026-03-24,BAU,BURHANPUR,29.0,1045
12628,2026-03-24,BSL,BHUSAVAL JN,20.0,1100
12628,2026-03-24,JL,JALGAON JN,18.0,1124
12628,2026-03-24,MMR,MANMAD JN,21.0,1284
12628,2026-03-24,KPG,KOPARGAON,17.0,1326
12628,2026-03-24,BAP,BELAPUR,28.0,1370
12628,2026-03-24,ANG,AHMADNAGAR,35.0,1437
12628,2026-03-24,DD,DAUND JN,39.0,1520
12628,2026-03-24,KWV,KURDUVADI,39.0,1630
12628,2026-03-24,SUR,SOLAPUR JN,14.0,1708
12628,2026-03-24,KLBG,KALABURAGI JN,20.0,1821
12628,2026-03-24,WADI,WADI,1.0,1858
12628,2026-03-24,YG,YADGIR,0.0,1897
12628,2026-03-24,RC,RAICHUR,4.0,1965
12628,2026-03-24,MALM,MANTHRALAYAM RD,8.0,1994
12628,2026-03-24,AD,ADONI,8.0,2035
12628,2026-03-24,GTL,GUNTAKAL JN,11.0,2086
12628,2026-03-24,ATP,ANANTAPUR,14.0,2172
12628,2026-03-24,DMM,DHARMAVARAM JN,3.0,2205
12628,2026-03-24,SSPN,SAI P NILAYAM,12.0,2238
12628,2026-03-24,PKD,PENUKONDA,15.0,2259
12628,2026-03-24,HUP,HINDUPUR,21.0,2296
12628,2026-03-24,YNK,YELHANKA JN,10.0,2379
12628,2026-03-24,BNC,BANGALORE CANT,27.0,2402
12628,2026-03-24,SBC,KSR BANGALORE CY JN,-27.0,2406
12628,2026-03-25,NDLS,NEW DELHI,2.0,0
12628,2026-03-25,MTJ,MATHURA JN,19.0,141
12628,2026-03-25,AGC,AGRA CANTT,5.0,195
12628,2026-03-25,GWL,GWALIOR,2.0,313
12628,2026-03-25,VGLJ,V LAKSHMIBAI JHANSI,7.0,410
12628,2026-03-25,BINA,BINA JN,9.0,563
12628,2026-03-25,BPL,BHOPAL JN,7.0,701
12628,2026-03-25,ET,ITARSI JN,0.0,793
12628,2026-03-25,KNW,KHANDWA,9.0,976
12628,2026-03-25,BAU,BURHANPUR,16.0,1045
12628,2026-03-25,BSL,BHUSAVAL JN,11.0,1100
12628,2026-03-25,JL,JALGAON JN,16.0,1124
12628,2026-03-25,MMR,MANMAD JN,30.0,1284
12628,2026-03-25,KPG,KOPARGAON,16.0,1326
12628,2026-03-25,BAP,BELAPUR,25.0,1370
12628,2026-03-25,ANG,AHMADNAGAR,40.0,1437
12628,2026-03-25,DD,DAUND JN,41.0,1520
12628,2026-03-25,KWV,KURDUVADI,65.0,1630
12628,2026-03-25,SUR,SOLAPUR JN,42.0,1708
12628,2026-03-25,KLBG,KALABURAGI JN,47.0,1821
12628,2026-03-25,WADI,WADI,10.0,1858
12628,2026-03-25,YG,YADGIR,11.0,1897
12628,2026-03-25,RC,RAICHUR,2.0,1965
12628,2026-03-25,MALM,MANTHRALAYAM RD,7.0,1994
12628,2026-03-25,AD,ADONI,9.0,2035
12628,2026-03-25,GTL,GUNTAKAL JN,20.0,2086
12628,2026-03-25,ATP,ANANTAPUR,20.0,2172
12628,2026-03-25,DMM,DHARMAVARAM JN,1.0,2205
12628,2026-03-25,SSPN,SAI P NILAYAM,9.0,2238
12628,2026-03-25,PKD,PENUKONDA,13.0,2259
12628,2026-03-25,HUP,HINDUPUR,21.0,2296
12628,2026-03-25,YNK,YELHANKA JN,11.0,2379
12628,2026-03-25,BNC,BANGALORE CANT,29.0,2402
12628,2026-03-25,SBC,KSR BANGALORE CY JN,-24.0,2406
12628,2026-03-26,NDLS,NEW DELHI,2.0,0
12628,2026-03-26,MTJ,MATHURA JN,0.0,141
12628,2026-03-26,AGC,AGRA CANTT,0.0,195
12628,2026-03-26,GWL,GWALIOR,0.0,313
12628,2026-03-26,VGLJ,V LAKSHMIBAI JHANSI,0.0,410
12628,2026-03-26,BINA,BINA JN,0.0,563
12628,2026-03-26,BPL,BHOPAL JN,0.0,701
12628,2026-03-26,ET,ITARSI JN,4.0,793
12628,2026-03-26,KNW,KHANDWA,1.0,976
12628,2026-03-26,BAU,BURHANPUR,8.0,1045
12628,2026-03-26,BSL,BHUSAVAL JN,0.0,1100
12628,2026-03-26,JL,JALGAON JN,0.0,1124
12628,2026-03-26,MMR,MANMAD JN,1.0,1284
12628,2026-03-26,KPG,KOPARGAON,1.0,1326
12628,2026-03-26,BAP,BELAPUR,12.0,1370
12628,2026-03-26,ANG,AHMADNAGAR,27.0,1437
12628,2026-03-26,DD,DAUND JN,27.0,1520
12628,2026-03-26,KWV,KURDUVADI,50.0,1630
12628,2026-03-26,SUR,SOLAPUR JN,28.0,1708
12628,2026-03-26,KLBG,KALABURAGI JN,25.0,1821
12628,2026-03-26,WADI,WADI,1.0,1858
12628,2026-03-26,YG,YADGIR,0.0,1897
12628,2026-03-26,RC,RAICHUR,7.0,1965
12628,2026-03-26,MALM,MANTHRALAYAM RD,5.0,1994
12628,2026-03-26,AD,ADONI,5.0,2035
12628,2026-03-26,GTL,GUNTAKAL JN,8.0,2086
12628,2026-03-26,ATP,ANANTAPUR,8.0,2172
12628,2026-03-26,DMM,DHARMAVARAM JN,1.0,2205
12628,2026-03-26,SSPN,SAI P NILAYAM,7.0,2238
12628,2026-03-26,PKD,PENUKONDA,10.0,2259
12628,2026-03-26,HUP,HINDUPUR,17.0,2296
12628,2026-03-26,YNK,YELHANKA JN,27.0,2379
12628,2026-03-26,BNC,BANGALORE CANT,46.0,2402
12628,2026-03-26,SBC,KSR BANGALORE CY JN,-7.0,2406
12628,2026-03-27,NDLS,NEW DELHI,0.0,0
12628,2026-03-27,MTJ,MATHURA JN,19.0,141
12628,2026-03-27,AGC,AGRA CANTT,5.0,195
12628,2026-03-27,GWL,GWALIOR,0.0,313
12628,2026-03-27,VGLJ,V LAKSHMIBAI JHANSI,0.0,410
12628,2026-03-27,BINA,BINA JN,0.0,563
12628,2026-03-27,BPL,BHOPAL JN,0.0,701
12628,2026-03-27,ET,ITARSI JN,7.0,793
12628,2026-03-27,KNW,KHANDWA,3.0,976
12628,2026-03-27,BAU,BURHANPUR,3.0,1045
12628,2026-03-27,BSL,BHUSAVAL JN,5.0,1100
12628,2026-03-27,JL,JALGAON JN,3.0,1124
12628,2026-03-27,MMR,MANMAD JN,2.0,1284
12628,2026-03-27,KPG,KOPARGAON,3.0,1326
12628,2026-03-27,BAP,BELAPUR,18.0,1370
12628,2026-03-27,ANG,AHMADNAGAR,48.0,1437
12628,2026-03-27,DD,DAUND JN,58.0,1520
12628,2026-03-27,KWV,KURDUVADI,66.0,1630
12628,2026-03-27,SUR,SOLAPUR JN,47.0,1708
12628,2026-03-27,KLBG,KALABURAGI JN,51.0,1821
12628,2026-03-27,WADI,WADI,13.0,1858
12628,2026-03-27,YG,YADGIR,11.0,1897
12628,2026-03-27,RC,RAICHUR,12.0,1965
12628,2026-03-27,MALM,MANTHRALAYAM RD,12.0,1994
12628,2026-03-27,AD,ADONI,8.0,2035
12628,2026-03-27,GTL,GUNTAKAL JN,3.0,2086
12628,2026-03-27,ATP,ANANTAPUR,14.0,2172
12628,2026-03-27,DMM,DHARMAVARAM JN,1.0,2205
12628,2026-03-27,SSPN,SAI P NILAYAM,8.0,2238
12628,2026-03-27,PKD,PENUKONDA,12.0,2259
12628,2026-03-27,HUP,HINDUPUR,20.0,2296
12628,2026-03-27,YNK,YELHANKA JN,1.0,2379
12628,2026-03-27,BNC,BANGALORE CANT,28.0,2402
12628,2026-03-27,SBC,KSR BANGALORE CY JN,-26.0,2406
12628,2026-03-28,NDLS,NEW DELHI,3.0,0
12628,2026-03-28,MTJ,MATHURA JN,27.0,141
12628,2026-03-28,AGC,AGRA CANTT,16.0,195
12628,2026-03-28,GWL,GWALIOR,14.0,313
12628,2026-03-28,VGLJ,V LAKSHMIBAI JHANSI,0.0,410
12628,2026-03-28,BINA,BINA JN,0.0,563
12628,2026-03-28,BPL,BHOPAL JN,0.0,701
12628,2026-03-28,ET,ITARSI JN,2.0,793
12628,2026-03-28,KNW,KHANDWA,0.0,976
12628,2026-03-28,BAU,BURHANPUR,15.0,1045
12628,2026-03-28,BSL,BHUSAVAL JN,11.0,1100
12628,2026-03-28,JL,JALGAON JN,20.0,1124
12628,2026-03-28,MMR,MANMAD JN,19.0,1284
12628,2026-03-28,KPG,KOPARGAON,10.0,1326
12628,2026-03-28,BAP,BELAPUR,21.0,1370
12628,2026-03-28,ANG,AHMADNAGAR,12.0,1437
12628,2026-03-28,DD,DAUND JN,22.0,1520
12628,2026-03-28,KWV,KURDUVADI,56.0,1630
12628,2026-03-28,SUR,SOLAPUR JN,53.0,1708
12628,2026-03-28,KLBG,KALABURAGI JN,56.0,1821
12628,2026-03-28,WADI,WADI,23.0,1858
12628,2026-03-28,YG,YADGIR,23.0,1897
12628,2026-03-28,RC,RAICHUR,16.0,1965
12628,2026-03-28,MALM,MANTHRALAYAM RD,19.0,1994
12628,2026-03-28,AD,ADONI,24.0,2035
12628,2026-03-28,GTL,GUNTAKAL JN,15.0,2086
12628,2026-03-28,ATP,ANANTAPUR,21.0,2172
12628,2026-03-28,DMM,DHARMAVARAM JN,0.0,2205
12628,2026-03-28,SSPN,SAI P NILAYAM,15.0,2238
12628,2026-03-28,PKD,PENUKONDA,14.0,2259
12628,2026-03-28,HUP,HINDUPUR,24.0,2296
12628,2026-03-28,YNK,YELHANKA JN,17.0,2379
12628,2026-03-28,BNC,BANGALORE CANT,38.0,2402
12628,2026-03-28,SBC,KSR BANGALORE CY JN,-1.0,2406
12628,2026-03-29,NDLS,NEW DELHI,2.0,0
12628,2026-03-29,MTJ,MATHURA JN,28.0,141
12628,2026-03-29,AGC,AGRA CANTT,20.0,195
12628,2026-03-29,GWL,GWALIOR,1.0,313
12628,2026-03-29,VGLJ,V LAKSHMIBAI JHANSI,0.0,410
12628,2026-03-29,BINA,BINA JN,4.0,563
12628,2026-03-29,BPL,BHOPAL JN,11.0,701
12628,2026-03-29,ET,ITARSI JN,1.0,793
12628,2026-03-29,KNW,KHANDWA,18.0,976
12628,2026-03-29,BAU,BURHANPUR,27.0,1045
12628,2026-03-29,BSL,BHUSAVAL JN,18.0,1100
12628,2026-03-29,JL,JALGAON JN,20.0,1124
12628,2026-03-29,MMR,MANMAD JN,13.0,1284
12628,2026-03-29,KPG,KOPARGAON,5.0,1326
12628,2026-03-29,BAP,BELAPUR,28.0,1370
12628,2026-03-29,ANG,AHMADNAGAR,30.0,1437
12628,2026-03-29,DD,DAUND JN,44.0,1520
12628,2026-03-29,KWV,KURDUVADI,49.0,1630
12628,2026-03-29,SUR,SOLAPUR JN,41.0,1708
12628,2026-03-29,KLBG,KALABURAGI JN,62.0,1821
12628,2026-03-29,WADI,WADI,25.0,1858
12628,2026-03-29,YG,YADGIR,38.0,1897
12628,2026-03-29,RC,RAICHUR,30.0,1965
12628,2026-03-29,MALM,MANTHRALAYAM RD,33.0,1994
12628,2026-03-29,AD,ADONI,27.0,2035
12628,2026-03-29,GTL,GUNTAKAL JN,24.0,2086
12628,2026-03-29,ATP,ANANTAPUR,30.0,2172
12628,2026-03-29,DMM,DHARMAVARAM JN,15.0,2205
12628,2026-03-29,SSPN,SAI P NILAYAM,21.0,2238
12628,2026-03-29,PKD,PENUKONDA,23.0,2259
12628,2026-03-29,HUP,HINDUPUR,29.0,2296
12628,2026-03-29,YNK,YELHANKA JN,6.0,2379
12628,2026-03-29,BNC,BANGALORE CANT,21.0,2402
12628,2026-03-29,SBC,KSR BANGALORE CY JN,-33.0,2406
12628,2026-03-30,NDLS,NEW DELHI,0.0,0
12628,2026-03-30,MTJ,MATHURA JN,39.0,141
12628,2026-03-30,AGC,AGRA CANTT,30.0,195
12628,2026-03-30,GWL,GWALIOR,10.0,313
12628,2026-03-30,VGLJ,V LAKSHMIBAI JHANSI,0.0,410
12628,2026-03-30,BINA,BINA JN,4.0,563
12628,2026-03-30,BPL,BHOPAL JN,10.0,701
12628,2026-03-30,ET,ITARSI JN,0.0,793
12628,2026-03-30,KNW,KHANDWA,5.0,976
12628,2026-03-30,BAU,BURHANPUR,10.0,1045
12628,2026-03-30,BSL,BHUSAVAL JN,1.0,1100
12628,2026-03-30,JL,JALGAON JN,1.0,1124
12628,2026-03-30,MMR,MANMAD JN,16.0,1284
12628,2026-03-30,KPG,KOPARGAON,6.0,1326
12628,2026-03-30,BAP,BELAPUR,7.0,1370
12628,2026-03-30,ANG,AHMADNAGAR,1.0,1437
12628,2026-03-30,DD,DAUND JN,18.0,1520
12628,2026-03-30,KWV,KURDUVADI,52.0,1630
12628,2026-03-30,SUR,SOLAPUR JN,37.0,1708
12628,2026-03-30,KLBG,KALABURAGI JN,39.0,1821
12628,2026-03-30,WADI,WADI,2.0,1858
12628,2026-03-30,YG,YADGIR,1.0,1897
12628,2026-03-30,RC,RAICHUR,0.0,1965
12628,2026-03-30,MALM,MANTHRALAYAM RD,0.0,1994
12628,2026-03-30,AD,ADONI,0.0,2035
12628,2026-03-30,GTL,GUNTAKAL JN,0.0,2086
12628,2026-03-30,ATP,ANANTAPUR,11.0,2172
12628,2026-03-30,DMM,DHARMAVARAM JN,3.0,2205
12628,2026-03-30,SSPN,SAI P NILAYAM,9.0,2238
12628,2026-03-30,PKD,PENUKONDA,10.0,2259
12628,2026-03-30,HUP,HINDUPUR,15.0,2296
12628,2026-03-30,YNK,YELHANKA JN,4.0,2379
12628,2026-03-30,BNC,BANGALORE CANT,38.0,2402
12628,2026-03-30,SBC,KSR BANGALORE CY JN,-13.0,2406
12628,2026-03-31,NDLS,NEW DELHI,1.0,0
12628,2026-03-31,MTJ,MATHURA JN,15.0,141
12628,2026-03-31,AGC,AGRA CANTT,16.0,195
12628,2026-03-31,GWL,GWALIOR,6.0,313
12628,2026-03-31,VGLJ,V LAKSHMIBAI JHANSI,0.0,410
12628,2026-03-31,BINA,BINA JN,9.0,563
12628,2026-03-31,BPL,BHOPAL JN,13.0,701
12628,2026-03-31,ET,ITARSI JN,7.0,793
12628,2026-03-31,KNW,KHANDWA,1.0,976
12628,2026-03-31,BAU,BURHANPUR,15.0,1045
12628,2026-03-31,BSL,BHUSAVAL JN,30.0,1100
12628,2026-03-31,JL,JALGAON JN,30.0,1124
12628,2026-03-31,MMR,MANMAD JN,35.0,1284
12628,2026-03-31,KPG,KOPARGAON,18.0,1326
12628,2026-03-31,BAP,BELAPUR,30.0,1370
12628,2026-03-31,ANG,AHMADNAGAR,23.0,1437
12628,2026-03-31,DD,DAUND JN,24.0,1520
12628,2026-03-31,KWV,KURDUVADI,43.0,1630
12628,2026-03-31,SUR,SOLAPUR JN,21.0,1708
12628,2026-03-31,KLBG,KALABURAGI JN,49.0,1821
12628,2026-03-31,WADI,WADI,23.0,1858
12628,2026-03-31,YG,YADGIR,21.0,1897
12628,2026-03-31,RC,RAICHUR,13.0,1965
12628,2026-03-31,MALM,MANTHRALAYAM RD,14.0,1994
12628,2026-03-31,AD,ADONI,9.0,2035
12628,2026-03-31,GTL,GUNTAKAL JN,9.0,2086
12628,2026-03-31,ATP,ANANTAPUR,19.0,2172
12628,2026-03-31,DMM,DHARMAVARAM JN,1.0,2205
12628,2026-03-31,SSPN,SAI P NILAYAM,10.0,2238
12628,2026-03-31,PKD,PENUKONDA,14.0,2259
12628,2026-03-31,HUP,HINDUPUR,22.0,2296
12628,2026-03-31,YNK,YELHANKA JN,7.0,2379
12628,2026-03-31,BNC,BANGALORE CANT,0.0,2402
12628,2026-03-31,SBC,KSR BANGALORE CY JN,-28.0,2406
12628,2026-04-01,NDLS,NEW DELHI,7.0,0
12628,2026-04-01,MTJ,MATHURA JN,26.0,141
12628,2026-04-01,AGC,AGRA CANTT,25.0,195
12628,2026-04-01,GWL,GWALIOR,1.0,313
12628,2026-04-01,VGLJ,V LAKSHMIBAI JHANSI,2.0,410
12628,2026-04-01,BINA,BINA JN,1.0,563
12628,2026-04-01,BPL,BHOPAL JN,7.0,701
12628,2026-04-01,ET,ITARSI JN,3.0,793
12628,2026-04-01,KNW,KHANDWA,0.0,976
12628,2026-04-01,BAU,BURHANPUR,31.0,1045
12628,2026-04-01,BSL,BHUSAVAL JN,18.0,1100
12628,2026-04-01,JL,JALGAON JN,25.0,1124
12628,2026-04-01,MMR,MANMAD JN,16.0,1284
12628,2026-04-01,KPG,KOPARGAON,7.0,1326
12628,2026-04-01,BAP,BELAPUR,17.0,1370
12628,2026-04-01,ANG,AHMADNAGAR,42.0,1437
12628,2026-04-01,DD,DAUND JN,40.0,1520
12628,2026-04-01,KWV,KURDUVADI,50.0,1630
12628,2026-04-01,SUR,SOLAPUR JN,20.0,1708
12628,2026-04-01,KLBG,KALABURAGI JN,54.0,1821
12628,2026-04-01,WADI,WADI,22.0,1858
12628,2026-04-01,YG,YADGIR,20.0,1897
12628,2026-04-01,RC,RAICHUR,16.0,1965
12628,2026-04-01,MALM,MANTHRALAYAM RD,18.0,1994
12628,2026-04-01,AD,ADONI,24.0,2035
12628,2026-04-01,GTL,GUNTAKAL JN,29.0,2086
12628,2026-04-01,ATP,ANANTAPUR,22.0,2172
12628,2026-04-01,DMM,DHARMAVARAM JN,1.0,2205
12628,2026-04-01,SSPN,SAI P NILAYAM,18.0,2238
12628,2026-04-01,PKD,PENUKONDA,20.0,2259
12628,2026-04-01,HUP,HINDUPUR,25.0,2296
12628,2026-04-01,YNK,YELHANKA JN,11.0,2379
12628,2026-04-01,BNC,BANGALORE CANT,0.0,2402
12628,2026-04-01,SBC,KSR BANGALORE CY JN,-37.0,2406
12628,2026-04-02,NDLS,NEW DELHI,0.0,0
12628,2026-04-02,MTJ,MATHURA JN,18.0,141
12628,2026-04-02,AGC,AGRA CANTT,15.0,195
12628,2026-04-02,GWL,GWALIOR,1.0,313
12628,2026-04-02,VGLJ,V LAKSHMIBAI JHANSI,1.0,410
12628,2026-04-02,BINA,BINA JN,9.0,563
12628,2026-04-02,BPL,BHOPAL JN,15.0,701
12628,2026-04-02,ET,ITARSI JN,0.0,793
12628,2026-04-02,KNW,KHANDWA,0.0,976
12628,2026-04-02,BAU,BURHANPUR,3.0,1045
12628,2026-04-02,BSL,BHUSAVAL JN,0.0,1100
12628,2026-04-02,JL,JALGAON JN,0.0,1124
12628,2026-04-02,MMR,MANMAD JN,0.0,1284
12628,2026-04-02,KPG,KOPARGAON,0.0,1326
12628,2026-04-02,BAP,BELAPUR,11.0,1370
12628,2026-04-02,ANG,AHMADNAGAR,9.0,1437
12628,2026-04-02,DD,DAUND JN,47.0,1520
12628,2026-04-02,KWV,KURDUVADI,47.0,1630
12628,2026-04-02,SUR,SOLAPUR JN,23.0,1708
12628,2026-04-02,KLBG,KALABURAGI JN,81.0,1821
12628,2026-04-02,WADI,WADI,39.0,1858
12628,2026-04-02,YG,YADGIR,44.0,1897
12628,2026-04-02,RC,RAICHUR,41.0,1965
12628,2026-04-02,MALM,MANTHRALAYAM RD,43.0,1994
12628,2026-04-02,AD,ADONI,40.0,2035
12628,2026-04-02,GTL,GUNTAKAL JN,30.0,2086
12628,2026-04-02,ATP,ANANTAPUR,34.0,2172
12628,2026-04-02,DMM,DHARMAVARAM JN,11.0,2205
12628,2026-04-02,SSPN,SAI P NILAYAM,18.0,2238
12628,2026-04-02,PKD,PENUKONDA,20.0,2259
12628,2026-04-02,HUP,HINDUPUR,26.0,2296
12628,2026-04-02,YNK,YELHANKA JN,12.0,2379
12628,2026-04-02,BNC,BANGALORE CANT,30.0,2402
12628,2026-04-02,SBC,KSR BANGALORE CY JN,-19.0,2406
12628,2026-04-03,NDLS,NEW DELHI,1.0,0
12628,2026-04-03,MTJ,MATHURA JN,23.0,141
12628,2026-04-03,AGC,AGRA CANTT,25.0,195
12628,2026-04-03,GWL,GWALIOR,1.0,313
12628,2026-04-03,VGLJ,V LAKSHMIBAI JHANSI,0.0,410
12628,2026-04-03,BINA,BINA JN,0.0,563
12628,2026-04-03,BPL,BHOPAL JN,2.0,701
12628,2026-04-03,ET,ITARSI JN,3.0,793
12628,2026-04-03,KNW,KHANDWA,0.0,976
12628,2026-04-03,BAU,BURHANPUR,0.0,1045
12628,2026-04-03,BSL,BHUSAVAL JN,1.0,1100
12628,2026-04-03,JL,JALGAON JN,4.0,1124
12628,2026-04-03,MMR,MANMAD JN,2.0,1284
12628,2026-04-03,KPG,KOPARGAON,0.0,1326
12628,2026-04-03,BAP,BELAPUR,11.0,1370
12628,2026-04-03,ANG,AHMADNAGAR,7.0,1437
12628,2026-04-03,DD,DAUND JN,9.0,1520
12628,2026-04-03,KWV,KURDUVADI,48.0,1630
12628,2026-04-03,SUR,SOLAPUR JN,16.0,1708
12628,2026-04-03,KLBG,KALABURAGI JN,48.0,1821
12628,2026-04-03,WADI,WADI,11.0,1858
12628,2026-04-03,YG,YADGIR,10.0,1897
12628,2026-04-03,RC,RAICHUR,1.0,1965
12628,2026-04-03,MALM,MANTHRALAYAM RD,2.0,1994
12628,2026-04-03,AD,ADONI,1.0,2035
12628,2026-04-03,GTL,GUNTAKAL JN,12.0,2086
12628,2026-04-03,ATP,ANANTAPUR,11.0,2172
12628,2026-04-03,DMM,DHARMAVARAM JN,0.0,2205
12628,2026-04-03,SSPN,SAI P NILAYAM,8.0,2238
12628,2026-04-03,PKD,PENUKONDA,12.0,2259
12628,2026-04-03,HUP,HINDUPUR,19.0,2296
12628,2026-04-03,YNK,YELHANKA JN,47.0,2379
12628,2026-04-03,BNC,BANGALORE CANT,57.0,2402
12628,2026-04-03,SBC,KSR BANGALORE CY JN,3.0,2406
12628,2026-04-04,NDLS,NEW DELHI,0.0,0
12628,2026-04-04,MTJ,MATHURA JN,24.0,141
12628,2026-04-04,AGC,AGRA CANTT,20.0,195
12628,2026-04-04,GWL,GWALIOR,19.0,313
12628,2026-04-04,VGLJ,V LAKSHMIBAI JHANSI,7.0,410
12628,2026-04-04,BINA,BINA JN,1.0,563
12628,2026-04-04,BPL,BHOPAL JN,1.0,701
12628,2026-04-04,ET,ITARSI JN,41.0,793
12628,2026-04-04,KNW,KHANDWA,70.0,976
12628,2026-04-04,BAU,BURHANPUR,71.0,1045
12628,2026-04-04,BSL,BHUSAVAL JN,72.0,1100
12628,2026-04-04,JL,JALGAON JN,73.0,1124
12628,2026-04-04,MMR,MANMAD JN,68.0,1284
12628,2026-04-04,KPG,KOPARGAON,68.0,1326
12628,2026-04-04,BAP,BELAPUR,99.0,1370
12628,2026-04-04,ANG,AHMADNAGAR,104.0,1437
12628,2026-04-04,DD,DAUND JN,107.0,1520
12628,2026-04-04,KWV,KURDUVADI,127.0,1630
12628,2026-04-04,SUR,SOLAPUR JN,98.0,1708
12628,2026-04-04,KLBG,KALABURAGI JN,101.0,1821
12628,2026-04-04,WADI,WADI,62.0,1858
12628,2026-04-04,YG,YADGIR,62.0,1897
12628,2026-04-04,RC,RAICHUR,57.0,1965
12628,2026-04-04,MALM,MANTHRALAYAM RD,60.0,1994
12628,2026-04-04,AD,ADONI,56.0,2035
12628,2026-04-04,GTL,GUNTAKAL JN,55.0,2086
12628,2026-04-04,ATP,ANANTAPUR,50.0,2172
12628,2026-04-04,DMM,DHARMAVARAM JN,31.0,2205
12628,2026-04-04,SSPN,SAI P NILAYAM,37.0,2238
12628,2026-04-04,PKD,PENUKONDA,36.0,2259
12628,2026-04-04,HUP,HINDUPUR,42.0,2296
12628,2026-04-04,YNK,YELHANKA JN,32.0,2379
12628,2026-04-04,BNC,BANGALORE CANT,57.0,2402
12628,2026-04-04,SBC,KSR BANGALORE CY JN,5.0,2406
12628,2026-04-05,NDLS,NEW DELHI,3.0,0
12628,2026-04-05,MTJ,MATHURA JN,29.0,141
12628,2026-04-05,AGC,AGRA CANTT,22.0,195
12628,2026-04-05,GWL,GWALIOR,2.0,313
12628,2026-04-05,VGLJ,V LAKSHMIBAI JHANSI,0.0,410
12628,2026-04-05,BINA,BINA JN,0.0,563
12628,2026-04-05,BPL,BHOPAL JN,13.0,701
12628,2026-04-05,ET,ITARSI JN,0.0,793
12628,2026-04-05,KNW,KHANDWA,0.0,976
12628,2026-04-05,BAU,BURHANPUR,2.0,1045
12628,2026-04-05,BSL,BHUSAVAL JN,1.0,1100
12628,2026-04-05,JL,JALGAON JN,11.0,1124
12628,2026-04-05,MMR,MANMAD JN,18.0,1284
12628,2026-04-05,KPG,KOPARGAON,7.0,1326
12628,2026-04-05,BAP,BELAPUR,22.0,1370
12628,2026-04-05,ANG,AHMADNAGAR,7.0,1437
12628,2026-04-05,DD,DAUND JN,30.0,1520
12628,2026-04-05,KWV,KURDUVADI,66.0,1630
12628,2026-04-05,SUR,SOLAPUR JN,57.0,1708
12628,2026-04-05,KLBG,KALABURAGI JN,86.0,1821
12628,2026-04-05,WADI,WADI,45.0,1858
12628,2026-04-05,YG,YADGIR,46.0,1897
12628,2026-04-05,RC,RAICHUR,48.0,1965
12628,2026-04-05,MALM,MANTHRALAYAM RD,50.0,1994
12628,2026-04-05,AD,ADONI,46.0,2035
12628,2026-04-05,GTL,GUNTAKAL JN,40.0,2086
12628,2026-04-05,ATP,ANANTAPUR,42.0,2172
12628,2026-04-05,DMM,DHARMAVARAM JN,14.0,2205
12628,2026-04-05,SSPN,SAI P NILAYAM,21.0,2238
12628,2026-04-05,PKD,PENUKONDA,23.0,2259
12628,2026-04-05,HUP,HINDUPUR,28.0,2296
12628,2026-04-05,YNK,YELHANKA JN,15.0,2379
12628,2026-04-05,BNC,BANGALORE CANT,21.0,2402
12628,2026-04-05,SBC,KSR BANGALORE CY JN,-7.0,2406
12628,2026-04-06,NDLS,NEW DELHI,1.0,0
12628,2026-04-06,MTJ,MATHURA JN,24.0,141
12628,2026-04-06,AGC,AGRA CANTT,14.0,195
12628,2026-04-06,GWL,GWALIOR,5.0,313
12628,2026-04-06,VGLJ,V LAKSHMIBAI JHANSI,12.0,410
12628,2026-04-06,BINA,BINA JN,1.0,563
12628,2026-04-06,BPL,BHOPAL JN,2.0,701
12628,2026-04-06,ET,ITARSI JN,0.0,793
12628,2026-04-06,KNW,KHANDWA,0.0,976
12628,2026-04-06,BAU,BURHANPUR,15.0,1045
12628,2026-04-06,BSL,BHUSAVAL JN,14.0,1100
12628,2026-04-06,JL,JALGAON JN,11.0,1124
12628,2026-04-06,MMR,MANMAD JN,7.0,1284
12628,2026-04-06,KPG,KOPARGAON,0.0,1326
12628,2026-04-06,BAP,BELAPUR,5.0,1370
12628,2026-04-06,ANG,AHMADNAGAR,0.0,1437
12628,2026-04-06,DD,DAUND JN,20.0,1520
12628,2026-04-06,KWV,KURDUVADI,60.0,1630
12628,2026-04-06,SUR,SOLAPUR JN,46.0,1708
12628,2026-04-06,KLBG,KALABURAGI JN,63.0,1821
12628,2026-04-06,WADI,WADI,17.0,1858
12628,2026-04-06,YG,YADGIR,29.0,1897
12628,2026-04-06,RC,RAICHUR,32.0,1965
12628,2026-04-06,MALM,MANTHRALAYAM RD,35.0,1994
12628,2026-04-06,AD,ADONI,34.0,2035
12628,2026-04-06,GTL,GUNTAKAL JN,35.0,2086
12628,2026-04-06,ATP,ANANTAPUR,29.0,2172
12628,2026-04-06,DMM,DHARMAVARAM JN,10.0,2205
12628,2026-04-06,SSPN,SAI P NILAYAM,17.0,2238
12628,2026-04-06,PKD,PENUKONDA,16.0,2259
12628,2026-04-06,HUP,HINDUPUR,31.0,2296
12628,2026-04-06,YNK,YELHANKA JN,15.0,2379
12628,2026-04-06,BNC,BANGALORE CANT,13.0,2402
12628,2026-04-06,SBC,KSR BANGALORE CY JN,-15.0,2406
12628,2026-04-07,NDLS,NEW DELHI,0.0,0
12628,2026-04-07,MTJ,MATHURA JN,26.0,141
12628,2026-04-07,AGC,AGRA CANTT,19.0,195
12628,2026-04-07,GWL,GWALIOR,1.0,313
12628,2026-04-07,VGLJ,V LAKSHMIBAI JHANSI,0.0,410
12628,2026-04-07,BINA,BINA JN,0.0,563
12628,2026-04-07,BPL,BHOPAL JN,2.0,701
12628,2026-04-07,ET,ITARSI JN,3.0,793
12628,2026-04-07,KNW,KHANDWA,11.0,976
12628,2026-04-07,BAU,BURHANPUR,20.0,1045
12628,2026-04-07,BSL,BHUSAVAL JN,20.0,1100
12628,2026-04-07,JL,JALGAON JN,29.0,1124
12628,2026-04-07,MMR,MANMAD JN,28.0,1284
12628,2026-04-07,KPG,KOPARGAON,18.0,1326
12628,2026-04-07,BAP,BELAPUR,25.0,1370
12628,2026-04-07,ANG,AHMADNAGAR,14.0,1437
12628,2026-04-07,DD,DAUND JN,16.0,1520
12628,2026-04-07,KWV,KURDUVADI,32.0,1630
12628,2026-04-07,SUR,SOLAPUR JN,8.0,1708
12628,2026-04-07,KLBG,KALABURAGI JN,4.0,1821
12628,2026-04-07,WADI,WADI,0.0,1858
12628,2026-04-07,YG,YADGIR,1.0,1897
12628,2026-04-07,RC,RAICHUR,3.0,1965
12628,2026-04-07,MALM,MANTHRALAYAM RD,3.0,1994
12628,2026-04-07,AD,ADONI,5.0,2035
12628,2026-04-07,GTL,GUNTAKAL JN,5.0,2086
12628,2026-04-07,ATP,ANANTAPUR,12.0,2172
12628,2026-04-07,DMM,DHARMAVARAM JN,3.0,2205
12628,2026-04-07,SSPN,SAI P NILAYAM,10.0,2238
12628,2026-04-07,PKD,PENUKONDA,12.0,2259
12628,2026-04-07,HUP,HINDUPUR,27.0,2296
12628,2026-04-07,YNK,YELHANKA JN,4.0,2379
12628,2026-04-07,BNC,BANGALORE CANT,31.0,2402
12628,2026-04-07,SBC,KSR BANGALORE CY JN,-15.0,2406
12628,2026-04-08,NDLS,NEW DELHI,1.0,0
12628,2026-04-08,MTJ,MATHURA JN,20.0,141
12628,2026-04-08,AGC,AGRA CANTT,10.0,195
12628,2026-04-08,GWL,GWALIOR,8.0,313
12628,2026-04-08,VGLJ,V LAKSHMIBAI JHANSI,27.0,410
12628,2026-04-08,BINA,BINA JN,1.0,563
12628,2026-04-08,BPL,BHOPAL JN,1.0,701
12628,2026-04-08,ET,ITARSI JN,13.0,793
12628,2026-04-08,KNW,KHANDWA,5.0,976
12628,2026-04-08,BAU,BURHANPUR,13.0,1045
12628,2026-04-08,BSL,BHUSAVAL JN,2.0,1100
12628,2026-04-08,JL,JALGAON JN,0.0,1124
12628,2026-04-08,MMR,MANMAD JN,1.0,1284
12628,2026-04-08,KPG,KOPARGAON,1.0,1326
12628,2026-04-08,BAP,BELAPUR,15.0,1370
12628,2026-04-08,ANG,AHMADNAGAR,12.0,1437
12628,2026-04-08,DD,DAUND JN,6.0,1520
12628,2026-04-08,KWV,KURDUVADI,31.0,1630
12628,2026-04-08,SUR,SOLAPUR JN,7.0,1708
12628,2026-04-08,KLBG,KALABURAGI JN,1.0,1821
12628,2026-04-08,WADI,WADI,4.0,1858
12628,2026-04-08,YG,YADGIR,7.0,1897
12628,2026-04-08,RC,RAICHUR,10.0,1965
12628,2026-04-08,MALM,MANTHRALAYAM RD,10.0,1994
12628,2026-04-08,AD,ADONI,7.0,2035
12628,2026-04-08,GTL,GUNTAKAL JN,1.0,2086
12628,2026-04-08,ATP,ANANTAPUR,4.0,2172
12628,2026-04-08,DMM,DHARMAVARAM JN,17.0,2205
12628,2026-04-08,SSPN,SAI P NILAYAM,26.0,2238
12628,2026-04-08,PKD,PENUKONDA,29.0,2259
12628,2026-04-08,HUP,HINDUPUR,34.0,2296
12628,2026-04-08,YNK,YELHANKA JN,26.0,2379
12628,2026-04-08,BNC,BANGALORE CANT,45.0,2402
12628,2026-04-08,SBC,KSR BANGALORE CY JN,-1.0,2406
12628,2026-04-09,NDLS,NEW DELHI,0.0,0
12628,2026-04-09,MTJ,MATHURA JN,19.0,141
12628,2026-04-09,AGC,AGRA CANTT,8.0,195
12628,2026-04-09,GWL,GWALIOR,4.0,313
12628,2026-04-09,VGLJ,V LAKSHMIBAI JHANSI,0.0,410
12628,2026-04-09,BINA,BINA JN,0.0,563
12628,2026-04-09,BPL,BHOPAL JN,0.0,701
12628,2026-04-09,ET,ITARSI JN,0.0,793
12628,2026-04-09,KNW,KHANDWA,1.0,976
12628,2026-04-09,BAU,BURHANPUR,8.0,1045
12628,2026-04-09,BSL,BHUSAVAL JN,5.0,1100
12628,2026-04-09,JL,JALGAON JN,7.0,1124
12628,2026-04-09,MMR,MANMAD JN,5.0,1284
12628,2026-04-09,KPG,KOPARGAON,32.0,1326
12628,2026-04-09,BAP,BELAPUR,45.0,1370
12628,2026-04-09,ANG,AHMADNAGAR,51.0,1437
12628,2026-04-09,DD,DAUND JN,45.0,1520
12628,2026-04-09,KWV,KURDUVADI,71.0,1630
12628,2026-04-09,SUR,SOLAPUR JN,57.0,1708
12628,2026-04-09,KLBG,KALABURAGI JN,92.0,1821
12628,2026-04-09,WADI,WADI,68.0,1858
12628,2026-04-09,YG,YADGIR,63.0,1897
12628,2026-04-09,RC,RAICHUR,57.0,1965
12628,2026-04-09,MALM,MANTHRALAYAM RD,58.0,1994
12628,2026-04-09,AD,ADONI,55.0,2035
12628,2026-04-09,GTL,GUNTAKAL JN,51.0,2086
12628,2026-04-09,ATP,ANANTAPUR,51.0,2172
12628,2026-04-09,DMM,DHARMAVARAM JN,35.0,2205
12628,2026-04-09,SSPN,SAI P NILAYAM,41.0,2238
12628,2026-04-09,PKD,PENUKONDA,43.0,2259
12628,2026-04-09,HUP,HINDUPUR,48.0,2296
12628,2026-04-09,YNK,YELHANKA JN,26.0,2379
12628,2026-04-09,BNC,BANGALORE CANT,33.0,2402
12628,2026-04-09,SBC,KSR BANGALORE CY JN,-20.0,2406
12628,2026-04-10,NDLS,NEW DELHI,0.0,0
12628,2026-04-10,MTJ,MATHURA JN,27.0,141
12628,2026-04-10,AGC,AGRA CANTT,25.0,195
12628,2026-04-10,GWL,GWALIOR,22.0,313
12628,2026-04-10,VGLJ,V LAKSHMIBAI JHANSI,13.0,410
12628,2026-04-10,BINA,BINA JN,0.0,563
12628,2026-04-10,BPL,BHOPAL JN,5.0,701
12628,2026-04-10,ET,ITARSI JN,0.0,793
12628,2026-04-10,KNW,KHANDWA,0.0,976
12628,2026-04-10,BAU,BURHANPUR,16.0,1045
12628,2026-04-10,BSL,BHUSAVAL JN,13.0,1100
12628,2026-04-10,JL,JALGAON JN,12.0,1124
12628,2026-04-10,MMR,MANMAD JN,9.0,1284
12628,2026-04-10,KPG,KOPARGAON,4.0,1326
12628,2026-04-10,BAP,BELAPUR,11.0,1370
12628,2026-04-10,ANG,AHMADNAGAR,19.0,1437
12628,2026-04-10,DD,DAUND JN,23.0,1520
12628,2026-04-10,KWV,KURDUVADI,65.0,1630
12628,2026-04-10,SUR,SOLAPUR JN,44.0,1708
12628,2026-04-10,KLBG,KALABURAGI JN,49.0,1821
12628,2026-04-10,WADI,WADI,13.0,1858
12628,2026-04-10,YG,YADGIR,14.0,1897
12628,2026-04-10,RC,RAICHUR,5.0,1965
12628,2026-04-10,MALM,MANTHRALAYAM RD,5.0,1994
12628,2026-04-10,AD,ADONI,0.0,2035
12628,2026-04-10,GTL,GUNTAKAL JN,12.0,2086
12628,2026-04-10,ATP,ANANTAPUR,12.0,2172
12628,2026-04-10,DMM,DHARMAVARAM JN,0.0,2205
12628,2026-04-10,SSPN,SAI P NILAYAM,9.0,2238
12628,2026-04-10,PKD,PENUKONDA,12.0,2259
12628,2026-04-10,HUP,HINDUPUR,18.0,2296
12628,2026-04-10,YNK,YELHANKA JN,0.0,2379
12628,2026-04-10,BNC,BANGALORE CANT,14.0,2402
12628,2026-04-10,SBC,KSR BANGALORE CY JN,-40.0,2406
12628,2026-04-11,NDLS,NEW DELHI,4.0,0
12628,2026-04-11,MTJ,MATHURA JN,25.0,141
12628,2026-04-11,AGC,AGRA CANTT,18.0,195
12628,2026-04-11,GWL,GWALIOR,4.0,313
12628,2026-04-11,VGLJ,V LAKSHMIBAI JHANSI,10.0,410
12628,2026-04-11,BINA,BINA JN,0.0,563
12628,2026-04-11,BPL,BHOPAL JN,4.0,701
12628,2026-04-11,ET,ITARSI JN,0.0,793
12628,2026-04-11,KNW,KHANDWA,43.0,976
12628,2026-04-11,BAU,BURHANPUR,48.0,1045
12628,2026-04-11,BSL,BHUSAVAL JN,32.0,1100
12628,2026-04-11,JL,JALGAON JN,36.0,1124
12628,2026-04-11,MMR,MANMAD JN,30.0,1284
12628,2026-04-11,KPG,KOPARGAON,17.0,1326
12628,2026-04-11,BAP,BELAPUR,19.0,1370
12628,2026-04-11,ANG,AHMADNAGAR,5.0,1437
12628,2026-04-11,DD,DAUND JN,8.0,1520
12628,2026-04-11,KWV,KURDUVADI,20.0,1630
12628,2026-04-11,SUR,SOLAPUR JN,19.0,1708
12628,2026-04-11,KLBG,KALABURAGI JN,44.0,1821
12628,2026-04-11,WADI,WADI,5.0,1858
12628,2026-04-11,YG,YADGIR,4.0,1897
12628,2026-04-11,RC,RAICHUR,1.0,1965
12628,2026-04-11,MALM,MANTHRALAYAM RD,3.0,1994
12628,2026-04-11,AD,ADONI,0.0,2035
12628,2026-04-11,GTL,GUNTAKAL JN,13.0,2086
12628,2026-04-11,ATP,ANANTAPUR,11.0,2172
12628,2026-04-11,DMM,DHARMAVARAM JN,0.0,2205
12628,2026-04-11,SSPN,SAI P NILAYAM,5.0,2238
12628,2026-04-11,PKD,PENUKONDA,6.0,2259
12628,2026-04-11,HUP,HINDUPUR,13.0,2296
12628,2026-04-11,YNK,YELHANKA JN,0.0,2379
12628,2026-04-11,BNC,BANGALORE CANT,1.0,2402
12628,2026-04-11,SBC,KSR BANGALORE CY JN,-52.0,2406
12628,2026-04-12,NDLS,NEW DELHI,1.0,0
12628,2026-04-12,MTJ,MATHURA JN,27.0,141
12628,2026-04-12,AGC,AGRA CANTT,25.0,195
12628,2026-04-12,GWL,GWALIOR,1.0,313
12628,2026-04-12,VGLJ,V LAKSHMIBAI JHANSI,0.0,410
12628,2026-04-12,BINA,BINA JN,0.0,563
12628,2026-04-12,BPL,BHOPAL JN,4.0,701
12628,2026-04-12,ET,ITARSI JN,0.0,793
12628,2026-04-12,KNW,KHANDWA,66.0,976
12628,2026-04-12,BAU,BURHANPUR,71.0,1045
12628,2026-04-12,BSL,BHUSAVAL JN,65.0,1100
12628,2026-04-12,JL,JALGAON JN,62.0,1124
12628,2026-04-12,MMR,MANMAD JN,55.0,1284
12628,2026-04-12,KPG,KOPARGAON,43.0,1326
12628,2026-04-12,BAP,BELAPUR,43.0,1370
12628,2026-04-12,ANG,AHMADNAGAR,31.0,1437
12628,2026-04-12,DD,DAUND JN,15.0,1520
12628,2026-04-12,KWV,KURDUVADI,39.0,1630
12628,2026-04-12,SUR,SOLAPUR JN,22.0,1708
12628,2026-04-12,KLBG,KALABURAGI JN,35.0,1821
12628,2026-04-12,WADI,WADI,1.0,1858
12628,2026-04-12,YG,YADGIR,1.0,1897
12628,2026-04-12,RC,RAICHUR,0.0,1965
12628,2026-04-12,MALM,MANTHRALAYAM RD,1.0,1994
12628,2026-04-12,AD,ADONI,0.0,2035
12628,2026-04-12,GTL,GUNTAKAL JN,1.0,2086
12628,2026-04-12,ATP,ANANTAPUR,12.0,2172
12628,2026-04-12,DMM,DHARMAVARAM JN,20.0,2205
12628,2026-04-12,SSPN,SAI P NILAYAM,30.0,2238
12628,2026-04-12,PKD,PENUKONDA,30.0,2259
12628,2026-04-12,HUP,HINDUPUR,36.0,2296
12628,2026-04-12,YNK,YELHANKA JN,17.0,2379
12628,2026-04-12,BNC,BANGALORE CANT,23.0,2402
12628,2026-04-12,SBC,KSR BANGALORE CY JN,-25.0,2406
12628,2026-04-13,NDLS,NEW DELHI,5.0,0
12628,2026-04-13,MTJ,MATHURA JN,26.0,141
12628,2026-04-13,AGC,AGRA CANTT,25.0,195
12628,2026-04-13,GWL,GWALIOR,22.0,313
12628,2026-04-13,VGLJ,V LAKSHMIBAI JHANSI,15.0,410
12628,2026-04-13,BINA,BINA JN,5.0,563
12628,2026-04-13,BPL,BHOPAL JN,4.0,701
12628,2026-04-13,ET,ITARSI JN,0.0,793
12628,2026-04-13,KNW,KHANDWA,0.0,976
12628,2026-04-13,BAU,BURHANPUR,4.0,1045
12628,2026-04-13,BSL,BHUSAVAL JN,1.0,1100
12628,2026-04-13,JL,JALGAON JN,8.0,1124
12628,2026-04-13,MMR,MANMAD JN,4.0,1284
12628,2026-04-13,KPG,KOPARGAON,0.0,1326
12628,2026-04-13,BAP,BELAPUR,10.0,1370
12628,2026-04-13,ANG,AHMADNAGAR,5.0,1437
12628,2026-04-13,DD,DAUND JN,14.0,1520
12628,2026-04-13,KWV,KURDUVADI,49.0,1630
12628,2026-04-13,SUR,SOLAPUR JN,43.0,1708
12628,2026-04-13,KLBG,KALABURAGI JN,52.0,1821
12628,2026-04-13,WADI,WADI,15.0,1858
12628,2026-04-13,YG,YADGIR,29.0,1897
12628,2026-04-13,RC,RAICHUR,26.0,1965
12628,2026-04-13,MALM,MANTHRALAYAM RD,25.0,1994
12628,2026-04-13,AD,ADONI,21.0,2035
12628,2026-04-13,GTL,GUNTAKAL JN,14.0,2086
12628,2026-04-13,ATP,ANANTAPUR,14.0,2172
12628,2026-04-13,DMM,DHARMAVARAM JN,2.0,2205
12628,2026-04-13,SSPN,SAI P NILAYAM,9.0,2238
12628,2026-04-13,PKD,PENUKONDA,11.0,2259
12628,2026-04-13,HUP,HINDUPUR,18.0,2296
12628,2026-04-13,YNK,YELHANKA JN,0.0,2379
12628,2026-04-13,BNC,BANGALORE CANT,36.0,2402
12628,2026-04-13,SBC,KSR BANGALORE CY JN,-18.0,2406
12628,2026-04-14,NDLS,NEW DELHI,0.0,0
12628,2026-04-14,MTJ,MATHURA JN,22.0,141
12628,2026-04-14,AGC,AGRA CANTT,18.0,195
12628,2026-04-14,GWL,GWALIOR,8.0,313
12628,2026-04-14,VGLJ,V LAKSHMIBAI JHANSI,12.0,410
12628,2026-04-14,BINA,BINA JN,12.0,563
12628,2026-04-14,BPL,BHOPAL JN,6.0,701
12628,2026-04-14,ET,ITARSI JN,2.0,793
12628,2026-04-14,KNW,KHANDWA,12.0,976
12628,2026-04-14,BAU,BURHANPUR,20.0,1045
12628,2026-04-14,BSL,BHUSAVAL JN,24.0,1100
12628,2026-04-14,JL,JALGAON JN,33.0,1124
12628,2026-04-14,MMR,MANMAD JN,23.0,1284
12628,2026-04-14,KPG,KOPARGAON,13.0,1326
12628,2026-04-14,BAP,BELAPUR,19.0,1370
12628,2026-04-14,ANG,AHMADNAGAR,10.0,1437
12628,2026-04-14,DD,DAUND JN,5.0,1520
12628,2026-04-14,KWV,KURDUVADI,21.0,1630
12628,2026-04-14,SUR,SOLAPUR JN,13.0,1708
12628,2026-04-14,KLBG,KALABURAGI JN,33.0,1821
12628,2026-04-14,WADI,WADI,0.0,1858
12628,2026-04-14,YG,YADGIR,18.0,1897
12628,2026-04-14,RC,RAICHUR,17.0,1965
12628,2026-04-14,MALM,MANTHRALAYAM RD,17.0,1994
12628,2026-04-14,AD,ADONI,15.0,2035
12628,2026-04-14,GTL,GUNTAKAL JN,9.0,2086
12628,2026-04-14,ATP,ANANTAPUR,25.0,2172
12628,2026-04-14,DMM,DHARMAVARAM JN,14.0,2205
12628,2026-04-14,SSPN,SAI P NILAYAM,26.0,2238
12628,2026-04-14,PKD,PENUKONDA,29.0,2259
12628,2026-04-14,HUP,HINDUPUR,34.0,2296
12628,2026-04-14,YNK,YELHANKA JN,27.0,2379
12628,2026-04-14,BNC,BANGALORE CANT,29.0,2402
12628,2026-04-14,SBC,KSR BANGALORE CY JN,-23.0,2406
12628,2026-04-15,NDLS,NEW DELHI,0.0,0
12628,2026-04-15,MTJ,MATHURA JN,33.0,141
12628,2026-04-15,AGC,AGRA CANTT,26.0,195
12628,2026-04-15,GWL,GWALIOR,9.0,313
12628,2026-04-15,VGLJ,V LAKSHMIBAI JHANSI,3.0,410
12628,2026-04-15,BINA,BINA JN,14.0,563
12628,2026-04-15,BPL,BHOPAL JN,10.0,701
12628,2026-04-15,ET,ITARSI JN,1.0,793
12628,2026-04-15,KNW,KHANDWA,34.0,976
12628,2026-04-15,BAU,BURHANPUR,47.0,1045
12628,2026-04-15,BSL,BHUSAVAL JN,34.0,1100
12628,2026-04-15,JL,JALGAON JN,41.0,1124
12628,2026-04-15,MMR,MANMAD JN,40.0,1284
12628,2026-04-15,KPG,KOPARGAON,35.0,1326
12628,2026-04-15,BAP,BELAPUR,44.0,1370
12628,2026-04-15,ANG,AHMADNAGAR,31.0,1437
12628,2026-04-15,DD,DAUND JN,43.0,1520
12628,2026-04-15,KWV,KURDUVADI,45.0,1630
12628,2026-04-15,SUR,SOLAPUR JN,20.0,1708
12628,2026-04-15,KLBG,KALABURAGI JN,21.0,1821
12628,2026-04-15,WADI,WADI,0.0,1858
12628,2026-04-15,YG,YADGIR,3.0,1897
12628,2026-04-15,RC,RAICHUR,12.0,1965
12628,2026-04-15,MALM,MANTHRALAYAM RD,12.0,1994
12628,2026-04-15,AD,ADONI,7.0,2035
12628,2026-04-15,GTL,GUNTAKAL JN,0.0,2086
12628,2026-04-15,ATP,ANANTAPUR,10.0,2172
12628,2026-04-15,DMM,DHARMAVARAM JN,0.0,2205
12628,2026-04-15,SSPN,SAI P NILAYAM,30.0,2238
12628,2026-04-15,PKD,PENUKONDA,33.0,2259
12628,2026-04-15,HUP,HINDUPUR,41.0,2296
12628,2026-04-15,YNK,YELHANKA JN,11.0,2379
12628,2026-04-15,BNC,BANGALORE CANT,48.0,2402
12628,2026-04-15,SBC,KSR BANGALORE CY JN,-3.0,2406
12628,2026-04-16,NDLS,NEW DELHI,8.0,0
12628,2026-04-16,MTJ,MATHURA JN,26.0,141
12628,2026-04-16,AGC,AGRA CANTT,17.0,195
12628,2026-04-16,GWL,GWALIOR,4.0,313
12628,2026-04-16,VGLJ,V LAKSHMIBAI JHANSI,4.0,410
12628,2026-04-16,BINA,BINA JN,0.0,563
12628,2026-04-16,BPL,BHOPAL JN,10.0,701
12628,2026-04-16,ET,ITARSI JN,0.0,793
12628,2026-04-16,KNW,KHANDWA,40.0,976
12628,2026-04-16,BAU,BURHANPUR,49.0,1045
12628,2026-04-16,BSL,BHUSAVAL JN,41.0,1100
12628,2026-04-16,JL,JALGAON JN,39.0,1124
12628,2026-04-16,MMR,MANMAD JN,35.0,1284
12628,2026-04-16,KPG,KOPARGAON,22.0,1326
12628,2026-04-16,BAP,BELAPUR,36.0,1370
12628,2026-04-16,ANG,AHMADNAGAR,27.0,1437
12628,2026-04-16,DD,DAUND JN,12.0,1520
12628,2026-04-16,KWV,KURDUVADI,49.0,1630
12628,2026-04-16,SUR,SOLAPUR JN,24.0,1708
12628,2026-04-16,KLBG,KALABURAGI JN,40.0,1821
12628,2026-04-16,WADI,WADI,2.0,1858
12628,2026-04-16,YG,YADGIR,2.0,1897
12628,2026-04-16,RC,RAICHUR,0.0,1965
12628,2026-04-16,MALM,MANTHRALAYAM RD,3.0,1994
12628,2026-04-16,AD,ADONI,4.0,2035
12628,2026-04-16,GTL,GUNTAKAL JN,16.0,2086
12628,2026-04-16,ATP,ANANTAPUR,18.0,2172
12628,2026-04-16,DMM,DHARMAVARAM JN,1.0,2205
12628,2026-04-16,SSPN,SAI P NILAYAM,8.0,2238
12628,2026-04-16,PKD,PENUKONDA,9.0,2259
12628,2026-04-16,HUP,HINDUPUR,16.0,2296
12628,2026-04-16,YNK,YELHANKA JN,24.0,2379
12628,2026-04-16,BNC,BANGALORE CANT,67.0,2402
12628,2026-04-16,SBC,KSR BANGALORE CY JN,27.0,2406
12628,2026-04-17,NDLS,NEW DELHI,13.0,0
12628,2026-04-17,MTJ,MATHURA JN,216.0,141
12628,2026-04-17,AGC,AGRA CANTT,259.0,195
12628,2026-04-17,GWL,GWALIOR,224.0,313
12628,2026-04-17,VGLJ,V LAKSHMIBAI JHANSI,221.0,410
12628,2026-04-17,BINA,BINA JN,201.0,563
12628,2026-04-17,BPL,BHOPAL JN,8.0,701
12628,2026-04-17,ET,ITARSI JN,194.0,793
12628,2026-04-17,KNW,KHANDWA,204.0,976
12628,2026-04-17,BAU,BURHANPUR,209.0,1045
12628,2026-04-17,BSL,BHUSAVAL JN,206.0,1100
12628,2026-04-17,JL,JALGAON JN,212.0,1124
12628,2026-04-17,MMR,MANMAD JN,211.0,1284
12628,2026-04-17,KPG,KOPARGAON,196.0,1326
12628,2026-04-17,BAP,BELAPUR,208.0,1370
12628,2026-04-17,ANG,AHMADNAGAR,209.0,1437
12628,2026-04-17,DD,DAUND JN,204.0,1520
12628,2026-04-17,KWV,KURDUVADI,230.0,1630
12628,2026-04-17,SUR,SOLAPUR JN,229.0,1708
12628,2026-04-17,KLBG,KALABURAGI JN,233.0,1821
12628,2026-04-17,WADI,WADI,195.0,1858
12628,2026-04-17,YG,YADGIR,191.0,1897
12628,2026-04-17,RC,RAICHUR,183.0,1965
12628,2026-04-17,MALM,MANTHRALAYAM RD,183.0,1994
12628,2026-04-17,AD,ADONI,179.0,2035
12628,2026-04-17,GTL,GUNTAKAL JN,173.0,2086
12628,2026-04-17,ATP,ANANTAPUR,185.0,2172
12628,2026-04-17,DMM,DHARMAVARAM JN,161.0,2205
12628,2026-04-17,SSPN,SAI P NILAYAM,165.0,2238
12628,2026-04-17,PKD,PENUKONDA,167.0,2259
12628,2026-04-17,HUP,HINDUPUR,173.0,2296
12628,2026-04-17,YNK,YELHANKA JN,151.0,2379
12628,2026-04-17,BNC,BANGALORE CANT,158.0,2402
12628,2026-04-17,SBC,KSR BANGALORE CY JN,104.0,2406
12628,2026-04-18,NDLS,NEW DELHI,1.0,0
12628,2026-04-18,MTJ,MATHURA JN,86.0,141
12628,2026-04-18,AGC,AGRA CANTT,132.0,195
12628,2026-04-18,GWL,GWALIOR,101.0,313
12628,2026-04-18,VGLJ,V LAKSHMIBAI JHANSI,84.0,410
12628,2026-04-18,BINA,BINA JN,52.0,563
12628,2026-04-18,BPL,BHOPAL JN,78.0,701
12628,2026-04-18,ET,ITARSI JN,58.0,793
12628,2026-04-18,KNW,KHANDWA,68.0,976
12628,2026-04-18,BAU,BURHANPUR,68.0,1045
12628,2026-04-18,BSL,BHUSAVAL JN,82.0,1100
12628,2026-04-18,JL,JALGAON JN,94.0,1124
12628,2026-04-18,MMR,MANMAD JN,95.0,1284
12628,2026-04-18,KPG,KOPARGAON,87.0,1326
12628,2026-04-18,BAP,BELAPUR,114.0,1370
12628,2026-04-18,ANG,AHMADNAGAR,98.0,1437
12628,2026-04-18,DD,DAUND JN,105.0,1520
12628,2026-04-18,KWV,KURDUVADI,120.0,1630
12628,2026-04-18,SUR,SOLAPUR JN,111.0,1708
12628,2026-04-18,KLBG,KALABURAGI JN,114.0,1821
12628,2026-04-18,WADI,WADI,80.0,1858
12628,2026-04-18,YG,YADGIR,79.0,1897
12628,2026-04-18,RC,RAICHUR,71.0,1965
12628,2026-04-18,MALM,MANTHRALAYAM RD,70.0,1994
12628,2026-04-18,AD,ADONI,71.0,2035
12628,2026-04-18,GTL,GUNTAKAL JN,63.0,2086
12628,2026-04-18,ATP,ANANTAPUR,62.0,2172
12628,2026-04-18,DMM,DHARMAVARAM JN,40.0,2205
12628,2026-04-18,SSPN,SAI P NILAYAM,43.0,2238
12628,2026-04-18,PKD,PENUKONDA,42.0,2259
12628,2026-04-18,HUP,HINDUPUR,47.0,2296
12628,2026-04-18,YNK,YELHANKA JN,12.0,2379
12628,2026-04-18,BNC,BANGALORE CANT,0.0,2402
12628,2026-04-18,SBC,KSR BANGALORE CY JN,-25.0,2406
12628,2026-04-19,NDLS,NEW DELHI,0.0,0
12628,2026-04-19,MTJ,MATHURA JN,22.0,141
12628,2026-04-19,AGC,AGRA CANTT,9.0,195
12628,2026-04-19,GWL,GWALIOR,0.0,313
12628,2026-04-19,VGLJ,V LAKSHMIBAI JHANSI,0.0,410
12628,2026-04-19,BINA,BINA JN,0.0,563
12628,2026-04-19,BPL,BHOPAL JN,0.0,701
12628,2026-04-19,ET,ITARSI JN,0.0,793
12628,2026-04-19,KNW,KHANDWA,1.0,976
12628,2026-04-19,BAU,BURHANPUR,39.0,1045
12628,2026-04-19,BSL,BHUSAVAL JN,33.0,1100
12628,2026-04-19,JL,JALGAON JN,41.0,1124
12628,2026-04-19,MMR,MANMAD JN,44.0,1284
12628,2026-04-19,KPG,KOPARGAON,2.0,1326
12628,2026-04-19,BAP,BELAPUR,32.0,1370
12628,2026-04-19,ANG,AHMADNAGAR,38.0,1437
12628,2026-04-19,DD,DAUND JN,23.0,1520
12628,2026-04-19,KWV,KURDUVADI,39.0,1630
12628,2026-04-19,SUR,SOLAPUR JN,34.0,1708
12628,2026-04-19,KLBG,KALABURAGI JN,51.0,1821
12628,2026-04-19,WADI,WADI,14.0,1858
12628,2026-04-19,YG,YADGIR,15.0,1897
12628,2026-04-19,RC,RAICHUR,15.0,1965
12628,2026-04-19,MALM,MANTHRALAYAM RD,16.0,1994
12628,2026-04-19,AD,ADONI,24.0,2035
12628,2026-04-19,GTL,GUNTAKAL JN,24.0,2086
12628,2026-04-19,ATP,ANANTAPUR,30.0,2172
12628,2026-04-19,DMM,DHARMAVARAM JN,18.0,2205
12628,2026-04-19,SSPN,SAI P NILAYAM,26.0,2238
12628,2026-04-19,PKD,PENUKONDA,30.0,2259
12628,2026-04-19,HUP,HINDUPUR,34.0,2296
12628,2026-04-19,YNK,YELHANKA JN,17.0,2379
12628,2026-04-19,BNC,BANGALORE CANT,23.0,2402
12628,2026-04-19,SBC,KSR BANGALORE CY JN,-21.0,2406
12628,2026-04-20,NDLS,NEW DELHI,1.0,0
12628,2026-04-20,MTJ,MATHURA JN,26.0,141
12628,2026-04-20,AGC,AGRA CANTT,16.0,195
12628,2026-04-20,GWL,GWALIOR,9.0,313
12628,2026-04-20,VGLJ,V LAKSHMIBAI JHANSI,0.0,410
12628,2026-04-20,BINA,BINA JN,2.0,563
12628,2026-04-20,BPL,BHOPAL JN,0.0,701
12628,2026-04-20,ET,ITARSI JN,0.0,793
12628,2026-04-20,KNW,KHANDWA,0.0,976
12628,2026-04-20,BAU,BURHANPUR,15.0,1045
12628,2026-04-20,BSL,BHUSAVAL JN,5.0,1100
12628,2026-04-20,JL,JALGAON JN,13.0,1124
12628,2026-04-20,MMR,MANMAD JN,12.0,1284
12628,2026-04-20,KPG,KOPARGAON,15.0,1326
12628,2026-04-20,BAP,BELAPUR,20.0,1370
12628,2026-04-20,ANG,AHMADNAGAR,10.0,1437
12628,2026-04-20,DD,DAUND JN,23.0,1520
12628,2026-04-20,KWV,KURDUVADI,49.0,1630
12628,2026-04-20,SUR,SOLAPUR JN,41.0,1708
12628,2026-04-20,KLBG,KALABURAGI JN,61.0,1821
12628,2026-04-20,WADI,WADI,20.0,1858
12628,2026-04-20,YG,YADGIR,20.0,1897
12628,2026-04-20,RC,RAICHUR,33.0,1965
12628,2026-04-20,MALM,MANTHRALAYAM RD,38.0,1994
12628,2026-04-20,AD,ADONI,39.0,2035
12628,2026-04-20,GTL,GUNTAKAL JN,32.0,2086
12628,2026-04-20,ATP,ANANTAPUR,29.0,2172
12628,2026-04-20,DMM,DHARMAVARAM JN,6.0,2205
12628,2026-04-20,SSPN,SAI P NILAYAM,15.0,2238
12628,2026-04-20,PKD,PENUKONDA,30.0,2259
12628,2026-04-20,HUP,HINDUPUR,41.0,2296
12628,2026-04-20,YNK,YELHANKA JN,30.0,2379
12628,2026-04-20,BNC,BANGALORE CANT,55.0,2402
12628,2026-04-20,SBC,KSR BANGALORE CY JN,1.0,2406
12628,2026-04-21,NDLS,NEW DELHI,0.0,0
12628,2026-04-21,MTJ,MATHURA JN,29.0,141
12628,2026-04-21,AGC,AGRA CANTT,24.0,195
12628,2026-04-21,GWL,GWALIOR,2.0,313
12628,2026-04-21,VGLJ,V LAKSHMIBAI JHANSI,2.0,410
12628,2026-04-21,BINA,BINA JN,8.0,563
12628,2026-04-21,BPL,BHOPAL JN,14.0,701
12628,2026-04-21,ET,ITARSI JN,3.0,793
12628,2026-04-21,KNW,KHANDWA,1.0,976
12628,2026-04-21,BAU,BURHANPUR,16.0,1045
12628,2026-04-21,BSL,BHUSAVAL JN,5.0,1100
12628,2026-04-21,JL,JALGAON JN,4.0,1124
12628,2026-04-21,MMR,MANMAD JN,8.0,1284
12628,2026-04-21,KPG,KOPARGAON,0.0,1326
12628,2026-04-21,BAP,BELAPUR,9.0,1370
12628,2026-04-21,ANG,AHMADNAGAR,4.0,1437
12628,2026-04-21,DD,DAUND JN,13.0,1520
12628,2026-04-21,KWV,KURDUVADI,16.0,1630
12628,2026-04-21,SUR,SOLAPUR JN,14.0,1708
12628,2026-04-21,KLBG,KALABURAGI JN,30.0,1821
12628,2026-04-21,WADI,WADI,2.0,1858
12628,2026-04-21,YG,YADGIR,0.0,1897
12628,2026-04-21,RC,RAICHUR,17.0,1965
12628,2026-04-21,MALM,MANTHRALAYAM RD,20.0,1994
12628,2026-04-21,AD,ADONI,20.0,2035
12628,2026-04-21,GTL,GUNTAKAL JN,25.0,2086
12628,2026-04-21,ATP,ANANTAPUR,18.0,2172
12628,2026-04-21,DMM,DHARMAVARAM JN,4.0,2205
12628,2026-04-21,SSPN,SAI P NILAYAM,10.0,2238
12628,2026-04-21,PKD,PENUKONDA,12.0,2259
12628,2026-04-21,HUP,HINDUPUR,19.0,2296
12628,2026-04-21,YNK,YELHANKA JN,11.0,2379
12628,2026-04-21,BNC,BANGALORE CANT,39.0,2402
12628,2026-04-21,SBC,KSR BANGALORE CY JN,-14.0,2406
12628,2026-04-22,NDLS,NEW DELHI,4.0,0
12628,2026-04-22,MTJ,MATHURA JN,46.0,141
12628,2026-04-22,AGC,AGRA CANTT,45.0,195
12628,2026-04-22,GWL,GWALIOR,24.0,313
12628,2026-04-22,VGLJ,V LAKSHMIBAI JHANSI,8.0,410
12628,2026-04-22,BINA,BINA JN,7.0,563
12628,2026-04-22,BPL,BHOPAL JN,0.0,701
12628,2026-04-22,ET,ITARSI JN,1.0,793
12628,2026-04-22,KNW,KHANDWA,0.0,976
12628,2026-04-22,BAU,BURHANPUR,0.0,1045
12628,2026-04-22,BSL,BHUSAVAL JN,0.0,1100
12628,2026-04-22,JL,JALGAON JN,0.0,1124
12628,2026-04-22,MMR,MANMAD JN,2.0,1284
12628,2026-04-22,KPG,KOPARGAON,0.0,1326
12628,2026-04-22,BAP,BELAPUR,12.0,1370
12628,2026-04-22,ANG,AHMADNAGAR,15.0,1437
12628,2026-04-22,DD,DAUND JN,17.0,1520
12628,2026-04-22,KWV,KURDUVADI,18.0,1630
12628,2026-04-22,SUR,SOLAPUR JN,26.0,1708
12628,2026-04-22,KLBG,KALABURAGI JN,43.0,1821
12628,2026-04-22,WADI,WADI,2.0,1858
12628,2026-04-22,YG,YADGIR,0.0,1897
12628,2026-04-22,RC,RAICHUR,5.0,1965
12628,2026-04-22,MALM,MANTHRALAYAM RD,7.0,1994
12628,2026-04-22,AD,ADONI,7.0,2035
12628,2026-04-22,GTL,GUNTAKAL JN,11.0,2086
12628,2026-04-22,ATP,ANANTAPUR,0.0,2172
12628,2026-04-22,DMM,DHARMAVARAM JN,1.0,2205
12628,2026-04-22,SSPN,SAI P NILAYAM,9.0,2238
12628,2026-04-22,PKD,PENUKONDA,10.0,2259
12628,2026-04-22,HUP,HINDUPUR,18.0,2296
12628,2026-04-22,YNK,YELHANKA JN,0.0,2379
12628,2026-04-22,BNC,BANGALORE CANT,0.0,2402
12628,2026-04-22,SBC,KSR BANGALORE CY JN,-41.0,2406
12628,2026-04-23,NDLS,NEW DELHI,10.0,0
12628,2026-04-23,MTJ,MATHURA JN,19.0,141
12628,2026-04-23,AGC,AGRA CANTT,6.0,195
12628,2026-04-23,GWL,GWALIOR,0.0,313
12628,2026-04-23,VGLJ,V LAKSHMIBAI JHANSI,0.0,410
12628,2026-04-23,BINA,BINA JN,1.0,563
12628,2026-04-23,BPL,BHOPAL JN,0.0,701
12628,2026-04-23,ET,ITARSI JN,18.0,793
12628,2026-04-23,KNW,KHANDWA,71.0,976
12628,2026-04-23,BAU,BURHANPUR,73.0,1045
12628,2026-04-23,BSL,BHUSAVAL JN,64.0,1100
12628,2026-04-23,JL,JALGAON JN,72.0,1124
12628,2026-04-23,MMR,MANMAD JN,109.0,1284
12628,2026-04-23,KPG,KOPARGAON,99.0,1326
12628,2026-04-23,BAP,BELAPUR,162.0,1370
12628,2026-04-23,ANG,AHMADNAGAR,207.0,1437
12628,2026-04-23,DD,DAUND JN,206.0,1520
12628,2026-04-23,KWV,KURDUVADI,213.0,1630
12628,2026-04-23,SUR,SOLAPUR JN,215.0,1708
12628,2026-04-23,KLBG,KALABURAGI JN,234.0,1821
12628,2026-04-23,WADI,WADI,194.0,1858
12628,2026-04-23,YG,YADGIR,194.0,1897
12628,2026-04-23,RC,RAICHUR,215.0,1965
12628,2026-04-23,MALM,MANTHRALAYAM RD,216.0,1994
12628,2026-04-23,AD,ADONI,219.0,2035
12628,2026-04-23,GTL,GUNTAKAL JN,211.0,2086
12628,2026-04-23,ATP,ANANTAPUR,221.0,2172
12628,2026-04-23,DMM,DHARMAVARAM JN,215.0,2205
12628,2026-04-23,SSPN,SAI P NILAYAM,225.0,2238
12628,2026-04-23,PKD,PENUKONDA,235.0,2259
12628,2026-04-23,HUP,HINDUPUR,244.0,2296
12628,2026-04-23,YNK,YELHANKA JN,239.0,2379
12628,2026-04-23,BNC,BANGALORE CANT,274.0,2402
12628,2026-04-23,SBC,KSR BANGALORE CY JN,222.0,2406
12628,2026-04-24,NDLS,NEW DELHI,1.0,0
12628,2026-04-24,MTJ,MATHURA JN,27.0,141
12628,2026-04-24,AGC,AGRA CANTT,14.0,195
12628,2026-04-24,GWL,GWALIOR,8.0,313
12628,2026-04-24,VGLJ,V LAKSHMIBAI JHANSI,9.0,410
12628,2026-04-24,BINA,BINA JN,0.0,563
12628,2026-04-24,BPL,BHOPAL JN,9.0,701
12628,2026-04-24,ET,ITARSI JN,5.0,793
12628,2026-04-24,KNW,KHANDWA,5.0,976
12628,2026-04-24,BAU,BURHANPUR,22.0,1045
12628,2026-04-24,BSL,BHUSAVAL JN,7.0,1100
12628,2026-04-24,JL,JALGAON JN,8.0,1124
12628,2026-04-24,MMR,MANMAD JN,9.0,1284
12628,2026-04-24,KPG,KOPARGAON,0.0,1326
12628,2026-04-24,BAP,BELAPUR,13.0,1370
12628,2026-04-24,ANG,AHMADNAGAR,39.0,1437
12628,2026-04-24,DD,DAUND JN,36.0,1520
12628,2026-04-24,KWV,KURDUVADI,62.0,1630
12628,2026-04-24,SUR,SOLAPUR JN,44.0,1708
12628,2026-04-24,KLBG,KALABURAGI JN,67.0,1821
12628,2026-04-24,WADI,WADI,25.0,1858
12628,2026-04-24,YG,YADGIR,27.0,1897
12628,2026-04-24,RC,RAICHUR,31.0,1965
12628,2026-04-24,MALM,MANTHRALAYAM RD,31.0,1994
12628,2026-04-24,AD,ADONI,33.0,2035
12628,2026-04-24,GTL,GUNTAKAL JN,30.0,2086
12628,2026-04-24,ATP,ANANTAPUR,23.0,2172
12628,2026-04-24,DMM,DHARMAVARAM JN,4.0,2205
12628,2026-04-24,SSPN,SAI P NILAYAM,14.0,2238
12628,2026-04-24,PKD,PENUKONDA,16.0,2259
12628,2026-04-24,HUP,HINDUPUR,38.0,2296
12628,2026-04-24,YNK,YELHANKA JN,23.0,2379
12628,2026-04-24,BNC,BANGALORE CANT,0.0,2402
12628,2026-04-24,SBC,KSR BANGALORE CY JN,-30.0,2406
12628,2026-04-25,NDLS,NEW DELHI,6.0,0
12628,2026-04-25,MTJ,MATHURA JN,19.0,141
12628,2026-04-25,AGC,AGRA CANTT,7.0,195
12628,2026-04-25,GWL,GWALIOR,0.0,313
12628,2026-04-25,VGLJ,V LAKSHMIBAI JHANSI,2.0,410
12628,2026-04-25,BINA,BINA JN,0.0,563
12628,2026-04-25,BPL,BHOPAL JN,0.0,701
12628,2026-04-25,ET,ITARSI JN,0.0,793
12628,2026-04-25,KNW,KHANDWA,19.0,976
12628,2026-04-25,BAU,BURHANPUR,51.0,1045
12628,2026-04-25,BSL,BHUSAVAL JN,35.0,1100
12628,2026-04-25,JL,JALGAON JN,37.0,1124
12628,2026-04-25,MMR,MANMAD JN,23.0,1284
12628,2026-04-25,KPG,KOPARGAON,18.0,1326
12628,2026-04-25,BAP,BELAPUR,21.0,1370
12628,2026-04-25,ANG,AHMADNAGAR,19.0,1437
12628,2026-04-25,DD,DAUND JN,15.0,1520
12628,2026-04-25,KWV,KURDUVADI,39.0,1630
12628,2026-04-25,SUR,SOLAPUR JN,21.0,1708
12628,2026-04-25,KLBG,KALABURAGI JN,31.0,1821
12628,2026-04-25,WADI,WADI,0.0,1858
12628,2026-04-25,YG,YADGIR,0.0,1897
12628,2026-04-25,RC,RAICHUR,0.0,1965
12628,2026-04-25,MALM,MANTHRALAYAM RD,1.0,1994
12628,2026-04-25,AD,ADONI,1.0,2035
12628,2026-04-25,GTL,GUNTAKAL JN,4.0,2086
12628,2026-04-25,ATP,ANANTAPUR,10.0,2172
12628,2026-04-25,DMM,DHARMAVARAM JN,17.0,2205
12628,2026-04-25,SSPN,SAI P NILAYAM,23.0,2238
12628,2026-04-25,PKD,PENUKONDA,25.0,2259
12628,2026-04-25,HUP,HINDUPUR,29.0,2296
12628,2026-04-25,YNK,YELHANKA JN,26.0,2379
12628,2026-04-25,BNC,BANGALORE CANT,48.0,2402
12628,2026-04-25,SBC,KSR BANGALORE CY JN,-6.0,2406
12628,2026-04-26,NDLS,NEW DELHI,2.0,0
12628,2026-04-26,MTJ,MATHURA JN,22.0,141
12628,2026-04-26,AGC,AGRA CANTT,27.0,195
12628,2026-04-26,GWL,GWALIOR,4.0,313
12628,2026-04-26,VGLJ,V LAKSHMIBAI JHANSI,0.0,410
12628,2026-04-26,BINA,BINA JN,4.0,563
12628,2026-04-26,BPL,BHOPAL JN,14.0,701
12628,2026-04-26,ET,ITARSI JN,0.0,793
12628,2026-04-26,KNW,KHANDWA,3.0,976
12628,2026-04-26,BAU,BURHANPUR,0.0,1045
12628,2026-04-26,BSL,BHUSAVAL JN,5.0,1100
12628,2026-04-26,JL,JALGAON JN,9.0,1124
12628,2026-04-26,MMR,MANMAD JN,0.0,1284
12628,2026-04-26,KPG,KOPARGAON,0.0,1326
12628,2026-04-26,BAP,BELAPUR,15.0,1370
12628,2026-04-26,ANG,AHMADNAGAR,24.0,1437
12628,2026-04-26,DD,DAUND JN,18.0,1520
12628,2026-04-26,KWV,KURDUVADI,32.0,1630
12628,2026-04-26,SUR,SOLAPUR JN,16.0,1708
12628,2026-04-26,KLBG,KALABURAGI JN,35.0,1821
12628,2026-04-26,WADI,WADI,0.0,1858
12628,2026-04-26,YG,YADGIR,4.0,1897
12628,2026-04-26,RC,RAICHUR,14.0,1965
12628,2026-04-26,MALM,MANTHRALAYAM RD,14.0,1994
12628,2026-04-26,AD,ADONI,14.0,2035
12628,2026-04-26,GTL,GUNTAKAL JN,2.0,2086
12628,2026-04-26,ATP,ANANTAPUR,2.0,2172
12628,2026-04-26,DMM,DHARMAVARAM JN,7.0,2205
12628,2026-04-26,SSPN,SAI P NILAYAM,13.0,2238
12628,2026-04-26,PKD,PENUKONDA,15.0,2259
12628,2026-04-26,HUP,HINDUPUR,19.0,2296
12628,2026-04-26,YNK,YELHANKA JN,19.0,2379
12628,2026-04-26,BNC,BANGALORE CANT,34.0,2402
12628,2026-04-26,SBC,KSR BANGALORE CY JN,-20.0,2406
12628,2026-04-27,NDLS,NEW DELHI,1.0,0
12628,2026-04-27,MTJ,MATHURA JN,19.0,141
12628,2026-04-27,AGC,AGRA CANTT,14.0,195
12628,2026-04-27,GWL,GWALIOR,1.0,313
12628,2026-04-27,VGLJ,V LAKSHMIBAI JHANSI,5.0,410
12628,2026-04-27,BINA,BINA JN,2.0,563
12628,2026-04-27,BPL,BHOPAL JN,10.0,701
12628,2026-04-27,ET,ITARSI JN,0.0,793
12628,2026-04-27,KNW,KHANDWA,2.0,976
12628,2026-04-27,BAU,BURHANPUR,22.0,1045
12628,2026-04-27,BSL,BHUSAVAL JN,22.0,1100
12628,2026-04-27,JL,JALGAON JN,24.0,1124
12628,2026-04-27,MMR,MANMAD JN,29.0,1284
12628,2026-04-27,KPG,KOPARGAON,0.0,1326
12628,2026-04-27,BAP,BELAPUR,27.0,1370
12628,2026-04-27,ANG,AHMADNAGAR,28.0,1437
12628,2026-04-27,DD,DAUND JN,26.0,1520
12628,2026-04-27,KWV,KURDUVADI,57.0,1630
12628,2026-04-27,SUR,SOLAPUR JN,41.0,1708
12628,2026-04-27,KLBG,KALABURAGI JN,62.0,1821
12628,2026-04-27,WADI,WADI,18.0,1858
12628,2026-04-27,YG,YADGIR,15.0,1897
12628,2026-04-27,RC,RAICHUR,23.0,1965
12628,2026-04-27,MALM,MANTHRALAYAM RD,23.0,1994
12628,2026-04-27,AD,ADONI,17.0,2035
12628,2026-04-27,GTL,GUNTAKAL JN,31.0,2086
12628,2026-04-27,ATP,ANANTAPUR,23.0,2172
12628,2026-04-27,DMM,DHARMAVARAM JN,2.0,2205
12628,2026-04-27,SSPN,SAI P NILAYAM,12.0,2238
12628,2026-04-27,PKD,PENUKONDA,11.0,2259
12628,2026-04-27,HUP,HINDUPUR,20.0,2296
12628,2026-04-27,YNK,YELHANKA JN,1.0,2379
12628,2026-04-27,BNC,BANGALORE CANT,4.0,2402
12628,2026-04-27,SBC,KSR BANGALORE CY JN,-21.0,2406
12628,2026-04-28,NDLS,NEW DELHI,0.0,0
12628,2026-04-28,MTJ,MATHURA JN,21.0,141
12628,2026-04-28,AGC,AGRA CANTT,11.0,195
12628,2026-04-28,GWL,GWALIOR,0.0,313
12628,2026-04-28,VGLJ,V LAKSHMIBAI JHANSI,21.0,410
12628,2026-04-28,BINA,BINA JN,0.0,563
12628,2026-04-28,BPL,BHOPAL JN,8.0,701
12628,2026-04-28,ET,ITARSI JN,4.0,793
12628,2026-04-28,KNW,KHANDWA,0.0,976
12628,2026-04-28,BAU,BURHANPUR,2.0,1045
12628,2026-04-28,BSL,BHUSAVAL JN,2.0,1100
12628,2026-04-28,JL,JALGAON JN,12.0,1124
12628,2026-04-28,MMR,MANMAD JN,17.0,1284
12628,2026-04-28,KPG,KOPARGAON,1.0,1326
12628,2026-04-28,BAP,BELAPUR,22.0,1370
12628,2026-04-28,ANG,AHMADNAGAR,33.0,1437
12628,2026-04-28,DD,DAUND JN,32.0,1520
12628,2026-04-28,KWV,KURDUVADI,55.0,1630
12628,2026-04-28,SUR,SOLAPUR JN,48.0,1708
12628,2026-04-28,KLBG,KALABURAGI JN,55.0,1821
12628,2026-04-28,WADI,WADI,13.0,1858
12628,2026-04-28,YG,YADGIR,25.0,1897
12628,2026-04-28,RC,RAICHUR,24.0,1965
12628,2026-04-28,MALM,MANTHRALAYAM RD,25.0,1994
12628,2026-04-28,AD,ADONI,26.0,2035
12628,2026-04-28,GTL,GUNTAKAL JN,20.0,2086
12628,2026-04-28,ATP,ANANTAPUR,21.0,2172
12628,2026-04-28,DMM,DHARMAVARAM JN,5.0,2205
12628,2026-04-28,SSPN,SAI P NILAYAM,13.0,2238
12628,2026-04-28,PKD,PENUKONDA,15.0,2259
12628,2026-04-28,HUP,HINDUPUR,25.0,2296
12628,2026-04-28,YNK,YELHANKA JN,1.0,2379
12628,2026-04-28,BNC,BANGALORE CANT,36.0,2402
12628,2026-04-28,SBC,KSR BANGALORE CY JN,-17.0,2406
12628,2026-04-29,NDLS,NEW DELHI,6.0,0
12628,2026-04-29,MTJ,MATHURA JN,15.0,141
12628,2026-04-29,AGC,AGRA CANTT,5.0,195
12628,2026-04-29,GWL,GWALIOR,11.0,313
12628,2026-04-29,VGLJ,V LAKSHMIBAI JHANSI,0.0,410
12628,2026-04-29,BINA,BINA JN,0.0,563
12628,2026-04-29,BPL,BHOPAL JN,3.0,701
12628,2026-04-29,ET,ITARSI JN,70.0,793
12628,2026-04-29,KNW,KHANDWA,151.0,976
12628,2026-04-29,BAU,BURHANPUR,151.0,1045
12628,2026-04-29,BSL,BHUSAVAL JN,144.0,1100
12628,2026-04-29,JL,JALGAON JN,142.0,1124
12628,2026-04-29,MMR,MANMAD JN,164.0,1284
12628,2026-04-29,KPG,KOPARGAON,166.0,1326
12628,2026-04-29,BAP,BELAPUR,179.0,1370
12628,2026-04-29,ANG,AHMADNAGAR,223.0,1437
12628,2026-04-29,DD,DAUND JN,229.0,1520
12628,2026-04-29,KWV,KURDUVADI,238.0,1630
12628,2026-04-29,SUR,SOLAPUR JN,211.0,1708
12628,2026-04-29,KLBG,KALABURAGI JN,224.0,1821
12628,2026-04-29,WADI,WADI,184.0,1858
12628,2026-04-29,YG,YADGIR,180.0,1897
12628,2026-04-29,RC,RAICHUR,190.0,1965
12628,2026-04-29,MALM,MANTHRALAYAM RD,190.0,1994
12628,2026-04-29,AD,ADONI,190.0,2035
12628,2026-04-29,GTL,GUNTAKAL JN,182.0,2086
12628,2026-04-29,ATP,ANANTAPUR,185.0,2172
12628,2026-04-29,DMM,DHARMAVARAM JN,165.0,2205
12628,2026-04-29,SSPN,SAI P NILAYAM,167.0,2238
12628,2026-04-29,PKD,PENUKONDA,166.0,2259
12628,2026-04-29,HUP,HINDUPUR,170.0,2296
12628,2026-04-29,YNK,YELHANKA JN,143.0,2379
12628,2026-04-29,BNC,BANGALORE CANT,171.0,2402
12628,2026-04-29,SBC,KSR BANGALORE CY JN,130.0,2406
12628,2026-04-30,NDLS,NEW DELHI,0.0,0
12628,2026-04-30,MTJ,MATHURA JN,26.0,141
12628,2026-04-30,AGC,AGRA CANTT,12.0,195
12628,2026-04-30,GWL,GWALIOR,0.0,313
12628,2026-04-30,VGLJ,V LAKSHMIBAI JHANSI,0.0,410
12628,2026-04-30,BINA,BINA JN,0.0,563
12628,2026-04-30,BPL,BHOPAL JN,0.0,701
12628,2026-04-30,ET,ITARSI JN,31.0,793
12628,2026-04-30,KNW,KHANDWA,23.0,976
12628,2026-04-30,BAU,BURHANPUR,34.0,1045
12628,2026-04-30,BSL,BHUSAVAL JN,38.0,1100
12628,2026-04-30,JL,JALGAON JN,45.0,1124
12628,2026-04-30,MMR,MANMAD JN,40.0,1284
12628,2026-04-30,KPG,KOPARGAON,30.0,1326
12628,2026-04-30,BAP,BELAPUR,40.0,1370
12628,2026-04-30,ANG,AHMADNAGAR,80.0,1437
12628,2026-04-30,DD,DAUND JN,96.0,1520
12628,2026-04-30,KWV,KURDUVADI,104.0,1630
12628,2026-04-30,SUR,SOLAPUR JN,85.0,1708
12628,2026-04-30,KLBG,KALABURAGI JN,97.0,1821
12628,2026-04-30,WADI,WADI,86.0,1858
12628,2026-04-30,YG,YADGIR,89.0,1897
12628,2026-04-30,RC,RAICHUR,93.0,1965
12628,2026-04-30,MALM,MANTHRALAYAM RD,92.0,1994
12628,2026-04-30,AD,ADONI,91.0,2035
12628,2026-04-30,GTL,GUNTAKAL JN,79.0,2086
12628,2026-04-30,ATP,ANANTAPUR,86.0,2172
12628,2026-04-30,DMM,DHARMAVARAM JN,64.0,2205
12628,2026-04-30,SSPN,SAI P NILAYAM,70.0,2238
12628,2026-04-30,PKD,PENUKONDA,69.0,2259
12628,2026-04-30,HUP,HINDUPUR,75.0,2296
12628,2026-04-30,YNK,YELHANKA JN,88.0,2379
12628,2026-04-30,BNC,BANGALORE CANT,111.0,2402
12628,2026-04-30,SBC,KSR BANGALORE CY JN,60.0,2406
12628,2026-05-01,NDLS,NEW DELHI,0.0,0
12628,2026-05-01,MTJ,MATHURA JN,21.0,141
12628,2026-05-01,AGC,AGRA CANTT,6.0,195
12628,2026-05-01,GWL,GWALIOR,5.0,313
12628,2026-05-01,VGLJ,V LAKSHMIBAI JHANSI,11.0,410
12628,2026-05-01,BINA,BINA JN,1.0,563
12628,2026-05-01,BPL,BHOPAL JN,0.0,701
12628,2026-05-01,ET,ITARSI JN,2.0,793
12628,2026-05-01,KNW,KHANDWA,0.0,976
12628,2026-05-01,BAU,BURHANPUR,16.0,1045
12628,2026-05-01,BSL,BHUSAVAL JN,15.0,1100
12628,2026-05-01,JL,JALGAON JN,35.0,1124
12628,2026-05-01,MMR,MANMAD JN,27.0,1284
12628,2026-05-01,KPG,KOPARGAON,18.0,1326
12628,2026-05-01,BAP,BELAPUR,25.0,1370
12628,2026-05-01,ANG,AHMADNAGAR,55.0,1437
12628,2026-05-01,DD,DAUND JN,40.0,1520
12628,2026-05-01,KWV,KURDUVADI,76.0,1630
12628,2026-05-01,SUR,SOLAPUR JN,68.0,1708
12628,2026-05-01,KLBG,KALABURAGI JN,87.0,1821
12628,2026-05-01,WADI,WADI,70.0,1858
12628,2026-05-01,YG,YADGIR,67.0,1897
12628,2026-05-01,RC,RAICHUR,66.0,1965
12628,2026-05-01,MALM,MANTHRALAYAM RD,77.0,1994
12628,2026-05-01,AD,ADONI,77.0,2035
12628,2026-05-01,GTL,GUNTAKAL JN,61.0,2086
12628,2026-05-01,ATP,ANANTAPUR,65.0,2172
12628,2026-05-01,DMM,DHARMAVARAM JN,50.0,2205
12628,2026-05-01,SSPN,SAI P NILAYAM,57.0,2238
12628,2026-05-01,PKD,PENUKONDA,61.0,2259
12628,2026-05-01,HUP,HINDUPUR,67.0,2296
12628,2026-05-01,YNK,YELHANKA JN,51.0,2379
12628,2026-05-01,BNC,BANGALORE CANT,90.0,2402
12628,2026-05-01,SBC,KSR BANGALORE CY JN,38.0,2406
12628,2026-05-02,NDLS,NEW DELHI,3.0,0
12628,2026-05-02,MTJ,MATHURA JN,26.0,141
12628,2026-05-02,AGC,AGRA CANTT,20.0,195
12628,2026-05-02,GWL,GWALIOR,3.0,313
12628,2026-05-02,VGLJ,V LAKSHMIBAI JHANSI,5.0,410
12628,2026-05-02,BINA,BINA JN,10.0,563
12628,2026-05-02,BPL,BHOPAL JN,15.0,701
12628,2026-05-02,ET,ITARSI JN,16.0,793
12628,2026-05-02,KNW,KHANDWA,6.0,976
12628,2026-05-02,BAU,BURHANPUR,18.0,1045
12628,2026-05-02,BSL,BHUSAVAL JN,18.0,1100
12628,2026-05-02,JL,JALGAON JN,22.0,1124
12628,2026-05-02,MMR,MANMAD JN,29.0,1284
12628,2026-05-02,KPG,KOPARGAON,19.0,1326
12628,2026-05-02,BAP,BELAPUR,37.0,1370
12628,2026-05-02,ANG,AHMADNAGAR,44.0,1437
12628,2026-05-02,DD,DAUND JN,58.0,1520
12628,2026-05-02,KWV,KURDUVADI,87.0,1630
12628,2026-05-02,SUR,SOLAPUR JN,83.0,1708
12628,2026-05-02,KLBG,KALABURAGI JN,101.0,1821
12628,2026-05-02,WADI,WADI,82.0,1858
12628,2026-05-02,YG,YADGIR,58.0,1897
12628,2026-05-02,RC,RAICHUR,76.0,1965
12628,2026-05-02,MALM,MANTHRALAYAM RD,77.0,1994
12628,2026-05-02,AD,ADONI,85.0,2035
12628,2026-05-02,GTL,GUNTAKAL JN,92.0,2086
12628,2026-05-02,ATP,ANANTAPUR,88.0,2172
12628,2026-05-02,DMM,DHARMAVARAM JN,74.0,2205
12628,2026-05-02,SSPN,SAI P NILAYAM,79.0,2238
12628,2026-05-02,PKD,PENUKONDA,77.0,2259
12628,2026-05-02,HUP,HINDUPUR,85.0,2296
12628,2026-05-02,YNK,YELHANKA JN,85.0,2379
12628,2026-05-02,BNC,BANGALORE CANT,65.0,2402
12628,2026-05-02,SBC,KSR BANGALORE CY JN,40.0,2406
12628,2026-05-03,NDLS,NEW DELHI,0.0,0
12628,2026-05-03,MTJ,MATHURA JN,20.0,141
12628,2026-05-03,AGC,AGRA CANTT,10.0,195
12628,2026-05-03,GWL,GWALIOR,1.0,313
12628,2026-05-03,VGLJ,V LAKSHMIBAI JHANSI,15.0,410
12628,2026-05-03,BINA,BINA JN,0.0,563
12628,2026-05-03,BPL,BHOPAL JN,1.0,701
12628,2026-05-03,ET,ITARSI JN,0.0,793
12628,2026-05-03,KNW,KHANDWA,1.0,976
12628,2026-05-03,BAU,BURHANPUR,11.0,1045
12628,2026-05-03,BSL,BHUSAVAL JN,27.0,1100
12628,2026-05-03,JL,JALGAON JN,29.0,1124
12628,2026-05-03,MMR,MANMAD JN,20.0,1284
12628,2026-05-03,KPG,KOPARGAON,8.0,1326
12628,2026-05-03,BAP,BELAPUR,15.0,1370
12628,2026-05-03,ANG,AHMADNAGAR,76.0,1437
12628,2026-05-03,DD,DAUND JN,67.0,1520
12628,2026-05-03,KWV,KURDUVADI,102.0,1630
12628,2026-05-03,SUR,SOLAPUR JN,105.0,1708
12628,2026-05-03,KLBG,KALABURAGI JN,112.0,1821
12628,2026-05-03,WADI,WADI,73.0,1858
12628,2026-05-03,YG,YADGIR,72.0,1897
12628,2026-05-03,RC,RAICHUR,65.0,1965
12628,2026-05-03,MALM,MANTHRALAYAM RD,65.0,1994
12628,2026-05-03,AD,ADONI,67.0,2035
12628,2026-05-03,GTL,GUNTAKAL JN,50.0,2086
12628,2026-05-03,ATP,ANANTAPUR,58.0,2172
12628,2026-05-03,DMM,DHARMAVARAM JN,47.0,2205
12628,2026-05-03,SSPN,SAI P NILAYAM,55.0,2238
12628,2026-05-03,PKD,PENUKONDA,59.0,2259
12628,2026-05-03,HUP,HINDUPUR,65.0,2296
12628,2026-05-03,YNK,YELHANKA JN,65.0,2379
12628,2026-05-03,BNC,BANGALORE CANT,85.0,2402
12628,2026-05-03,SBC,KSR BANGALORE CY JN,37.0,2406
12628,2026-05-04,NDLS,NEW DELHI,0.0,0
12628,2026-05-04,MTJ,MATHURA JN,26.0,141
12628,2026-05-04,AGC,AGRA CANTT,15.0,195
12628,2026-05-04,GWL,GWALIOR,9.0,313
12628,2026-05-04,VGLJ,V LAKSHMIBAI JHANSI,13.0,410
12628,2026-05-04,BINA,BINA JN,9.0,563
12628,2026-05-04,BPL,BHOPAL JN,25.0,701
12628,2026-05-04,ET,ITARSI JN,15.0,793
12628,2026-05-04,KNW,KHANDWA,9.0,976
12628,2026-05-04,BAU,BURHANPUR,15.0,1045
12628,2026-05-04,BSL,BHUSAVAL JN,15.0,1100
12628,2026-05-04,JL,JALGAON JN,33.0,1124
12628,2026-05-04,MMR,MANMAD JN,29.0,1284
12628,2026-05-04,KPG,KOPARGAON,17.0,1326
12628,2026-05-04,BAP,BELAPUR,26.0,1370
12628,2026-05-04,ANG,AHMADNAGAR,23.0,1437
12628,2026-05-04,DD,DAUND JN,15.0,1520
12628,2026-05-04,KWV,KURDUVADI,62.0,1630
12628,2026-05-04,SUR,SOLAPUR JN,35.0,1708
12628,2026-05-04,KLBG,KALABURAGI JN,41.0,1821
12628,2026-05-04,WADI,WADI,7.0,1858
12628,2026-05-04,YG,YADGIR,4.0,1897
12628,2026-05-04,RC,RAICHUR,0.0,1965
12628,2026-05-04,MALM,MANTHRALAYAM RD,1.0,1994
12628,2026-05-04,AD,ADONI,9.0,2035
12628,2026-05-04,GTL,GUNTAKAL JN,30.0,2086
12628,2026-05-04,ATP,ANANTAPUR,29.0,2172
12628,2026-05-04,DMM,DHARMAVARAM JN,6.0,2205
12628,2026-05-04,SSPN,SAI P NILAYAM,13.0,2238
12628,2026-05-04,PKD,PENUKONDA,16.0,2259
12628,2026-05-04,HUP,HINDUPUR,22.0,2296
12628,2026-05-04,YNK,YELHANKA JN,9.0,2379
12628,2026-05-04,BNC,BANGALORE CANT,62.0,2402
12628,2026-05-04,SBC,KSR BANGALORE CY JN,8.0,2406
12628,2026-05-05,NDLS,NEW DELHI,0.0,0
12628,2026-05-05,MTJ,MATHURA JN,17.0,141
12628,2026-05-05,AGC,AGRA CANTT,9.0,195
12628,2026-05-05,GWL,GWALIOR,2.0,313
12628,2026-05-05,VGLJ,V LAKSHMIBAI JHANSI,0.0,410
12628,2026-05-05,BINA,BINA JN,1.0,563
12628,2026-05-05,BPL,BHOPAL JN,9.0,701
12628,2026-05-05,ET,ITARSI JN,20.0,793
12628,2026-05-05,KNW,KHANDWA,3.0,976
12628,2026-05-05,BAU,BURHANPUR,34.0,1045
12628,2026-05-05,BSL,BHUSAVAL JN,30.0,1100
12628,2026-05-05,JL,JALGAON JN,42.0,1124
12628,2026-05-05,MMR,MANMAD JN,39.0,1284
12628,2026-05-05,KPG,KOPARGAON,26.0,1326
12628,2026-05-05,BAP,BELAPUR,34.0,1370
12628,2026-05-05,ANG,AHMADNAGAR,32.0,1437
12628,2026-05-05,DD,DAUND JN,26.0,1520
12628,2026-05-05,KWV,KURDUVADI,42.0,1630
12628,2026-05-05,SUR,SOLAPUR JN,27.0,1708
12628,2026-05-05,KLBG,KALABURAGI JN,45.0,1821
12628,2026-05-05,WADI,WADI,6.0,1858
12628,2026-05-05,YG,YADGIR,7.0,1897
12628,2026-05-05,RC,RAICHUR,0.0,1965
12628,2026-05-05,MALM,MANTHRALAYAM RD,15.0,1994
12628,2026-05-05,AD,ADONI,18.0,2035
12628,2026-05-05,GTL,GUNTAKAL JN,8.0,2086
12628,2026-05-05,ATP,ANANTAPUR,17.0,2172
12628,2026-05-05,DMM,DHARMAVARAM JN,4.0,2205
12628,2026-05-05,SSPN,SAI P NILAYAM,13.0,2238
12628,2026-05-05,PKD,PENUKONDA,17.0,2259
12628,2026-05-05,HUP,HINDUPUR,24.0,2296
12628,2026-05-05,YNK,YELHANKA JN,7.0,2379
12628,2026-05-05,BNC,BANGALORE CANT,36.0,2402
12628,2026-05-05,SBC,KSR BANGALORE CY JN,-15.0,2406
12628,2026-05-06,NDLS,NEW DELHI,1.0,0
12628,2026-05-06,MTJ,MATHURA JN,24.0,141
12628,2026-05-06,AGC,AGRA CANTT,14.0,195
12628,2026-05-06,GWL,GWALIOR,7.0,313
12628,2026-05-06,VGLJ,V LAKSHMIBAI JHANSI,0.0,410
12628,2026-05-06,BINA,BINA JN,0.0,563
12628,2026-05-06,BPL,BHOPAL JN,4.0,701
12628,2026-05-06,ET,ITARSI JN,3.0,793
12628,2026-05-06,KNW,KHANDWA,1.0,976
12628,2026-05-06,BAU,BURHANPUR,6.0,1045
12628,2026-05-06,BSL,BHUSAVAL JN,0.0,1100
12628,2026-05-06,JL,JALGAON JN,3.0,1124
12628,2026-05-06,MMR,MANMAD JN,47.0,1284
12628,2026-05-06,KPG,KOPARGAON,35.0,1326
12628,2026-05-06,BAP,BELAPUR,54.0,1370
12628,2026-05-06,ANG,AHMADNAGAR,104.0,1437
12628,2026-05-06,DD,DAUND JN,136.0,1520
12628,2026-05-06,KWV,KURDUVADI,151.0,1630
12628,2026-05-06,SUR,SOLAPUR JN,126.0,1708
12628,2026-05-06,KLBG,KALABURAGI JN,136.0,1821
12628,2026-05-06,WADI,WADI,93.0,1858
12628,2026-05-06,YG,YADGIR,89.0,1897
12628,2026-05-06,RC,RAICHUR,71.0,1965
12628,2026-05-06,MALM,MANTHRALAYAM RD,71.0,1994
12628,2026-05-06,AD,ADONI,68.0,2035
12628,2026-05-06,GTL,GUNTAKAL JN,61.0,2086
12628,2026-05-06,ATP,ANANTAPUR,55.0,2172
12628,2026-05-06,DMM,DHARMAVARAM JN,46.0,2205
12628,2026-05-06,SSPN,SAI P NILAYAM,15.0,2238
12628,2026-05-06,PKD,PENUKONDA,12.0,2259
12628,2026-05-06,HUP,HINDUPUR,56.0,2296
12628,2026-05-06,YNK,YELHANKA JN,33.0,2379
12628,2026-05-06,BNC,BANGALORE CANT,4.0,2402
12628,2026-05-06,SBC,KSR BANGALORE CY JN,-23.0,2406
12628,2026-05-07,NDLS,NEW DELHI,0.0,0
12628,2026-05-07,MTJ,MATHURA JN,14.0,141
12628,2026-05-07,AGC,AGRA CANTT,1.0,195
12628,2026-05-07,GWL,GWALIOR,2.0,313
12628,2026-05-07,VGLJ,V LAKSHMIBAI JHANSI,14.0,410
12628,2026-05-07,BINA,BINA JN,0.0,563
12628,2026-05-07,BPL,BHOPAL JN,0.0,701
12628,2026-05-07,ET,ITARSI JN,2.0,793
12628,2026-05-07,KNW,KHANDWA,0.0,976
12628,2026-05-07,BAU,BURHANPUR,19.0,1045
12628,2026-05-07,BSL,BHUSAVAL JN,15.0,1100
12628,2026-05-07,JL,JALGAON JN,25.0,1124
12628,2026-05-07,MMR,MANMAD JN,19.0,1284
12628,2026-05-07,KPG,KOPARGAON,6.0,1326
12628,2026-05-07,BAP,BELAPUR,26.0,1370
12628,2026-05-07,ANG,AHMADNAGAR,60.0,1437
12628,2026-05-07,DD,DAUND JN,57.0,1520
12628,2026-05-07,KWV,KURDUVADI,70.0,1630
12628,2026-05-07,SUR,SOLAPUR JN,61.0,1708
12628,2026-05-07,KLBG,KALABURAGI JN,108.0,1821
12628,2026-05-07,WADI,WADI,84.0,1858
12628,2026-05-07,YG,YADGIR,88.0,1897
12628,2026-05-07,RC,RAICHUR,84.0,1965
12628,2026-05-07,MALM,MANTHRALAYAM RD,84.0,1994
12628,2026-05-07,AD,ADONI,86.0,2035
12628,2026-05-07,GTL,GUNTAKAL JN,77.0,2086
12628,2026-05-07,ATP,ANANTAPUR,75.0,2172
12628,2026-05-07,DMM,DHARMAVARAM JN,51.0,2205
12628,2026-05-07,SSPN,SAI P NILAYAM,57.0,2238
12628,2026-05-07,PKD,PENUKONDA,59.0,2259
12628,2026-05-07,HUP,HINDUPUR,64.0,2296
12628,2026-05-07,YNK,YELHANKA JN,33.0,2379
12628,2026-05-07,BNC,BANGALORE CANT,63.0,2402
12628,2026-05-07,SBC,KSR BANGALORE CY JN,10.0,2406
12628,2026-05-08,NDLS,NEW DELHI,0.0,0
12628,2026-05-08,MTJ,MATHURA JN,25.0,141
12628,2026-05-08,AGC,AGRA CANTT,21.0,195
12628,2026-05-08,GWL,GWALIOR,14.0,313
12628,2026-05-08,VGLJ,V LAKSHMIBAI JHANSI,10.0,410
12628,2026-05-08,BINA,BINA JN,2.0,563
12628,2026-05-08,BPL,BHOPAL JN,0.0,701
12628,2026-05-08,ET,ITARSI JN,0.0,793
12628,2026-05-08,KNW,KHANDWA,5.0,976
12628,2026-05-08,BAU,BURHANPUR,8.0,1045
12628,2026-05-08,BSL,BHUSAVAL JN,7.0,1100
12628,2026-05-08,JL,JALGAON JN,12.0,1124
12628,2026-05-08,MMR,MANMAD JN,29.0,1284
12628,2026-05-08,KPG,KOPARGAON,15.0,1326
12628,2026-05-08,BAP,BELAPUR,44.0,1370
12628,2026-05-08,ANG,AHMADNAGAR,75.0,1437
12628,2026-05-08,DD,DAUND JN,68.0,1520
12628,2026-05-08,KWV,KURDUVADI,72.0,1630
12628,2026-05-08,SUR,SOLAPUR JN,60.0,1708
12628,2026-05-08,KLBG,KALABURAGI JN,106.0,1821
12628,2026-05-08,WADI,WADI,83.0,1858
12628,2026-05-08,YG,YADGIR,83.0,1897
12628,2026-05-08,RC,RAICHUR,80.0,1965
12628,2026-05-08,MALM,MANTHRALAYAM RD,83.0,1994
12628,2026-05-08,AD,ADONI,83.0,2035
12628,2026-05-08,GTL,GUNTAKAL JN,67.0,2086
12628,2026-05-08,ATP,ANANTAPUR,71.0,2172
12628,2026-05-08,DMM,DHARMAVARAM JN,48.0,2205
12628,2026-05-08,SSPN,SAI P NILAYAM,53.0,2238
12628,2026-05-08,PKD,PENUKONDA,58.0,2259
12628,2026-05-08,HUP,HINDUPUR,62.0,2296
12628,2026-05-08,YNK,YELHANKA JN,46.0,2379
12628,2026-05-08,BNC,BANGALORE CANT,62.0,2402
12628,2026-05-08,SBC,KSR BANGALORE CY JN,8.0,2406
12628,2026-05-09,NDLS,NEW DELHI,2.0,0
12628,2026-05-09,MTJ,MATHURA JN,15.0,141
12628,2026-05-09,AGC,AGRA CANTT,15.0,195
12628,2026-05-09,GWL,GWALIOR,1.0,313
12628,2026-05-09,VGLJ,V LAKSHMIBAI JHANSI,0.0,410
12628,2026-05-09,BINA,BINA JN,101.0,563
12628,2026-05-09,BPL,BHOPAL JN,125.0,701
12628,2026-05-09,ET,ITARSI JN,111.0,793
12628,2026-05-09,KNW,KHANDWA,156.0,976
12628,2026-05-09,BAU,BURHANPUR,160.0,1045
12628,2026-05-09,BSL,BHUSAVAL JN,182.0,1100
12628,2026-05-09,JL,JALGAON JN,185.0,1124
12628,2026-05-09,MMR,MANMAD JN,188.0,1284
12628,2026-05-09,KPG,KOPARGAON,181.0,1326
12628,2026-05-09,BAP,BELAPUR,196.0,1370
12628,2026-05-09,ANG,AHMADNAGAR,249.0,1437
12628,2026-05-09,DD,DAUND JN,247.0,1520
12628,2026-05-09,KWV,KURDUVADI,267.0,1630
12628,2026-05-09,SUR,SOLAPUR JN,242.0,1708
12628,2026-05-09,KLBG,KALABURAGI JN,270.0,1821
12628,2026-05-09,WADI,WADI,228.0,1858
12628,2026-05-09,YG,YADGIR,226.0,1897
12628,2026-05-09,RC,RAICHUR,225.0,1965
12628,2026-05-09,MALM,MANTHRALAYAM RD,229.0,1994
12628,2026-05-09,AD,ADONI,230.0,2035
12628,2026-05-09,GTL,GUNTAKAL JN,223.0,2086
12628,2026-05-09,ATP,ANANTAPUR,222.0,2172
12628,2026-05-09,DMM,DHARMAVARAM JN,214.0,2205
12628,2026-05-09,SSPN,SAI P NILAYAM,221.0,2238
12628,2026-05-09,PKD,PENUKONDA,229.0,2259
12628,2026-05-09,HUP,HINDUPUR,234.0,2296
12628,2026-05-09,YNK,YELHANKA JN,220.0,2379
12628,2026-05-09,BNC,BANGALORE CANT,295.0,2402
12628,2026-05-09,SBC,KSR BANGALORE CY JN,245.0,2406
12628,2026-05-10,NDLS,NEW DELHI,3.0,0
12628,2026-05-10,MTJ,MATHURA JN,26.0,141
12628,2026-05-10,AGC,AGRA CANTT,15.0,195
12628,2026-05-10,GWL,GWALIOR,0.0,313
12628,2026-05-10,VGLJ,V LAKSHMIBAI JHANSI,0.0,410
12628,2026-05-10,BINA,BINA JN,0.0,563
12628,2026-05-10,BPL,BHOPAL JN,0.0,701
12628,2026-05-10,ET,ITARSI JN,12.0,793
12628,2026-05-10,KNW,KHANDWA,9.0,976
12628,2026-05-10,BAU,BURHANPUR,29.0,1045
12628,2026-05-10,BSL,BHUSAVAL JN,26.0,1100
12628,2026-05-10,JL,JALGAON JN,50.0,1124
12628,2026-05-10,MMR,MANMAD JN,47.0,1284
12628,2026-05-10,KPG,KOPARGAON,41.0,1326
12628,2026-05-10,BAP,BELAPUR,57.0,1370
12628,2026-05-10,ANG,AHMADNAGAR,49.0,1437
12628,2026-05-10,DD,DAUND JN,47.0,1520
12628,2026-05-10,KWV,KURDUVADI,53.0,1630
12628,2026-05-10,SUR,SOLAPUR JN,32.0,1708
12628,2026-05-10,KLBG,KALABURAGI JN,50.0,1821
12628,2026-05-10,WADI,WADI,15.0,1858
12628,2026-05-10,YG,YADGIR,37.0,1897
12628,2026-05-10,RC,RAICHUR,43.0,1965
12628,2026-05-10,MALM,MANTHRALAYAM RD,43.0,1994
12628,2026-05-10,AD,ADONI,42.0,2035
12628,2026-05-10,GTL,GUNTAKAL JN,43.0,2086
12628,2026-05-10,ATP,ANANTAPUR,45.0,2172
12628,2026-05-10,DMM,DHARMAVARAM JN,18.0,2205
12628,2026-05-10,SSPN,SAI P NILAYAM,27.0,2238
12628,2026-05-10,PKD,PENUKONDA,35.0,2259
12628,2026-05-10,HUP,HINDUPUR,40.0,2296
12628,2026-05-10,YNK,YELHANKA JN,21.0,2379
12628,2026-05-10,BNC,BANGALORE CANT,27.0,2402
12628,2026-05-10,SBC,KSR BANGALORE CY JN,-26.0,2406
12628,2026-05-11,NDLS,NEW DELHI,3.0,0
12628,2026-05-11,MTJ,MATHURA JN,30.0,141
12628,2026-05-11,AGC,AGRA CANTT,18.0,195
12628,2026-05-11,GWL,GWALIOR,12.0,313
12628,2026-05-11,VGLJ,V LAKSHMIBAI JHANSI,12.0,410
12628,2026-05-11,BINA,BINA JN,0.0,563
12628,2026-05-11,BPL,BHOPAL JN,0.0,701
12628,2026-05-11,ET,ITARSI JN,9.0,793
12628,2026-05-11,KNW,KHANDWA,0.0,976
12628,2026-05-11,BAU,BURHANPUR,20.0,1045
12628,2026-05-11,BSL,BHUSAVAL JN,9.0,1100
12628,2026-05-11,JL,JALGAON JN,12.0,1124
12628,2026-05-11,MMR,MANMAD JN,10.0,1284
12628,2026-05-11,KPG,KOPARGAON,4.0,1326
12628,2026-05-11,BAP,BELAPUR,12.0,1370
12628,2026-05-11,ANG,AHMADNAGAR,28.0,1437
12628,2026-05-11,DD,DAUND JN,30.0,1520
12628,2026-05-11,KWV,KURDUVADI,58.0,1630
12628,2026-05-11,SUR,SOLAPUR JN,40.0,1708
12628,2026-05-11,KLBG,KALABURAGI JN,50.0,1821
12628,2026-05-11,WADI,WADI,12.0,1858
12628,2026-05-11,YG,YADGIR,10.0,1897
12628,2026-05-11,RC,RAICHUR,13.0,1965
12628,2026-05-11,MALM,MANTHRALAYAM RD,16.0,1994
12628,2026-05-11,AD,ADONI,22.0,2035
12628,2026-05-11,GTL,GUNTAKAL JN,14.0,2086
12628,2026-05-11,ATP,ANANTAPUR,26.0,2172
12628,2026-05-11,DMM,DHARMAVARAM JN,13.0,2205
12628,2026-05-11,SSPN,SAI P NILAYAM,20.0,2238
12628,2026-05-11,PKD,PENUKONDA,26.0,2259
12628,2026-05-11,HUP,HINDUPUR,32.0,2296
12628,2026-05-11,YNK,YELHANKA JN,27.0,2379
12628,2026-05-11,BNC,BANGALORE CANT,32.0,2402
12628,2026-05-11,SBC,KSR BANGALORE CY JN,-21.0,2406
12628,2026-05-12,NDLS,NEW DELHI,1.0,0
12628,2026-05-12,MTJ,MATHURA JN,36.0,141
12628,2026-05-12,AGC,AGRA CANTT,34.0,195
12628,2026-05-12,GWL,GWALIOR,1.0,313
12628,2026-05-12,VGLJ,V LAKSHMIBAI JHANSI,9.0,410
12628,2026-05-12,BINA,BINA JN,2.0,563
12628,2026-05-12,BPL,BHOPAL JN,1.0,701
12628,2026-05-12,ET,ITARSI JN,5.0,793
12628,2026-05-12,KNW,KHANDWA,0.0,976
12628,2026-05-12,BAU,BURHANPUR,9.0,1045
12628,2026-05-12,BSL,BHUSAVAL JN,1.0,1100
12628,2026-05-12,JL,JALGAON JN,1.0,1124
12628,2026-05-12,MMR,MANMAD JN,0.0,1284
12628,2026-05-12,KPG,KOPARGAON,0.0,1326
12628,2026-05-12,BAP,BELAPUR,8.0,1370
12628,2026-05-12,ANG,AHMADNAGAR,35.0,1437
12628,2026-05-12,DD,DAUND JN,28.0,1520
12628,2026-05-12,KWV,KURDUVADI,42.0,1630
12628,2026-05-12,SUR,SOLAPUR JN,13.0,1708
12628,2026-05-12,KLBG,KALABURAGI JN,36.0,1821
12628,2026-05-12,WADI,WADI,0.0,1858
12628,2026-05-12,YG,YADGIR,0.0,1897
12628,2026-05-12,RC,RAICHUR,1.0,1965
12628,2026-05-12,MALM,MANTHRALAYAM RD,2.0,1994
12628,2026-05-12,AD,ADONI,3.0,2035
12628,2026-05-12,GTL,GUNTAKAL JN,49.0,2086
12628,2026-05-12,ATP,ANANTAPUR,43.0,2172
12628,2026-05-12,DMM,DHARMAVARAM JN,17.0,2205
12628,2026-05-12,SSPN,SAI P NILAYAM,26.0,2238
12628,2026-05-12,PKD,PENUKONDA,33.0,2259
12628,2026-05-12,HUP,HINDUPUR,45.0,2296
12628,2026-05-12,YNK,YELHANKA JN,30.0,2379
12628,2026-05-12,BNC,BANGALORE CANT,35.0,2402
12628,2026-05-12,SBC,KSR BANGALORE CY JN,-16.0,2406
12628,2026-05-13,NDLS,NEW DELHI,3.0,0
12628,2026-05-13,MTJ,MATHURA JN,24.0,141
12628,2026-05-13,AGC,AGRA CANTT,13.0,195
12628,2026-05-13,GWL,GWALIOR,3.0,313
12628,2026-05-13,VGLJ,V LAKSHMIBAI JHANSI,4.0,410
12628,2026-05-13,BINA,BINA JN,5.0,563
12628,2026-05-13,BPL,BHOPAL JN,3.0,701
12628,2026-05-13,ET,ITARSI JN,10.0,793
12628,2026-05-13,KNW,KHANDWA,66.0,976
12628,2026-05-13,BAU,BURHANPUR,74.0,1045
12628,2026-05-13,BSL,BHUSAVAL JN,80.0,1100
12628,2026-05-13,JL,JALGAON JN,81.0,1124
12628,2026-05-13,MMR,MANMAD JN,66.0,1284
12628,2026-05-13,KPG,KOPARGAON,59.0,1326
12628,2026-05-13,BAP,BELAPUR,80.0,1370
12628,2026-05-13,ANG,AHMADNAGAR,106.0,1437
12628,2026-05-13,DD,DAUND JN,110.0,1520
12628,2026-05-13,KWV,KURDUVADI,122.0,1630
12628,2026-05-13,SUR,SOLAPUR JN,122.0,1708
12628,2026-05-13,KLBG,KALABURAGI JN,155.0,1821
12628,2026-05-13,WADI,WADI,114.0,1858
12628,2026-05-13,YG,YADGIR,111.0,1897
12628,2026-05-13,RC,RAICHUR,110.0,1965
12628,2026-05-13,MALM,MANTHRALAYAM RD,110.0,1994
12628,2026-05-13,AD,ADONI,112.0,2035
12628,2026-05-13,GTL,GUNTAKAL JN,109.0,2086
12628,2026-05-13,ATP,ANANTAPUR,110.0,2172
12628,2026-05-13,DMM,DHARMAVARAM JN,84.0,2205
12628,2026-05-13,SSPN,SAI P NILAYAM,89.0,2238
12628,2026-05-13,PKD,PENUKONDA,92.0,2259
12628,2026-05-13,HUP,HINDUPUR,98.0,2296
12628,2026-05-13,YNK,YELHANKA JN,93.0,2379
12628,2026-05-13,BNC,BANGALORE CANT,106.0,2402
12628,2026-05-13,SBC,KSR BANGALORE CY JN,53.0,2406
12628,2026-05-14,NDLS,NEW DELHI,0.0,0
12628,2026-05-14,MTJ,MATHURA JN,23.0,141
12628,2026-05-14,AGC,AGRA CANTT,9.0,195
12628,2026-05-14,GWL,GWALIOR,0.0,313
12628,2026-05-14,VGLJ,V LAKSHMIBAI JHANSI,0.0,410
12628,2026-05-14,BINA,BINA JN,0.0,563
12628,2026-05-14,BPL,BHOPAL JN,0.0,701
12628,2026-05-14,ET,ITARSI JN,11.0,793
12628,2026-05-14,KNW,KHANDWA,0.0,976
12628,2026-05-14,BAU,BURHANPUR,10.0,1045
12628,2026-05-14,BSL,BHUSAVAL JN,3.0,1100
12628,2026-05-14,JL,JALGAON JN,5.0,1124
12628,2026-05-14,MMR,MANMAD JN,33.0,1284
12628,2026-05-14,KPG,KOPARGAON,16.0,1326
12628,2026-05-14,BAP,BELAPUR,23.0,1370
12628,2026-05-14,ANG,AHMADNAGAR,95.0,1437
12628,2026-05-14,DD,DAUND JN,104.0,1520
12628,2026-05-14,KWV,KURDUVADI,126.0,1630
12628,2026-05-14,SUR,SOLAPUR JN,102.0,1708
12628,2026-05-14,KLBG,KALABURAGI JN,117.0,1821
12628,2026-05-14,WADI,WADI,84.0,1858
12628,2026-05-14,YG,YADGIR,84.0,1897
12628,2026-05-14,RC,RAICHUR,75.0,1965
12628,2026-05-14,MALM,MANTHRALAYAM RD,77.0,1994
12628,2026-05-14,AD,ADONI,77.0,2035
12628,2026-05-14,GTL,GUNTAKAL JN,80.0,2086
12628,2026-05-14,ATP,ANANTAPUR,75.0,2172
12628,2026-05-14,DMM,DHARMAVARAM JN,48.0,2205
12628,2026-05-14,SSPN,SAI P NILAYAM,51.0,2238
12628,2026-05-14,PKD,PENUKONDA,56.0,2259
12628,2026-05-14,HUP,HINDUPUR,68.0,2296
12628,2026-05-14,YNK,YELHANKA JN,70.0,2379
12628,2026-05-14,BNC,BANGALORE CANT,81.0,2402
12628,2026-05-14,SBC,KSR BANGALORE CY JN,22.0,2406
12628,2026-05-15,NDLS,NEW DELHI,7.0,0
12628,2026-05-15,MTJ,MATHURA JN,32.0,141
12628,2026-05-15,AGC,AGRA CANTT,24.0,195
12628,2026-05-15,GWL,GWALIOR,12.0,313
12628,2026-05-15,VGLJ,V LAKSHMIBAI JHANSI,6.0,410
12628,2026-05-15,BINA,BINA JN,0.0,563
12628,2026-05-15,BPL,BHOPAL JN,0.0,701
12628,2026-05-15,ET,ITARSI JN,22.0,793
12628,2026-05-15,KNW,KHANDWA,1.0,976
12628,2026-05-15,BAU,BURHANPUR,26.0,1045
12628,2026-05-15,BSL,BHUSAVAL JN,71.0,1100
12628,2026-05-15,JL,JALGAON JN,89.0,1124
12628,2026-05-15,MMR,MANMAD JN,94.0,1284
12628,2026-05-15,KPG,KOPARGAON,83.0,1326
12628,2026-05-15,BAP,BELAPUR,84.0,1370
12628,2026-05-15,ANG,AHMADNAGAR,112.0,1437
12628,2026-05-15,DD,DAUND JN,130.0,1520
12628,2026-05-15,KWV,KURDUVADI,142.0,1630
12628,2026-05-15,SUR,SOLAPUR JN,136.0,1708
12628,2026-05-15,KLBG,KALABURAGI JN,163.0,1821
12628,2026-05-15,WADI,WADI,123.0,1858
12628,2026-05-15,YG,YADGIR,122.0,1897
12628,2026-05-15,RC,RAICHUR,129.0,1965
12628,2026-05-15,MALM,MANTHRALAYAM RD,129.0,1994
12628,2026-05-15,AD,ADONI,129.0,2035
12628,2026-05-15,GTL,GUNTAKAL JN,122.0,2086
12628,2026-05-15,ATP,ANANTAPUR,121.0,2172
12628,2026-05-15,DMM,DHARMAVARAM JN,96.0,2205
12628,2026-05-15,SSPN,SAI P NILAYAM,101.0,2238
12628,2026-05-15,PKD,PENUKONDA,105.0,2259
12628,2026-05-15,HUP,HINDUPUR,115.0,2296
12628,2026-05-15,YNK,YELHANKA JN,111.0,2379
12628,2026-05-15,BNC,BANGALORE CANT,129.0,2402
12628,2026-05-15,SBC,KSR BANGALORE CY JN,76.0,2406
12628,2026-05-16,NDLS,NEW DELHI,6.0,0
12628,2026-05-16,MTJ,MATHURA JN,21.0,141
12628,2026-05-16,AGC,AGRA CANTT,8.0,195
12628,2026-05-16,GWL,GWALIOR,4.0,313
12628,2026-05-16,VGLJ,V LAKSHMIBAI JHANSI,1.0,410
12628,2026-05-16,BINA,BINA JN,2.0,563
12628,2026-05-16,BPL,BHOPAL JN,3.0,701
12628,2026-05-16,ET,ITARSI JN,20.0,793
12628,2026-05-16,KNW,KHANDWA,33.0,976
12628,2026-05-16,BAU,BURHANPUR,33.0,1045
12628,2026-05-16,BSL,BHUSAVAL JN,35.0,1100
12628,2026-05-16,JL,JALGAON JN,87.0,1124
12628,2026-05-16,MMR,MANMAD JN,79.0,1284
12628,2026-05-16,KPG,KOPARGAON,66.0,1326
12628,2026-05-16,BAP,BELAPUR,45.0,1370
12628,2026-05-16,ANG,AHMADNAGAR,144.0,1437
12628,2026-05-16,DD,DAUND JN,169.0,1520
12628,2026-05-16,KWV,KURDUVADI,183.0,1630
12628,2026-05-16,SUR,SOLAPUR JN,165.0,1708
12628,2026-05-16,KLBG,KALABURAGI JN,202.0,1821
12628,2026-05-16,WADI,WADI,171.0,1858
12628,2026-05-16,YG,YADGIR,176.0,1897
12628,2026-05-16,RC,RAICHUR,172.0,1965
12628,2026-05-16,MALM,MANTHRALAYAM RD,173.0,1994
12628,2026-05-16,AD,ADONI,175.0,2035
12628,2026-05-16,GTL,GUNTAKAL JN,137.0,2086
12628,2026-05-16,ATP,ANANTAPUR,169.0,2172
12628,2026-05-16,DMM,DHARMAVARAM JN,151.0,2205
12628,2026-05-16,SSPN,SAI P NILAYAM,155.0,2238
12628,2026-05-16,PKD,PENUKONDA,159.0,2259
12628,2026-05-16,HUP,HINDUPUR,166.0,2296
12628,2026-05-16,YNK,YELHANKA JN,145.0,2379
12628,2026-05-16,BNC,BANGALORE CANT,151.0,2402
12628,2026-05-16,SBC,KSR BANGALORE CY JN,97.0,2406
12628,2026-05-17,NDLS,NEW DELHI,760.0,0
12628,2026-05-17,MTJ,MATHURA JN,774.0,141
12628,2026-05-17,AGC,AGRA CANTT,775.0,195
12628,2026-05-17,GWL,GWALIOR,748.0,313
12628,2026-05-17,VGLJ,V LAKSHMIBAI JHANSI,776.0,410
12628,2026-05-17,BINA,BINA JN,778.0,563
12628,2026-05-17,BPL,BHOPAL JN,785.0,701
12628,2026-05-17,ET,ITARSI JN,790.0,793
12628,2026-05-17,KNW,KHANDWA,767.0,976
12628,2026-05-17,BAU,BURHANPUR,766.0,1045
12628,2026-05-17,BSL,BHUSAVAL JN,767.0,1100
12628,2026-05-17,JL,JALGAON JN,777.0,1124
12628,2026-05-17,MMR,MANMAD JN,785.0,1284
12628,2026-05-17,KPG,KOPARGAON,771.0,1326
12628,2026-05-17,BAP,BELAPUR,775.0,1370
12628,2026-05-17,ANG,AHMADNAGAR,775.0,1437
12628,2026-05-17,DD,DAUND JN,800.0,1520
12628,2026-05-17,KWV,KURDUVADI,804.0,1630
12628,2026-05-17,SUR,SOLAPUR JN,771.0,1708
12628,2026-05-17,KLBG,KALABURAGI JN,826.0,1821
12628,2026-05-17,WADI,WADI,798.0,1858
12628,2026-05-17,YG,YADGIR,802.0,1897
12628,2026-05-17,RC,RAICHUR,815.0,1965
12628,2026-05-17,MALM,MANTHRALAYAM RD,816.0,1994
12628,2026-05-17,AD,ADONI,821.0,2035
12628,2026-05-17,GTL,GUNTAKAL JN,814.0,2086
12628,2026-05-17,ATP,ANANTAPUR,805.0,2172
12628,2026-05-17,DMM,DHARMAVARAM JN,789.0,2205
12628,2026-05-17,SSPN,SAI P NILAYAM,792.0,2238
12628,2026-05-17,PKD,PENUKONDA,790.0,2259
12628,2026-05-17,HUP,HINDUPUR,796.0,2296
12628,2026-05-17,YNK,YELHANKA JN,781.0,2379
12628,2026-05-17,BNC,BANGALORE CANT,755.0,2402
12628,2026-05-17,SBC,KSR BANGALORE CY JN,740.0,2406
12628,2026-05-18,NDLS,NEW DELHI,864.0,0
12628,2026-05-18,MTJ,MATHURA JN,923.0,141
12628,2026-05-18,AGC,AGRA CANTT,935.0,195
12628,2026-05-18,GWL,GWALIOR,915.0,313
12628,2026-05-18,VGLJ,V LAKSHMIBAI JHANSI,936.0,410
12628,2026-05-18,BINA,BINA JN,915.0,563
12628,2026-05-18,BPL,BHOPAL JN,933.0,701
12628,2026-05-18,ET,ITARSI JN,906.0,793
12628,2026-05-18,KNW,KHANDWA,893.0,976
12628,2026-05-18,BAU,BURHANPUR,892.0,1045
12628,2026-05-18,BSL,BHUSAVAL JN,908.0,1100
12628,2026-05-18,JL,JALGAON JN,938.0,1124
12628,2026-05-18,MMR,MANMAD JN,955.0,1284
12628,2026-05-18,KPG,KOPARGAON,946.0,1326
12628,2026-05-18,BAP,BELAPUR,953.0,1370
12628,2026-05-18,ANG,AHMADNAGAR,982.0,1437
12628,2026-05-18,DD,DAUND JN,1045.0,1520
12628,2026-05-18,KWV,KURDUVADI,1073.0,1630
12628,2026-05-18,SUR,SOLAPUR JN,1060.0,1708
12628,2026-05-18,KLBG,KALABURAGI JN,1099.0,1821
12628,2026-05-18,WADI,WADI,1070.0,1858
12628,2026-05-18,YG,YADGIR,1042.0,1897
12628,2026-05-18,RC,RAICHUR,1022.0,1965
12628,2026-05-18,MALM,MANTHRALAYAM RD,1017.0,1994
12628,2026-05-18,AD,ADONI,1014.0,2035
12628,2026-05-18,GTL,GUNTAKAL JN,989.0,2086
12628,2026-05-18,ATP,ANANTAPUR,970.0,2172
12628,2026-05-18,DMM,DHARMAVARAM JN,939.0,2205
12628,2026-05-18,SSPN,SAI P NILAYAM,933.0,2238
12628,2026-05-18,PKD,PENUKONDA,930.0,2259
12628,2026-05-18,HUP,HINDUPUR,926.0,2296
12628,2026-05-18,YNK,YELHANKA JN,917.0,2379
12628,2026-05-18,BNC,BANGALORE CANT,888.0,2402
12628,2026-05-18,SBC,KSR BANGALORE CY JN,859.0,2406
12628,2026-05-19,NDLS,NEW DELHI,854.0,0
12628,2026-05-19,MTJ,MATHURA JN,894.0,141
12628,2026-05-19,AGC,AGRA CANTT,913.0,195
12628,2026-05-19,GWL,GWALIOR,908.0,313
12628,2026-05-19,VGLJ,V LAKSHMIBAI JHANSI,926.0,410
12628,2026-05-19,BINA,BINA JN,919.0,563
12628,2026-05-19,BPL,BHOPAL JN,919.0,701
12628,2026-05-19,ET,ITARSI JN,902.0,793
12628,2026-05-19,KNW,KHANDWA,878.0,976
12628,2026-05-19,BAU,BURHANPUR,879.0,1045
12628,2026-05-19,BSL,BHUSAVAL JN,881.0,1100
12628,2026-05-19,JL,JALGAON JN,885.0,1124
12628,2026-05-19,MMR,MANMAD JN,889.0,1284
12628,2026-05-19,KPG,KOPARGAON,882.0,1326
12628,2026-05-19,BAP,BELAPUR,978.0,1370
12628,2026-05-19,ANG,AHMADNAGAR,974.0,1437
12628,2026-05-19,DD,DAUND JN,984.0,1520
12628,2026-05-19,KWV,KURDUVADI,1008.0,1630
12628,2026-05-19,SUR,SOLAPUR JN,990.0,1708
12628,2026-05-19,KLBG,KALABURAGI JN,987.0,1821
12628,2026-05-19,WADI,WADI,964.0,1858
12628,2026-05-19,YG,YADGIR,975.0,1897
12628,2026-05-19,RC,RAICHUR,977.0,1965
12628,2026-05-19,MALM,MANTHRALAYAM RD,983.0,1994
12628,2026-05-19,AD,ADONI,980.0,2035
12628,2026-05-19,GTL,GUNTAKAL JN,977.0,2086
12628,2026-05-19,ATP,ANANTAPUR,975.0,2172
12628,2026-05-19,DMM,DHARMAVARAM JN,948.0,2205
12628,2026-05-19,SSPN,SAI P NILAYAM,915.0,2238
12628,2026-05-19,PKD,PENUKONDA,912.0,2259
12628,2026-05-19,HUP,HINDUPUR,908.0,2296
12628,2026-05-19,YNK,YELHANKA JN,899.0,2379
12628,2026-05-19,BNC,BANGALORE CANT,568.0,2402
12628,2026-05-19,SBC,KSR BANGALORE CY JN,508.0,2406
12628,2026-05-20,NDLS,NEW DELHI,3.0,0
12628,2026-05-20,MTJ,MATHURA JN,30.0,141
12628,2026-05-20,AGC,AGRA CANTT,14.0,195
12628,2026-05-20,GWL,GWALIOR,1.0,313
12628,2026-05-20,VGLJ,V LAKSHMIBAI JHANSI,1.0,410
12628,2026-05-20,BINA,BINA JN,0.0,563
12628,2026-05-20,BPL,BHOPAL JN,26.0,701
12628,2026-05-20,ET,ITARSI JN,45.0,793
12628,2026-05-20,KNW,KHANDWA,61.0,976
12628,2026-05-20,BAU,BURHANPUR,63.0,1045
12628,2026-05-20,BSL,BHUSAVAL JN,65.0,1100
12628,2026-05-20,JL,JALGAON JN,70.0,1124
12628,2026-05-20,MMR,MANMAD JN,66.0,1284
12628,2026-05-20,KPG,KOPARGAON,55.0,1326
12628,2026-05-20,BAP,BELAPUR,63.0,1370
12628,2026-05-20,ANG,AHMADNAGAR,50.0,1437
12628,2026-05-20,DD,DAUND JN,84.0,1520
12628,2026-05-20,KWV,KURDUVADI,94.0,1630
12628,2026-05-20,SUR,SOLAPUR JN,79.0,1708
12628,2026-05-20,KLBG,KALABURAGI JN,89.0,1821
12628,2026-05-20,WADI,WADI,60.0,1858
12628,2026-05-20,YG,YADGIR,59.0,1897
12628,2026-05-20,RC,RAICHUR,71.0,1965
12628,2026-05-20,MALM,MANTHRALAYAM RD,72.0,1994
12628,2026-05-20,AD,ADONI,72.0,2035
12628,2026-05-20,GTL,GUNTAKAL JN,71.0,2086
12628,2026-05-20,ATP,ANANTAPUR,35.0,2172
12628,2026-05-20,DMM,DHARMAVARAM JN,38.0,2205
12628,2026-05-20,SSPN,SAI P NILAYAM,48.0,2238
12628,2026-05-20,PKD,PENUKONDA,49.0,2259
12628,2026-05-20,HUP,HINDUPUR,72.0,2296
12628,2026-05-20,YNK,YELHANKA JN,50.0,2379
12628,2026-05-20,BNC,BANGALORE CANT,19.0,2402
12628,2026-05-20,SBC,KSR BANGALORE CY JN,3.0,2406
12628,2026-05-21,NDLS,NEW DELHI,0.0,0
12628,2026-05-21,MTJ,MATHURA JN,19.0,141
12628,2026-05-21,AGC,AGRA CANTT,12.0,195
12628,2026-05-21,GWL,GWALIOR,19.0,313
12628,2026-05-21,VGLJ,V LAKSHMIBAI JHANSI,11.0,410
12628,2026-05-21,BINA,BINA JN,0.0,563
12628,2026-05-21,BPL,BHOPAL JN,12.0,701
12628,2026-05-21,ET,ITARSI JN,0.0,793
12628,2026-05-21,KNW,KHANDWA,27.0,976
12628,2026-05-21,BAU,BURHANPUR,38.0,1045
12628,2026-05-21,BSL,BHUSAVAL JN,47.0,1100
12628,2026-05-21,JL,JALGAON JN,49.0,1124
12628,2026-05-21,MMR,MANMAD JN,43.0,1284
12628,2026-05-21,KPG,KOPARGAON,40.0,1326
12628,2026-05-21,BAP,BELAPUR,54.0,1370
12628,2026-05-21,ANG,AHMADNAGAR,51.0,1437
12628,2026-05-21,DD,DAUND JN,72.0,1520
12628,2026-05-21,KWV,KURDUVADI,99.0,1630
12628,2026-05-21,SUR,SOLAPUR JN,79.0,1708
12628,2026-05-21,KLBG,KALABURAGI JN,98.0,1821
12628,2026-05-21,WADI,WADI,77.0,1858
12628,2026-05-21,YG,YADGIR,76.0,1897
12628,2026-05-21,RC,RAICHUR,71.0,1965
12628,2026-05-21,MALM,MANTHRALAYAM RD,72.0,1994
12628,2026-05-21,AD,ADONI,76.0,2035
12628,2026-05-21,GTL,GUNTAKAL JN,74.0,2086
12628,2026-05-21,ATP,ANANTAPUR,77.0,2172
12628,2026-05-21,DMM,DHARMAVARAM JN,53.0,2205
12628,2026-05-21,SSPN,SAI P NILAYAM,60.0,2238
12628,2026-05-21,PKD,PENUKONDA,60.0,2259
12628,2026-05-21,HUP,HINDUPUR,67.0,2296
12628,2026-05-21,YNK,YELHANKA JN,56.0,2379
12628,2026-05-21,BNC,BANGALORE CANT,112.0,2402
12628,2026-05-21,SBC,KSR BANGALORE CY JN,59.0,2406
12628,2026-05-22,NDLS,NEW DELHI,5.0,0
12628,2026-05-22,MTJ,MATHURA JN,30.0,141
12628,2026-05-22,AGC,AGRA CANTT,24.0,195
12628,2026-05-22,GWL,GWALIOR,10.0,313
12628,2026-05-22,VGLJ,V LAKSHMIBAI JHANSI,13.0,410
12628,2026-05-22,BINA,BINA JN,0.0,563
12628,2026-05-22,BPL,BHOPAL JN,0.0,701
12628,2026-05-22,ET,ITARSI JN,2.0,793
12628,2026-05-22,KNW,KHANDWA,4.0,976
12628,2026-05-22,BAU,BURHANPUR,13.0,1045
12628,2026-05-22,BSL,BHUSAVAL JN,14.0,1100
12628,2026-05-22,JL,JALGAON JN,23.0,1124
12628,2026-05-22,MMR,MANMAD JN,30.0,1284
12628,2026-05-22,KPG,KOPARGAON,20.0,1326
12628,2026-05-22,BAP,BELAPUR,33.0,1370
12628,2026-05-22,ANG,AHMADNAGAR,24.0,1437
12628,2026-05-22,DD,DAUND JN,56.0,1520
12628,2026-05-22,KWV,KURDUVADI,72.0,1630
12628,2026-05-22,SUR,SOLAPUR JN,92.0,1708
12628,2026-05-22,KLBG,KALABURAGI JN,115.0,1821
12628,2026-05-22,WADI,WADI,97.0,1858
12628,2026-05-22,YG,YADGIR,102.0,1897
12628,2026-05-22,RC,RAICHUR,114.0,1965
12628,2026-05-22,MALM,MANTHRALAYAM RD,116.0,1994
12628,2026-05-22,AD,ADONI,113.0,2035
12628,2026-05-22,GTL,GUNTAKAL JN,111.0,2086
12628,2026-05-22,ATP,ANANTAPUR,112.0,2172
12628,2026-05-22,DMM,DHARMAVARAM JN,85.0,2205
12628,2026-05-22,SSPN,SAI P NILAYAM,88.0,2238
12628,2026-05-22,PKD,PENUKONDA,89.0,2259
12628,2026-05-22,HUP,HINDUPUR,91.0,2296
12628,2026-05-22,YNK,YELHANKA JN,76.0,2379
12628,2026-05-22,BNC,BANGALORE CANT,49.0,2402
12628,2026-05-22,SBC,KSR BANGALORE CY JN,23.0,2406
12628,2026-05-23,NDLS,NEW DELHI,4.0,0
12628,2026-05-23,MTJ,MATHURA JN,45.0,141
12628,2026-05-23,AGC,AGRA CANTT,35.0,195
12628,2026-05-23,GWL,GWALIOR,5.0,313
12628,2026-05-23,VGLJ,V LAKSHMIBAI JHANSI,2.0,410
12628,2026-05-23,BINA,BINA JN,16.0,563
12628,2026-05-23,BPL,BHOPAL JN,17.0,701
12628,2026-05-23,ET,ITARSI JN,23.0,793
12628,2026-05-23,KNW,KHANDWA,0.0,976
12628,2026-05-23,BAU,BURHANPUR,15.0,1045
12628,2026-05-23,BSL,BHUSAVAL JN,13.0,1100
12628,2026-05-23,JL,JALGAON JN,28.0,1124
12628,2026-05-23,MMR,MANMAD JN,58.0,1284
12628,2026-05-23,KPG,KOPARGAON,49.0,1326
12628,2026-05-23,BAP,BELAPUR,64.0,1370
12628,2026-05-23,ANG,AHMADNAGAR,87.0,1437
12628,2026-05-23,DD,DAUND JN,101.0,1520
12628,2026-05-23,KWV,KURDUVADI,112.0,1630
12628,2026-05-23,SUR,SOLAPUR JN,99.0,1708
12628,2026-05-23,KLBG,KALABURAGI JN,107.0,1821
12628,2026-05-23,WADI,WADI,76.0,1858
12628,2026-05-23,YG,YADGIR,77.0,1897
12628,2026-05-23,RC,RAICHUR,86.0,1965
12628,2026-05-23,MALM,MANTHRALAYAM RD,88.0,1994
12628,2026-05-23,AD,ADONI,87.0,2035
12628,2026-05-23,GTL,GUNTAKAL JN,89.0,2086
12628,2026-05-23,ATP,ANANTAPUR,92.0,2172
12628,2026-05-23,DMM,DHARMAVARAM JN,65.0,2205
12628,2026-05-23,SSPN,SAI P NILAYAM,72.0,2238
12628,2026-05-23,PKD,PENUKONDA,71.0,2259
12628,2026-05-23,HUP,HINDUPUR,76.0,2296
12628,2026-05-23,YNK,YELHANKA JN,57.0,2379
12628,2026-05-23,BNC,BANGALORE CANT,58.0,2402
12628,2026-05-23,SBC,KSR BANGALORE CY JN,4.0,2406
12628,2026-05-24,NDLS,NEW DELHI,20.0,0
12628,2026-05-24,MTJ,MATHURA JN,35.0,141
12628,2026-05-24,AGC,AGRA CANTT,23.0,195
12628,2026-05-24,GWL,GWALIOR,13.0,313
12628,2026-05-24,VGLJ,V LAKSHMIBAI JHANSI,8.0,410
12628,2026-05-24,BINA,BINA JN,0.0,563
12628,2026-05-24,BPL,BHOPAL JN,5.0,701
12628,2026-05-24,ET,ITARSI JN,9.0,793
12628,2026-05-24,KNW,KHANDWA,8.0,976
12628,2026-05-24,BAU,BURHANPUR,18.0,1045
12628,2026-05-24,BSL,BHUSAVAL JN,32.0,1100
12628,2026-05-24,JL,JALGAON JN,36.0,1124
12628,2026-05-24,MMR,MANMAD JN,48.0,1284
12628,2026-05-24,KPG,KOPARGAON,43.0,1326
12628,2026-05-24,BAP,BELAPUR,56.0,1370
12628,2026-05-24,ANG,AHMADNAGAR,85.0,1437
12628,2026-05-24,DD,DAUND JN,101.0,1520
12628,2026-05-24,KWV,KURDUVADI,136.0,1630
12628,2026-05-24,SUR,SOLAPUR JN,151.0,1708
12628,2026-05-24,KLBG,KALABURAGI JN,161.0,1821
12628,2026-05-24,WADI,WADI,123.0,1858
12628,2026-05-24,YG,YADGIR,121.0,1897
12628,2026-05-24,RC,RAICHUR,128.0,1965
12628,2026-05-24,MALM,MANTHRALAYAM RD,128.0,1994
12628,2026-05-24,AD,ADONI,127.0,2035
12628,2026-05-24,GTL,GUNTAKAL JN,114.0,2086
12628,2026-05-24,ATP,ANANTAPUR,116.0,2172
12628,2026-05-24,DMM,DHARMAVARAM JN,105.0,2205
12628,2026-05-24,SSPN,SAI P NILAYAM,116.0,2238
12628,2026-05-24,PKD,PENUKONDA,116.0,2259
12628,2026-05-24,HUP,HINDUPUR,127.0,2296
12628,2026-05-24,YNK,YELHANKA JN,125.0,2379
12628,2026-05-24,BNC,BANGALORE CANT,150.0,2402
12628,2026-05-24,SBC,KSR BANGALORE CY JN,99.0,2406
12628,2026-05-25,NDLS,NEW DELHI,4.0,0
12628,2026-05-25,MTJ,MATHURA JN,30.0,141
12628,2026-05-25,AGC,AGRA CANTT,22.0,195
12628,2026-05-25,GWL,GWALIOR,1.0,313
12628,2026-05-25,VGLJ,V LAKSHMIBAI JHANSI,6.0,410
12628,2026-05-25,BINA,BINA JN,6.0,563
12628,2026-05-25,BPL,BHOPAL JN,11.0,701
12628,2026-05-25,ET,ITARSI JN,2.0,793
12628,2026-05-25,KNW,KHANDWA,42.0,976
12628,2026-05-25,BAU,BURHANPUR,54.0,1045
12628,2026-05-25,BSL,BHUSAVAL JN,46.0,1100
12628,2026-05-25,JL,JALGAON JN,52.0,1124
12628,2026-05-25,MMR,MANMAD JN,44.0,1284
12628,2026-05-25,KPG,KOPARGAON,38.0,1326
12628,2026-05-25,BAP,BELAPUR,45.0,1370
12628,2026-05-25,ANG,AHMADNAGAR,31.0,1437
12628,2026-05-25,DD,DAUND JN,85.0,1520
12628,2026-05-25,KWV,KURDUVADI,103.0,1630
12628,2026-05-25,SUR,SOLAPUR JN,89.0,1708
12628,2026-05-25,KLBG,KALABURAGI JN,87.0,1821
12628,2026-05-25,WADI,WADI,76.0,1858
12628,2026-05-25,YG,YADGIR,76.0,1897
12628,2026-05-25,RC,RAICHUR,86.0,1965
12628,2026-05-25,MALM,MANTHRALAYAM RD,95.0,1994
12628,2026-05-25,AD,ADONI,94.0,2035
12628,2026-05-25,GTL,GUNTAKAL JN,97.0,2086
12628,2026-05-25,ATP,ANANTAPUR,91.0,2172
12628,2026-05-25,DMM,DHARMAVARAM JN,63.0,2205
12628,2026-05-25,SSPN,SAI P NILAYAM,73.0,2238
12628,2026-05-25,PKD,PENUKONDA,71.0,2259
12628,2026-05-25,HUP,HINDUPUR,81.0,2296
12628,2026-05-25,YNK,YELHANKA JN,77.0,2379
12628,2026-05-25,BNC,BANGALORE CANT,74.0,2402
12628,2026-05-25,SBC,KSR BANGALORE CY JN,16.0,2406
12628,2026-05-26,NDLS,NEW DELHI,3.0,0
12628,2026-05-26,MTJ,MATHURA JN,13.0,141
12628,2026-05-26,AGC,AGRA CANTT,16.0,195
12628,2026-05-26,GWL,GWALIOR,0.0,313
12628,2026-05-26,VGLJ,V LAKSHMIBAI JHANSI,7.0,410
12628,2026-05-26,BINA,BINA JN,0.0,563
12628,2026-05-26,BPL,BHOPAL JN,1.0,701
12628,2026-05-26,ET,ITARSI JN,9.0,793
12628,2026-05-26,KNW,KHANDWA,1.0,976
12628,2026-05-26,BAU,BURHANPUR,16.0,1045
12628,2026-05-26,BSL,BHUSAVAL JN,16.0,1100
12628,2026-05-26,JL,JALGAON JN,35.0,1124
12628,2026-05-26,MMR,MANMAD JN,22.0,1284
12628,2026-05-26,KPG,KOPARGAON,11.0,1326
12628,2026-05-26,BAP,BELAPUR,21.0,1370
12628,2026-05-26,ANG,AHMADNAGAR,9.0,1437
12628,2026-05-26,DD,DAUND JN,40.0,1520
12628,2026-05-26,KWV,KURDUVADI,51.0,1630
12628,2026-05-26,SUR,SOLAPUR JN,31.0,1708
12628,2026-05-26,KLBG,KALABURAGI JN,42.0,1821
12628,2026-05-26,WADI,WADI,3.0,1858
12628,2026-05-26,YG,YADGIR,6.0,1897
12628,2026-05-26,RC,RAICHUR,1.0,1965
12628,2026-05-26,MALM,MANTHRALAYAM RD,10.0,1994
12628,2026-05-26,AD,ADONI,8.0,2035
12628,2026-05-26,GTL,GUNTAKAL JN,13.0,2086
12628,2026-05-26,ATP,ANANTAPUR,12.0,2172
12628,2026-05-26,DMM,DHARMAVARAM JN,19.0,2205
12628,2026-05-26,SSPN,SAI P NILAYAM,26.0,2238
12628,2026-05-26,PKD,PENUKONDA,29.0,2259
12628,2026-05-26,HUP,HINDUPUR,34.0,2296
12628,2026-05-26,YNK,YELHANKA JN,19.0,2379
12628,2026-05-26,BNC,BANGALORE CANT,49.0,2402
12628,2026-05-26,SBC,KSR BANGALORE CY JN,-6.0,2406
12628,2026-05-27,NDLS,NEW DELHI,1.0,0
12628,2026-05-27,MTJ,MATHURA JN,30.0,141
12628,2026-05-27,AGC,AGRA CANTT,25.0,195
12628,2026-05-27,GWL,GWALIOR,0.0,313
12628,2026-05-27,VGLJ,V LAKSHMIBAI JHANSI,12.0,410
12628,2026-05-27,BINA,BINA JN,1.0,563
12628,2026-05-27,BPL,BHOPAL JN,4.0,701
12628,2026-05-27,ET,ITARSI JN,36.0,793
12628,2026-05-27,KNW,KHANDWA,4.0,976
12628,2026-05-27,BAU,BURHANPUR,5.0,1045
12628,2026-05-27,BSL,BHUSAVAL JN,1.0,1100
12628,2026-05-27,JL,JALGAON JN,9.0,1124
12628,2026-05-27,MMR,MANMAD JN,2.0,1284
12628,2026-05-27,KPG,KOPARGAON,0.0,1326
12628,2026-05-27,BAP,BELAPUR,11.0,1370
12628,2026-05-27,ANG,AHMADNAGAR,175.0,1437
12628,2026-05-27,DD,DAUND JN,224.0,1520
12628,2026-05-27,KWV,KURDUVADI,225.0,1630
12628,2026-05-27,SUR,SOLAPUR JN,209.0,1708
12628,2026-05-27,KLBG,KALABURAGI JN,212.0,1821
12628,2026-05-27,WADI,WADI,177.0,1858
12628,2026-05-27,YG,YADGIR,182.0,1897
12628,2026-05-27,RC,RAICHUR,179.0,1965
12628,2026-05-27,MALM,MANTHRALAYAM RD,182.0,1994
12628,2026-05-27,AD,ADONI,180.0,2035
12628,2026-05-27,GTL,GUNTAKAL JN,179.0,2086
12628,2026-05-27,ATP,ANANTAPUR,176.0,2172
12628,2026-05-27,DMM,DHARMAVARAM JN,162.0,2205
12628,2026-05-27,SSPN,SAI P NILAYAM,173.0,2238
12628,2026-05-27,PKD,PENUKONDA,179.0,2259
12628,2026-05-27,HUP,HINDUPUR,185.0,2296
12628,2026-05-27,YNK,YELHANKA JN,183.0,2379
12628,2026-05-27,BNC,BANGALORE CANT,161.0,2402
12628,2026-05-27,SBC,KSR BANGALORE CY JN,134.0,2406
12628,2026-05-28,NDLS,NEW DELHI,14.0,0
12628,2026-05-28,MTJ,MATHURA JN,36.0,141
12628,2026-05-28,AGC,AGRA CANTT,38.0,195
12628,2026-05-28,GWL,GWALIOR,18.0,313
12628,2026-05-28,VGLJ,V LAKSHMIBAI JHANSI,12.0,410
12628,2026-05-28,BINA,BINA JN,17.0,563
12628,2026-05-28,BPL,BHOPAL JN,21.0,701
12628,2026-05-28,ET,ITARSI JN,10.0,793
12628,2026-05-28,KNW,KHANDWA,10.0,976
12628,2026-05-28,BAU,BURHANPUR,17.0,1045
12628,2026-05-28,BSL,BHUSAVAL JN,9.0,1100
12628,2026-05-28,JL,JALGAON JN,14.0,1124
12628,2026-05-28,MMR,MANMAD JN,16.0,1284
12628,2026-05-28,KPG,KOPARGAON,13.0,1326
12628,2026-05-28,BAP,BELAPUR,29.0,1370
12628,2026-05-28,ANG,AHMADNAGAR,22.0,1437
12628,2026-05-28,DD,DAUND JN,97.0,1520
12628,2026-05-28,KWV,KURDUVADI,107.0,1630
12628,2026-05-28,SUR,SOLAPUR JN,103.0,1708
12628,2026-05-28,KLBG,KALABURAGI JN,110.0,1821
12628,2026-05-28,WADI,WADI,95.0,1858
12628,2026-05-28,YG,YADGIR,94.0,1897
12628,2026-05-28,RC,RAICHUR,93.0,1965
12628,2026-05-28,MALM,MANTHRALAYAM RD,98.0,1994
12628,2026-05-28,AD,ADONI,97.0,2035
12628,2026-05-28,GTL,GUNTAKAL JN,108.0,2086
12628,2026-05-28,ATP,ANANTAPUR,109.0,2172
12628,2026-05-28,DMM,DHARMAVARAM JN,82.0,2205
12628,2026-05-28,SSPN,SAI P NILAYAM,85.0,2238
12628,2026-05-28,PKD,PENUKONDA,88.0,2259
12628,2026-05-28,HUP,HINDUPUR,92.0,2296
12628,2026-05-28,YNK,YELHANKA JN,81.0,2379
12628,2026-05-28,BNC,BANGALORE CANT,108.0,2402
12628,2026-05-28,SBC,KSR BANGALORE CY JN,54.0,2406
12628,2026-05-29,NDLS,NEW DELHI,490.0,0
12628,2026-05-29,MTJ,MATHURA JN,510.0,141
12628,2026-05-29,AGC,AGRA CANTT,496.0,195
12628,2026-05-29,GWL,GWALIOR,469.0,313
12628,2026-05-29,VGLJ,V LAKSHMIBAI JHANSI,459.0,410
12628,2026-05-29,BINA,BINA JN,485.0,563
12628,2026-05-29,BPL,BHOPAL JN,487.0,701
12628,2026-05-29,ET,ITARSI JN,468.0,793
12628,2026-05-29,KNW,KHANDWA,460.0,976
12628,2026-05-29,BAU,BURHANPUR,462.0,1045
12628,2026-05-29,BSL,BHUSAVAL JN,449.0,1100
12628,2026-05-29,JL,JALGAON JN,457.0,1124
12628,2026-05-29,MMR,MANMAD JN,465.0,1284
12628,2026-05-29,KPG,KOPARGAON,454.0,1326
12628,2026-05-29,BAP,BELAPUR,463.0,1370
12628,2026-05-29,ANG,AHMADNAGAR,507.0,1437
12628,2026-05-29,DD,DAUND JN,517.0,1520
12628,2026-05-29,KWV,KURDUVADI,523.0,1630
12628,2026-05-29,SUR,SOLAPUR JN,515.0,1708
12628,2026-05-29,KLBG,KALABURAGI JN,520.0,1821
12628,2026-05-29,WADI,WADI,505.0,1858
12628,2026-05-29,YG,YADGIR,481.0,1897
12628,2026-05-29,RC,RAICHUR,508.0,1965
12628,2026-05-29,MALM,MANTHRALAYAM RD,510.0,1994
12628,2026-05-29,AD,ADONI,506.0,2035
12628,2026-05-29,GTL,GUNTAKAL JN,511.0,2086
12628,2026-05-29,ATP,ANANTAPUR,505.0,2172
12628,2026-05-29,DMM,DHARMAVARAM JN,479.0,2205
12628,2026-05-29,SSPN,SAI P NILAYAM,501.0,2238
12628,2026-05-29,PKD,PENUKONDA,499.0,2259
12628,2026-05-29,HUP,HINDUPUR,504.0,2296
12628,2026-05-29,YNK,YELHANKA JN,515.0,2379
12628,2026-05-29,BNC,BANGALORE CANT,495.0,2402
12628,2026-05-29,SBC,KSR BANGALORE CY JN,486.0,2406
12628,2026-05-30,NDLS,NEW DELHI,21.0,0
12628,2026-05-30,MTJ,MATHURA JN,35.0,141
12628,2026-05-30,AGC,AGRA CANTT,35.0,195
12628,2026-05-30,GWL,GWALIOR,2.0,313
12628,2026-05-30,VGLJ,V LAKSHMIBAI JHANSI,0.0,410
12628,2026-05-30,BINA,BINA JN,10.0,563
12628,2026-05-30,BPL,BHOPAL JN,7.0,701
12628,2026-05-30,ET,ITARSI JN,0.0,793
12628,2026-05-30,KNW,KHANDWA,0.0,976
12628,2026-05-30,BAU,BURHANPUR,9.0,1045
12628,2026-05-30,BSL,BHUSAVAL JN,23.0,1100
12628,2026-05-30,JL,JALGAON JN,39.0,1124
12628,2026-05-30,MMR,MANMAD JN,34.0,1284
12628,2026-05-30,KPG,KOPARGAON,19.0,1326
12628,2026-05-30,BAP,BELAPUR,24.0,1370
12628,2026-05-30,ANG,AHMADNAGAR,10.0,1437
12628,2026-05-30,DD,DAUND JN,14.0,1520
12628,2026-05-30,KWV,KURDUVADI,56.0,1630
12628,2026-05-30,SUR,SOLAPUR JN,40.0,1708
12628,2026-05-30,KLBG,KALABURAGI JN,50.0,1821
12628,2026-05-30,WADI,WADI,12.0,1858
12628,2026-05-30,YG,YADGIR,0.0,1897
12628,2026-05-30,RC,RAICHUR,22.0,1965
12628,2026-05-30,MALM,MANTHRALAYAM RD,21.0,1994
12628,2026-05-30,AD,ADONI,26.0,2035
12628,2026-05-30,GTL,GUNTAKAL JN,40.0,2086
12628,2026-05-30,ATP,ANANTAPUR,32.0,2172
12628,2026-05-30,DMM,DHARMAVARAM JN,10.0,2205
12628,2026-05-30,SSPN,SAI P NILAYAM,37.0,2238
12628,2026-05-30,PKD,PENUKONDA,50.0,2259
12628,2026-05-30,HUP,HINDUPUR,64.0,2296
12628,2026-05-30,YNK,YELHANKA JN,76.0,2379
12628,2026-05-30,BNC,BANGALORE CANT,85.0,2402
12628,2026-05-30,SBC,KSR BANGALORE CY JN,32.0,2406
12628,2026-05-31,NDLS,NEW DELHI,800.0,0
12628,2026-05-31,MTJ,MATHURA JN,786.0,141
12628,2026-05-31,AGC,AGRA CANTT,798.0,195
12628,2026-05-31,GWL,GWALIOR,781.0,313
12628,2026-05-31,VGLJ,V LAKSHMIBAI JHANSI,784.0,410
12628,2026-05-31,BINA,BINA JN,770.0,563
12628,2026-05-31,BPL,BHOPAL JN,769.0,701
12628,2026-05-31,ET,ITARSI JN,778.0,793
12628,2026-05-31,KNW,KHANDWA,910.0,976
12628,2026-05-31,BAU,BURHANPUR,915.0,1045
12628,2026-05-31,BSL,BHUSAVAL JN,927.0,1100
12628,2026-05-31,JL,JALGAON JN,906.0,1124
12628,2026-05-31,MMR,MANMAD JN,918.0,1284
12628,2026-05-31,KPG,KOPARGAON,912.0,1326
12628,2026-05-31,BAP,BELAPUR,916.0,1370
12628,2026-05-31,ANG,AHMADNAGAR,902.0,1437
12628,2026-05-31,DD,DAUND JN,921.0,1520
12628,2026-05-31,KWV,KURDUVADI,998.0,1630
12628,2026-05-31,SUR,SOLAPUR JN,1045.0,1708
12628,2026-05-31,KLBG,KALABURAGI JN,1072.0,1821
12628,2026-05-31,WADI,WADI,1047.0,1858
12628,2026-05-31,YG,YADGIR,1041.0,1897
12628,2026-05-31,RC,RAICHUR,1039.0,1965
12628,2026-05-31,MALM,MANTHRALAYAM RD,1044.0,1994
12628,2026-05-31,AD,ADONI,1040.0,2035
12628,2026-05-31,GTL,GUNTAKAL JN,1032.0,2086
12628,2026-05-31,ATP,ANANTAPUR,1028.0,2172
12628,2026-05-31,DMM,DHARMAVARAM JN,1026.0,2205
12628,2026-05-31,SSPN,SAI P NILAYAM,1001.0,2238
12628,2026-05-31,PKD,PENUKONDA,1033.0,2259
12628,2026-05-31,HUP,HINDUPUR,1003.0,2296
12628,2026-05-31,YNK,YELHANKA JN,1036.0,2379
12628,2026-05-31,BNC,BANGALORE CANT,1025.0,2402
12628,2026-05-31,SBC,KSR BANGALORE CY JN,1016.0,2406
12628,2026-06-01,NDLS,NEW DELHI,1.0,0
12628,2026-06-01,MTJ,MATHURA JN,14.0,141
12628,2026-06-01,AGC,AGRA CANTT,21.0,195
12628,2026-06-01,GWL,GWALIOR,11.0,313
12628,2026-06-01,VGLJ,V LAKSHMIBAI JHANSI,11.0,410
12628,2026-06-01,BINA,BINA JN,19.0,563
12628,2026-06-01,BPL,BHOPAL JN,31.0,701
12628,2026-06-01,ET,ITARSI JN,2.0,793
12628,2026-06-01,KNW,KHANDWA,3.0,976
12628,2026-06-01,BAU,BURHANPUR,7.0,1045
12628,2026-06-01,BSL,BHUSAVAL JN,11.0,1100
12628,2026-06-01,JL,JALGAON JN,14.0,1124
12628,2026-06-01,MMR,MANMAD JN,6.0,1284
12628,2026-06-01,KPG,KOPARGAON,0.0,1326
12628,2026-06-01,BAP,BELAPUR,3.0,1370
12628,2026-06-01,ANG,AHMADNAGAR,1.0,1437
12628,2026-06-01,DD,DAUND JN,10.0,1520
12628,2026-06-01,KWV,KURDUVADI,64.0,1630
12628,2026-06-01,SUR,SOLAPUR JN,54.0,1708
12628,2026-06-01,KLBG,KALABURAGI JN,63.0,1821
12628,2026-06-01,WADI,WADI,23.0,1858
12628,2026-06-01,YG,YADGIR,30.0,1897
12628,2026-06-01,RC,RAICHUR,33.0,1965
12628,2026-06-01,MALM,MANTHRALAYAM RD,38.0,1994
12628,2026-06-01,AD,ADONI,36.0,2035
12628,2026-06-01,GTL,GUNTAKAL JN,48.0,2086
12628,2026-06-01,ATP,ANANTAPUR,48.0,2172
12628,2026-06-01,DMM,DHARMAVARAM JN,24.0,2205
12628,2026-06-01,SSPN,SAI P NILAYAM,41.0,2238
12628,2026-06-01,PKD,PENUKONDA,47.0,2259
12628,2026-06-01,HUP,HINDUPUR,52.0,2296
12628,2026-06-01,YNK,YELHANKA JN,40.0,2379
12628,2026-06-01,BNC,BANGALORE CANT,54.0,2402
12628,2026-06-01,SBC,KSR BANGALORE CY JN,1.0,2406
12628,2026-06-02,NDLS,NEW DELHI,14.0,0
12628,2026-06-02,MTJ,MATHURA JN,44.0,141
12628,2026-06-02,AGC,AGRA CANTT,37.0,195
12628,2026-06-02,GWL,GWALIOR,9.0,313
12628,2026-06-02,VGLJ,V LAKSHMIBAI JHANSI,3.0,410
12628,2026-06-02,BINA,BINA JN,3.0,563
12628,2026-06-02,BPL,BHOPAL JN,12.0,701
12628,2026-06-02,ET,ITARSI JN,5.0,793
12628,2026-06-02,KNW,KHANDWA,5.0,976
12628,2026-06-02,BAU,BURHANPUR,14.0,1045
12628,2026-06-02,BSL,BHUSAVAL JN,4.0,1100
12628,2026-06-02,JL,JALGAON JN,24.0,1124
12628,2026-06-02,MMR,MANMAD JN,32.0,1284
12628,2026-06-02,KPG,KOPARGAON,23.0,1326
12628,2026-06-02,BAP,BELAPUR,34.0,1370
12628,2026-06-02,ANG,AHMADNAGAR,36.0,1437
12628,2026-06-02,DD,DAUND JN,38.0,1520
12628,2026-06-02,KWV,KURDUVADI,62.0,1630
12628,2026-06-02,SUR,SOLAPUR JN,49.0,1708
12628,2026-06-02,KLBG,KALABURAGI JN,83.0,1821
12628,2026-06-02,WADI,WADI,63.0,1858
12628,2026-06-02,YG,YADGIR,72.0,1897
12628,2026-06-02,RC,RAICHUR,61.0,1965
12628,2026-06-02,MALM,MANTHRALAYAM RD,72.0,1994
12628,2026-06-02,AD,ADONI,69.0,2035
12628,2026-06-02,GTL,GUNTAKAL JN,73.0,2086
12628,2026-06-02,ATP,ANANTAPUR,73.0,2172
12628,2026-06-02,DMM,DHARMAVARAM JN,45.0,2205
12628,2026-06-02,SSPN,SAI P NILAYAM,49.0,2238
12628,2026-06-02,PKD,PENUKONDA,54.0,2259
12628,2026-06-02,HUP,HINDUPUR,58.0,2296
12628,2026-06-02,YNK,YELHANKA JN,60.0,2379
12628,2026-06-02,BNC,BANGALORE CANT,68.0,2402
12628,2026-06-02,SBC,KSR BANGALORE CY JN,14.0,2406
12628,2026-06-03,NDLS,NEW DELHI,1.0,0
12628,2026-06-03,MTJ,MATHURA JN,26.0,141
12628,2026-06-03,AGC,AGRA CANTT,17.0,195
12628,2026-06-03,GWL,GWALIOR,6.0,313
12628,2026-06-03,VGLJ,V LAKSHMIBAI JHANSI,17.0,410
12628,2026-06-03,BINA,BINA JN,0.0,563
12628,2026-06-03,BPL,BHOPAL JN,1.0,701
12628,2026-06-03,ET,ITARSI JN,3.0,793
12628,2026-06-03,KNW,KHANDWA,8.0,976
12628,2026-06-03,BAU,BURHANPUR,31.0,1045
12628,2026-06-03,BSL,BHUSAVAL JN,21.0,1100
12628,2026-06-03,JL,JALGAON JN,29.0,1124
12628,2026-06-03,MMR,MANMAD JN,83.0,1284
12628,2026-06-03,KPG,KOPARGAON,71.0,1326
12628,2026-06-03,BAP,BELAPUR,78.0,1370
12628,2026-06-03,ANG,AHMADNAGAR,74.0,1437
12628,2026-06-03,DD,DAUND JN,62.0,1520
12628,2026-06-03,KWV,KURDUVADI,87.0,1630
12628,2026-06-03,SUR,SOLAPUR JN,81.0,1708
12628,2026-06-03,KLBG,KALABURAGI JN,104.0,1821
12628,2026-06-03,WADI,WADI,70.0,1858
12628,2026-06-03,YG,YADGIR,69.0,1897
12628,2026-06-03,RC,RAICHUR,72.0,1965
12628,2026-06-03,MALM,MANTHRALAYAM RD,76.0,1994
12628,2026-06-03,AD,ADONI,74.0,2035
12628,2026-06-03,GTL,GUNTAKAL JN,66.0,2086
12628,2026-06-03,ATP,ANANTAPUR,64.0,2172
12628,2026-06-03,DMM,DHARMAVARAM JN,37.0,2205
12628,2026-06-03,SSPN,SAI P NILAYAM,40.0,2238
12628,2026-06-03,PKD,PENUKONDA,44.0,2259
12628,2026-06-03,HUP,HINDUPUR,49.0,2296
12628,2026-06-03,YNK,YELHANKA JN,34.0,2379
12628,2026-06-03,BNC,BANGALORE CANT,0.0,2402
12628,2026-06-03,SBC,KSR BANGALORE CY JN,-9.0,2406
12628,2026-06-04,NDLS,NEW DELHI,3.0,0
12628,2026-06-04,MTJ,MATHURA JN,29.0,141
12628,2026-06-04,AGC,AGRA CANTT,17.0,195
12628,2026-06-04,GWL,GWALIOR,6.0,313
12628,2026-06-04,VGLJ,V LAKSHMIBAI JHANSI,5.0,410
12628,2026-06-04,BINA,BINA JN,1.0,563
12628,2026-06-04,BPL,BHOPAL JN,0.0,701
12628,2026-06-04,ET,ITARSI JN,11.0,793
12628,2026-06-04,KNW,KHANDWA,3.0,976
12628,2026-06-04,BAU,BURHANPUR,28.0,1045
12628,2026-06-04,BSL,BHUSAVAL JN,19.0,1100
12628,2026-06-04,JL,JALGAON JN,22.0,1124
12628,2026-06-04,MMR,MANMAD JN,20.0,1284
12628,2026-06-04,KPG,KOPARGAON,18.0,1326
12628,2026-06-04,BAP,BELAPUR,33.0,1370
12628,2026-06-04,ANG,AHMADNAGAR,23.0,1437
12628,2026-06-04,DD,DAUND JN,11.0,1520
12628,2026-06-04,KWV,KURDUVADI,55.0,1630
12628,2026-06-04,SUR,SOLAPUR JN,48.0,1708
12628,2026-06-04,KLBG,KALABURAGI JN,65.0,1821
12628,2026-06-04,WADI,WADI,25.0,1858
12628,2026-06-04,YG,YADGIR,26.0,1897
12628,2026-06-04,RC,RAICHUR,30.0,1965
12628,2026-06-04,MALM,MANTHRALAYAM RD,37.0,1994
12628,2026-06-04,AD,ADONI,37.0,2035
12628,2026-06-04,GTL,GUNTAKAL JN,24.0,2086
12628,2026-06-04,ATP,ANANTAPUR,21.0,2172
12628,2026-06-04,DMM,DHARMAVARAM JN,20.0,2205
12628,2026-06-04,SSPN,SAI P NILAYAM,27.0,2238
12628,2026-06-04,PKD,PENUKONDA,31.0,2259
12628,2026-06-04,HUP,HINDUPUR,39.0,2296
12628,2026-06-04,YNK,YELHANKA JN,23.0,2379
12628,2026-06-04,BNC,BANGALORE CANT,45.0,2402
12628,2026-06-04,SBC,KSR BANGALORE CY JN,-9.0,2406
12628,2026-06-05,NDLS,NEW DELHI,14.0,0
12628,2026-06-05,MTJ,MATHURA JN,38.0,141
12628,2026-06-05,AGC,AGRA CANTT,32.0,195
12628,2026-06-05,GWL,GWALIOR,6.0,313
12628,2026-06-05,VGLJ,V LAKSHMIBAI JHANSI,5.0,410
12628,2026-06-05,BINA,BINA JN,0.0,563
12628,2026-06-05,BPL,BHOPAL JN,0.0,701
12628,2026-06-05,ET,ITARSI JN,2.0,793
12628,2026-06-05,KNW,KHANDWA,6.0,976
12628,2026-06-05,BAU,BURHANPUR,30.0,1045
12628,2026-06-05,BSL,BHUSAVAL JN,20.0,1100
12628,2026-06-05,JL,JALGAON JN,35.0,1124
12628,2026-06-05,MMR,MANMAD JN,45.0,1284
12628,2026-06-05,KPG,KOPARGAON,35.0,1326
12628,2026-06-05,BAP,BELAPUR,51.0,1370
12628,2026-06-05,ANG,AHMADNAGAR,59.0,1437
12628,2026-06-05,DD,DAUND JN,52.0,1520
12628,2026-06-05,KWV,KURDUVADI,59.0,1630
12628,2026-06-05,SUR,SOLAPUR JN,33.0,1708
12628,2026-06-05,KLBG,KALABURAGI JN,52.0,1821
12628,2026-06-05,WADI,WADI,37.0,1858
12628,2026-06-05,YG,YADGIR,34.0,1897
12628,2026-06-05,RC,RAICHUR,37.0,1965
12628,2026-06-05,MALM,MANTHRALAYAM RD,42.0,1994
12628,2026-06-05,AD,ADONI,41.0,2035
12628,2026-06-05,GTL,GUNTAKAL JN,43.0,2086
12628,2026-06-05,ATP,ANANTAPUR,40.0,2172
12628,2026-06-05,DMM,DHARMAVARAM JN,16.0,2205
12628,2026-06-05,SSPN,SAI P NILAYAM,19.0,2238
12628,2026-06-05,PKD,PENUKONDA,18.0,2259
12628,2026-06-05,HUP,HINDUPUR,23.0,2296
12628,2026-06-05,YNK,YELHANKA JN,18.0,2379
12628,2026-06-05,BNC,BANGALORE CANT,40.0,2402
12628,2026-06-05,SBC,KSR BANGALORE CY JN,-4.0,2406
12628,2026-06-06,NDLS,NEW DELHI,0.0,0
12628,2026-06-06,MTJ,MATHURA JN,31.0,141
12628,2026-06-06,AGC,AGRA CANTT,22.0,195
12628,2026-06-06,GWL,GWALIOR,21.0,313
12628,2026-06-06,VGLJ,V LAKSHMIBAI JHANSI,15.0,410
12628,2026-06-06,BINA,BINA JN,37.0,563
12628,2026-06-06,BPL,BHOPAL JN,36.0,701
12628,2026-06-06,ET,ITARSI JN,21.0,793
12628,2026-06-06,KNW,KHANDWA,20.0,976
12628,2026-06-06,BAU,BURHANPUR,37.0,1045
12628,2026-06-06,BSL,BHUSAVAL JN,49.0,1100
12628,2026-06-06,JL,JALGAON JN,53.0,1124
12628,2026-06-06,MMR,MANMAD JN,52.0,1284
12628,2026-06-06,KPG,KOPARGAON,43.0,1326
12628,2026-06-06,BAP,BELAPUR,56.0,1370
12628,2026-06-06,ANG,AHMADNAGAR,52.0,1437
12628,2026-06-06,DD,DAUND JN,47.0,1520
12628,2026-06-06,KWV,KURDUVADI,71.0,1630
12628,2026-06-06,SUR,SOLAPUR JN,53.0,1708
12628,2026-06-06,KLBG,KALABURAGI JN,68.0,1821
12628,2026-06-06,WADI,WADI,38.0,1858
12628,2026-06-06,YG,YADGIR,37.0,1897
12628,2026-06-06,RC,RAICHUR,38.0,1965
12628,2026-06-06,MALM,MANTHRALAYAM RD,42.0,1994
12628,2026-06-06,AD,ADONI,38.0,2035
12628,2026-06-06,GTL,GUNTAKAL JN,35.0,2086
12628,2026-06-06,ATP,ANANTAPUR,27.0,2172
12628,2026-06-06,DMM,DHARMAVARAM JN,6.0,2205
12628,2026-06-06,SSPN,SAI P NILAYAM,25.0,2238
12628,2026-06-06,PKD,PENUKONDA,28.0,2259
12628,2026-06-06,HUP,HINDUPUR,41.0,2296
12628,2026-06-06,YNK,YELHANKA JN,35.0,2379
12628,2026-06-06,BNC,BANGALORE CANT,12.0,2402
12628,2026-06-06,SBC,KSR BANGALORE CY JN,-10.0,2406
12628,2026-06-07,NDLS,NEW DELHI,0.0,0
12628,2026-06-07,MTJ,MATHURA JN,34.0,141
12628,2026-06-07,AGC,AGRA CANTT,21.0,195
12628,2026-06-07,GWL,GWALIOR,17.0,313
12628,2026-06-07,VGLJ,V LAKSHMIBAI JHANSI,23.0,410
12628,2026-06-07,BINA,BINA JN,57.0,563
12628,2026-06-07,BPL,BHOPAL JN,66.0,701
12628,2026-06-07,ET,ITARSI JN,52.0,793
12628,2026-06-07,KNW,KHANDWA,27.0,976
12628,2026-06-07,BAU,BURHANPUR,44.0,1045
12628,2026-06-07,BSL,BHUSAVAL JN,39.0,1100
12628,2026-06-07,JL,JALGAON JN,38.0,1124
12628,2026-06-07,MMR,MANMAD JN,29.0,1284
12628,2026-06-07,KPG,KOPARGAON,20.0,1326
12628,2026-06-07,BAP,BELAPUR,36.0,1370
12628,2026-06-07,ANG,AHMADNAGAR,20.0,1437
12628,2026-06-07,DD,DAUND JN,19.0,1520
12628,2026-06-07,KWV,KURDUVADI,60.0,1630
12628,2026-06-07,SUR,SOLAPUR JN,47.0,1708
12628,2026-06-07,KLBG,KALABURAGI JN,82.0,1821
12628,2026-06-07,WADI,WADI,43.0,1858
12628,2026-06-07,YG,YADGIR,41.0,1897
12628,2026-06-07,RC,RAICHUR,32.0,1965
12628,2026-06-07,MALM,MANTHRALAYAM RD,37.0,1994
12628,2026-06-07,AD,ADONI,35.0,2035
12628,2026-06-07,GTL,GUNTAKAL JN,35.0,2086
12628,2026-06-07,ATP,ANANTAPUR,33.0,2172
12628,2026-06-07,DMM,DHARMAVARAM JN,7.0,2205
12628,2026-06-07,SSPN,SAI P NILAYAM,14.0,2238
12628,2026-06-07,PKD,PENUKONDA,21.0,2259
12628,2026-06-07,HUP,HINDUPUR,27.0,2296
12628,2026-06-07,YNK,YELHANKA JN,12.0,2379
12628,2026-06-07,BNC,BANGALORE CANT,12.0,2402
12628,2026-06-07,SBC,KSR BANGALORE CY JN,-41.0,2406
12628,2026-06-08,NDLS,NEW DELHI,5.0,0
12628,2026-06-08,MTJ,MATHURA JN,36.0,141
12628,2026-06-08,AGC,AGRA CANTT,22.0,195
12628,2026-06-08,GWL,GWALIOR,1.0,313
12628,2026-06-08,VGLJ,V LAKSHMIBAI JHANSI,0.0,410
12628,2026-06-08,BINA,BINA JN,1.0,563
12628,2026-06-08,BPL,BHOPAL JN,0.0,701
12628,2026-06-08,ET,ITARSI JN,22.0,793
12628,2026-06-08,KNW,KHANDWA,2.0,976
12628,2026-06-08,BAU,BURHANPUR,52.0,1045
12628,2026-06-08,BSL,BHUSAVAL JN,39.0,1100
12628,2026-06-08,JL,JALGAON JN,50.0,1124
12628,2026-06-08,MMR,MANMAD JN,48.0,1284
12628,2026-06-08,KPG,KOPARGAON,41.0,1326
12628,2026-06-08,BAP,BELAPUR,55.0,1370
12628,2026-06-08,ANG,AHMADNAGAR,39.0,1437
12628,2026-06-08,DD,DAUND JN,33.0,1520
12628,2026-06-08,KWV,KURDUVADI,62.0,1630
12628,2026-06-08,SUR,SOLAPUR JN,37.0,1708
12628,2026-06-08,KLBG,KALABURAGI JN,73.0,1821
12628,2026-06-08,WADI,WADI,30.0,1858
12628,2026-06-08,YG,YADGIR,30.0,1897
12628,2026-06-08,RC,RAICHUR,19.0,1965
12628,2026-06-08,MALM,MANTHRALAYAM RD,24.0,1994
12628,2026-06-08,AD,ADONI,21.0,2035
12628,2026-06-08,GTL,GUNTAKAL JN,3.0,2086
12628,2026-06-08,ATP,ANANTAPUR,8.0,2172
12628,2026-06-08,DMM,DHARMAVARAM JN,4.0,2205
12628,2026-06-08,SSPN,SAI P NILAYAM,11.0,2238
12628,2026-06-08,PKD,PENUKONDA,16.0,2259
12628,2026-06-08,HUP,HINDUPUR,22.0,2296
12628,2026-06-08,YNK,YELHANKA JN,34.0,2379
12628,2026-06-08,BNC,BANGALORE CANT,43.0,2402
12628,2026-06-08,SBC,KSR BANGALORE CY JN,-10.0,2406
12628,2026-06-09,NDLS,NEW DELHI,0.0,0
12628,2026-06-09,MTJ,MATHURA JN,43.0,141
12628,2026-06-09,AGC,AGRA CANTT,34.0,195
12628,2026-06-09,GWL,GWALIOR,4.0,313
12628,2026-06-09,VGLJ,V LAKSHMIBAI JHANSI,3.0,410
12628,2026-06-09,BINA,BINA JN,1.0,563
12628,2026-06-09,BPL,BHOPAL JN,0.0,701
12628,2026-06-09,ET,ITARSI JN,5.0,793
12628,2026-06-09,KNW,KHANDWA,99.0,976
12628,2026-06-09,BAU,BURHANPUR,110.0,1045
12628,2026-06-09,BSL,BHUSAVAL JN,99.0,1100
12628,2026-06-09,JL,JALGAON JN,99.0,1124
12628,2026-06-09,MMR,MANMAD JN,99.0,1284
12628,2026-06-09,KPG,KOPARGAON,95.0,1326
12628,2026-06-09,BAP,BELAPUR,131.0,1370
12628,2026-06-09,ANG,AHMADNAGAR,120.0,1437
12628,2026-06-09,DD,DAUND JN,128.0,1520
12628,2026-06-09,KWV,KURDUVADI,144.0,1630
12628,2026-06-09,SUR,SOLAPUR JN,124.0,1708
12628,2026-06-09,KLBG,KALABURAGI JN,146.0,1821
12628,2026-06-09,WADI,WADI,105.0,1858
12628,2026-06-09,YG,YADGIR,104.0,1897
12628,2026-06-09,RC,RAICHUR,105.0,1965
12628,2026-06-09,MALM,MANTHRALAYAM RD,109.0,1994
12628,2026-06-09,AD,ADONI,112.0,2035
12628,2026-06-09,GTL,GUNTAKAL JN,95.0,2086
12628,2026-06-09,ATP,ANANTAPUR,98.0,2172
12628,2026-06-09,DMM,DHARMAVARAM JN,85.0,2205
12628,2026-06-09,SSPN,SAI P NILAYAM,90.0,2238
12628,2026-06-09,PKD,PENUKONDA,94.0,2259
12628,2026-06-09,HUP,HINDUPUR,98.0,2296
12628,2026-06-09,YNK,YELHANKA JN,103.0,2379
12628,2026-06-09,BNC,BANGALORE CANT,117.0,2402
12628,2026-06-09,SBC,KSR BANGALORE CY JN,63.0,2406
12628,2026-06-10,NDLS,NEW DELHI,4.0,0
12628,2026-06-10,MTJ,MATHURA JN,15.0,141
12628,2026-06-10,AGC,AGRA CANTT,25.0,195
12628,2026-06-10,GWL,GWALIOR,0.0,313
12628,2026-06-10,VGLJ,V LAKSHMIBAI JHANSI,7.0,410
12628,2026-06-10,BINA,BINA JN,3.0,563
12628,2026-06-10,BPL,BHOPAL JN,8.0,701
12628,2026-06-10,ET,ITARSI JN,21.0,793
12628,2026-06-10,KNW,KHANDWA,13.0,976
12628,2026-06-10,BAU,BURHANPUR,39.0,1045
12628,2026-06-10,BSL,BHUSAVAL JN,34.0,1100
12628,2026-06-10,JL,JALGAON JN,37.0,1124
12628,2026-06-10,MMR,MANMAD JN,35.0,1284
12628,2026-06-10,KPG,KOPARGAON,25.0,1326
12628,2026-06-10,BAP,BELAPUR,36.0,1370
12628,2026-06-10,ANG,AHMADNAGAR,16.0,1437
12628,2026-06-10,DD,DAUND JN,10.0,1520
12628,2026-06-10,KWV,KURDUVADI,22.0,1630
12628,2026-06-10,SUR,SOLAPUR JN,0.0,1708
12628,2026-06-10,KLBG,KALABURAGI JN,17.0,1821
12628,2026-06-10,WADI,WADI,0.0,1858
12628,2026-06-10,YG,YADGIR,0.0,1897
12628,2026-06-10,RC,RAICHUR,0.0,1965
12628,2026-06-10,MALM,MANTHRALAYAM RD,5.0,1994
12628,2026-06-10,AD,ADONI,3.0,2035
12628,2026-06-10,GTL,GUNTAKAL JN,1.0,2086
12628,2026-06-10,ATP,ANANTAPUR,1.0,2172
12628,2026-06-10,DMM,DHARMAVARAM JN,0.0,2205
12628,2026-06-10,SSPN,SAI P NILAYAM,32.0,2238
12628,2026-06-10,PKD,PENUKONDA,38.0,2259
12628,2026-06-10,HUP,HINDUPUR,44.0,2296
12628,2026-06-10,YNK,YELHANKA JN,28.0,2379
12628,2026-06-10,BNC,BANGALORE CANT,37.0,2402
12628,2026-06-10,SBC,KSR BANGALORE CY JN,0.0,2406
12628,2026-06-11,NDLS,NEW DELHI,0.0,0
12628,2026-06-11,MTJ,MATHURA JN,47.0,141
12628,2026-06-11,AGC,AGRA CANTT,38.0,195
12628,2026-06-11,GWL,GWALIOR,33.0,313
12628,2026-06-11,VGLJ,V LAKSHMIBAI JHANSI,14.0,410
12628,2026-06-11,BINA,BINA JN,9.0,563
12628,2026-06-11,BPL,BHOPAL JN,13.0,701
12628,2026-06-11,ET,ITARSI JN,10.0,793
12628,2026-06-11,KNW,KHANDWA,10.0,976
12628,2026-06-11,BAU,BURHANPUR,17.0,1045
12628,2026-06-11,BSL,BHUSAVAL JN,14.0,1100
12628,2026-06-11,JL,JALGAON JN,21.0,1124
12628,2026-06-11,MMR,MANMAD JN,14.0,1284
12628,2026-06-11,KPG,KOPARGAON,4.0,1326
12628,2026-06-11,BAP,BELAPUR,9.0,1370
12628,2026-06-11,ANG,AHMADNAGAR,0.0,1437
12628,2026-06-11,DD,DAUND JN,3.0,1520
12628,2026-06-11,KWV,KURDUVADI,50.0,1630
12628,2026-06-11,SUR,SOLAPUR JN,18.0,1708
12628,2026-06-11,KLBG,KALABURAGI JN,26.0,1821
12628,2026-06-11,WADI,WADI,1.0,1858
12628,2026-06-11,YG,YADGIR,0.0,1897
12628,2026-06-11,RC,RAICHUR,0.0,1965
12628,2026-06-11,MALM,MANTHRALAYAM RD,6.0,1994
12628,2026-06-11,AD,ADONI,5.0,2035
12628,2026-06-11,GTL,GUNTAKAL JN,15.0,2086
12628,2026-06-11,ATP,ANANTAPUR,12.0,2172
12628,2026-06-11,DMM,DHARMAVARAM JN,1.0,2205
12628,2026-06-11,SSPN,SAI P NILAYAM,10.0,2238
12628,2026-06-11,PKD,PENUKONDA,14.0,2259
12628,2026-06-11,HUP,HINDUPUR,20.0,2296
12628,2026-06-11,YNK,YELHANKA JN,11.0,2379
12628,2026-06-11,BNC,BANGALORE CANT,41.0,2402
12628,2026-06-11,SBC,KSR BANGALORE CY JN,-3.0,2406
12628,2026-06-12,NDLS,NEW DELHI,2.0,0
12628,2026-06-12,MTJ,MATHURA JN,39.0,141
12628,2026-06-12,AGC,AGRA CANTT,38.0,195
12628,2026-06-12,GWL,GWALIOR,5.0,313
12628,2026-06-12,VGLJ,V LAKSHMIBAI JHANSI,0.0,410
12628,2026-06-12,BINA,BINA JN,1.0,563
12628,2026-06-12,BPL,BHOPAL JN,0.0,701
12628,2026-06-12,ET,ITARSI JN,13.0,793
12628,2026-06-12,KNW,KHANDWA,2.0,976
12628,2026-06-12,BAU,BURHANPUR,39.0,1045
12628,2026-06-12,BSL,BHUSAVAL JN,30.0,1100
12628,2026-06-12,JL,JALGAON JN,28.0,1124
12628,2026-06-12,MMR,MANMAD JN,31.0,1284
12628,2026-06-12,KPG,KOPARGAON,25.0,1326
12628,2026-06-12,BAP,BELAPUR,34.0,1370
12628,2026-06-12,ANG,AHMADNAGAR,28.0,1437
12628,2026-06-12,DD,DAUND JN,15.0,1520
12628,2026-06-12,KWV,KURDUVADI,46.0,1630
12628,2026-06-12,SUR,SOLAPUR JN,21.0,1708
12628,2026-06-12,KLBG,KALABURAGI JN,56.0,1821
12628,2026-06-12,WADI,WADI,23.0,1858
12628,2026-06-12,YG,YADGIR,28.0,1897
12628,2026-06-12,RC,RAICHUR,18.0,1965
12628,2026-06-12,MALM,MANTHRALAYAM RD,24.0,1994
12628,2026-06-12,AD,ADONI,25.0,2035
12628,2026-06-12,GTL,GUNTAKAL JN,10.0,2086
12628,2026-06-12,ATP,ANANTAPUR,11.0,2172
12628,2026-06-12,DMM,DHARMAVARAM JN,3.0,2205
12628,2026-06-12,SSPN,SAI P NILAYAM,11.0,2238
12628,2026-06-12,PKD,PENUKONDA,18.0,2259
12628,2026-06-12,HUP,HINDUPUR,26.0,2296
12628,2026-06-12,YNK,YELHANKA JN,15.0,2379
12628,2026-06-12,BNC,BANGALORE CANT,20.0,2402
12628,2026-06-12,SBC,KSR BANGALORE CY JN,-31.0,2406
12628,2026-06-13,NDLS,NEW DELHI,9.0,0
12628,2026-06-13,MTJ,MATHURA JN,31.0,141
12628,2026-06-13,AGC,AGRA CANTT,17.0,195
12628,2026-06-13,GWL,GWALIOR,11.0,313
12628,2026-06-13,VGLJ,V LAKSHMIBAI JHANSI,9.0,410
12628,2026-06-13,BINA,BINA JN,0.0,563
12628,2026-06-13,BPL,BHOPAL JN,0.0,701
12628,2026-06-13,ET,ITARSI JN,102.0,793
12628,2026-06-13,KNW,KHANDWA,200.0,976
12628,2026-06-13,BAU,BURHANPUR,214.0,1045
12628,2026-06-13,BSL,BHUSAVAL JN,223.0,1100
12628,2026-06-13,JL,JALGAON JN,226.0,1124
12628,2026-06-13,MMR,MANMAD JN,236.0,1284
12628,2026-06-13,KPG,KOPARGAON,225.0,1326
12628,2026-06-13,BAP,BELAPUR,234.0,1370
12628,2026-06-13,ANG,AHMADNAGAR,219.0,1437
12628,2026-06-13,DD,DAUND JN,231.0,1520
12628,2026-06-13,KWV,KURDUVADI,274.0,1630
12628,2026-06-13,SUR,SOLAPUR JN,251.0,1708
12628,2026-06-13,KLBG,KALABURAGI JN,268.0,1821
12628,2026-06-13,WADI,WADI,234.0,1858
12628,2026-06-13,YG,YADGIR,231.0,1897
12628,2026-06-13,RC,RAICHUR,222.0,1965
12628,2026-06-13,MALM,MANTHRALAYAM RD,225.0,1994
12628,2026-06-13,AD,ADONI,220.0,2035
12628,2026-06-13,GTL,GUNTAKAL JN,203.0,2086
12628,2026-06-13,ATP,ANANTAPUR,211.0,2172
12628,2026-06-13,DMM,DHARMAVARAM JN,193.0,2205
12628,2026-06-13,SSPN,SAI P NILAYAM,196.0,2238
12628,2026-06-13,PKD,PENUKONDA,196.0,2259
12628,2026-06-13,HUP,HINDUPUR,200.0,2296
12628,2026-06-13,YNK,YELHANKA JN,185.0,2379
12628,2026-06-13,BNC,BANGALORE CANT,189.0,2402
12628,2026-06-13,SBC,KSR BANGALORE CY JN,136.0,2406
12628,2026-06-14,NDLS,NEW DELHI,0.0,0
12628,2026-06-14,MTJ,MATHURA JN,47.0,141
12628,2026-06-14,AGC,AGRA CANTT,34.0,195
12628,2026-06-14,GWL,GWALIOR,35.0,313
12628,2026-06-14,VGLJ,V LAKSHMIBAI JHANSI,21.0,410
12628,2026-06-14,BINA,BINA JN,1.0,563
12628,2026-06-14,BPL,BHOPAL JN,5.0,701
12628,2026-06-14,ET,ITARSI JN,5.0,793
12628,2026-06-14,KNW,KHANDWA,13.0,976
12628,2026-06-14,BAU,BURHANPUR,42.0,1045
12628,2026-06-14,BSL,BHUSAVAL JN,38.0,1100
12628,2026-06-14,JL,JALGAON JN,40.0,1124
12628,2026-06-14,MMR,MANMAD JN,27.0,1284
12628,2026-06-14,KPG,KOPARGAON,22.0,1326
12628,2026-06-14,BAP,BELAPUR,33.0,1370
12628,2026-06-14,ANG,AHMADNAGAR,21.0,1437
12628,2026-06-14,DD,DAUND JN,8.0,1520
12628,2026-06-14,KWV,KURDUVADI,19.0,1630
12628,2026-06-14,SUR,SOLAPUR JN,17.0,1708
12628,2026-06-14,KLBG,KALABURAGI JN,53.0,1821
12628,2026-06-14,WADI,WADI,15.0,1858
12628,2026-06-14,YG,YADGIR,14.0,1897
12628,2026-06-14,RC,RAICHUR,9.0,1965
12628,2026-06-14,MALM,MANTHRALAYAM RD,15.0,1994
12628,2026-06-14,AD,ADONI,13.0,2035
12628,2026-06-14,GTL,GUNTAKAL JN,1.0,2086
12628,2026-06-14,ATP,ANANTAPUR,15.0,2172
12628,2026-06-14,DMM,DHARMAVARAM JN,13.0,2205
12628,2026-06-14,SSPN,SAI P NILAYAM,22.0,2238
12628,2026-06-14,PKD,PENUKONDA,28.0,2259
12628,2026-06-14,HUP,HINDUPUR,36.0,2296
12628,2026-06-14,YNK,YELHANKA JN,40.0,2379
12628,2026-06-14,BNC,BANGALORE CANT,44.0,2402
12628,2026-06-14,SBC,KSR BANGALORE CY JN,-10.0,2406
12628,2026-06-15,NDLS,NEW DELHI,4.0,0
12628,2026-06-15,MTJ,MATHURA JN,37.0,141
12628,2026-06-15,AGC,AGRA CANTT,24.0,195
12628,2026-06-15,GWL,GWALIOR,13.0,313
12628,2026-06-15,VGLJ,V LAKSHMIBAI JHANSI,16.0,410
12628,2026-06-15,BINA,BINA JN,4.0,563
12628,2026-06-15,BPL,BHOPAL JN,0.0,701
12628,2026-06-15,ET,ITARSI JN,1.0,793
12628,2026-06-15,KNW,KHANDWA,1.0,976
12628,2026-06-15,BAU,BURHANPUR,14.0,1045
12628,2026-06-15,BSL,BHUSAVAL JN,8.0,1100
12628,2026-06-15,JL,JALGAON JN,16.0,1124
12628,2026-06-15,MMR,MANMAD JN,11.0,1284
12628,2026-06-15,KPG,KOPARGAON,10.0,1326
12628,2026-06-15,BAP,BELAPUR,12.0,1370
12628,2026-06-15,ANG,AHMADNAGAR,0.0,1437
12628,2026-06-15,DD,DAUND JN,12.0,1520
12628,2026-06-15,KWV,KURDUVADI,16.0,1630
12628,2026-06-15,SUR,SOLAPUR JN,0.0,1708
12628,2026-06-15,KLBG,KALABURAGI JN,10.0,1821
12628,2026-06-15,WADI,WADI,1.0,1858
12628,2026-06-15,YG,YADGIR,1.0,1897
12628,2026-06-15,RC,RAICHUR,4.0,1965
12628,2026-06-15,MALM,MANTHRALAYAM RD,8.0,1994
12628,2026-06-15,AD,ADONI,3.0,2035
12628,2026-06-15,GTL,GUNTAKAL JN,20.0,2086
12628,2026-06-15,ATP,ANANTAPUR,21.0,2172
12628,2026-06-15,DMM,DHARMAVARAM JN,1.0,2205
12628,2026-06-15,SSPN,SAI P NILAYAM,8.0,2238
12628,2026-06-15,PKD,PENUKONDA,11.0,2259
12628,2026-06-15,HUP,HINDUPUR,19.0,2296
12628,2026-06-15,YNK,YELHANKA JN,6.0,2379
12628,2026-06-15,BNC,BANGALORE CANT,44.0,2402
12628,2026-06-15,SBC,KSR BANGALORE CY JN,1.0,2406
12628,2026-06-16,NDLS,NEW DELHI,2.0,0
12628,2026-06-16,MTJ,MATHURA JN,47.0,141
12628,2026-06-16,AGC,AGRA CANTT,46.0,195
12628,2026-06-16,GWL,GWALIOR,19.0,313
12628,2026-06-16,VGLJ,V LAKSHMIBAI JHANSI,19.0,410
12628,2026-06-16,BINA,BINA JN,1.0,563
12628,2026-06-16,BPL,BHOPAL JN,0.0,701
12628,2026-06-16,ET,ITARSI JN,4.0,793
12628,2026-06-16,KNW,KHANDWA,9.0,976
12628,2026-06-16,BAU,BURHANPUR,15.0,1045
12628,2026-06-16,BSL,BHUSAVAL JN,5.0,1100
12628,2026-06-16,JL,JALGAON JN,8.0,1124
12628,2026-06-16,MMR,MANMAD JN,10.0,1284
12628,2026-06-16,KPG,KOPARGAON,34.0,1326
12628,2026-06-16,BAP,BELAPUR,41.0,1370
12628,2026-06-16,ANG,AHMADNAGAR,27.0,1437
12628,2026-06-16,DD,DAUND JN,11.0,1520
12628,2026-06-16,KWV,KURDUVADI,23.0,1630
12628,2026-06-16,SUR,SOLAPUR JN,13.0,1708
12628,2026-06-16,KLBG,KALABURAGI JN,11.0,1821
12628,2026-06-16,WADI,WADI,5.0,1858
12628,2026-06-16,YG,YADGIR,5.0,1897
12628,2026-06-16,RC,RAICHUR,8.0,1965
12628,2026-06-16,MALM,MANTHRALAYAM RD,15.0,1994
12628,2026-06-16,AD,ADONI,19.0,2035
12628,2026-06-16,GTL,GUNTAKAL JN,14.0,2086
12628,2026-06-16,ATP,ANANTAPUR,15.0,2172
12628,2026-06-16,DMM,DHARMAVARAM JN,1.0,2205
12628,2026-06-16,SSPN,SAI P NILAYAM,6.0,2238
12628,2026-06-16,PKD,PENUKONDA,7.0,2259
12628,2026-06-16,HUP,HINDUPUR,13.0,2296
12628,2026-06-16,YNK,YELHANKA JN,18.0,2379
12628,2026-06-16,BNC,BANGALORE CANT,0.0,2402
12628,2026-06-16,SBC,KSR BANGALORE CY JN,-3.0,2406
12628,2026-06-17,NDLS,NEW DELHI,2.0,0
12628,2026-06-17,MTJ,MATHURA JN,38.0,141
12628,2026-06-17,AGC,AGRA CANTT,35.0,195
12628,2026-06-17,GWL,GWALIOR,9.0,313
12628,2026-06-17,VGLJ,V LAKSHMIBAI JHANSI,21.0,410
12628,2026-06-17,BINA,BINA JN,10.0,563
12628,2026-06-17,BPL,BHOPAL JN,0.0,701
12628,2026-06-17,ET,ITARSI JN,4.0,793
12628,2026-06-17,KNW,KHANDWA,0.0,976
12628,2026-06-17,BAU,BURHANPUR,19.0,1045
12628,2026-06-17,BSL,BHUSAVAL JN,15.0,1100
12628,2026-06-17,JL,JALGAON JN,25.0,1124
12628,2026-06-17,MMR,MANMAD JN,35.0,1284
12628,2026-06-17,KPG,KOPARGAON,25.0,1326
12628,2026-06-17,BAP,BELAPUR,29.0,1370
12628,2026-06-17,ANG,AHMADNAGAR,37.0,1437
12628,2026-06-17,DD,DAUND JN,31.0,1520
12628,2026-06-17,KWV,KURDUVADI,80.0,1630
12628,2026-06-17,SUR,SOLAPUR JN,58.0,1708
12628,2026-06-17,KLBG,KALABURAGI JN,66.0,1821
12628,2026-06-17,WADI,WADI,25.0,1858
12628,2026-06-17,YG,YADGIR,22.0,1897
12628,2026-06-17,RC,RAICHUR,15.0,1965
12628,2026-06-17,MALM,MANTHRALAYAM RD,19.0,1994
12628,2026-06-17,AD,ADONI,21.0,2035
12628,2026-06-17,GTL,GUNTAKAL JN,18.0,2086
12628,2026-06-17,ATP,ANANTAPUR,23.0,2172
12628,2026-06-17,DMM,DHARMAVARAM JN,1.0,2205
12628,2026-06-17,SSPN,SAI P NILAYAM,25.0,2238
12628,2026-06-17,PKD,PENUKONDA,29.0,2259
12628,2026-06-17,HUP,HINDUPUR,36.0,2296
12628,2026-06-17,YNK,YELHANKA JN,19.0,2379
12628,2026-06-17,BNC,BANGALORE CANT,44.0,2402
12628,2026-06-17,SBC,KSR BANGALORE CY JN,0.0,2406
12628,2026-06-18,NDLS,NEW DELHI,4.0,0
12628,2026-06-18,MTJ,MATHURA JN,41.0,141
12628,2026-06-18,AGC,AGRA CANTT,27.0,195
12628,2026-06-18,GWL,GWALIOR,12.0,313
12628,2026-06-18,VGLJ,V LAKSHMIBAI JHANSI,8.0,410
12628,2026-06-18,BINA,BINA JN,0.0,563
12628,2026-06-18,BPL,BHOPAL JN,5.0,701
12628,2026-06-18,ET,ITARSI JN,2.0,793
12628,2026-06-18,KNW,KHANDWA,2.0,976
12628,2026-06-18,BAU,BURHANPUR,13.0,1045
12628,2026-06-18,BSL,BHUSAVAL JN,12.0,1100
12628,2026-06-18,JL,JALGAON JN,25.0,1124
12628,2026-06-18,MMR,MANMAD JN,45.0,1284
12628,2026-06-18,KPG,KOPARGAON,43.0,1326
12628,2026-06-18,BAP,BELAPUR,48.0,1370
12628,2026-06-18,ANG,AHMADNAGAR,38.0,1437
12628,2026-06-18,DD,DAUND JN,41.0,1520
12628,2026-06-18,KWV,KURDUVADI,52.0,1630
12628,2026-06-18,SUR,SOLAPUR JN,38.0,1708
12628,2026-06-18,KLBG,KALABURAGI JN,38.0,1821
12628,2026-06-18,WADI,WADI,4.0,1858
12628,2026-06-18,YG,YADGIR,16.0,1897
12628,2026-06-18,RC,RAICHUR,8.0,1965
12628,2026-06-18,MALM,MANTHRALAYAM RD,11.0,1994
12628,2026-06-18,AD,ADONI,12.0,2035
12628,2026-06-18,GTL,GUNTAKAL JN,40.0,2086
12628,2026-06-18,ATP,ANANTAPUR,39.0,2172
12628,2026-06-18,DMM,DHARMAVARAM JN,16.0,2205
12628,2026-06-18,SSPN,SAI P NILAYAM,23.0,2238
12628,2026-06-18,PKD,PENUKONDA,25.0,2259
12628,2026-06-18,HUP,HINDUPUR,30.0,2296
12628,2026-06-18,YNK,YELHANKA JN,18.0,2379
12628,2026-06-18,BNC,BANGALORE CANT,40.0,2402
12628,2026-06-18,SBC,KSR BANGALORE CY JN,-3.0,2406
12628,2026-06-19,NDLS,NEW DELHI,5.0,0
12628,2026-06-19,MTJ,MATHURA JN,20.0,141
12628,2026-06-19,AGC,AGRA CANTT,18.0,195
12628,2026-06-19,GWL,GWALIOR,23.0,313
12628,2026-06-19,VGLJ,V LAKSHMIBAI JHANSI,13.0,410
12628,2026-06-19,BINA,BINA JN,0.0,563
12628,2026-06-19,BPL,BHOPAL JN,0.0,701
12628,2026-06-19,ET,ITARSI JN,1.0,793
12628,2026-06-19,KNW,KHANDWA,0.0,976
12628,2026-06-19,BAU,BURHANPUR,30.0,1045
12628,2026-06-19,BSL,BHUSAVAL JN,32.0,1100
12628,2026-06-19,JL,JALGAON JN,36.0,1124
12628,2026-06-19,MMR,MANMAD JN,39.0,1284
12628,2026-06-19,KPG,KOPARGAON,29.0,1326
12628,2026-06-19,BAP,BELAPUR,37.0,1370
12628,2026-06-19,ANG,AHMADNAGAR,28.0,1437
12628,2026-06-19,DD,DAUND JN,12.0,1520
12628,2026-06-19,KWV,KURDUVADI,53.0,1630
12628,2026-06-19,SUR,SOLAPUR JN,31.0,1708
12628,2026-06-19,KLBG,KALABURAGI JN,27.0,1821
12628,2026-06-19,WADI,WADI,5.0,1858
12628,2026-06-19,YG,YADGIR,2.0,1897
12628,2026-06-19,RC,RAICHUR,10.0,1965
12628,2026-06-19,MALM,MANTHRALAYAM RD,15.0,1994
12628,2026-06-19,AD,ADONI,12.0,2035
12628,2026-06-19,GTL,GUNTAKAL JN,2.0,2086
12628,2026-06-19,ATP,ANANTAPUR,1.0,2172
12628,2026-06-19,DMM,DHARMAVARAM JN,5.0,2205
12628,2026-06-19,SSPN,SAI P NILAYAM,12.0,2238
12628,2026-06-19,PKD,PENUKONDA,15.0,2259
12628,2026-06-19,HUP,HINDUPUR,19.0,2296
12628,2026-06-19,YNK,YELHANKA JN,12.0,2379
12628,2026-06-19,BNC,BANGALORE CANT,43.0,2402
12628,2026-06-19,SBC,KSR BANGALORE CY JN,-3.0,2406
12628,2026-06-20,NDLS,NEW DELHI,0.0,0
12628,2026-06-20,MTJ,MATHURA JN,28.0,141
12628,2026-06-20,AGC,AGRA CANTT,15.0,195
12628,2026-06-20,GWL,GWALIOR,1.0,313
12628,2026-06-20,VGLJ,V LAKSHMIBAI JHANSI,3.0,410
12628,2026-06-20,BINA,BINA JN,1.0,563
12628,2026-06-20,BPL,BHOPAL JN,0.0,701
12628,2026-06-20,ET,ITARSI JN,1.0,793
12628,2026-06-20,KNW,KHANDWA,4.0,976
12628,2026-06-20,BAU,BURHANPUR,13.0,1045
12628,2026-06-20,BSL,BHUSAVAL JN,16.0,1100
12628,2026-06-20,JL,JALGAON JN,22.0,1124
12628,2026-06-20,MMR,MANMAD JN,32.0,1284
12628,2026-06-20,KPG,KOPARGAON,25.0,1326
12628,2026-06-20,BAP,BELAPUR,46.0,1370
12628,2026-06-20,ANG,AHMADNAGAR,40.0,1437
12628,2026-06-20,DD,DAUND JN,27.0,1520
12628,2026-06-20,KWV,KURDUVADI,55.0,1630
12628,2026-06-20,SUR,SOLAPUR JN,46.0,1708
12628,2026-06-20,KLBG,KALABURAGI JN,58.0,1821
12628,2026-06-20,WADI,WADI,21.0,1858
12628,2026-06-20,YG,YADGIR,22.0,1897
12628,2026-06-20,RC,RAICHUR,15.0,1965
12628,2026-06-20,MALM,MANTHRALAYAM RD,18.0,1994
12628,2026-06-20,AD,ADONI,15.0,2035
12628,2026-06-20,GTL,GUNTAKAL JN,38.0,2086
12628,2026-06-20,ATP,ANANTAPUR,44.0,2172
12628,2026-06-20,DMM,DHARMAVARAM JN,21.0,2205
12628,2026-06-20,SSPN,SAI P NILAYAM,29.0,2238
12628,2026-06-20,PKD,PENUKONDA,33.0,2259
12628,2026-06-20,HUP,HINDUPUR,40.0,2296
12628,2026-06-20,YNK,YELHANKA JN,45.0,2379
12628,2026-06-20,BNC,BANGALORE CANT,47.0,2402
12628,2026-06-20,SBC,KSR BANGALORE CY JN,-4.0,2406
12628,2026-06-21,NDLS,NEW DELHI,1.0,0
12628,2026-06-21,MTJ,MATHURA JN,29.0,141
12628,2026-06-21,AGC,AGRA CANTT,20.0,195
12628,2026-06-21,GWL,GWALIOR,19.0,313
12628,2026-06-21,VGLJ,V LAKSHMIBAI JHANSI,16.0,410
12628,2026-06-21,BINA,BINA JN,2.0,563
12628,2026-06-21,BPL,BHOPAL JN,4.0,701
12628,2026-06-21,ET,ITARSI JN,3.0,793
12628,2026-06-21,KNW,KHANDWA,12.0,976
12628,2026-06-21,BAU,BURHANPUR,27.0,1045
12628,2026-06-21,BSL,BHUSAVAL JN,31.0,1100
12628,2026-06-21,JL,JALGAON JN,56.0,1124
12628,2026-06-21,MMR,MANMAD JN,58.0,1284
12628,2026-06-21,KPG,KOPARGAON,46.0,1326
12628,2026-06-21,BAP,BELAPUR,54.0,1370
12628,2026-06-21,ANG,AHMADNAGAR,45.0,1437
12628,2026-06-21,DD,DAUND JN,44.0,1520
12628,2026-06-21,KWV,KURDUVADI,39.0,1630
12628,2026-06-21,SUR,SOLAPUR JN,67.0,1708
12628,2026-06-21,KLBG,KALABURAGI JN,79.0,1821
12628,2026-06-21,WADI,WADI,41.0,1858
12628,2026-06-21,YG,YADGIR,37.0,1897
12628,2026-06-21,RC,RAICHUR,36.0,1965
12628,2026-06-21,MALM,MANTHRALAYAM RD,39.0,1994
12628,2026-06-21,AD,ADONI,34.0,2035
12628,2026-06-21,GTL,GUNTAKAL JN,33.0,2086
12628,2026-06-21,ATP,ANANTAPUR,37.0,2172
12628,2026-06-21,DMM,DHARMAVARAM JN,12.0,2205
12628,2026-06-21,SSPN,SAI P NILAYAM,20.0,2238
12628,2026-06-21,PKD,PENUKONDA,23.0,2259
12628,2026-06-21,HUP,HINDUPUR,29.0,2296
12628,2026-06-21,YNK,YELHANKA JN,26.0,2379
12628,2026-06-21,BNC,BANGALORE CANT,47.0,2402
12628,2026-06-21,SBC,KSR BANGALORE CY JN,-2.0,2406
12628,2026-06-22,NDLS,NEW DELHI,1.0,0
12628,2026-06-22,MTJ,MATHURA JN,37.0,141
12628,2026-06-22,AGC,AGRA CANTT,25.0,195
12628,2026-06-22,GWL,GWALIOR,15.0,313
12628,2026-06-22,VGLJ,V LAKSHMIBAI JHANSI,13.0,410
12628,2026-06-22,BINA,BINA JN,0.0,563
12628,2026-06-22,BPL,BHOPAL JN,0.0,701
12628,2026-06-22,ET,ITARSI JN,1.0,793
12628,2026-06-22,KNW,KHANDWA,31.0,976
12628,2026-06-22,BAU,BURHANPUR,40.0,1045
12628,2026-06-22,BSL,BHUSAVAL JN,38.0,1100
12628,2026-06-22,JL,JALGAON JN,40.0,1124
12628,2026-06-22,MMR,MANMAD JN,95.0,1284
12628,2026-06-22,KPG,KOPARGAON,91.0,1326
12628,2026-06-22,BAP,BELAPUR,155.0,1370
12628,2026-06-22,ANG,AHMADNAGAR,159.0,1437
12628,2026-06-22,DD,DAUND JN,145.0,1520
12628,2026-06-22,KWV,KURDUVADI,148.0,1630
12628,2026-06-22,SUR,SOLAPUR JN,131.0,1708
12628,2026-06-22,KLBG,KALABURAGI JN,138.0,1821
12628,2026-06-22,WADI,WADI,110.0,1858
12628,2026-06-22,YG,YADGIR,121.0,1897
12628,2026-06-22,RC,RAICHUR,123.0,1965
12628,2026-06-22,MALM,MANTHRALAYAM RD,125.0,1994
12628,2026-06-22,AD,ADONI,121.0,2035
12628,2026-06-22,GTL,GUNTAKAL JN,110.0,2086
12628,2026-06-22,ATP,ANANTAPUR,112.0,2172
12628,2026-06-22,DMM,DHARMAVARAM JN,86.0,2205
12628,2026-06-22,SSPN,SAI P NILAYAM,91.0,2238
12628,2026-06-22,PKD,PENUKONDA,90.0,2259
12628,2026-06-22,HUP,HINDUPUR,104.0,2296
12628,2026-06-22,YNK,YELHANKA JN,102.0,2379
12628,2026-06-22,BNC,BANGALORE CANT,109.0,2402
12628,2026-06-22,SBC,KSR BANGALORE CY JN,58.0,2406
12628,2026-06-23,NDLS,NEW DELHI,9.0,0
12628,2026-06-23,MTJ,MATHURA JN,34.0,141
12628,2026-06-23,AGC,AGRA CANTT,33.0,195
12628,2026-06-23,GWL,GWALIOR,23.0,313
12628,2026-06-23,VGLJ,V LAKSHMIBAI JHANSI,4.0,410
12628,2026-06-23,BINA,BINA JN,1.0,563
12628,2026-06-23,BPL,BHOPAL JN,3.0,701
12628,2026-06-23,ET,ITARSI JN,12.0,793
12628,2026-06-23,KNW,KHANDWA,0.0,976
12628,2026-06-23,BAU,BURHANPUR,13.0,1045
12628,2026-06-23,BSL,BHUSAVAL JN,12.0,1100
12628,2026-06-23,JL,JALGAON JN,22.0,1124
12628,2026-06-23,MMR,MANMAD JN,30.0,1284
12628,2026-06-23,KPG,KOPARGAON,27.0,1326
12628,2026-06-23,BAP,BELAPUR,28.0,1370
12628,2026-06-23,ANG,AHMADNAGAR,18.0,1437
12628,2026-06-23,DD,DAUND JN,14.0,1520
12628,2026-06-23,KWV,KURDUVADI,53.0,1630
12628,2026-06-23,SUR,SOLAPUR JN,36.0,1708
12628,2026-06-23,KLBG,KALABURAGI JN,61.0,1821
12628,2026-06-23,WADI,WADI,21.0,1858
12628,2026-06-23,YG,YADGIR,21.0,1897
12628,2026-06-23,RC,RAICHUR,13.0,1965
12628,2026-06-23,MALM,MANTHRALAYAM RD,17.0,1994
12628,2026-06-23,AD,ADONI,21.0,2035
12628,2026-06-23,GTL,GUNTAKAL JN,38.0,2086
12628,2026-06-23,ATP,ANANTAPUR,47.0,2172
12628,2026-06-23,DMM,DHARMAVARAM JN,24.0,2205
12628,2026-06-23,SSPN,SAI P NILAYAM,31.0,2238
12628,2026-06-23,PKD,PENUKONDA,35.0,2259
12628,2026-06-23,HUP,HINDUPUR,40.0,2296
12628,2026-06-23,YNK,YELHANKA JN,41.0,2379
12628,2026-06-23,BNC,BANGALORE CANT,50.0,2402
12628,2026-06-23,SBC,KSR BANGALORE CY JN,-4.0,2406
12628,2026-06-24,NDLS,NEW DELHI,12.0,0
12628,2026-06-24,MTJ,MATHURA JN,28.0,141
12628,2026-06-24,AGC,AGRA CANTT,36.0,195
12628,2026-06-24,GWL,GWALIOR,9.0,313
12628,2026-06-24,VGLJ,V LAKSHMIBAI JHANSI,1.0,410
12628,2026-06-24,BINA,BINA JN,1.0,563
12628,2026-06-24,BPL,BHOPAL JN,1.0,701
12628,2026-06-24,ET,ITARSI JN,15.0,793
12628,2026-06-24,KNW,KHANDWA,2.0,976
12628,2026-06-24,BAU,BURHANPUR,16.0,1045
12628,2026-06-24,BSL,BHUSAVAL JN,26.0,1100
12628,2026-06-24,JL,JALGAON JN,30.0,1124
12628,2026-06-24,MMR,MANMAD JN,37.0,1284
12628,2026-06-24,KPG,KOPARGAON,30.0,1326
12628,2026-06-24,BAP,BELAPUR,38.0,1370
12628,2026-06-24,ANG,AHMADNAGAR,34.0,1437
12628,2026-06-24,DD,DAUND JN,33.0,1520
12628,2026-06-24,KWV,KURDUVADI,71.0,1630
12628,2026-06-24,SUR,SOLAPUR JN,47.0,1708
12628,2026-06-24,KLBG,KALABURAGI JN,68.0,1821
12628,2026-06-24,WADI,WADI,44.0,1858
12628,2026-06-24,YG,YADGIR,43.0,1897
12628,2026-06-24,RC,RAICHUR,34.0,1965
12628,2026-06-24,MALM,MANTHRALAYAM RD,37.0,1994
12628,2026-06-24,AD,ADONI,35.0,2035
12628,2026-06-24,GTL,GUNTAKAL JN,24.0,2086
12628,2026-06-24,ATP,ANANTAPUR,21.0,2172
12628,2026-06-24,DMM,DHARMAVARAM JN,2.0,2205
12628,2026-06-24,SSPN,SAI P NILAYAM,13.0,2238
12628,2026-06-24,PKD,PENUKONDA,18.0,2259
12628,2026-06-24,HUP,HINDUPUR,28.0,2296
12628,2026-06-24,YNK,YELHANKA JN,23.0,2379
12628,2026-06-24,BNC,BANGALORE CANT,39.0,2402
12628,2026-06-24,SBC,KSR BANGALORE CY JN,-1.0,2406
12628,2026-06-25,NDLS,NEW DELHI,53.0,0
12628,2026-06-25,MTJ,MATHURA JN,85.0,141
12628,2026-06-25,AGC,AGRA CANTT,76.0,195
12628,2026-06-25,GWL,GWALIOR,51.0,313
12628,2026-06-25,VGLJ,V LAKSHMIBAI JHANSI,33.0,410
12628,2026-06-25,BINA,BINA JN,13.0,563
12628,2026-06-25,BPL,BHOPAL JN,36.0,701
12628,2026-06-25,ET,ITARSI JN,18.0,793
12628,2026-06-25,KNW,KHANDWA,2.0,976
12628,2026-06-25,BAU,BURHANPUR,10.0,1045
12628,2026-06-25,BSL,BHUSAVAL JN,10.0,1100
12628,2026-06-25,JL,JALGAON JN,32.0,1124
12628,2026-06-25,MMR,MANMAD JN,49.0,1284
12628,2026-06-25,KPG,KOPARGAON,43.0,1326
12628,2026-06-25,BAP,BELAPUR,48.0,1370
12628,2026-06-25,ANG,AHMADNAGAR,34.0,1437
12628,2026-06-25,DD,DAUND JN,33.0,1520
12628,2026-06-25,KWV,KURDUVADI,69.0,1630
12628,2026-06-25,SUR,SOLAPUR JN,54.0,1708
12628,2026-06-25,KLBG,KALABURAGI JN,80.0,1821
12628,2026-06-25,WADI,WADI,42.0,1858
12628,2026-06-25,YG,YADGIR,39.0,1897
12628,2026-06-25,RC,RAICHUR,41.0,1965
12628,2026-06-25,MALM,MANTHRALAYAM RD,48.0,1994
12628,2026-06-25,AD,ADONI,46.0,2035
12628,2026-06-25,GTL,GUNTAKAL JN,36.0,2086
12628,2026-06-25,ATP,ANANTAPUR,42.0,2172
12628,2026-06-25,DMM,DHARMAVARAM JN,17.0,2205
12628,2026-06-25,SSPN,SAI P NILAYAM,24.0,2238
12628,2026-06-25,PKD,PENUKONDA,28.0,2259
12628,2026-06-25,HUP,HINDUPUR,33.0,2296
12628,2026-06-25,YNK,YELHANKA JN,30.0,2379
12628,2026-06-25,BNC,BANGALORE CANT,65.0,2402
12628,2026-06-25,SBC,KSR BANGALORE CY JN,13.0,2406
12628,2026-06-26,NDLS,NEW DELHI,5.0,0
12628,2026-06-26,MTJ,MATHURA JN,38.0,141
12628,2026-06-26,AGC,AGRA CANTT,35.0,195
12628,2026-06-26,GWL,GWALIOR,19.0,313
12628,2026-06-26,VGLJ,V LAKSHMIBAI JHANSI,11.0,410
12628,2026-06-26,BINA,BINA JN,1.0,563
12628,2026-06-26,BPL,BHOPAL JN,2.0,701
12628,2026-06-26,ET,ITARSI JN,0.0,793
12628,2026-06-26,KNW,KHANDWA,0.0,976
12628,2026-06-26,BAU,BURHANPUR,22.0,1045
12628,2026-06-26,BSL,BHUSAVAL JN,30.0,1100
12628,2026-06-26,JL,JALGAON JN,46.0,1124
12628,2026-06-26,MMR,MANMAD JN,71.0,1284
12628,2026-06-26,KPG,KOPARGAON,69.0,1326
12628,2026-06-26,BAP,BELAPUR,77.0,1370
12628,2026-06-26,ANG,AHMADNAGAR,69.0,1437
12628,2026-06-26,DD,DAUND JN,67.0,1520
12628,2026-06-26,KWV,KURDUVADI,74.0,1630
12628,2026-06-26,SUR,SOLAPUR JN,52.0,1708
12628,2026-06-26,KLBG,KALABURAGI JN,81.0,1821
12628,2026-06-26,WADI,WADI,52.0,1858
12628,2026-06-26,YG,YADGIR,50.0,1897
12628,2026-06-26,RC,RAICHUR,41.0,1965
12628,2026-06-26,MALM,MANTHRALAYAM RD,45.0,1994
12628,2026-06-26,AD,ADONI,44.0,2035
12628,2026-06-26,GTL,GUNTAKAL JN,43.0,2086
12628,2026-06-26,ATP,ANANTAPUR,46.0,2172
12628,2026-06-26,DMM,DHARMAVARAM JN,22.0,2205
12628,2026-06-26,SSPN,SAI P NILAYAM,29.0,2238
12628,2026-06-26,PKD,PENUKONDA,31.0,2259
12628,2026-06-26,HUP,HINDUPUR,35.0,2296
12628,2026-06-26,YNK,YELHANKA JN,11.0,2379
12628,2026-06-26,BNC,BANGALORE CANT,28.0,2402
12628,2026-06-26,SBC,KSR BANGALORE CY JN,-25.0,2406
12628,2026-06-27,NDLS,NEW DELHI,0.0,0
12628,2026-06-27,MTJ,MATHURA JN,27.0,141
12628,2026-06-27,AGC,AGRA CANTT,28.0,195
12628,2026-06-27,GWL,GWALIOR,4.0,313
12628,2026-06-27,VGLJ,V LAKSHMIBAI JHANSI,4.0,410
12628,2026-06-27,BINA,BINA JN,1.0,563
12628,2026-06-27,BPL,BHOPAL JN,5.0,701
12628,2026-06-27,ET,ITARSI JN,6.0,793
12628,2026-06-27,KNW,KHANDWA,1.0,976
12628,2026-06-27,BAU,BURHANPUR,11.0,1045
12628,2026-06-27,BSL,BHUSAVAL JN,1.0,1100
12628,2026-06-27,JL,JALGAON JN,5.0,1124
12628,2026-06-27,MMR,MANMAD JN,46.0,1284
12628,2026-06-27,KPG,KOPARGAON,33.0,1326
12628,2026-06-27,BAP,BELAPUR,42.0,1370
12628,2026-06-27,ANG,AHMADNAGAR,23.0,1437
12628,2026-06-27,DD,DAUND JN,15.0,1520
12628,2026-06-27,KWV,KURDUVADI,12.0,1630
12628,2026-06-27,SUR,SOLAPUR JN,18.0,1708
12628,2026-06-27,KLBG,KALABURAGI JN,28.0,1821
12628,2026-06-27,WADI,WADI,1.0,1858
12628,2026-06-27,YG,YADGIR,2.0,1897
12628,2026-06-27,RC,RAICHUR,0.0,1965
12628,2026-06-27,MALM,MANTHRALAYAM RD,1.0,1994
12628,2026-06-27,AD,ADONI,0.0,2035
12628,2026-06-27,GTL,GUNTAKAL JN,15.0,2086
12628,2026-06-27,ATP,ANANTAPUR,16.0,2172
12628,2026-06-27,DMM,DHARMAVARAM JN,0.0,2205
12628,2026-06-27,SSPN,SAI P NILAYAM,7.0,2238
12628,2026-06-27,PKD,PENUKONDA,9.0,2259
12628,2026-06-27,HUP,HINDUPUR,16.0,2296
12628,2026-06-27,YNK,YELHANKA JN,0.0,2379
12628,2026-06-27,BNC,BANGALORE CANT,44.0,2402
12628,2026-06-27,SBC,KSR BANGALORE CY JN,-3.0,2406
12628,2026-06-28,NDLS,NEW DELHI,6.0,0
12628,2026-06-28,MTJ,MATHURA JN,34.0,141
12628,2026-06-28,AGC,AGRA CANTT,34.0,195
12628,2026-06-28,GWL,GWALIOR,13.0,313
12628,2026-06-28,VGLJ,V LAKSHMIBAI JHANSI,0.0,410
12628,2026-06-28,BINA,BINA JN,0.0,563
12628,2026-06-28,BPL,BHOPAL JN,3.0,701
12628,2026-06-28,ET,ITARSI JN,3.0,793
12628,2026-06-28,KNW,KHANDWA,1.0,976
12628,2026-06-28,BAU,BURHANPUR,16.0,1045
12628,2026-06-28,BSL,BHUSAVAL JN,5.0,1100
12628,2026-06-28,JL,JALGAON JN,13.0,1124
12628,2026-06-28,MMR,MANMAD JN,75.0,1284
12628,2026-06-28,KPG,KOPARGAON,64.0,1326
12628,2026-06-28,BAP,BELAPUR,81.0,1370
12628,2026-06-28,ANG,AHMADNAGAR,69.0,1437
12628,2026-06-28,DD,DAUND JN,53.0,1520
12628,2026-06-28,KWV,KURDUVADI,65.0,1630
12628,2026-06-28,SUR,SOLAPUR JN,41.0,1708
12628,2026-06-28,KLBG,KALABURAGI JN,60.0,1821
12628,2026-06-28,WADI,WADI,22.0,1858
12628,2026-06-28,YG,YADGIR,26.0,1897
12628,2026-06-28,RC,RAICHUR,17.0,1965
12628,2026-06-28,MALM,MANTHRALAYAM RD,18.0,1994
12628,2026-06-28,AD,ADONI,14.0,2035
12628,2026-06-28,GTL,GUNTAKAL JN,16.0,2086
12628,2026-06-28,ATP,ANANTAPUR,17.0,2172
12628,2026-06-28,DMM,DHARMAVARAM JN,0.0,2205
12628,2026-06-28,SSPN,SAI P NILAYAM,8.0,2238
12628,2026-06-28,PKD,PENUKONDA,11.0,2259
12628,2026-06-28,HUP,HINDUPUR,16.0,2296
12628,2026-06-28,YNK,YELHANKA JN,7.0,2379
12628,2026-06-28,BNC,BANGALORE CANT,34.0,2402
12628,2026-06-28,SBC,KSR BANGALORE CY JN,0.0,2406
12628,2026-06-29,NDLS,NEW DELHI,3.0,0
12628,2026-06-29,MTJ,MATHURA JN,23.0,141
12628,2026-06-29,AGC,AGRA CANTT,14.0,195
12628,2026-06-29,GWL,GWALIOR,7.0,313
12628,2026-06-29,VGLJ,V LAKSHMIBAI JHANSI,1.0,410
12628,2026-06-29,BINA,BINA JN,4.0,563
12628,2026-06-29,BPL,BHOPAL JN,10.0,701
12628,2026-06-29,ET,ITARSI JN,10.0,793
12628,2026-06-29,KNW,KHANDWA,28.0,976
12628,2026-06-29,BAU,BURHANPUR,35.0,1045
12628,2026-06-29,BSL,BHUSAVAL JN,43.0,1100
12628,2026-06-29,JL,JALGAON JN,64.0,1124
12628,2026-06-29,MMR,MANMAD JN,84.0,1284
12628,2026-06-29,KPG,KOPARGAON,79.0,1326
12628,2026-06-29,BAP,BELAPUR,88.0,1370
12628,2026-06-29,ANG,AHMADNAGAR,78.0,1437
12628,2026-06-29,DD,DAUND JN,69.0,1520
12628,2026-06-29,KWV,KURDUVADI,99.0,1630
12628,2026-06-29,SUR,SOLAPUR JN,84.0,1708
12628,2026-06-29,KLBG,KALABURAGI JN,103.0,1821
12628,2026-06-29,WADI,WADI,82.0,1858
12628,2026-06-29,YG,YADGIR,82.0,1897
12628,2026-06-29,RC,RAICHUR,76.0,1965
12628,2026-06-29,MALM,MANTHRALAYAM RD,80.0,1994
12628,2026-06-29,AD,ADONI,74.0,2035
12628,2026-06-29,GTL,GUNTAKAL JN,75.0,2086
12628,2026-06-29,ATP,ANANTAPUR,72.0,2172
12628,2026-06-29,DMM,DHARMAVARAM JN,44.0,2205
12628,2026-06-29,SSPN,SAI P NILAYAM,46.0,2238
12628,2026-06-29,PKD,PENUKONDA,44.0,2259
12628,2026-06-29,HUP,HINDUPUR,51.0,2296
12628,2026-06-29,YNK,YELHANKA JN,65.0,2379
12628,2026-06-29,BNC,BANGALORE CANT,39.0,2402
12628,2026-06-29,SBC,KSR BANGALORE CY JN,18.0,2406
12628,2026-06-30,NDLS,NEW DELHI,1.0,0
12628,2026-06-30,MTJ,MATHURA JN,24.0,141
12628,2026-06-30,AGC,AGRA CANTT,28.0,195
12628,2026-06-30,GWL,GWALIOR,10.0,313
12628,2026-06-30,VGLJ,V LAKSHMIBAI JHANSI,10.0,410
12628,2026-06-30,BINA,BINA JN,0.0,563
12628,2026-06-30,BPL,BHOPAL JN,14.0,701
12628,2026-06-30,ET,ITARSI JN,27.0,793
12628,2026-06-30,KNW,KHANDWA,7.0,976
12628,2026-06-30,BAU,BURHANPUR,13.0,1045
12628,2026-06-30,BSL,BHUSAVAL JN,28.0,1100
12628,2026-06-30,JL,JALGAON JN,37.0,1124
12628,2026-06-30,MMR,MANMAD JN,32.0,1284
12628,2026-06-30,KPG,KOPARGAON,21.0,1326
12628,2026-06-30,BAP,BELAPUR,30.0,1370
12628,2026-06-30,ANG,AHMADNAGAR,36.0,1437
12628,2026-06-30,DD,DAUND JN,22.0,1520
12628,2026-06-30,KWV,KURDUVADI,33.0,1630
12628,2026-06-30,SUR,SOLAPUR JN,29.0,1708
12628,2026-06-30,KLBG,KALABURAGI JN,54.0,1821
12628,2026-06-30,WADI,WADI,15.0,1858
12628,2026-06-30,YG,YADGIR,11.0,1897
12628,2026-06-30,RC,RAICHUR,18.0,1965
12628,2026-06-30,MALM,MANTHRALAYAM RD,20.0,1994
12628,2026-06-30,AD,ADONI,17.0,2035
12628,2026-06-30,GTL,GUNTAKAL JN,16.0,2086
12628,2026-06-30,ATP,ANANTAPUR,28.0,2172
12628,2026-06-30,DMM,DHARMAVARAM JN,6.0,2205
12628,2026-06-30,SSPN,SAI P NILAYAM,13.0,2238
12628,2026-06-30,PKD,PENUKONDA,15.0,2259
12628,2026-06-30,HUP,HINDUPUR,23.0,2296
12628,2026-06-30,YNK,YELHANKA JN,45.0,2379
12628,2026-06-30,BNC,BANGALORE CANT,60.0,2402
12628,2026-06-30,SBC,KSR BANGALORE CY JN,7.0,2406
12628,2026-07-01,NDLS,NEW DELHI,2.0,0
12628,2026-07-01,MTJ,MATHURA JN,20.0,141
12628,2026-07-01,AGC,AGRA CANTT,20.0,195
12628,2026-07-01,GWL,GWALIOR,3.0,313
12628,2026-07-01,VGLJ,V LAKSHMIBAI JHANSI,9.0,410
12628,2026-07-01,BINA,BINA JN,0.0,563
12628,2026-07-01,BPL,BHOPAL JN,2.0,701
12628,2026-07-01,ET,ITARSI JN,1.0,793
12628,2026-07-01,KNW,KHANDWA,0.0,976
12628,2026-07-01,BAU,BURHANPUR,4.0,1045
12628,2026-07-01,BSL,BHUSAVAL JN,4.0,1100
12628,2026-07-01,JL,JALGAON JN,7.0,1124
12628,2026-07-01,MMR,MANMAD JN,41.0,1284
12628,2026-07-01,KPG,KOPARGAON,37.0,1326
12628,2026-07-01,BAP,BELAPUR,53.0,1370
12628,2026-07-01,ANG,AHMADNAGAR,47.0,1437
12628,2026-07-01,DD,DAUND JN,45.0,1520
12628,2026-07-01,KWV,KURDUVADI,61.0,1630
12628,2026-07-01,SUR,SOLAPUR JN,34.0,1708
12628,2026-07-01,KLBG,KALABURAGI JN,59.0,1821
12628,2026-07-01,WADI,WADI,21.0,1858
12628,2026-07-01,YG,YADGIR,22.0,1897
12628,2026-07-01,RC,RAICHUR,13.0,1965
12628,2026-07-01,MALM,MANTHRALAYAM RD,15.0,1994
12628,2026-07-01,AD,ADONI,11.0,2035
12628,2026-07-01,GTL,GUNTAKAL JN,47.0,2086
12628,2026-07-01,ATP,ANANTAPUR,48.0,2172
12628,2026-07-01,DMM,DHARMAVARAM JN,22.0,2205
12628,2026-07-01,SSPN,SAI P NILAYAM,31.0,2238
12628,2026-07-01,PKD,PENUKONDA,29.0,2259
12628,2026-07-01,HUP,HINDUPUR,35.0,2296
12628,2026-07-01,YNK,YELHANKA JN,10.0,2379
12628,2026-07-01,BNC,BANGALORE CANT,46.0,2402
12628,2026-07-01,SBC,KSR BANGALORE CY JN,-3.0,2406
12628,2026-07-02,NDLS,NEW DELHI,4.0,0
12628,2026-07-02,MTJ,MATHURA JN,29.0,141
12628,2026-07-02,AGC,AGRA CANTT,28.0,195
12628,2026-07-02,GWL,GWALIOR,3.0,313
12628,2026-07-02,VGLJ,V LAKSHMIBAI JHANSI,1.0,410
12628,2026-07-02,BINA,BINA JN,0.0,563
12628,2026-07-02,BPL,BHOPAL JN,1.0,701
12628,2026-07-02,ET,ITARSI JN,29.0,793
12628,2026-07-02,KNW,KHANDWA,53.0,976
12628,2026-07-02,BAU,BURHANPUR,64.0,1045
12628,2026-07-02,BSL,BHUSAVAL JN,69.0,1100
12628,2026-07-02,JL,JALGAON JN,76.0,1124
12628,2026-07-02,MMR,MANMAD JN,75.0,1284
12628,2026-07-02,KPG,KOPARGAON,63.0,1326
12628,2026-07-02,BAP,BELAPUR,82.0,1370
12628,2026-07-02,ANG,AHMADNAGAR,88.0,1437
12628,2026-07-02,DD,DAUND JN,109.0,1520
12628,2026-07-02,KWV,KURDUVADI,109.0,1630
12628,2026-07-02,SUR,SOLAPUR JN,87.0,1708
12628,2026-07-02,KLBG,KALABURAGI JN,99.0,1821
12628,2026-07-02,WADI,WADI,77.0,1858
12628,2026-07-02,YG,YADGIR,90.0,1897
12628,2026-07-02,RC,RAICHUR,81.0,1965
12628,2026-07-02,MALM,MANTHRALAYAM RD,88.0,1994
12628,2026-07-02,AD,ADONI,85.0,2035
12628,2026-07-02,GTL,GUNTAKAL JN,74.0,2086
12628,2026-07-02,ATP,ANANTAPUR,75.0,2172
12628,2026-07-02,DMM,DHARMAVARAM JN,54.0,2205
12628,2026-07-02,SSPN,SAI P NILAYAM,60.0,2238
12628,2026-07-02,PKD,PENUKONDA,59.0,2259
12628,2026-07-02,HUP,HINDUPUR,69.0,2296
12628,2026-07-02,YNK,YELHANKA JN,58.0,2379
12628,2026-07-02,BNC,BANGALORE CANT,63.0,2402
12628,2026-07-02,SBC,KSR BANGALORE CY JN,21.0,2406
12628,2026-07-03,NDLS,NEW DELHI,0.0,0
12628,2026-07-03,MTJ,MATHURA JN,19.0,141
12628,2026-07-03,AGC,AGRA CANTT,25.0,195
12628,2026-07-03,GWL,GWALIOR,2.0,313
12628,2026-07-03,VGLJ,V LAKSHMIBAI JHANSI,4.0,410
12628,2026-07-03,BINA,BINA JN,6.0,563
12628,2026-07-03,BPL,BHOPAL JN,8.0,701
12628,2026-07-03,ET,ITARSI JN,1.0,793
12628,2026-07-03,KNW,KHANDWA,1.0,976
12628,2026-07-03,BAU,BURHANPUR,18.0,1045
12628,2026-07-03,BSL,BHUSAVAL JN,9.0,1100
12628,2026-07-03,JL,JALGAON JN,22.0,1124
12628,2026-07-03,MMR,MANMAD JN,33.0,1284
12628,2026-07-03,KPG,KOPARGAON,32.0,1326
12628,2026-07-03,BAP,BELAPUR,44.0,1370
12628,2026-07-03,ANG,AHMADNAGAR,36.0,1437
12628,2026-07-03,DD,DAUND JN,19.0,1520
12628,2026-07-03,KWV,KURDUVADI,30.0,1630
12628,2026-07-03,SUR,SOLAPUR JN,15.0,1708
12628,2026-07-03,KLBG,KALABURAGI JN,23.0,1821
12628,2026-07-03,WADI,WADI,4.0,1858
12628,2026-07-03,YG,YADGIR,9.0,1897
12628,2026-07-03,RC,RAICHUR,2.0,1965
12628,2026-07-03,MALM,MANTHRALAYAM RD,5.0,1994
12628,2026-07-03,AD,ADONI,10.0,2035
12628,2026-07-03,GTL,GUNTAKAL JN,8.0,2086
12628,2026-07-03,ATP,ANANTAPUR,13.0,2172
12628,2026-07-03,DMM,DHARMAVARAM JN,2.0,2205
12628,2026-07-03,SSPN,SAI P NILAYAM,10.0,2238
12628,2026-07-03,PKD,PENUKONDA,13.0,2259
12628,2026-07-03,HUP,HINDUPUR,19.0,2296
12628,2026-07-03,YNK,YELHANKA JN,12.0,2379
12628,2026-07-03,BNC,BANGALORE CANT,21.0,2402
12628,2026-07-03,SBC,KSR BANGALORE CY JN,-16.0,2406
12628,2026-07-04,NDLS,NEW DELHI,0.0,0
12628,2026-07-04,MTJ,MATHURA JN,23.0,141
12628,2026-07-04,AGC,AGRA CANTT,16.0,195
12628,2026-07-04,GWL,GWALIOR,0.0,313
12628,2026-07-04,VGLJ,V LAKSHMIBAI JHANSI,5.0,410
12628,2026-07-04,BINA,BINA JN,0.0,563
12628,2026-07-04,BPL,BHOPAL JN,8.0,701
12628,2026-07-04,ET,ITARSI JN,1.0,793
12628,2026-07-04,KNW,KHANDWA,2.0,976
12628,2026-07-04,BAU,BURHANPUR,11.0,1045
12628,2026-07-04,BSL,BHUSAVAL JN,8.0,1100
12628,2026-07-04,JL,JALGAON JN,25.0,1124
12628,2026-07-04,MMR,MANMAD JN,9.0,1284
12628,2026-07-04,KPG,KOPARGAON,5.0,1326
12628,2026-07-04,BAP,BELAPUR,23.0,1370
12628,2026-07-04,ANG,AHMADNAGAR,13.0,1437
12628,2026-07-04,DD,DAUND JN,7.0,1520
12628,2026-07-04,KWV,KURDUVADI,51.0,1630
12628,2026-07-04,SUR,SOLAPUR JN,39.0,1708
12628,2026-07-04,KLBG,KALABURAGI JN,40.0,1821
12628,2026-07-04,WADI,WADI,1.0,1858
12628,2026-07-04,YG,YADGIR,2.0,1897
12628,2026-07-04,RC,RAICHUR,23.0,1965
12628,2026-07-04,MALM,MANTHRALAYAM RD,27.0,1994
12628,2026-07-04,AD,ADONI,24.0,2035
12628,2026-07-04,GTL,GUNTAKAL JN,19.0,2086
12628,2026-07-04,ATP,ANANTAPUR,16.0,2172
12628,2026-07-04,DMM,DHARMAVARAM JN,2.0,2205
12628,2026-07-04,SSPN,SAI P NILAYAM,26.0,2238
12628,2026-07-04,PKD,PENUKONDA,28.0,2259
12628,2026-07-04,HUP,HINDUPUR,34.0,2296
12628,2026-07-04,YNK,YELHANKA JN,48.0,2379
12628,2026-07-04,BNC,BANGALORE CANT,54.0,2402
12628,2026-07-04,SBC,KSR BANGALORE CY JN,0.0,2406
12628,2026-07-05,NDLS,NEW DELHI,1.0,0
12628,2026-07-05,MTJ,MATHURA JN,24.0,141
12628,2026-07-05,AGC,AGRA CANTT,21.0,195
12628,2026-07-05,GWL,GWALIOR,5.0,313
12628,2026-07-05,VGLJ,V LAKSHMIBAI JHANSI,7.0,410
12628,2026-07-05,BINA,BINA JN,4.0,563
12628,2026-07-05,BPL,BHOPAL JN,8.0,701
12628,2026-07-05,ET,ITARSI JN,9.0,793
12628,2026-07-05,KNW,KHANDWA,0.0,976
12628,2026-07-05,BAU,BURHANPUR,6.0,1045
12628,2026-07-05,BSL,BHUSAVAL JN,2.0,1100
12628,2026-07-05,JL,JALGAON JN,13.0,1124
12628,2026-07-05,MMR,MANMAD JN,20.0,1284
12628,2026-07-05,KPG,KOPARGAON,24.0,1326
12628,2026-07-05,BAP,BELAPUR,34.0,1370
12628,2026-07-05,ANG,AHMADNAGAR,27.0,1437
12628,2026-07-05,DD,DAUND JN,10.0,1520
12628,2026-07-05,KWV,KURDUVADI,48.0,1630
12628,2026-07-05,SUR,SOLAPUR JN,29.0,1708
12628,2026-07-05,KLBG,KALABURAGI JN,30.0,1821
12628,2026-07-05,WADI,WADI,1.0,1858
12628,2026-07-05,YG,YADGIR,1.0,1897
12628,2026-07-05,RC,RAICHUR,2.0,1965
12628,2026-07-05,MALM,MANTHRALAYAM RD,3.0,1994
12628,2026-07-05,AD,ADONI,3.0,2035
12628,2026-07-05,GTL,GUNTAKAL JN,1.0,2086
12628,2026-07-05,ATP,ANANTAPUR,11.0,2172
12628,2026-07-05,DMM,DHARMAVARAM JN,1.0,2205
12628,2026-07-05,SSPN,SAI P NILAYAM,8.0,2238
12628,2026-07-05,PKD,PENUKONDA,7.0,2259
12628,2026-07-05,HUP,HINDUPUR,17.0,2296
12628,2026-07-05,YNK,YELHANKA JN,0.0,2379
12628,2026-07-05,BNC,BANGALORE CANT,35.0,2402
12628,2026-07-05,SBC,KSR BANGALORE CY JN,-7.0,2406
12628,2026-07-06,NDLS,NEW DELHI,1.0,0
12628,2026-07-06,MTJ,MATHURA JN,32.0,141
12628,2026-07-06,AGC,AGRA CANTT,26.0,195
12628,2026-07-06,GWL,GWALIOR,3.0,313
12628,2026-07-06,VGLJ,V LAKSHMIBAI JHANSI,16.0,410
12628,2026-07-06,BINA,BINA JN,6.0,563
12628,2026-07-06,BPL,BHOPAL JN,9.0,701
12628,2026-07-06,ET,ITARSI JN,29.0,793
12628,2026-07-06,KNW,KHANDWA,7.0,976
12628,2026-07-06,BAU,BURHANPUR,8.0,1045
12628,2026-07-06,BSL,BHUSAVAL JN,1.0,1100
12628,2026-07-06,JL,JALGAON JN,3.0,1124
12628,2026-07-06,MMR,MANMAD JN,13.0,1284
12628,2026-07-06,KPG,KOPARGAON,12.0,1326
12628,2026-07-06,BAP,BELAPUR,19.0,1370
12628,2026-07-06,ANG,AHMADNAGAR,7.0,1437
12628,2026-07-06,DD,DAUND JN,1.0,1520
12628,2026-07-06,KWV,KURDUVADI,15.0,1630
12628,2026-07-06,SUR,SOLAPUR JN,0.0,1708
12628,2026-07-06,KLBG,KALABURAGI JN,41.0,1821
12628,2026-07-06,WADI,WADI,6.0,1858
12628,2026-07-06,YG,YADGIR,3.0,1897
12628,2026-07-06,RC,RAICHUR,5.0,1965
12628,2026-07-06,MALM,MANTHRALAYAM RD,5.0,1994
12628,2026-07-06,AD,ADONI,2.0,2035
12628,2026-07-06,GTL,GUNTAKAL JN,15.0,2086
12628,2026-07-06,ATP,ANANTAPUR,32.0,2172
12628,2026-07-06,DMM,DHARMAVARAM JN,20.0,2205
12628,2026-07-06,SSPN,SAI P NILAYAM,42.0,2238
12628,2026-07-06,PKD,PENUKONDA,43.0,2259
12628,2026-07-06,HUP,HINDUPUR,54.0,2296
12628,2026-07-06,YNK,YELHANKA JN,35.0,2379
12628,2026-07-06,BNC,BANGALORE CANT,39.0,2402
12628,2026-07-06,SBC,KSR BANGALORE CY JN,-15.0,2406
12628,2026-07-07,NDLS,NEW DELHI,1.0,0
12628,2026-07-07,MTJ,MATHURA JN,28.0,141
12628,2026-07-07,AGC,AGRA CANTT,18.0,195
12628,2026-07-07,GWL,GWALIOR,10.0,313
12628,2026-07-07,VGLJ,V LAKSHMIBAI JHANSI,3.0,410
12628,2026-07-07,BINA,BINA JN,3.0,563
12628,2026-07-07,BPL,BHOPAL JN,13.0,701
12628,2026-07-07,ET,ITARSI JN,0.0,793
12628,2026-07-07,KNW,KHANDWA,101.0,976
12628,2026-07-07,BAU,BURHANPUR,107.0,1045
12628,2026-07-07,BSL,BHUSAVAL JN,135.0,1100
12628,2026-07-07,JL,JALGAON JN,140.0,1124
12628,2026-07-07,MMR,MANMAD JN,162.0,1284
12628,2026-07-07,KPG,KOPARGAON,148.0,1326
12628,2026-07-07,BAP,BELAPUR,122.0,1370
12628,2026-07-07,ANG,AHMADNAGAR,150.0,1437
12628,2026-07-07,DD,DAUND JN,157.0,1520
12628,2026-07-07,KWV,KURDUVADI,160.0,1630
12628,2026-07-07,SUR,SOLAPUR JN,152.0,1708
12628,2026-07-07,KLBG,KALABURAGI JN,162.0,1821
12628,2026-07-07,WADI,WADI,133.0,1858
12628,2026-07-07,YG,YADGIR,131.0,1897
12628,2026-07-07,RC,RAICHUR,130.0,1965
12628,2026-07-07,MALM,MANTHRALAYAM RD,131.0,1994
12628,2026-07-07,AD,ADONI,131.0,2035
12628,2026-07-07,GTL,GUNTAKAL JN,119.0,2086
12628,2026-07-07,ATP,ANANTAPUR,119.0,2172
12628,2026-07-07,DMM,DHARMAVARAM JN,102.0,2205
12628,2026-07-07,SSPN,SAI P NILAYAM,105.0,2238
12628,2026-07-07,PKD,PENUKONDA,104.0,2259
12628,2026-07-07,HUP,HINDUPUR,108.0,2296
12628,2026-07-07,YNK,YELHANKA JN,93.0,2379
12628,2026-07-07,BNC,BANGALORE CANT,100.0,2402
12628,2026-07-07,SBC,KSR BANGALORE CY JN,49.0,2406
12628,2026-07-08,NDLS,NEW DELHI,2.0,0
12628,2026-07-08,MTJ,MATHURA JN,26.0,141
12628,2026-07-08,AGC,AGRA CANTT,17.0,195
12628,2026-07-08,GWL,GWALIOR,0.0,313
12628,2026-07-08,VGLJ,V LAKSHMIBAI JHANSI,9.0,410
12628,2026-07-08,BINA,BINA JN,8.0,563
12628,2026-07-08,BPL,BHOPAL JN,21.0,701
12628,2026-07-08,ET,ITARSI JN,12.0,793
12628,2026-07-08,KNW,KHANDWA,73.0,976
12628,2026-07-08,BAU,BURHANPUR,74.0,1045
12628,2026-07-08,BSL,BHUSAVAL JN,82.0,1100
12628,2026-07-08,JL,JALGAON JN,92.0,1124
12628,2026-07-08,MMR,MANMAD JN,87.0,1284
12628,2026-07-08,KPG,KOPARGAON,89.0,1326
12628,2026-07-08,BAP,BELAPUR,90.0,1370
12628,2026-07-08,ANG,AHMADNAGAR,78.0,1437
12628,2026-07-08,DD,DAUND JN,72.0,1520
12628,2026-07-08,KWV,KURDUVADI,94.0,1630
12628,2026-07-08,SUR,SOLAPUR JN,76.0,1708
12628,2026-07-08,KLBG,KALABURAGI JN,104.0,1821
12628,2026-07-08,WADI,WADI,78.0,1858
12628,2026-07-08,YG,YADGIR,75.0,1897
12628,2026-07-08,RC,RAICHUR,65.0,1965
12628,2026-07-08,MALM,MANTHRALAYAM RD,66.0,1994
12628,2026-07-08,AD,ADONI,63.0,2035
12628,2026-07-08,GTL,GUNTAKAL JN,54.0,2086
12628,2026-07-08,ATP,ANANTAPUR,60.0,2172
12628,2026-07-08,DMM,DHARMAVARAM JN,48.0,2205
12628,2026-07-08,SSPN,SAI P NILAYAM,55.0,2238
12628,2026-07-08,PKD,PENUKONDA,55.0,2259
12628,2026-07-08,HUP,HINDUPUR,62.0,2296
12628,2026-07-08,YNK,YELHANKA JN,60.0,2379
12628,2026-07-08,BNC,BANGALORE CANT,68.0,2402
12628,2026-07-08,SBC,KSR BANGALORE CY JN,14.0,2406
12628,2026-07-09,NDLS,NEW DELHI,6.0,0
12628,2026-07-09,MTJ,MATHURA JN,57.0,141
12628,2026-07-09,AGC,AGRA CANTT,47.0,195
12628,2026-07-09,GWL,GWALIOR,30.0,313
12628,2026-07-09,VGLJ,V LAKSHMIBAI JHANSI,19.0,410
12628,2026-07-09,BINA,BINA JN,5.0,563
12628,2026-07-09,BPL,BHOPAL JN,0.0,701
12628,2026-07-09,ET,ITARSI JN,3.0,793
12628,2026-07-09,KNW,KHANDWA,0.0,976
12628,2026-07-09,BAU,BURHANPUR,69.0,1045
12628,2026-07-09,BSL,BHUSAVAL JN,68.0,1100
12628,2026-07-09,JL,JALGAON JN,87.0,1124
12628,2026-07-09,MMR,MANMAD JN,100.0,1284
12628,2026-07-09,KPG,KOPARGAON,94.0,1326
12628,2026-07-09,BAP,BELAPUR,126.0,1370
12628,2026-07-09,ANG,AHMADNAGAR,120.0,1437
12628,2026-07-09,DD,DAUND JN,101.0,1520
12628,2026-07-09,KWV,KURDUVADI,112.0,1630
12628,2026-07-09,SUR,SOLAPUR JN,83.0,1708
12628,2026-07-09,KLBG,KALABURAGI JN,116.0,1821
12628,2026-07-09,WADI,WADI,93.0,1858
12628,2026-07-09,YG,YADGIR,92.0,1897
12628,2026-07-09,RC,RAICHUR,91.0,1965
12628,2026-07-09,MALM,MANTHRALAYAM RD,92.0,1994
12628,2026-07-09,AD,ADONI,90.0,2035
12628,2026-07-09,GTL,GUNTAKAL JN,79.0,2086
12628,2026-07-09,ATP,ANANTAPUR,82.0,2172
12628,2026-07-09,DMM,DHARMAVARAM JN,59.0,2205
12628,2026-07-09,SSPN,SAI P NILAYAM,64.0,2238
12628,2026-07-09,PKD,PENUKONDA,64.0,2259
12628,2026-07-09,HUP,HINDUPUR,70.0,2296
12628,2026-07-09,YNK,YELHANKA JN,67.0,2379
12628,2026-07-09,BNC,BANGALORE CANT,67.0,2402
12628,2026-07-09,SBC,KSR BANGALORE CY JN,14.0,2406
12628,2026-07-10,NDLS,NEW DELHI,5.0,0
12628,2026-07-10,MTJ,MATHURA JN,35.0,141
12628,2026-07-10,AGC,AGRA CANTT,37.0,195
12628,2026-07-10,GWL,GWALIOR,6.0,313
12628,2026-07-10,VGLJ,V LAKSHMIBAI JHANSI,1.0,410
12628,2026-07-10,BINA,BINA JN,0.0,563
12628,2026-07-10,BPL,BHOPAL JN,1.0,701
12628,2026-07-10,ET,ITARSI JN,38.0,793
12628,2026-07-10,KNW,KHANDWA,129.0,976
12628,2026-07-10,BAU,BURHANPUR,136.0,1045
12628,2026-07-10,BSL,BHUSAVAL JN,138.0,1100
12628,2026-07-10,JL,JALGAON JN,140.0,1124
12628,2026-07-10,MMR,MANMAD JN,148.0,1284
12628,2026-07-10,KPG,KOPARGAON,139.0,1326
12628,2026-07-10,BAP,BELAPUR,160.0,1370
12628,2026-07-10,ANG,AHMADNAGAR,165.0,1437
12628,2026-07-10,DD,DAUND JN,153.0,1520
12628,2026-07-10,KWV,KURDUVADI,161.0,1630
12628,2026-07-10,SUR,SOLAPUR JN,142.0,1708
12628,2026-07-10,KLBG,KALABURAGI JN,147.0,1821
12628,2026-07-10,WADI,WADI,118.0,1858
12628,2026-07-10,YG,YADGIR,119.0,1897
12628,2026-07-10,RC,RAICHUR,108.0,1965
12628,2026-07-10,MALM,MANTHRALAYAM RD,124.0,1994
12628,2026-07-10,AD,ADONI,123.0,2035
12628,2026-07-10,GTL,GUNTAKAL JN,116.0,2086
12628,2026-07-10,ATP,ANANTAPUR,116.0,2172
12628,2026-07-10,DMM,DHARMAVARAM JN,94.0,2205
12628,2026-07-10,SSPN,SAI P NILAYAM,98.0,2238
12628,2026-07-10,PKD,PENUKONDA,96.0,2259
12628,2026-07-10,HUP,HINDUPUR,101.0,2296
12628,2026-07-10,YNK,YELHANKA JN,80.0,2379
12628,2026-07-10,BNC,BANGALORE CANT,79.0,2402
12628,2026-07-10,SBC,KSR BANGALORE CY JN,25.0,2406
12628,2026-07-11,NDLS,NEW DELHI,3.0,0
12628,2026-07-11,MTJ,MATHURA JN,35.0,141
12628,2026-07-11,AGC,AGRA CANTT,25.0,195
12628,2026-07-11,GWL,GWALIOR,0.0,313
12628,2026-07-11,VGLJ,V LAKSHMIBAI JHANSI,2.0,410
12628,2026-07-11,BINA,BINA JN,0.0,563
12628,2026-07-11,BPL,BHOPAL JN,0.0,701
12628,2026-07-11,ET,ITARSI JN,1.0,793
12628,2026-07-11,KNW,KHANDWA,0.0,976
12628,2026-07-11,BAU,BURHANPUR,23.0,1045
12628,2026-07-11,BSL,BHUSAVAL JN,22.0,1100
12628,2026-07-11,JL,JALGAON JN,25.0,1124
12628,2026-07-11,MMR,MANMAD JN,38.0,1284
12628,2026-07-11,KPG,KOPARGAON,32.0,1326
12628,2026-07-11,BAP,BELAPUR,47.0,1370
12628,2026-07-11,ANG,AHMADNAGAR,56.0,1437
12628,2026-07-11,DD,DAUND JN,37.0,1520
12628,2026-07-11,KWV,KURDUVADI,64.0,1630
12628,2026-07-11,SUR,SOLAPUR JN,62.0,1708
12628,2026-07-11,KLBG,KALABURAGI JN,81.0,1821
12628,2026-07-11,WADI,WADI,43.0,1858
12628,2026-07-11,YG,YADGIR,46.0,1897
12628,2026-07-11,RC,RAICHUR,33.0,1965
12628,2026-07-11,MALM,MANTHRALAYAM RD,35.0,1994
12628,2026-07-11,AD,ADONI,33.0,2035
12628,2026-07-11,GTL,GUNTAKAL JN,32.0,2086
12628,2026-07-11,ATP,ANANTAPUR,33.0,2172
12628,2026-07-11,DMM,DHARMAVARAM JN,10.0,2205
12628,2026-07-11,SSPN,SAI P NILAYAM,20.0,2238
12628,2026-07-11,PKD,PENUKONDA,23.0,2259
12628,2026-07-11,HUP,HINDUPUR,29.0,2296
12628,2026-07-11,YNK,YELHANKA JN,13.0,2379
12628,2026-07-11,BNC,BANGALORE CANT,20.0,2402
12628,2026-07-11,SBC,KSR BANGALORE CY JN,-33.0,2406
12628,2026-07-12,NDLS,NEW DELHI,2.0,0
12628,2026-07-12,MTJ,MATHURA JN,8.0,141
12628,2026-07-12,AGC,AGRA CANTT,20.0,195
12628,2026-07-12,GWL,GWALIOR,2.0,313
12628,2026-07-12,VGLJ,V LAKSHMIBAI JHANSI,15.0,410
12628,2026-07-12,BINA,BINA JN,0.0,563
12628,2026-07-12,BPL,BHOPAL JN,5.0,701
12628,2026-07-12,ET,ITARSI JN,1.0,793
12628,2026-07-12,KNW,KHANDWA,5.0,976
12628,2026-07-12,BAU,BURHANPUR,30.0,1045
12628,2026-07-12,BSL,BHUSAVAL JN,29.0,1100
12628,2026-07-12,JL,JALGAON JN,33.0,1124
12628,2026-07-12,MMR,MANMAD JN,39.0,1284
12628,2026-07-12,KPG,KOPARGAON,26.0,1326
12628,2026-07-12,BAP,BELAPUR,43.0,1370
12628,2026-07-12,ANG,AHMADNAGAR,32.0,1437
12628,2026-07-12,DD,DAUND JN,18.0,1520
12628,2026-07-12,KWV,KURDUVADI,64.0,1630
12628,2026-07-12,SUR,SOLAPUR JN,52.0,1708
12628,2026-07-12,KLBG,KALABURAGI JN,66.0,1821
12628,2026-07-12,WADI,WADI,25.0,1858
12628,2026-07-12,YG,YADGIR,22.0,1897
12628,2026-07-12,RC,RAICHUR,16.0,1965
12628,2026-07-12,MALM,MANTHRALAYAM RD,17.0,1994
12628,2026-07-12,AD,ADONI,14.0,2035
12628,2026-07-12,GTL,GUNTAKAL JN,16.0,2086
12628,2026-07-12,ATP,ANANTAPUR,18.0,2172
12628,2026-07-12,DMM,DHARMAVARAM JN,2.0,2205
12628,2026-07-12,SSPN,SAI P NILAYAM,12.0,2238
12628,2026-07-12,PKD,PENUKONDA,15.0,2259
12628,2026-07-12,HUP,HINDUPUR,30.0,2296
12628,2026-07-12,YNK,YELHANKA JN,17.0,2379
12628,2026-07-12,BNC,BANGALORE CANT,31.0,2402
12628,2026-07-12,SBC,KSR BANGALORE CY JN,-20.0,2406
12628,2026-07-13,NDLS,NEW DELHI,3.0,0
12628,2026-07-13,MTJ,MATHURA JN,15.0,141
12628,2026-07-13,AGC,AGRA CANTT,108.0,195
12628,2026-07-13,GWL,GWALIOR,137.0,313
12628,2026-07-13,VGLJ,V LAKSHMIBAI JHANSI,220.0,410
12628,2026-07-13,BINA,BINA JN,271.0,563
12628,2026-07-13,BPL,BHOPAL JN,271.0,701
12628,2026-07-13,ET,ITARSI JN,260.0,793
12628,2026-07-13,KNW,KHANDWA,285.0,976
12628,2026-07-13,BAU,BURHANPUR,296.0,1045
12628,2026-07-13,BSL,BHUSAVAL JN,292.0,1100
12628,2026-07-13,JL,JALGAON JN,297.0,1124
12628,2026-07-13,MMR,MANMAD JN,296.0,1284
12628,2026-07-13,KPG,KOPARGAON,295.0,1326
12628,2026-07-13,BAP,BELAPUR,308.0,1370
12628,2026-07-13,ANG,AHMADNAGAR,303.0,1437
12628,2026-07-13,DD,DAUND JN,290.0,1520
12628,2026-07-13,KWV,KURDUVADI,294.0,1630
12628,2026-07-13,SUR,SOLAPUR JN,262.0,1708
12628,2026-07-13,KLBG,KALABURAGI JN,271.0,1821
12628,2026-07-13,WADI,WADI,237.0,1858
12628,2026-07-13,YG,YADGIR,232.0,1897
12628,2026-07-13,RC,RAICHUR,220.0,1965
12628,2026-07-13,MALM,MANTHRALAYAM RD,220.0,1994
12628,2026-07-13,AD,ADONI,218.0,2035
12628,2026-07-13,GTL,GUNTAKAL JN,215.0,2086
12628,2026-07-13,ATP,ANANTAPUR,214.0,2172
12628,2026-07-13,DMM,DHARMAVARAM JN,190.0,2205
12628,2026-07-13,SSPN,SAI P NILAYAM,192.0,2238
12628,2026-07-13,PKD,PENUKONDA,205.0,2259
12628,2026-07-13,HUP,HINDUPUR,214.0,2296
12628,2026-07-13,YNK,YELHANKA JN,234.0,2379
12628,2026-07-13,BNC,BANGALORE CANT,197.0,2402
12628,2026-07-13,SBC,KSR BANGALORE CY JN,174.0,2406
12628,2026-07-14,NDLS,NEW DELHI,0.0,0
12628,2026-07-14,MTJ,MATHURA JN,27.0,141
12628,2026-07-14,AGC,AGRA CANTT,32.0,195
12628,2026-07-14,GWL,GWALIOR,8.0,313
12628,2026-07-14,VGLJ,V LAKSHMIBAI JHANSI,7.0,410
12628,2026-07-14,BINA,BINA JN,5.0,563
12628,2026-07-14,BPL,BHOPAL JN,4.0,701
12628,2026-07-14,ET,ITARSI JN,6.0,793
12628,2026-07-14,KNW,KHANDWA,1.0,976
12628,2026-07-14,BAU,BURHANPUR,31.0,1045
12628,2026-07-14,BSL,BHUSAVAL JN,26.0,1100
12628,2026-07-14,JL,JALGAON JN,29.0,1124
12628,2026-07-14,MMR,MANMAD JN,28.0,1284
12628,2026-07-14,KPG,KOPARGAON,20.0,1326
12628,2026-07-14,BAP,BELAPUR,40.0,1370
12628,2026-07-14,ANG,AHMADNAGAR,30.0,1437
12628,2026-07-14,DD,DAUND JN,22.0,1520
12628,2026-07-14,KWV,KURDUVADI,33.0,1630
12628,2026-07-14,SUR,SOLAPUR JN,22.0,1708
12628,2026-07-14,KLBG,KALABURAGI JN,37.0,1821
12628,2026-07-14,WADI,WADI,3.0,1858
12628,2026-07-14,YG,YADGIR,0.0,1897
12628,2026-07-14,RC,RAICHUR,8.0,1965
12628,2026-07-14,MALM,MANTHRALAYAM RD,11.0,1994
12628,2026-07-14,AD,ADONI,16.0,2035
12628,2026-07-14,GTL,GUNTAKAL JN,28.0,2086
12628,2026-07-14,ATP,ANANTAPUR,22.0,2172
12628,2026-07-14,DMM,DHARMAVARAM JN,2.0,2205
12628,2026-07-14,SSPN,SAI P NILAYAM,10.0,2238
12628,2026-07-14,PKD,PENUKONDA,12.0,2259
12628,2026-07-14,HUP,HINDUPUR,22.0,2296
12628,2026-07-14,YNK,YELHANKA JN,23.0,2379
12628,2026-07-14,BNC,BANGALORE CANT,0.0,2402
12628,2026-07-14,SBC,KSR BANGALORE CY JN,-15.0,2406
12628,2026-07-15,NDLS,NEW DELHI,1.0,0
12628,2026-07-15,MTJ,MATHURA JN,28.0,141
12628,2026-07-15,AGC,AGRA CANTT,24.0,195
12628,2026-07-15,GWL,GWALIOR,9.0,313
12628,2026-07-15,VGLJ,V LAKSHMIBAI JHANSI,14.0,410
12628,2026-07-15,BINA,BINA JN,13.0,563
12628,2026-07-15,BPL,BHOPAL JN,11.0,701
12628,2026-07-15,ET,ITARSI JN,1.0,793
12628,2026-07-15,KNW,KHANDWA,0.0,976
12628,2026-07-15,BAU,BURHANPUR,2.0,1045
12628,2026-07-15,BSL,BHUSAVAL JN,17.0,1100
12628,2026-07-15,JL,JALGAON JN,30.0,1124
12628,2026-07-15,MMR,MANMAD JN,28.0,1284
12628,2026-07-15,KPG,KOPARGAON,17.0,1326
12628,2026-07-15,BAP,BELAPUR,0.0,1370
12628,2026-07-15,ANG,AHMADNAGAR,29.0,1437
12628,2026-07-15,DD,DAUND JN,8.0,1520
12628,2026-07-15,KWV,KURDUVADI,38.0,1630
12628,2026-07-15,SUR,SOLAPUR JN,23.0,1708
12628,2026-07-15,KLBG,KALABURAGI JN,53.0,1821
12628,2026-07-15,WADI,WADI,16.0,1858
12628,2026-07-15,YG,YADGIR,13.0,1897
12628,2026-07-15,RC,RAICHUR,8.0,1965
12628,2026-07-15,MALM,MANTHRALAYAM RD,9.0,1994
12628,2026-07-15,AD,ADONI,10.0,2035
12628,2026-07-15,GTL,GUNTAKAL JN,6.0,2086
12628,2026-07-15,ATP,ANANTAPUR,23.0,2172
12628,2026-07-15,DMM,DHARMAVARAM JN,15.0,2205
12628,2026-07-15,SSPN,SAI P NILAYAM,14.0,2238
12628,2026-07-15,PKD,PENUKONDA,16.0,2259
12628,2026-07-15,HUP,HINDUPUR,31.0,2296
12628,2026-07-15,YNK,YELHANKA JN,25.0,2379
12628,2026-07-15,BNC,BANGALORE CANT,0.0,2402
12628,2026-07-15,SBC,KSR BANGALORE CY JN,4.0,2406
12628,2026-07-16,NDLS,NEW DELHI,3.0,0
12628,2026-07-16,MTJ,MATHURA JN,29.0,141
12628,2026-07-16,AGC,AGRA CANTT,25.0,195
12628,2026-07-16,GWL,GWALIOR,1.0,313
12628,2026-07-16,VGLJ,V LAKSHMIBAI JHANSI,1.0,410
12628,2026-07-16,BINA,BINA JN,3.0,563
12628,2026-07-16,BPL,BHOPAL JN,5.0,701
12628,2026-07-16,ET,ITARSI JN,4.0,793
12628,2026-07-16,KNW,KHANDWA,3.0,976
12628,2026-07-16,BAU,BURHANPUR,12.0,1045
12628,2026-07-16,BSL,BHUSAVAL JN,16.0,1100
12628,2026-07-16,JL,JALGAON JN,19.0,1124
12628,2026-07-16,MMR,MANMAD JN,46.0,1284
12628,2026-07-16,KPG,KOPARGAON,38.0,1326
12628,2026-07-16,BAP,BELAPUR,51.0,1370
12628,2026-07-16,ANG,AHMADNAGAR,44.0,1437
12628,2026-07-16,DD,DAUND JN,20.0,1520
12628,2026-07-16,KWV,KURDUVADI,82.0,1630
12628,2026-07-16,SUR,SOLAPUR JN,69.0,1708
12628,2026-07-16,KLBG,KALABURAGI JN,123.0,1821
12628,2026-07-16,WADI,WADI,102.0,1858
12628,2026-07-16,YG,YADGIR,103.0,1897
12628,2026-07-16,RC,RAICHUR,92.0,1965
12628,2026-07-16,MALM,MANTHRALAYAM RD,92.0,1994
12628,2026-07-16,AD,ADONI,92.0,2035
12628,2026-07-16,GTL,GUNTAKAL JN,82.0,2086
12628,2026-07-16,ATP,ANANTAPUR,86.0,2172
12628,2026-07-16,DMM,DHARMAVARAM JN,67.0,2205
12628,2026-07-16,SSPN,SAI P NILAYAM,74.0,2238
12628,2026-07-16,PKD,PENUKONDA,73.0,2259
12628,2026-07-16,HUP,HINDUPUR,90.0,2296
12628,2026-07-16,YNK,YELHANKA JN,78.0,2379
12628,2026-07-16,BNC,BANGALORE CANT,93.0,2402
12628,2026-07-16,SBC,KSR BANGALORE CY JN,38.0,2406
12628,2026-07-17,NDLS,NEW DELHI,3.0,0
12628,2026-07-17,MTJ,MATHURA JN,26.0,141
12628,2026-07-17,AGC,AGRA CANTT,34.0,195
12628,2026-07-17,GWL,GWALIOR,36.0,313
12628,2026-07-17,VGLJ,V LAKSHMIBAI JHANSI,20.0,410
12628,2026-07-17,BINA,BINA JN,16.0,563
12628,2026-07-17,BPL,BHOPAL JN,26.0,701
12628,2026-07-17,ET,ITARSI JN,10.0,793
12628,2026-07-17,KNW,KHANDWA,5.0,976
12628,2026-07-17,BAU,BURHANPUR,37.0,1045
12628,2026-07-17,BSL,BHUSAVAL JN,47.0,1100
12628,2026-07-17,JL,JALGAON JN,51.0,1124
12628,2026-07-17,MMR,MANMAD JN,55.0,1284
12628,2026-07-17,KPG,KOPARGAON,48.0,1326
12628,2026-07-17,BAP,BELAPUR,64.0,1370
12628,2026-07-17,ANG,AHMADNAGAR,56.0,1437
12628,2026-07-17,DD,DAUND JN,46.0,1520
12628,2026-07-17,KWV,KURDUVADI,54.0,1630
12628,2026-07-17,SUR,SOLAPUR JN,41.0,1708
12628,2026-07-17,KLBG,KALABURAGI JN,39.0,1821
12628,2026-07-17,WADI,WADI,5.0,1858
12628,2026-07-17,YG,YADGIR,4.0,1897
12628,2026-07-17,RC,RAICHUR,1.0,1965
12628,2026-07-17,MALM,MANTHRALAYAM RD,1.0,1994
12628,2026-07-17,AD,ADONI,0.0,2035
12628,2026-07-17,GTL,GUNTAKAL JN,7.0,2086
12628,2026-07-17,ATP,ANANTAPUR,0.0,2172
12628,2026-07-17,DMM,DHARMAVARAM JN,1.0,2205
12628,2026-07-17,SSPN,SAI P NILAYAM,2.0,2238
12628,2026-07-17,PKD,PENUKONDA,10.0,2259
12628,2026-07-17,HUP,HINDUPUR,0.0,2296
12628,2026-07-17,YNK,YELHANKA JN,0.0,2379
12628,2026-07-17,BNC,BANGALORE CANT,50.0,2402
12628,2026-07-17,SBC,KSR BANGALORE CY JN,-1.0,2406
12628,2026-07-18,NDLS,NEW DELHI,3.0,0
12628,2026-07-18,MTJ,MATHURA JN,25.0,141
12628,2026-07-18,AGC,AGRA CANTT,18.0,195
12628,2026-07-18,GWL,GWALIOR,1.0,313
12628,2026-07-18,VGLJ,V LAKSHMIBAI JHANSI,1.0,410
12628,2026-07-18,BINA,BINA JN,1.0,563
12628,2026-07-18,BPL,BHOPAL JN,1.0,701
12628,2026-07-18,ET,ITARSI JN,0.0,793
12628,2026-07-18,KNW,KHANDWA,1.0,976
12628,2026-07-18,BAU,BURHANPUR,42.0,1045
12628,2026-07-18,BSL,BHUSAVAL JN,45.0,1100
12628,2026-07-18,JL,JALGAON JN,51.0,1124
12628,2026-07-18,MMR,MANMAD JN,48.0,1284
12628,2026-07-18,KPG,KOPARGAON,38.0,1326
12628,2026-07-18,BAP,BELAPUR,54.0,1370
12628,2026-07-18,ANG,AHMADNAGAR,43.0,1437
12628,2026-07-18,DD,DAUND JN,40.0,1520
12628,2026-07-18,KWV,KURDUVADI,49.0,1630
12628,2026-07-18,SUR,SOLAPUR JN,24.0,1708
12628,2026-07-18,KLBG,KALABURAGI JN,42.0,1821
12628,2026-07-18,WADI,WADI,9.0,1858
12628,2026-07-18,YG,YADGIR,9.0,1897
12628,2026-07-18,RC,RAICHUR,1.0,1965
12628,2026-07-18,MALM,MANTHRALAYAM RD,2.0,1994
12628,2026-07-18,AD,ADONI,0.0,2035
12628,2026-07-18,GTL,GUNTAKAL JN,14.0,2086
12628,2026-07-18,ATP,ANANTAPUR,10.0,2172
12628,2026-07-18,DMM,DHARMAVARAM JN,1.0,2205
12628,2026-07-18,SSPN,SAI P NILAYAM,0.0,2238
12628,2026-07-18,PKD,PENUKONDA,21.0,2259
12628,2026-07-18,HUP,HINDUPUR,25.0,2296
12628,2026-07-18,YNK,YELHANKA JN,1.0,2379
12628,2026-07-18,BNC,BANGALORE CANT,0.0,2402
12628,2026-07-18,SBC,KSR BANGALORE CY JN,-11.0,2406
12628,2026-07-19,NDLS,NEW DELHI,0.0,0
12628,2026-07-19,MTJ,MATHURA JN,36.0,141
12628,2026-07-19,AGC,AGRA CANTT,33.0,195
12628,2026-07-19,GWL,GWALIOR,19.0,313
12628,2026-07-19,VGLJ,V LAKSHMIBAI JHANSI,3.0,410
12628,2026-07-19,BINA,BINA JN,1.0,563
12628,2026-07-19,BPL,BHOPAL JN,9.0,701
12628,2026-07-19,ET,ITARSI JN,0.0,793
12628,2026-07-19,KNW,KHANDWA,33.0,976
12628,2026-07-19,BAU,BURHANPUR,35.0,1045
12628,2026-07-19,BSL,BHUSAVAL JN,44.0,1100
12628,2026-07-19,JL,JALGAON JN,45.0,1124
12628,2026-07-19,MMR,MANMAD JN,50.0,1284
12628,2026-07-19,KPG,KOPARGAON,40.0,1326
12628,2026-07-19,BAP,BELAPUR,57.0,1370
12628,2026-07-19,ANG,AHMADNAGAR,49.0,1437
12628,2026-07-19,DD,DAUND JN,45.0,1520
12628,2026-07-19,KWV,KURDUVADI,53.0,1630
12628,2026-07-19,SUR,SOLAPUR JN,39.0,1708
12628,2026-07-19,KLBG,KALABURAGI JN,55.0,1821
12628,2026-07-19,WADI,WADI,23.0,1858
12628,2026-07-19,YG,YADGIR,20.0,1897
12628,2026-07-19,RC,RAICHUR,6.0,1965
12628,2026-07-19,MALM,MANTHRALAYAM RD,4.0,1994
12628,2026-07-19,AD,ADONI,0.0,2035
12628,2026-07-19,GTL,GUNTAKAL JN,1.0,2086
12628,2026-07-19,ATP,ANANTAPUR,14.0,2172
12628,2026-07-19,DMM,DHARMAVARAM JN,1.0,2205
12628,2026-07-19,SSPN,SAI P NILAYAM,5.0,2238
12628,2026-07-19,PKD,PENUKONDA,9.0,2259
12628,2026-07-19,HUP,HINDUPUR,0.0,2296
12628,2026-07-19,YNK,YELHANKA JN,21.0,2379
12628,2026-07-19,BNC,BANGALORE CANT,7.0,2402
12628,2026-07-19,SBC,KSR BANGALORE CY JN,-9.0,2406
12628,2026-07-20,NDLS,NEW DELHI,0.0,0
12628,2026-07-20,MTJ,MATHURA JN,31.0,141
12628,2026-07-20,AGC,AGRA CANTT,31.0,195
12628,2026-07-20,GWL,GWALIOR,12.0,313
12628,2026-07-20,VGLJ,V LAKSHMIBAI JHANSI,7.0,410
12628,2026-07-20,BINA,BINA JN,3.0,563
12628,2026-07-20,BPL,BHOPAL JN,28.0,701
12628,2026-07-20,ET,ITARSI JN,7.0,793
12628,2026-07-20,KNW,KHANDWA,4.0,976
12628,2026-07-20,BAU,BURHANPUR,23.0,1045
12628,2026-07-20,BSL,BHUSAVAL JN,38.0,1100
12628,2026-07-20,JL,JALGAON JN,47.0,1124
12628,2026-07-20,MMR,MANMAD JN,53.0,1284
12628,2026-07-20,KPG,KOPARGAON,47.0,1326
12628,2026-07-20,BAP,BELAPUR,63.0,1370
12628,2026-07-20,ANG,AHMADNAGAR,47.0,1437
12628,2026-07-20,DD,DAUND JN,52.0,1520
12628,2026-07-20,KWV,KURDUVADI,62.0,1630
12628,2026-07-20,SUR,SOLAPUR JN,48.0,1708
12628,2026-07-20,KLBG,KALABURAGI JN,52.0,1821
12628,2026-07-20,WADI,WADI,26.0,1858
12628,2026-07-20,YG,YADGIR,0.0,1897
12628,2026-07-20,RC,RAICHUR,15.0,1965
12628,2026-07-20,MALM,MANTHRALAYAM RD,15.0,1994
12628,2026-07-20,AD,ADONI,16.0,2035
12628,2026-07-20,GTL,GUNTAKAL JN,26.0,2086
12628,2026-07-20,ATP,ANANTAPUR,25.0,2172
12628,2026-07-20,DMM,DHARMAVARAM JN,8.0,2205
12628,2026-07-20,SSPN,SAI P NILAYAM,15.0,2238
12628,2026-07-20,PKD,PENUKONDA,19.0,2259
12628,2026-07-20,HUP,HINDUPUR,27.0,2296
12628,2026-07-20,YNK,YELHANKA JN,18.0,2379
12628,2026-07-20,BNC,BANGALORE CANT,42.0,2402
12628,2026-07-20,SBC,KSR BANGALORE CY JN,-6.0,2406
12628,2026-07-21,NDLS,NEW DELHI,16.0,0
12628,2026-07-21,MTJ,MATHURA JN,42.0,141
12628,2026-07-21,AGC,AGRA CANTT,32.0,195
12628,2026-07-21,GWL,GWALIOR,25.0,313
12628,2026-07-21,VGLJ,V LAKSHMIBAI JHANSI,22.0,410
12628,2026-07-21,BINA,BINA JN,5.0,563
12628,2026-07-21,BPL,BHOPAL JN,25.0,701
12628,2026-07-21,ET,ITARSI JN,21.0,793
12628,2026-07-21,KNW,KHANDWA,1.0,976
12628,2026-07-21,BAU,BURHANPUR,5.0,1045
12628,2026-07-21,BSL,BHUSAVAL JN,1.0,1100
12628,2026-07-21,JL,JALGAON JN,19.0,1124
12628,2026-07-21,MMR,MANMAD JN,15.0,1284
12628,2026-07-21,KPG,KOPARGAON,10.0,1326
12628,2026-07-21,BAP,BELAPUR,34.0,1370
12628,2026-07-21,ANG,AHMADNAGAR,21.0,1437
12628,2026-07-21,DD,DAUND JN,6.0,1520
12628,2026-07-21,KWV,KURDUVADI,13.0,1630
12628,2026-07-21,SUR,SOLAPUR JN,10.0,1708
12628,2026-07-21,KLBG,KALABURAGI JN,10.0,1821
12628,2026-07-21,WADI,WADI,7.0,1858
12628,2026-07-21,YG,YADGIR,5.0,1897
12628,2026-07-21,RC,RAICHUR,0.0,1965
12628,2026-07-21,MALM,MANTHRALAYAM RD,0.0,1994
12628,2026-07-21,AD,ADONI,1.0,2035
12628,2026-07-21,GTL,GUNTAKAL JN,1.0,2086
12628,2026-07-21,ATP,ANANTAPUR,6.0,2172
12628,2026-07-21,DMM,DHARMAVARAM JN,0.0,2205
12628,2026-07-21,SSPN,SAI P NILAYAM,8.0,2238
12628,2026-07-21,PKD,PENUKONDA,10.0,2259
12628,2026-07-21,HUP,HINDUPUR,15.0,2296
12628,2026-07-21,YNK,YELHANKA JN,33.0,2379
12628,2026-07-21,BNC,BANGALORE CANT,51.0,2402
12628,2026-07-21,SBC,KSR BANGALORE CY JN,-1.0,2406
12628,2026-07-22,NDLS,NEW DELHI,0.0,0
12628,2026-07-22,MTJ,MATHURA JN,37.0,141
12628,2026-07-22,AGC,AGRA CANTT,28.0,195
12628,2026-07-22,GWL,GWALIOR,2.0,313
12628,2026-07-22,VGLJ,V LAKSHMIBAI JHANSI,1.0,410
12628,2026-07-22,BINA,BINA JN,25.0,563
12628,2026-07-22,BPL,BHOPAL JN,23.0,701
12628,2026-07-22,ET,ITARSI JN,3.0,793
12628,2026-07-22,KNW,KHANDWA,2.0,976
12628,2026-07-22,BAU,BURHANPUR,28.0,1045
12628,2026-07-22,BSL,BHUSAVAL JN,45.0,1100
12628,2026-07-22,JL,JALGAON JN,59.0,1124
12628,2026-07-22,MMR,MANMAD JN,55.0,1284
12628,2026-07-22,KPG,KOPARGAON,51.0,1326
12628,2026-07-22,BAP,BELAPUR,71.0,1370
12628,2026-07-22,ANG,AHMADNAGAR,67.0,1437
12628,2026-07-22,DD,DAUND JN,54.0,1520
12628,2026-07-22,KWV,KURDUVADI,61.0,1630
12628,2026-07-22,SUR,SOLAPUR JN,54.0,1708
12628,2026-07-22,KLBG,KALABURAGI JN,67.0,1821
12628,2026-07-22,WADI,WADI,27.0,1858
12628,2026-07-22,YG,YADGIR,25.0,1897
12628,2026-07-22,RC,RAICHUR,25.0,1965
12628,2026-07-22,MALM,MANTHRALAYAM RD,26.0,1994
12628,2026-07-22,AD,ADONI,26.0,2035
12628,2026-07-22,GTL,GUNTAKAL JN,11.0,2086
12628,2026-07-22,ATP,ANANTAPUR,10.0,2172
12628,2026-07-22,DMM,DHARMAVARAM JN,11.0,2205
12628,2026-07-22,SSPN,SAI P NILAYAM,22.0,2238
12628,2026-07-22,PKD,PENUKONDA,24.0,2259
12628,2026-07-22,HUP,HINDUPUR,29.0,2296
12628,2026-07-22,YNK,YELHANKA JN,19.0,2379
12628,2026-07-22,BNC,BANGALORE CANT,46.0,2402
12628,2026-07-22,SBC,KSR BANGALORE CY JN,-4.0,2406
12628,2026-07-23,NDLS,NEW DELHI,15.0,0
12628,2026-07-23,MTJ,MATHURA JN,47.0,141
12628,2026-07-23,AGC,AGRA CANTT,50.0,195
12628,2026-07-23,GWL,GWALIOR,21.0,313
12628,2026-07-23,VGLJ,V LAKSHMIBAI JHANSI,14.0,410
12628,2026-07-23,BINA,BINA JN,3.0,563
12628,2026-07-23,BPL,BHOPAL JN,9.0,701
12628,2026-07-23,ET,ITARSI JN,24.0,793
12628,2026-07-23,KNW,KHANDWA,0.0,976
12628,2026-07-23,BAU,BURHANPUR,44.0,1045
12628,2026-07-23,BSL,BHUSAVAL JN,49.0,1100
12628,2026-07-23,JL,JALGAON JN,52.0,1124
12628,2026-07-23,MMR,MANMAD JN,66.0,1284
12628,2026-07-23,KPG,KOPARGAON,56.0,1326
12628,2026-07-23,BAP,BELAPUR,77.0,1370
12628,2026-07-23,ANG,AHMADNAGAR,72.0,1437
12628,2026-07-23,DD,DAUND JN,67.0,1520
12628,2026-07-23,KWV,KURDUVADI,76.0,1630
12628,2026-07-23,SUR,SOLAPUR JN,57.0,1708
12628,2026-07-23,KLBG,KALABURAGI JN,59.0,1821
12628,2026-07-23,WADI,WADI,25.0,1858
12628,2026-07-23,YG,YADGIR,20.0,1897
12628,2026-07-23,RC,RAICHUR,8.0,1965
12628,2026-07-23,MALM,MANTHRALAYAM RD,9.0,1994
12628,2026-07-23,AD,ADONI,8.0,2035
12628,2026-07-23,GTL,GUNTAKAL JN,23.0,2086
12628,2026-07-23,ATP,ANANTAPUR,29.0,2172
12628,2026-07-23,DMM,DHARMAVARAM JN,11.0,2205
12628,2026-07-23,SSPN,SAI P NILAYAM,20.0,2238
12628,2026-07-23,PKD,PENUKONDA,22.0,2259
12628,2026-07-23,HUP,HINDUPUR,27.0,2296
12628,2026-07-23,YNK,YELHANKA JN,25.0,2379
12628,2026-07-23,BNC,BANGALORE CANT,54.0,2402
12628,2026-07-23,SBC,KSR BANGALORE CY JN,4.0,2406
12628,2026-07-24,NDLS,NEW DELHI,1.0,0
12628,2026-07-24,MTJ,MATHURA JN,42.0,141
12628,2026-07-24,AGC,AGRA CANTT,33.0,195
12628,2026-07-24,GWL,GWALIOR,22.0,313
12628,2026-07-24,VGLJ,V LAKSHMIBAI JHANSI,19.0,410
12628,2026-07-24,BINA,BINA JN,2.0,563
12628,2026-07-24,BPL,BHOPAL JN,6.0,701
12628,2026-07-24,ET,ITARSI JN,20.0,793
12628,2026-07-24,KNW,KHANDWA,66.0,976
12628,2026-07-24,BAU,BURHANPUR,79.0,1045
12628,2026-07-24,BSL,BHUSAVAL JN,80.0,1100
12628,2026-07-24,JL,JALGAON JN,80.0,1124
12628,2026-07-24,MMR,MANMAD JN,108.0,1284
12628,2026-07-24,KPG,KOPARGAON,107.0,1326
12628,2026-07-24,BAP,BELAPUR,158.0,1370
12628,2026-07-24,ANG,AHMADNAGAR,147.0,1437
12628,2026-07-24,DD,DAUND JN,134.0,1520
12628,2026-07-24,KWV,KURDUVADI,138.0,1630
12628,2026-07-24,SUR,SOLAPUR JN,117.0,1708
12628,2026-07-24,KLBG,KALABURAGI JN,122.0,1821
12628,2026-07-24,WADI,WADI,84.0,1858
12628,2026-07-24,YG,YADGIR,86.0,1897
12628,2026-07-24,RC,RAICHUR,82.0,1965
12628,2026-07-24,MALM,MANTHRALAYAM RD,88.0,1994
12628,2026-07-24,AD,ADONI,87.0,2035
12628,2026-07-24,GTL,GUNTAKAL JN,74.0,2086
12628,2026-07-24,ATP,ANANTAPUR,77.0,2172
12628,2026-07-24,DMM,DHARMAVARAM JN,57.0,2205
12628,2026-07-24,SSPN,SAI P NILAYAM,62.0,2238
12628,2026-07-24,PKD,PENUKONDA,71.0,2259
12628,2026-07-24,HUP,HINDUPUR,81.0,2296
12628,2026-07-24,YNK,YELHANKA JN,66.0,2379
12628,2026-07-24,BNC,BANGALORE CANT,68.0,2402
12628,2026-07-24,SBC,KSR BANGALORE CY JN,14.0,2406
12628,2026-07-25,NDLS,NEW DELHI,0.0,0
12628,2026-07-25,MTJ,MATHURA JN,19.0,141
12628,2026-07-25,AGC,AGRA CANTT,31.0,195
12628,2026-07-25,GWL,GWALIOR,1.0,313
12628,2026-07-25,VGLJ,V LAKSHMIBAI JHANSI,1.0,410
12628,2026-07-25,BINA,BINA JN,8.0,563
12628,2026-07-25,BPL,BHOPAL JN,4.0,701
12628,2026-07-25,ET,ITARSI JN,0.0,793
12628,2026-07-25,KNW,KHANDWA,0.0,976
12628,2026-07-25,BAU,BURHANPUR,5.0,1045
12628,2026-07-25,BSL,BHUSAVAL JN,7.0,1100
12628,2026-07-25,JL,JALGAON JN,8.0,1124
12628,2026-07-25,MMR,MANMAD JN,38.0,1284
12628,2026-07-25,KPG,KOPARGAON,30.0,1326
12628,2026-07-25,BAP,BELAPUR,48.0,1370
12628,2026-07-25,ANG,AHMADNAGAR,37.0,1437
12628,2026-07-25,DD,DAUND JN,14.0,1520
12628,2026-07-25,KWV,KURDUVADI,18.0,1630
12628,2026-07-25,SUR,SOLAPUR JN,3.0,1708
12628,2026-07-25,KLBG,KALABURAGI JN,16.0,1821
12628,2026-07-25,WADI,WADI,9.0,1858
12628,2026-07-25,YG,YADGIR,11.0,1897
12628,2026-07-25,RC,RAICHUR,6.0,1965
12628,2026-07-25,MALM,MANTHRALAYAM RD,6.0,1994
12628,2026-07-25,AD,ADONI,4.0,2035
12628,2026-07-25,GTL,GUNTAKAL JN,5.0,2086
12628,2026-07-25,ATP,ANANTAPUR,5.0,2172
12628,2026-07-25,DMM,DHARMAVARAM JN,0.0,2205
12628,2026-07-25,SSPN,SAI P NILAYAM,18.0,2238
12628,2026-07-25,PKD,PENUKONDA,20.0,2259
12628,2026-07-25,HUP,HINDUPUR,25.0,2296
12628,2026-07-25,YNK,YELHANKA JN,3.0,2379
12628,2026-07-25,BNC,BANGALORE CANT,11.0,2402
12628,2026-07-25,SBC,KSR BANGALORE CY JN,-39.0,2406
12628,2026-07-26,NDLS,NEW DELHI,0.0,0
12628,2026-07-26,MTJ,MATHURA JN,41.0,141
12628,2026-07-26,AGC,AGRA CANTT,43.0,195
12628,2026-07-26,GWL,GWALIOR,95.0,313
12628,2026-07-26,VGLJ,V LAKSHMIBAI JHANSI,117.0,410
12628,2026-07-26,BINA,BINA JN,93.0,563
12628,2026-07-26,BPL,BHOPAL JN,134.0,701
12628,2026-07-26,ET,ITARSI JN,141.0,793
12628,2026-07-26,KNW,KHANDWA,138.0,976
12628,2026-07-26,BAU,BURHANPUR,140.0,1045
12628,2026-07-26,BSL,BHUSAVAL JN,144.0,1100
12628,2026-07-26,JL,JALGAON JN,144.0,1124
12628,2026-07-26,MMR,MANMAD JN,157.0,1284
12628,2026-07-26,KPG,KOPARGAON,163.0,1326
12628,2026-07-26,BAP,BELAPUR,177.0,1370
12628,2026-07-26,ANG,AHMADNAGAR,161.0,1437
12628,2026-07-26,DD,DAUND JN,155.0,1520
12628,2026-07-26,KWV,KURDUVADI,165.0,1630
12628,2026-07-26,SUR,SOLAPUR JN,153.0,1708
12628,2026-07-26,KLBG,KALABURAGI JN,163.0,1821
12628,2026-07-26,WADI,WADI,124.0,1858
12628,2026-07-26,YG,YADGIR,122.0,1897
12628,2026-07-26,RC,RAICHUR,118.0,1965
12628,2026-07-26,MALM,MANTHRALAYAM RD,118.0,1994
12628,2026-07-26,AD,ADONI,117.0,2035
12628,2026-07-26,GTL,GUNTAKAL JN,128.0,2086
12628,2026-07-26,ATP,ANANTAPUR,131.0,2172
12628,2026-07-26,DMM,DHARMAVARAM JN,104.0,2205
12628,2026-07-26,SSPN,SAI P NILAYAM,111.0,2238
12628,2026-07-26,PKD,PENUKONDA,113.0,2259
12628,2026-07-26,HUP,HINDUPUR,119.0,2296
12628,2026-07-26,YNK,YELHANKA JN,112.0,2379
12628,2026-07-26,BNC,BANGALORE CANT,148.0,2402
12628,2026-07-26,SBC,KSR BANGALORE CY JN,94.0,2406
12628,2026-07-27,NDLS,NEW DELHI,4.0,0
12628,2026-07-27,MTJ,MATHURA JN,39.0,141
12628,2026-07-27,AGC,AGRA CANTT,36.0,195
12628,2026-07-27,GWL,GWALIOR,31.0,313
12628,2026-07-27,VGLJ,V LAKSHMIBAI JHANSI,23.0,410
12628,2026-07-27,BINA,BINA JN,10.0,563
12628,2026-07-27,BPL,BHOPAL JN,13.0,701
12628,2026-07-27,ET,ITARSI JN,0.0,793
12628,2026-07-27,KNW,KHANDWA,0.0,976
12628,2026-07-27,BAU,BURHANPUR,12.0,1045
12628,2026-07-27,BSL,BHUSAVAL JN,12.0,1100
12628,2026-07-27,JL,JALGAON JN,13.0,1124
12628,2026-07-27,MMR,MANMAD JN,17.0,1284
12628,2026-07-27,KPG,KOPARGAON,13.0,1326
12628,2026-07-27,BAP,BELAPUR,29.0,1370
12628,2026-07-27,ANG,AHMADNAGAR,20.0,1437
12628,2026-07-27,DD,DAUND JN,3.0,1520
12628,2026-07-27,KWV,KURDUVADI,42.0,1630
12628,2026-07-27,SUR,SOLAPUR JN,14.0,1708
12628,2026-07-27,KLBG,KALABURAGI JN,12.0,1821
12628,2026-07-27,WADI,WADI,2.0,1858
12628,2026-07-27,YG,YADGIR,2.0,1897
12628,2026-07-27,RC,RAICHUR,0.0,1965
12628,2026-07-27,MALM,MANTHRALAYAM RD,4.0,1994
12628,2026-07-27,AD,ADONI,2.0,2035
12628,2026-07-27,GTL,GUNTAKAL JN,27.0,2086
12628,2026-07-27,ATP,ANANTAPUR,34.0,2172
12628,2026-07-27,DMM,DHARMAVARAM JN,24.0,2205
12628,2026-07-27,SSPN,SAI P NILAYAM,31.0,2238
12628,2026-07-27,PKD,PENUKONDA,34.0,2259
12628,2026-07-27,HUP,HINDUPUR,41.0,2296
12628,2026-07-27,YNK,YELHANKA JN,45.0,2379
12628,2026-07-27,BNC,BANGALORE CANT,77.0,2402
12628,2026-07-27,SBC,KSR BANGALORE CY JN,24.0,2406
12628,2026-07-28,NDLS,NEW DELHI,3.0,0
12628,2026-07-28,MTJ,MATHURA JN,30.0,141
12628,2026-07-28,AGC,AGRA CANTT,32.0,195
12628,2026-07-28,GWL,GWALIOR,10.0,313
12628,2026-07-28,VGLJ,V LAKSHMIBAI JHANSI,5.0,410
12628,2026-07-28,BINA,BINA JN,0.0,563
12628,2026-07-28,BPL,BHOPAL JN,13.0,701
12628,2026-07-28,ET,ITARSI JN,9.0,793
12628,2026-07-28,KNW,KHANDWA,87.0,976
12628,2026-07-28,BAU,BURHANPUR,90.0,1045
12628,2026-07-28,BSL,BHUSAVAL JN,81.0,1100
12628,2026-07-28,JL,JALGAON JN,85.0,1124
12628,2026-07-28,MMR,MANMAD JN,95.0,1284
12628,2026-07-28,KPG,KOPARGAON,95.0,1326
12628,2026-07-28,BAP,BELAPUR,135.0,1370
12628,2026-07-28,ANG,AHMADNAGAR,121.0,1437
12628,2026-07-28,DD,DAUND JN,107.0,1520
12628,2026-07-28,KWV,KURDUVADI,124.0,1630
12628,2026-07-28,SUR,SOLAPUR JN,106.0,1708
12628,2026-07-28,KLBG,KALABURAGI JN,119.0,1821
12628,2026-07-28,WADI,WADI,94.0,1858
12628,2026-07-28,YG,YADGIR,92.0,1897
12628,2026-07-28,RC,RAICHUR,80.0,1965
12628,2026-07-28,MALM,MANTHRALAYAM RD,83.0,1994
12628,2026-07-28,AD,ADONI,80.0,2035
12628,2026-07-28,GTL,GUNTAKAL JN,69.0,2086
12628,2026-07-28,ATP,ANANTAPUR,71.0,2172
12628,2026-07-28,DMM,DHARMAVARAM JN,43.0,2205
12628,2026-07-28,SSPN,SAI P NILAYAM,48.0,2238
12628,2026-07-28,PKD,PENUKONDA,47.0,2259
12628,2026-07-28,HUP,HINDUPUR,52.0,2296
12628,2026-07-28,YNK,YELHANKA JN,53.0,2379
12628,2026-07-28,BNC,BANGALORE CANT,75.0,2402
12628,2026-07-28,SBC,KSR BANGALORE CY JN,23.0,2406
12628,2026-07-29,NDLS,NEW DELHI,0.0,0
12628,2026-07-29,MTJ,MATHURA JN,27.0,141
12628,2026-07-29,AGC,AGRA CANTT,34.0,195
12628,2026-07-29,GWL,GWALIOR,26.0,313
12628,2026-07-29,VGLJ,V LAKSHMIBAI JHANSI,22.0,410
12628,2026-07-29,BINA,BINA JN,7.0,563
12628,2026-07-29,BPL,BHOPAL JN,7.0,701
12628,2026-07-29,ET,ITARSI JN,0.0,793
12628,2026-07-29,KNW,KHANDWA,1.0,976
12628,2026-07-29,BAU,BURHANPUR,1.0,1045
12628,2026-07-29,BSL,BHUSAVAL JN,1.0,1100
12628,2026-07-29,JL,JALGAON JN,13.0,1124
12628,2026-07-29,MMR,MANMAD JN,5.0,1284
12628,2026-07-29,KPG,KOPARGAON,0.0,1326
12628,2026-07-29,BAP,BELAPUR,8.0,1370
12628,2026-07-29,ANG,AHMADNAGAR,2.0,1437
12628,2026-07-29,DD,DAUND JN,2.0,1520
12628,2026-07-29,KWV,KURDUVADI,24.0,1630
12628,2026-07-29,SUR,SOLAPUR JN,7.0,1708
12628,2026-07-29,KLBG,KALABURAGI JN,14.0,1821
12628,2026-07-29,WADI,WADI,0.0,1858
12628,2026-07-29,YG,YADGIR,0.0,1897
12628,2026-07-29,RC,RAICHUR,1.0,1965
12628,2026-07-29,MALM,MANTHRALAYAM RD,7.0,1994
12628,2026-07-29,AD,ADONI,2.0,2035
12628,2026-07-29,GTL,GUNTAKAL JN,11.0,2086
12628,2026-07-29,ATP,ANANTAPUR,12.0,2172
12628,2026-07-29,DMM,DHARMAVARAM JN,1.0,2205
12628,2026-07-29,SSPN,SAI P NILAYAM,6.0,2238
12628,2026-07-29,PKD,PENUKONDA,12.0,2259
12628,2026-07-29,HUP,HINDUPUR,21.0,2296
12628,2026-07-29,YNK,YELHANKA JN,18.0,2379
12628,2026-07-29,BNC,BANGALORE CANT,0.0,2402
12628,2026-07-29,SBC,KSR BANGALORE CY JN,0.0,2406
12628,2026-07-30,NDLS,NEW DELHI,1.0,0
12628,2026-07-30,MTJ,MATHURA JN,37.0,141
12628,2026-07-30,AGC,AGRA CANTT,33.0,195
12628,2026-07-30,GWL,GWALIOR,24.0,313
12628,2026-07-30,VGLJ,V LAKSHMIBAI JHANSI,11.0,410
12628,2026-07-30,BINA,BINA JN,5.0,563
12628,2026-07-30,BPL,BHOPAL JN,8.0,701
12628,2026-07-30,ET,ITARSI JN,2.0,793
12628,2026-07-30,KNW,KHANDWA,3.0,976
12628,2026-07-30,BAU,BURHANPUR,8.0,1045
12628,2026-07-30,BSL,BHUSAVAL JN,8.0,1100
12628,2026-07-30,JL,JALGAON JN,12.0,1124
12628,2026-07-30,MMR,MANMAD JN,8.0,1284
12628,2026-07-30,KPG,KOPARGAON,2.0,1326
12628,2026-07-30,BAP,BELAPUR,20.0,1370
12628,2026-07-30,ANG,AHMADNAGAR,8.0,1437
12628,2026-07-30,DD,DAUND JN,13.0,1520
12628,2026-07-30,KWV,KURDUVADI,23.0,1630
12628,2026-07-30,SUR,SOLAPUR JN,12.0,1708
12628,2026-07-30,KLBG,KALABURAGI JN,39.0,1821
12628,2026-07-30,WADI,WADI,2.0,1858
12628,2026-07-30,YG,YADGIR,6.0,1897
12628,2026-07-30,RC,RAICHUR,0.0,1965
12628,2026-07-30,MALM,MANTHRALAYAM RD,1.0,1994
12628,2026-07-30,AD,ADONI,0.0,2035
12628,2026-07-30,GTL,GUNTAKAL JN,1.0,2086
12628,2026-07-30,ATP,ANANTAPUR,1.0,2172
12628,2026-07-30,DMM,DHARMAVARAM JN,1.0,2205
12628,2026-07-30,SSPN,SAI P NILAYAM,9.0,2238
12628,2026-07-30,PKD,PENUKONDA,13.0,2259
12628,2026-07-30,HUP,HINDUPUR,20.0,2296
12628,2026-07-30,YNK,YELHANKA JN,23.0,2379
12628,2026-07-30,BNC,BANGALORE CANT,0.0,2402
12628,2026-07-30,SBC,KSR BANGALORE CY JN,0.0,2406
12628,2026-07-31,NDLS,NEW DELHI,1.0,0
12628,2026-07-31,MTJ,MATHURA JN,31.0,141
12628,2026-07-31,AGC,AGRA CANTT,28.0,195
12628,2026-07-31,GWL,GWALIOR,14.0,313
12628,2026-07-31,VGLJ,V LAKSHMIBAI JHANSI,5.0,410
12628,2026-07-31,BINA,BINA JN,4.0,563
12628,2026-07-31,BPL,BHOPAL JN,22.0,701
12628,2026-07-31,ET,ITARSI JN,30.0,793
12628,2026-07-31,KNW,KHANDWA,101.0,976
12628,2026-07-31,BAU,BURHANPUR,112.0,1045
12628,2026-07-31,BSL,BHUSAVAL JN,101.0,1100
12628,2026-07-31,JL,JALGAON JN,127.0,1124
12628,2026-07-31,MMR,MANMAD JN,151.0,1284
12628,2026-07-31,KPG,KOPARGAON,135.0,1326
12628,2026-07-31,BAP,BELAPUR,146.0,1370
12628,2026-07-31,ANG,AHMADNAGAR,144.0,1437
12628,2026-07-31,DD,DAUND JN,123.0,1520
12628,2026-07-31,KWV,KURDUVADI,138.0,1630
12628,2026-07-31,SUR,SOLAPUR JN,113.0,1708
12628,2026-07-31,KLBG,KALABURAGI JN,124.0,1821
12628,2026-07-31,WADI,WADI,91.0,1858
12628,2026-07-31,YG,YADGIR,91.0,1897
12628,2026-07-31,RC,RAICHUR,79.0,1965
12628,2026-07-31,MALM,MANTHRALAYAM RD,82.0,1994
12628,2026-07-31,AD,ADONI,80.0,2035
12628,2026-07-31,GTL,GUNTAKAL JN,69.0,2086
12628,2026-07-31,ATP,ANANTAPUR,71.0,2172
12628,2026-07-31,DMM,DHARMAVARAM JN,51.0,2205
12628,2026-07-31,SSPN,SAI P NILAYAM,58.0,2238
12628,2026-07-31,PKD,PENUKONDA,57.0,2259
12628,2026-07-31,HUP,HINDUPUR,65.0,2296
12628,2026-07-31,YNK,YELHANKA JN,56.0,2379
12628,2026-07-31,BNC,BANGALORE CANT,0.0,2402
12628,2026-07-31,SBC,KSR BANGALORE CY JN,11.0,2406
12628,2026-08-01,NDLS,NEW DELHI,1.0,0
12628,2026-08-01,MTJ,MATHURA JN,29.0,141
12628,2026-08-01,AGC,AGRA CANTT,25.0,195
12628,2026-08-01,GWL,GWALIOR,13.0,313
12628,2026-08-01,VGLJ,V LAKSHMIBAI JHANSI,13.0,410
12628,2026-08-01,BINA,BINA JN,2.0,563
12628,2026-08-01,BPL,BHOPAL JN,6.0,701
12628,2026-08-01,ET,ITARSI JN,22.0,793
12628,2026-08-01,KNW,KHANDWA,5.0,976
12628,2026-08-01,BAU,BURHANPUR,13.0,1045
12628,2026-08-01,BSL,BHUSAVAL JN,20.0,1100
12628,2026-08-01,JL,JALGAON JN,30.0,1124
12628,2026-08-01,MMR,MANMAD JN,52.0,1284
12628,2026-08-01,KPG,KOPARGAON,43.0,1326
12628,2026-08-01,BAP,BELAPUR,61.0,1370
12628,2026-08-01,ANG,AHMADNAGAR,48.0,1437
12628,2026-08-01,DD,DAUND JN,42.0,1520
12628,2026-08-01,KWV,KURDUVADI,75.0,1630
12628,2026-08-01,SUR,SOLAPUR JN,48.0,1708
12628,2026-08-01,KLBG,KALABURAGI JN,83.0,1821
12628,2026-08-01,WADI,WADI,46.0,1858
12628,2026-08-01,YG,YADGIR,45.0,1897
12628,2026-08-01,RC,RAICHUR,39.0,1965
12628,2026-08-01,MALM,MANTHRALAYAM RD,41.0,1994
12628,2026-08-01,AD,ADONI,38.0,2035
12628,2026-08-01,GTL,GUNTAKAL JN,34.0,2086
12628,2026-08-01,ATP,ANANTAPUR,34.0,2172
12628,2026-08-01,DMM,DHARMAVARAM JN,13.0,2205
12628,2026-08-01,SSPN,SAI P NILAYAM,21.0,2238
12628,2026-08-01,PKD,PENUKONDA,25.0,2259
12628,2026-08-01,HUP,HINDUPUR,46.0,2296
12628,2026-08-01,YNK,YELHANKA JN,55.0,2379
12628,2026-08-01,BNC,BANGALORE CANT,0.0,2402
12628,2026-08-01,SBC,KSR BANGALORE CY JN,0.0,2406
12628,2026-08-02,NDLS,NEW DELHI,0.0,0
12628,2026-08-02,MTJ,MATHURA JN,43.0,141
12628,2026-08-02,AGC,AGRA CANTT,64.0,195
12628,2026-08-02,GWL,GWALIOR,24.0,313
12628,2026-08-02,VGLJ,V LAKSHMIBAI JHANSI,12.0,410
12628,2026-08-02,BINA,BINA JN,7.0,563
12628,2026-08-02,BPL,BHOPAL JN,11.0,701
12628,2026-08-02,ET,ITARSI JN,1.0,793
12628,2026-08-02,KNW,KHANDWA,0.0,976
12628,2026-08-02,BAU,BURHANPUR,17.0,1045
12628,2026-08-02,BSL,BHUSAVAL JN,9.0,1100
12628,2026-08-02,JL,JALGAON JN,10.0,1124
12628,2026-08-02,MMR,MANMAD JN,26.0,1284
12628,2026-08-02,KPG,KOPARGAON,14.0,1326
12628,2026-08-02,BAP,BELAPUR,19.0,1370
12628,2026-08-02,ANG,AHMADNAGAR,8.0,1437
12628,2026-08-02,DD,DAUND JN,6.0,1520
12628,2026-08-02,KWV,KURDUVADI,43.0,1630
12628,2026-08-02,SUR,SOLAPUR JN,11.0,1708
12628,2026-08-02,KLBG,KALABURAGI JN,32.0,1821
12628,2026-08-02,WADI,WADI,0.0,1858
12628,2026-08-02,YG,YADGIR,0.0,1897
12628,2026-08-02,RC,RAICHUR,0.0,1965
12628,2026-08-02,MALM,MANTHRALAYAM RD,0.0,1994
12628,2026-08-02,AD,ADONI,0.0,2035
12628,2026-08-02,GTL,GUNTAKAL JN,1.0,2086
12628,2026-08-02,ATP,ANANTAPUR,4.0,2172
12628,2026-08-02,DMM,DHARMAVARAM JN,1.0,2205
12628,2026-08-02,SSPN,SAI P NILAYAM,8.0,2238
12628,2026-08-02,PKD,PENUKONDA,10.0,2259
12628,2026-08-02,HUP,HINDUPUR,16.0,2296
12628,2026-08-02,YNK,YELHANKA JN,26.0,2379
12628,2026-08-02,BNC,BANGALORE CANT,31.0,2402
12628,2026-08-02,SBC,KSR BANGALORE CY JN,-22.0,2406
12628,2026-08-03,NDLS,NEW DELHI,0.0,0
12628,2026-08-03,MTJ,MATHURA JN,37.0,141
12628,2026-08-03,AGC,AGRA CANTT,28.0,195
12628,2026-08-03,GWL,GWALIOR,10.0,313
12628,2026-08-03,VGLJ,V LAKSHMIBAI JHANSI,3.0,410
12628,2026-08-03,BINA,BINA JN,10.0,563
12628,2026-08-03,BPL,BHOPAL JN,13.0,701
12628,2026-08-03,ET,ITARSI JN,16.0,793
12628,2026-08-03,KNW,KHANDWA,23.0,976
12628,2026-08-03,BAU,BURHANPUR,34.0,1045
12628,2026-08-03,BSL,BHUSAVAL JN,23.0,1100
12628,2026-08-03,JL,JALGAON JN,26.0,1124
12628,2026-08-03,MMR,MANMAD JN,27.0,1284
12628,2026-08-03,KPG,KOPARGAON,14.0,1326
12628,2026-08-03,BAP,BELAPUR,31.0,1370
12628,2026-08-03,ANG,AHMADNAGAR,14.0,1437
12628,2026-08-03,DD,DAUND JN,6.0,1520
12628,2026-08-03,KWV,KURDUVADI,15.0,1630
12628,2026-08-03,SUR,SOLAPUR JN,31.0,1708
12628,2026-08-03,KLBG,KALABURAGI JN,53.0,1821
12628,2026-08-03,WADI,WADI,21.0,1858
12628,2026-08-03,YG,YADGIR,17.0,1897
12628,2026-08-03,RC,RAICHUR,22.0,1965
12628,2026-08-03,MALM,MANTHRALAYAM RD,28.0,1994
12628,2026-08-03,AD,ADONI,33.0,2035
12628,2026-08-03,GTL,GUNTAKAL JN,26.0,2086
12628,2026-08-03,ATP,ANANTAPUR,26.0,2172
12628,2026-08-03,DMM,DHARMAVARAM JN,15.0,2205
12628,2026-08-03,SSPN,SAI P NILAYAM,24.0,2238
12628,2026-08-03,PKD,PENUKONDA,27.0,2259
12628,2026-08-03,HUP,HINDUPUR,34.0,2296
12628,2026-08-03,YNK,YELHANKA JN,48.0,2379
12628,2026-08-03,BNC,BANGALORE CANT,71.0,2402
12628,2026-08-03,SBC,KSR BANGALORE CY JN,34.0,2406
12628,2026-08-04,NDLS,NEW DELHI,0.0,0
12628,2026-08-04,MTJ,MATHURA JN,9.0,141
12628,2026-08-04,AGC,AGRA CANTT,16.0,195
12628,2026-08-04,GWL,GWALIOR,0.0,313
12628,2026-08-04,VGLJ,V LAKSHMIBAI JHANSI,1.0,410
12628,2026-08-04,BINA,BINA JN,1.0,563
12628,2026-08-04,BPL,BHOPAL JN,18.0,701
12628,2026-08-04,ET,ITARSI JN,1.0,793
12628,2026-08-04,KNW,KHANDWA,2.0,976
12628,2026-08-04,BAU,BURHANPUR,7.0,1045
12628,2026-08-04,BSL,BHUSAVAL JN,23.0,1100
12628,2026-08-04,JL,JALGAON JN,31.0,1124
12628,2026-08-04,MMR,MANMAD JN,28.0,1284
12628,2026-08-04,KPG,KOPARGAON,22.0,1326
12628,2026-08-04,BAP,BELAPUR,29.0,1370
12628,2026-08-04,ANG,AHMADNAGAR,12.0,1437
12628,2026-08-04,DD,DAUND JN,13.0,1520
12628,2026-08-04,KWV,KURDUVADI,28.0,1630
12628,2026-08-04,SUR,SOLAPUR JN,15.0,1708
12628,2026-08-04,KLBG,KALABURAGI JN,33.0,1821
12628,2026-08-04,WADI,WADI,0.0,1858
12628,2026-08-04,YG,YADGIR,0.0,1897
12628,2026-08-04,RC,RAICHUR,0.0,1965
12628,2026-08-04,MALM,MANTHRALAYAM RD,1.0,1994
12628,2026-08-04,AD,ADONI,0.0,2035
12628,2026-08-04,GTL,GUNTAKAL JN,20.0,2086
12628,2026-08-04,ATP,ANANTAPUR,19.0,2172
12628,2026-08-04,DMM,DHARMAVARAM JN,4.0,2205
12628,2026-08-04,SSPN,SAI P NILAYAM,0.0,2238
12628,2026-08-04,PKD,PENUKONDA,16.0,2259
12628,2026-08-04,HUP,HINDUPUR,26.0,2296
12628,2026-08-04,YNK,YELHANKA JN,37.0,2379
12628,2026-08-04,BNC,BANGALORE CANT,18.0,2402
12628,2026-08-04,SBC,KSR BANGALORE CY JN,-5.0,2406
12628,2026-08-05,NDLS,NEW DELHI,0.0,0
12628,2026-08-05,MTJ,MATHURA JN,24.0,141
12628,2026-08-05,AGC,AGRA CANTT,21.0,195
12628,2026-08-05,GWL,GWALIOR,8.0,313
12628,2026-08-05,VGLJ,V LAKSHMIBAI JHANSI,11.0,410
12628,2026-08-05,BINA,BINA JN,0.0,563
12628,2026-08-05,BPL,BHOPAL JN,8.0,701
12628,2026-08-05,ET,ITARSI JN,3.0,793
12628,2026-08-05,KNW,KHANDWA,0.0,976
12628,2026-08-05,BAU,BURHANPUR,25.0,1045
12628,2026-08-05,BSL,BHUSAVAL JN,31.0,1100
12628,2026-08-05,JL,JALGAON JN,39.0,1124
12628,2026-08-05,MMR,MANMAD JN,29.0,1284
12628,2026-08-05,KPG,KOPARGAON,19.0,1326
12628,2026-08-05,BAP,BELAPUR,32.0,1370
12628,2026-08-05,ANG,AHMADNAGAR,20.0,1437
12628,2026-08-05,DD,DAUND JN,13.0,1520
12628,2026-08-05,KWV,KURDUVADI,12.0,1630
12628,2026-08-05,SUR,SOLAPUR JN,1.0,1708
12628,2026-08-05,KLBG,KALABURAGI JN,17.0,1821
12628,2026-08-05,WADI,WADI,5.0,1858
12628,2026-08-05,YG,YADGIR,3.0,1897
12628,2026-08-05,RC,RAICHUR,1.0,1965
12628,2026-08-05,MALM,MANTHRALAYAM RD,1.0,1994
12628,2026-08-05,AD,ADONI,0.0,2035
12628,2026-08-05,GTL,GUNTAKAL JN,22.0,2086
12628,2026-08-05,ATP,ANANTAPUR,23.0,2172
12628,2026-08-05,DMM,DHARMAVARAM JN,0.0,2205
12628,2026-08-05,SSPN,SAI P NILAYAM,9.0,2238
12628,2026-08-05,PKD,PENUKONDA,12.0,2259
12628,2026-08-05,HUP,HINDUPUR,17.0,2296
12628,2026-08-05,YNK,YELHANKA JN,15.0,2379
12628,2026-08-05,BNC,BANGALORE CANT,33.0,2402
12628,2026-08-05,SBC,KSR BANGALORE CY JN,-16.0,2406
12628,2026-08-06,NDLS,NEW DELHI,2.0,0
12628,2026-08-06,MTJ,MATHURA JN,27.0,141
12628,2026-08-06,AGC,AGRA CANTT,26.0,195
12628,2026-08-06,GWL,GWALIOR,3.0,313
12628,2026-08-06,VGLJ,V LAKSHMIBAI JHANSI,0.0,410
12628,2026-08-06,BINA,BINA JN,4.0,563
12628,2026-08-06,BPL,BHOPAL JN,12.0,701
12628,2026-08-06,ET,ITARSI JN,1.0,793
12628,2026-08-06,KNW,KHANDWA,5.0,976
12628,2026-08-06,BAU,BURHANPUR,28.0,1045
12628,2026-08-06,BSL,BHUSAVAL JN,34.0,1100
12628,2026-08-06,JL,JALGAON JN,46.0,1124
12628,2026-08-06,MMR,MANMAD JN,34.0,1284
12628,2026-08-06,KPG,KOPARGAON,24.0,1326
12628,2026-08-06,BAP,BELAPUR,30.0,1370
12628,2026-08-06,ANG,AHMADNAGAR,19.0,1437
12628,2026-08-06,DD,DAUND JN,14.0,1520
12628,2026-08-06,KWV,KURDUVADI,37.0,1630
12628,2026-08-06,SUR,SOLAPUR JN,18.0,1708
12628,2026-08-06,KLBG,KALABURAGI JN,39.0,1821
12628,2026-08-06,WADI,WADI,18.0,1858
12628,2026-08-06,YG,YADGIR,20.0,1897
12628,2026-08-06,RC,RAICHUR,13.0,1965
12628,2026-08-06,MALM,MANTHRALAYAM RD,16.0,1994
12628,2026-08-06,AD,ADONI,17.0,2035
12628,2026-08-06,GTL,GUNTAKAL JN,29.0,2086
12628,2026-08-06,ATP,ANANTAPUR,38.0,2172
12628,2026-08-06,DMM,DHARMAVARAM JN,25.0,2205
12628,2026-08-06,SSPN,SAI P NILAYAM,40.0,2238
12628,2026-08-06,PKD,PENUKONDA,43.0,2259
12628,2026-08-06,HUP,HINDUPUR,54.0,2296
12628,2026-08-06,YNK,YELHANKA JN,52.0,2379
12628,2026-08-06,BNC,BANGALORE CANT,60.0,2402
12628,2026-08-06,SBC,KSR BANGALORE CY JN,6.0,2406
12628,2026-08-07,NDLS,NEW DELHI,7.0,0
12628,2026-08-07,MTJ,MATHURA JN,22.0,141
12628,2026-08-07,AGC,AGRA CANTT,25.0,195
12628,2026-08-07,GWL,GWALIOR,11.0,313
12628,2026-08-07,VGLJ,V LAKSHMIBAI JHANSI,1.0,410
12628,2026-08-07,BINA,BINA JN,0.0,563
12628,2026-08-07,BPL,BHOPAL JN,5.0,701
12628,2026-08-07,ET,ITARSI JN,0.0,793
12628,2026-08-07,KNW,KHANDWA,87.0,976
12628,2026-08-07,BAU,BURHANPUR,94.0,1045
12628,2026-08-07,BSL,BHUSAVAL JN,110.0,1100
12628,2026-08-07,JL,JALGAON JN,113.0,1124
12628,2026-08-07,MMR,MANMAD JN,107.0,1284
12628,2026-08-07,KPG,KOPARGAON,122.0,1326
12628,2026-08-07,BAP,BELAPUR,137.0,1370
12628,2026-08-07,ANG,AHMADNAGAR,123.0,1437
12628,2026-08-07,DD,DAUND JN,116.0,1520
12628,2026-08-07,KWV,KURDUVADI,127.0,1630
12628,2026-08-07,SUR,SOLAPUR JN,102.0,1708
12628,2026-08-07,KLBG,KALABURAGI JN,113.0,1821
12628,2026-08-07,WADI,WADI,99.0,1858
12628,2026-08-07,YG,YADGIR,95.0,1897
12628,2026-08-07,RC,RAICHUR,88.0,1965
12628,2026-08-07,MALM,MANTHRALAYAM RD,100.0,1994
12628,2026-08-07,AD,ADONI,99.0,2035
12628,2026-08-07,GTL,GUNTAKAL JN,105.0,2086
12628,2026-08-07,ATP,ANANTAPUR,104.0,2172
12628,2026-08-07,DMM,DHARMAVARAM JN,78.0,2205
12628,2026-08-07,SSPN,SAI P NILAYAM,82.0,2238
12628,2026-08-07,PKD,PENUKONDA,80.0,2259
12628,2026-08-07,HUP,HINDUPUR,86.0,2296
12628,2026-08-07,YNK,YELHANKA JN,67.0,2379
12628,2026-08-07,BNC,BANGALORE CANT,87.0,2402
12628,2026-08-07,SBC,KSR BANGALORE CY JN,39.0,2406
12628,2026-08-08,NDLS,NEW DELHI,2.0,0
12628,2026-08-08,MTJ,MATHURA JN,24.0,141
12628,2026-08-08,AGC,AGRA CANTT,22.0,195
12628,2026-08-08,GWL,GWALIOR,5.0,313
12628,2026-08-08,VGLJ,V LAKSHMIBAI JHANSI,10.0,410
12628,2026-08-08,BINA,BINA JN,5.0,563
12628,2026-08-08,BPL,BHOPAL JN,15.0,701
12628,2026-08-08,ET,ITARSI JN,4.0,793
12628,2026-08-08,KNW,KHANDWA,44.0,976
12628,2026-08-08,BAU,BURHANPUR,48.0,1045
12628,2026-08-08,BSL,BHUSAVAL JN,44.0,1100
12628,2026-08-08,JL,JALGAON JN,51.0,1124
12628,2026-08-08,MMR,MANMAD JN,49.0,1284
12628,2026-08-08,KPG,KOPARGAON,39.0,1326
12628,2026-08-08,BAP,BELAPUR,44.0,1370
12628,2026-08-08,ANG,AHMADNAGAR,37.0,1437
12628,2026-08-08,DD,DAUND JN,25.0,1520
12628,2026-08-08,KWV,KURDUVADI,45.0,1630
12628,2026-08-08,SUR,SOLAPUR JN,17.0,1708
12628,2026-08-08,KLBG,KALABURAGI JN,30.0,1821
12628,2026-08-08,WADI,WADI,0.0,1858
12628,2026-08-08,YG,YADGIR,1.0,1897
12628,2026-08-08,RC,RAICHUR,0.0,1965
12628,2026-08-08,MALM,MANTHRALAYAM RD,3.0,1994
12628,2026-08-08,AD,ADONI,0.0,2035
12628,2026-08-08,GTL,GUNTAKAL JN,20.0,2086
12628,2026-08-08,ATP,ANANTAPUR,23.0,2172
12628,2026-08-08,DMM,DHARMAVARAM JN,2.0,2205
12628,2026-08-08,SSPN,SAI P NILAYAM,31.0,2238
12628,2026-08-08,PKD,PENUKONDA,30.0,2259
12628,2026-08-08,HUP,HINDUPUR,37.0,2296
12628,2026-08-08,YNK,YELHANKA JN,30.0,2379
12628,2026-08-08,BNC,BANGALORE CANT,45.0,2402
12628,2026-08-08,SBC,KSR BANGALORE CY JN,-8.0,2406
12628,2026-08-09,NDLS,NEW DELHI,2.0,0
12628,2026-08-09,MTJ,MATHURA JN,29.0,141
12628,2026-08-09,AGC,AGRA CANTT,34.0,195
12628,2026-08-09,GWL,GWALIOR,9.0,313
12628,2026-08-09,VGLJ,V LAKSHMIBAI JHANSI,3.0,410
12628,2026-08-09,BINA,BINA JN,5.0,563
12628,2026-08-09,BPL,BHOPAL JN,52.0,701
12628,2026-08-09,ET,ITARSI JN,82.0,793
12628,2026-08-09,KNW,KHANDWA,64.0,976
12628,2026-08-09,BAU,BURHANPUR,72.0,1045
12628,2026-08-09,BSL,BHUSAVAL JN,70.0,1100
12628,2026-08-09,JL,JALGAON JN,80.0,1124
12628,2026-08-09,MMR,MANMAD JN,87.0,1284
12628,2026-08-09,KPG,KOPARGAON,81.0,1326
12628,2026-08-09,BAP,BELAPUR,93.0,1370
12628,2026-08-09,ANG,AHMADNAGAR,105.0,1437
12628,2026-08-09,DD,DAUND JN,96.0,1520
12628,2026-08-09,KWV,KURDUVADI,115.0,1630
12628,2026-08-09,SUR,SOLAPUR JN,109.0,1708
12628,2026-08-09,KLBG,KALABURAGI JN,120.0,1821
12628,2026-08-09,WADI,WADI,97.0,1858
12628,2026-08-09,YG,YADGIR,100.0,1897
12628,2026-08-09,RC,RAICHUR,90.0,1965
12628,2026-08-09,MALM,MANTHRALAYAM RD,93.0,1994
12628,2026-08-09,AD,ADONI,93.0,2035
12628,2026-08-09,GTL,GUNTAKAL JN,96.0,2086
12628,2026-08-09,ATP,ANANTAPUR,105.0,2172
12628,2026-08-09,DMM,DHARMAVARAM JN,77.0,2205
12628,2026-08-09,SSPN,SAI P NILAYAM,81.0,2238
12628,2026-08-09,PKD,PENUKONDA,85.0,2259
12628,2026-08-09,HUP,HINDUPUR,91.0,2296
12628,2026-08-09,YNK,YELHANKA JN,88.0,2379
12628,2026-08-09,BNC,BANGALORE CANT,113.0,2402
12628,2026-08-09,SBC,KSR BANGALORE CY JN,68.0,2406
12628,2026-08-10,NDLS,NEW DELHI,5.0,0
12628,2026-08-10,MTJ,MATHURA JN,39.0,141
12628,2026-08-10,AGC,AGRA CANTT,41.0,195
12628,2026-08-10,GWL,GWALIOR,17.0,313
12628,2026-08-10,VGLJ,V LAKSHMIBAI JHANSI,7.0,410
12628,2026-08-10,BINA,BINA JN,0.0,563
12628,2026-08-10,BPL,BHOPAL JN,9.0,701
12628,2026-08-10,ET,ITARSI JN,21.0,793
12628,2026-08-10,KNW,KHANDWA,0.0,976
12628,2026-08-10,BAU,BURHANPUR,7.0,1045
12628,2026-08-10,BSL,BHUSAVAL JN,3.0,1100
12628,2026-08-10,JL,JALGAON JN,15.0,1124
12628,2026-08-10,MMR,MANMAD JN,14.0,1284
12628,2026-08-10,KPG,KOPARGAON,2.0,1326
12628,2026-08-10,BAP,BELAPUR,8.0,1370
12628,2026-08-10,ANG,AHMADNAGAR,18.0,1437
12628,2026-08-10,DD,DAUND JN,18.0,1520
12628,2026-08-10,KWV,KURDUVADI,54.0,1630
12628,2026-08-10,SUR,SOLAPUR JN,34.0,1708
12628,2026-08-10,KLBG,KALABURAGI JN,46.0,1821
12628,2026-08-10,WADI,WADI,9.0,1858
12628,2026-08-10,YG,YADGIR,15.0,1897
12628,2026-08-10,RC,RAICHUR,3.0,1965
12628,2026-08-10,MALM,MANTHRALAYAM RD,6.0,1994
12628,2026-08-10,AD,ADONI,19.0,2035
12628,2026-08-10,GTL,GUNTAKAL JN,19.0,2086
12628,2026-08-10,ATP,ANANTAPUR,27.0,2172
12628,2026-08-10,DMM,DHARMAVARAM JN,2.0,2205
12628,2026-08-10,SSPN,SAI P NILAYAM,10.0,2238
12628,2026-08-10,PKD,PENUKONDA,15.0,2259
12628,2026-08-10,HUP,HINDUPUR,21.0,2296
12628,2026-08-10,YNK,YELHANKA JN,14.0,2379
12628,2026-08-10,BNC,BANGALORE CANT,32.0,2402
12628,2026-08-10,SBC,KSR BANGALORE CY JN,-13.0,2406
12628,2026-08-11,NDLS,NEW DELHI,1.0,0
12628,2026-08-11,MTJ,MATHURA JN,29.0,141
12628,2026-08-11,AGC,AGRA CANTT,26.0,195
12628,2026-08-11,GWL,GWALIOR,6.0,313
12628,2026-08-11,VGLJ,V LAKSHMIBAI JHANSI,1.0,410
12628,2026-08-11,BINA,BINA JN,0.0,563
12628,2026-08-11,BPL,BHOPAL JN,18.0,701
12628,2026-08-11,ET,ITARSI JN,6.0,793
12628,2026-08-11,KNW,KHANDWA,19.0,976
12628,2026-08-11,BAU,BURHANPUR,23.0,1045
12628,2026-08-11,BSL,BHUSAVAL JN,22.0,1100
12628,2026-08-11,JL,JALGAON JN,48.0,1124
12628,2026-08-11,MMR,MANMAD JN,66.0,1284
12628,2026-08-11,KPG,KOPARGAON,59.0,1326
12628,2026-08-11,BAP,BELAPUR,72.0,1370
12628,2026-08-11,ANG,AHMADNAGAR,53.0,1437
12628,2026-08-11,DD,DAUND JN,36.0,1520
12628,2026-08-11,KWV,KURDUVADI,51.0,1630
12628,2026-08-11,SUR,SOLAPUR JN,20.0,1708
12628,2026-08-11,KLBG,KALABURAGI JN,27.0,1821
12628,2026-08-11,WADI,WADI,2.0,1858
12628,2026-08-11,YG,YADGIR,0.0,1897
12628,2026-08-11,RC,RAICHUR,0.0,1965
12628,2026-08-11,MALM,MANTHRALAYAM RD,3.0,1994
12628,2026-08-11,AD,ADONI,0.0,2035
12628,2026-08-11,GTL,GUNTAKAL JN,15.0,2086
12628,2026-08-11,ATP,ANANTAPUR,27.0,2172
12628,2026-08-11,DMM,DHARMAVARAM JN,13.0,2205
12628,2026-08-11,SSPN,SAI P NILAYAM,18.0,2238
12628,2026-08-11,PKD,PENUKONDA,24.0,2259
12628,2026-08-11,HUP,HINDUPUR,26.0,2296
12628,2026-08-11,YNK,YELHANKA JN,28.0,2379
12628,2026-08-11,BNC,BANGALORE CANT,40.0,2402
12628,2026-08-11,SBC,KSR BANGALORE CY JN,-12.0,2406
12628,2026-08-12,NDLS,NEW DELHI,0.0,0
12628,2026-08-12,MTJ,MATHURA JN,29.0,141
12628,2026-08-12,AGC,AGRA CANTT,27.0,195
12628,2026-08-12,GWL,GWALIOR,3.0,313
12628,2026-08-12,VGLJ,V LAKSHMIBAI JHANSI,3.0,410
12628,2026-08-12,BINA,BINA JN,3.0,563
12628,2026-08-12,BPL,BHOPAL JN,11.0,701
12628,2026-08-12,ET,ITARSI JN,14.0,793
12628,2026-08-12,KNW,KHANDWA,32.0,976
12628,2026-08-12,BAU,BURHANPUR,41.0,1045
12628,2026-08-12,BSL,BHUSAVAL JN,37.0,1100
12628,2026-08-12,JL,JALGAON JN,38.0,1124
12628,2026-08-12,MMR,MANMAD JN,27.0,1284
12628,2026-08-12,KPG,KOPARGAON,17.0,1326
12628,2026-08-12,BAP,BELAPUR,30.0,1370
12628,2026-08-12,ANG,AHMADNAGAR,14.0,1437
12628,2026-08-12,DD,DAUND JN,6.0,1520
12628,2026-08-12,KWV,KURDUVADI,10.0,1630
12628,2026-08-12,SUR,SOLAPUR JN,36.0,1708
12628,2026-08-12,KLBG,KALABURAGI JN,38.0,1821
12628,2026-08-12,WADI,WADI,5.0,1858
12628,2026-08-12,YG,YADGIR,6.0,1897
12628,2026-08-12,RC,RAICHUR,1.0,1965
12628,2026-08-12,MALM,MANTHRALAYAM RD,5.0,1994
12628,2026-08-12,AD,ADONI,0.0,2035
12628,2026-08-12,GTL,GUNTAKAL JN,0.0,2086
12628,2026-08-12,ATP,ANANTAPUR,2.0,2172
12628,2026-08-12,DMM,DHARMAVARAM JN,7.0,2205
12628,2026-08-12,SSPN,SAI P NILAYAM,18.0,2238
12628,2026-08-12,PKD,PENUKONDA,20.0,2259
12628,2026-08-12,HUP,HINDUPUR,25.0,2296
12628,2026-08-12,YNK,YELHANKA JN,15.0,2379
12628,2026-08-12,BNC,BANGALORE CANT,44.0,2402
12628,2026-08-12,SBC,KSR BANGALORE CY JN,-5.0,2406
12628,2026-08-13,NDLS,NEW DELHI,0.0,0
12628,2026-08-13,MTJ,MATHURA JN,32.0,141
12628,2026-08-13,AGC,AGRA CANTT,32.0,195
12628,2026-08-13,GWL,GWALIOR,1.0,313
12628,2026-08-13,VGLJ,V LAKSHMIBAI JHANSI,9.0,410
12628,2026-08-13,BINA,BINA JN,1.0,563
12628,2026-08-13,BPL,BHOPAL JN,14.0,701
12628,2026-08-13,ET,ITARSI JN,30.0,793
12628,2026-08-13,KNW,KHANDWA,13.0,976
12628,2026-08-13,BAU,BURHANPUR,25.0,1045
12628,2026-08-13,BSL,BHUSAVAL JN,15.0,1100
12628,2026-08-13,JL,JALGAON JN,17.0,1124
12628,2026-08-13,MMR,MANMAD JN,35.0,1284
12628,2026-08-13,KPG,KOPARGAON,21.0,1326
12628,2026-08-13,BAP,BELAPUR,31.0,1370
12628,2026-08-13,ANG,AHMADNAGAR,26.0,1437
12628,2026-08-13,DD,DAUND JN,11.0,1520
12628,2026-08-13,KWV,KURDUVADI,61.0,1630
12628,2026-08-13,SUR,SOLAPUR JN,39.0,1708
12628,2026-08-13,KLBG,KALABURAGI JN,57.0,1821
12628,2026-08-13,WADI,WADI,22.0,1858
12628,2026-08-13,YG,YADGIR,18.0,1897
12628,2026-08-13,RC,RAICHUR,12.0,1965
12628,2026-08-13,MALM,MANTHRALAYAM RD,18.0,1994
12628,2026-08-13,AD,ADONI,14.0,2035
12628,2026-08-13,GTL,GUNTAKAL JN,29.0,2086
12628,2026-08-13,ATP,ANANTAPUR,25.0,2172
12628,2026-08-13,DMM,DHARMAVARAM JN,6.0,2205
12628,2026-08-13,SSPN,SAI P NILAYAM,14.0,2238
12628,2026-08-13,PKD,PENUKONDA,17.0,2259
12628,2026-08-13,HUP,HINDUPUR,22.0,2296
12628,2026-08-13,YNK,YELHANKA JN,16.0,2379
12628,2026-08-13,BNC,BANGALORE CANT,51.0,2402
12628,2026-08-13,SBC,KSR BANGALORE CY JN,-5.0,2406
12628,2026-08-14,NDLS,NEW DELHI,0.0,0
12628,2026-08-14,MTJ,MATHURA JN,28.0,141
12628,2026-08-14,AGC,AGRA CANTT,19.0,195
12628,2026-08-14,GWL,GWALIOR,5.0,313
12628,2026-08-14,VGLJ,V LAKSHMIBAI JHANSI,0.0,410
12628,2026-08-14,BINA,BINA JN,4.0,563
12628,2026-08-14,BPL,BHOPAL JN,11.0,701
12628,2026-08-14,ET,ITARSI JN,0.0,793
12628,2026-08-14,KNW,KHANDWA,0.0,976
12628,2026-08-14,BAU,BURHANPUR,10.0,1045
12628,2026-08-14,BSL,BHUSAVAL JN,2.0,1100
12628,2026-08-14,JL,JALGAON JN,12.0,1124
12628,2026-08-14,MMR,MANMAD JN,1.0,1284
12628,2026-08-14,KPG,KOPARGAON,0.0,1326
12628,2026-08-14,BAP,BELAPUR,15.0,1370
12628,2026-08-14,ANG,AHMADNAGAR,6.0,1437
12628,2026-08-14,DD,DAUND JN,10.0,1520
12628,2026-08-14,KWV,KURDUVADI,48.0,1630
12628,2026-08-14,SUR,SOLAPUR JN,25.0,1708
12628,2026-08-14,KLBG,KALABURAGI JN,49.0,1821
12628,2026-08-14,WADI,WADI,25.0,1858
12628,2026-08-14,YG,YADGIR,20.0,1897
12628,2026-08-14,RC,RAICHUR,9.0,1965
12628,2026-08-14,MALM,MANTHRALAYAM RD,12.0,1994
12628,2026-08-14,AD,ADONI,20.0,2035
12628,2026-08-14,GTL,GUNTAKAL JN,31.0,2086
12628,2026-08-14,ATP,ANANTAPUR,39.0,2172
12628,2026-08-14,DMM,DHARMAVARAM JN,12.0,2205
12628,2026-08-14,SSPN,SAI P NILAYAM,21.0,2238
12628,2026-08-14,PKD,PENUKONDA,25.0,2259
12628,2026-08-14,HUP,HINDUPUR,30.0,2296
12628,2026-08-14,YNK,YELHANKA JN,30.0,2379
12628,2026-08-14,BNC,BANGALORE CANT,59.0,2402
12628,2026-08-14,SBC,KSR BANGALORE CY JN,6.0,2406
12628,2026-08-15,NDLS,NEW DELHI,4.0,0
12628,2026-08-15,MTJ,MATHURA JN,28.0,141
12628,2026-08-15,AGC,AGRA CANTT,27.0,195
12628,2026-08-15,GWL,GWALIOR,10.0,313
12628,2026-08-15,VGLJ,V LAKSHMIBAI JHANSI,0.0,410
12628,2026-08-15,BINA,BINA JN,1.0,563
12628,2026-08-15,BPL,BHOPAL JN,5.0,701
12628,2026-08-15,ET,ITARSI JN,1.0,793
12628,2026-08-15,KNW,KHANDWA,13.0,976
12628,2026-08-15,BAU,BURHANPUR,24.0,1045
12628,2026-08-15,BSL,BHUSAVAL JN,20.0,1100
12628,2026-08-15,JL,JALGAON JN,22.0,1124
12628,2026-08-15,MMR,MANMAD JN,22.0,1284
12628,2026-08-15,KPG,KOPARGAON,9.0,1326
12628,2026-08-15,BAP,BELAPUR,16.0,1370
12628,2026-08-15,ANG,AHMADNAGAR,0.0,1437
12628,2026-08-15,DD,DAUND JN,11.0,1520
12628,2026-08-15,KWV,KURDUVADI,17.0,1630
12628,2026-08-15,SUR,SOLAPUR JN,12.0,1708
12628,2026-08-15,KLBG,KALABURAGI JN,41.0,1821
12628,2026-08-15,WADI,WADI,8.0,1858
12628,2026-08-15,YG,YADGIR,10.0,1897
12628,2026-08-15,RC,RAICHUR,6.0,1965
12628,2026-08-15,MALM,MANTHRALAYAM RD,9.0,1994
12628,2026-08-15,AD,ADONI,5.0,2035
12628,2026-08-15,GTL,GUNTAKAL JN,30.0,2086
12628,2026-08-15,ATP,ANANTAPUR,34.0,2172
12628,2026-08-15,DMM,DHARMAVARAM JN,8.0,2205
12628,2026-08-15,SSPN,SAI P NILAYAM,18.0,2238
12628,2026-08-15,PKD,PENUKONDA,21.0,2259
12628,2026-08-15,HUP,HINDUPUR,0.0,2296
12628,2026-08-15,YNK,YELHANKA JN,24.0,2379
12628,2026-08-15,BNC,BANGALORE CANT,0.0,2402
12628,2026-08-15,SBC,KSR BANGALORE CY JN,-25.0,2406
12628,2026-08-16,NDLS,NEW DELHI,0.0,0
12628,2026-08-16,MTJ,MATHURA JN,40.0,141
12628,2026-08-16,AGC,AGRA CANTT,28.0,195
12628,2026-08-16,GWL,GWALIOR,9.0,313
12628,2026-08-16,VGLJ,V LAKSHMIBAI JHANSI,9.0,410
12628,2026-08-16,BINA,BINA JN,0.0,563
12628,2026-08-16,BPL,BHOPAL JN,6.0,701
12628,2026-08-16,ET,ITARSI JN,2.0,793
12628,2026-08-16,KNW,KHANDWA,1.0,976
12628,2026-08-16,BAU,BURHANPUR,12.0,1045
12628,2026-08-16,BSL,BHUSAVAL JN,12.0,1100
12628,2026-08-16,JL,JALGAON JN,23.0,1124
12628,2026-08-16,MMR,MANMAD JN,16.0,1284
12628,2026-08-16,KPG,KOPARGAON,5.0,1326
12628,2026-08-16,BAP,BELAPUR,22.0,1370
12628,2026-08-16,ANG,AHMADNAGAR,16.0,1437
12628,2026-08-16,DD,DAUND JN,9.0,1520
12628,2026-08-16,KWV,KURDUVADI,63.0,1630
12628,2026-08-16,SUR,SOLAPUR JN,36.0,1708
12628,2026-08-16,KLBG,KALABURAGI JN,46.0,1821
12628,2026-08-16,WADI,WADI,8.0,1858
12628,2026-08-16,YG,YADGIR,5.0,1897
12628,2026-08-16,RC,RAICHUR,1.0,1965
12628,2026-08-16,MALM,MANTHRALAYAM RD,4.0,1994
12628,2026-08-16,AD,ADONI,0.0,2035
12628,2026-08-16,GTL,GUNTAKAL JN,5.0,2086
12628,2026-08-16,ATP,ANANTAPUR,0.0,2172
12628,2026-08-16,DMM,DHARMAVARAM JN,14.0,2205
12628,2026-08-16,SSPN,SAI P NILAYAM,20.0,2238
12628,2026-08-16,PKD,PENUKONDA,25.0,2259
12628,2026-08-16,HUP,HINDUPUR,32.0,2296
12628,2026-08-16,YNK,YELHANKA JN,39.0,2379
12628,2026-08-16,BNC,BANGALORE CANT,10.0,2402
12628,2026-08-16,SBC,KSR BANGALORE CY JN,-13.0,2406
12628,2026-08-17,NDLS,NEW DELHI,0.0,0
12628,2026-08-17,MTJ,MATHURA JN,61.0,141
12628,2026-08-17,AGC,AGRA CANTT,47.0,195
12628,2026-08-17,GWL,GWALIOR,27.0,313
12628,2026-08-17,VGLJ,V LAKSHMIBAI JHANSI,6.0,410
12628,2026-08-17,BINA,BINA JN,4.0,563
12628,2026-08-17,BPL,BHOPAL JN,22.0,701
12628,2026-08-17,ET,ITARSI JN,6.0,793
12628,2026-08-17,KNW,KHANDWA,4.0,976
12628,2026-08-17,BAU,BURHANPUR,17.0,1045
12628,2026-08-17,BSL,BHUSAVAL JN,25.0,1100
12628,2026-08-17,JL,JALGAON JN,27.0,1124
12628,2026-08-17,MMR,MANMAD JN,29.0,1284
12628,2026-08-17,KPG,KOPARGAON,20.0,1326
12628,2026-08-17,BAP,BELAPUR,38.0,1370
12628,2026-08-17,ANG,AHMADNAGAR,29.0,1437
12628,2026-08-17,DD,DAUND JN,26.0,1520
12628,2026-08-17,KWV,KURDUVADI,73.0,1630
12628,2026-08-17,SUR,SOLAPUR JN,47.0,1708
12628,2026-08-17,KLBG,KALABURAGI JN,51.0,1821
12628,2026-08-17,WADI,WADI,14.0,1858
12628,2026-08-17,YG,YADGIR,10.0,1897
12628,2026-08-17,RC,RAICHUR,1.0,1965
12628,2026-08-17,MALM,MANTHRALAYAM RD,2.0,1994
12628,2026-08-17,AD,ADONI,0.0,2035
12628,2026-08-17,GTL,GUNTAKAL JN,16.0,2086
12628,2026-08-17,ATP,ANANTAPUR,26.0,2172
12628,2026-08-17,DMM,DHARMAVARAM JN,1.0,2205
12628,2026-08-17,SSPN,SAI P NILAYAM,0.0,2238
12628,2026-08-17,PKD,PENUKONDA,18.0,2259
12628,2026-08-17,HUP,HINDUPUR,34.0,2296
12628,2026-08-17,YNK,YELHANKA JN,32.0,2379
12628,2026-08-17,BNC,BANGALORE CANT,41.0,2402
12628,2026-08-17,SBC,KSR BANGALORE CY JN,5.0,2406
12628,2026-08-18,NDLS,NEW DELHI,0.0,0
12628,2026-08-18,MTJ,MATHURA JN,22.0,141
12628,2026-08-18,AGC,AGRA CANTT,8.0,195
12628,2026-08-18,GWL,GWALIOR,17.0,313
12628,2026-08-18,VGLJ,V LAKSHMIBAI JHANSI,5.0,410
12628,2026-08-18,BINA,BINA JN,1.0,563
12628,2026-08-18,BPL,BHOPAL JN,0.0,701
12628,2026-08-18,ET,ITARSI JN,21.0,793
12628,2026-08-18,KNW,KHANDWA,3.0,976
12628,2026-08-18,BAU,BURHANPUR,7.0,1045
12628,2026-08-18,BSL,BHUSAVAL JN,20.0,1100
12628,2026-08-18,JL,JALGAON JN,38.0,1124
12628,2026-08-18,MMR,MANMAD JN,49.0,1284
12628,2026-08-18,KPG,KOPARGAON,54.0,1326
12628,2026-08-18,BAP,BELAPUR,76.0,1370
12628,2026-08-18,ANG,AHMADNAGAR,68.0,1437
12628,2026-08-18,DD,DAUND JN,53.0,1520
12628,2026-08-18,KWV,KURDUVADI,64.0,1630
12628,2026-08-18,SUR,SOLAPUR JN,34.0,1708
12628,2026-08-18,KLBG,KALABURAGI JN,49.0,1821
12628,2026-08-18,WADI,WADI,16.0,1858
12628,2026-08-18,YG,YADGIR,19.0,1897
12628,2026-08-18,RC,RAICHUR,22.0,1965
12628,2026-08-18,MALM,MANTHRALAYAM RD,23.0,1994
12628,2026-08-18,AD,ADONI,20.0,2035
12628,2026-08-18,GTL,GUNTAKAL JN,30.0,2086
12628,2026-08-18,ATP,ANANTAPUR,33.0,2172
12628,2026-08-18,DMM,DHARMAVARAM JN,15.0,2205
12628,2026-08-18,SSPN,SAI P NILAYAM,23.0,2238
12628,2026-08-18,PKD,PENUKONDA,26.0,2259
12628,2026-08-18,HUP,HINDUPUR,37.0,2296
12628,2026-08-18,YNK,YELHANKA JN,24.0,2379
12628,2026-08-18,BNC,BANGALORE CANT,43.0,2402
12628,2026-08-18,SBC,KSR BANGALORE CY JN,-9.0,2406
12628,2026-08-19,NDLS,NEW DELHI,4.0,0
12628,2026-08-19,MTJ,MATHURA JN,23.0,141
12628,2026-08-19,AGC,AGRA CANTT,18.0,195
12628,2026-08-19,GWL,GWALIOR,24.0,313
12628,2026-08-19,VGLJ,V LAKSHMIBAI JHANSI,10.0,410
12628,2026-08-19,BINA,BINA JN,1.0,563
12628,2026-08-19,BPL,BHOPAL JN,12.0,701
12628,2026-08-19,ET,ITARSI JN,4.0,793
12628,2026-08-19,KNW,KHANDWA,0.0,976
12628,2026-08-19,BAU,BURHANPUR,3.0,1045
12628,2026-08-19,BSL,BHUSAVAL JN,12.0,1100
12628,2026-08-19,JL,JALGAON JN,16.0,1124
12628,2026-08-19,MMR,MANMAD JN,42.0,1284
12628,2026-08-19,KPG,KOPARGAON,32.0,1326
12628,2026-08-19,BAP,BELAPUR,53.0,1370
12628,2026-08-19,ANG,AHMADNAGAR,40.0,1437
12628,2026-08-19,DD,DAUND JN,40.0,1520
12628,2026-08-19,KWV,KURDUVADI,59.0,1630
12628,2026-08-19,SUR,SOLAPUR JN,50.0,1708
12628,2026-08-19,KLBG,KALABURAGI JN,62.0,1821
12628,2026-08-19,WADI,WADI,25.0,1858
12628,2026-08-19,YG,YADGIR,23.0,1897
12628,2026-08-19,RC,RAICHUR,18.0,1965
12628,2026-08-19,MALM,MANTHRALAYAM RD,19.0,1994
12628,2026-08-19,AD,ADONI,15.0,2035
12628,2026-08-19,GTL,GUNTAKAL JN,39.0,2086
12628,2026-08-19,ATP,ANANTAPUR,41.0,2172
12628,2026-08-19,DMM,DHARMAVARAM JN,16.0,2205
12628,2026-08-19,SSPN,SAI P NILAYAM,45.0,2238
12628,2026-08-19,PKD,PENUKONDA,47.0,2259
12628,2026-08-19,HUP,HINDUPUR,54.0,2296
12628,2026-08-19,YNK,YELHANKA JN,54.0,2379
12628,2026-08-19,BNC,BANGALORE CANT,60.0,2402
12628,2026-08-19,SBC,KSR BANGALORE CY JN,13.0,2406
12628,2026-08-20,NDLS,NEW DELHI,2.0,0
12628,2026-08-20,MTJ,MATHURA JN,24.0,141
12628,2026-08-20,AGC,AGRA CANTT,20.0,195
12628,2026-08-20,GWL,GWALIOR,19.0,313
12628,2026-08-20,VGLJ,V LAKSHMIBAI JHANSI,13.0,410
12628,2026-08-20,BINA,BINA JN,0.0,563
12628,2026-08-20,BPL,BHOPAL JN,1.0,701
12628,2026-08-20,ET,ITARSI JN,1.0,793
12628,2026-08-20,KNW,KHANDWA,2.0,976
12628,2026-08-20,BAU,BURHANPUR,8.0,1045
12628,2026-08-20,BSL,BHUSAVAL JN,3.0,1100
12628,2026-08-20,JL,JALGAON JN,12.0,1124
12628,2026-08-20,MMR,MANMAD JN,16.0,1284
12628,2026-08-20,KPG,KOPARGAON,8.0,1326
12628,2026-08-20,BAP,BELAPUR,19.0,1370
12628,2026-08-20,ANG,AHMADNAGAR,5.0,1437
12628,2026-08-20,DD,DAUND JN,6.0,1520
12628,2026-08-20,KWV,KURDUVADI,18.0,1630
12628,2026-08-20,SUR,SOLAPUR JN,28.0,1708
12628,2026-08-20,KLBG,KALABURAGI JN,47.0,1821
12628,2026-08-20,WADI,WADI,21.0,1858
12628,2026-08-20,YG,YADGIR,19.0,1897
12628,2026-08-20,RC,RAICHUR,9.0,1965
12628,2026-08-20,MALM,MANTHRALAYAM RD,10.0,1994
12628,2026-08-20,AD,ADONI,8.0,2035
12628,2026-08-20,GTL,GUNTAKAL JN,7.0,2086
12628,2026-08-20,ATP,ANANTAPUR,9.0,2172
12628,2026-08-20,DMM,DHARMAVARAM JN,0.0,2205
12628,2026-08-20,SSPN,SAI P NILAYAM,7.0,2238
12628,2026-08-20,PKD,PENUKONDA,8.0,2259
12628,2026-08-20,HUP,HINDUPUR,13.0,2296
12628,2026-08-20,YNK,YELHANKA JN,0.0,2379
12628,2026-08-20,BNC,BANGALORE CANT,51.0,2402
12628,2026-08-20,SBC,KSR BANGALORE CY JN,-3.0,2406
12628,2026-08-21,NDLS,NEW DELHI,5.0,0
12628,2026-08-21,MTJ,MATHURA JN,30.0,141
12628,2026-08-21,AGC,AGRA CANTT,25.0,195
12628,2026-08-21,GWL,GWALIOR,14.0,313
12628,2026-08-21,VGLJ,V LAKSHMIBAI JHANSI,8.0,410
12628,2026-08-21,BINA,BINA JN,9.0,563
12628,2026-08-21,BPL,BHOPAL JN,24.0,701
12628,2026-08-21,ET,ITARSI JN,3.0,793
12628,2026-08-21,KNW,KHANDWA,0.0,976
12628,2026-08-21,BAU,BURHANPUR,9.0,1045
12628,2026-08-21,BSL,BHUSAVAL JN,14.0,1100
12628,2026-08-21,JL,JALGAON JN,30.0,1124
12628,2026-08-21,MMR,MANMAD JN,19.0,1284
12628,2026-08-21,KPG,KOPARGAON,16.0,1326
12628,2026-08-21,BAP,BELAPUR,38.0,1370
12628,2026-08-21,ANG,AHMADNAGAR,23.0,1437
12628,2026-08-21,DD,DAUND JN,10.0,1520
12628,2026-08-21,KWV,KURDUVADI,59.0,1630
12628,2026-08-21,SUR,SOLAPUR JN,28.0,1708
12628,2026-08-21,KLBG,KALABURAGI JN,25.0,1821
12628,2026-08-21,WADI,WADI,4.0,1858
12628,2026-08-21,YG,YADGIR,5.0,1897
12628,2026-08-21,RC,RAICHUR,0.0,1965
12628,2026-08-21,MALM,MANTHRALAYAM RD,2.0,1994
12628,2026-08-21,AD,ADONI,0.0,2035
12628,2026-08-21,GTL,GUNTAKAL JN,10.0,2086
12628,2026-08-21,ATP,ANANTAPUR,10.0,2172
12628,2026-08-21,DMM,DHARMAVARAM JN,1.0,2205
12628,2026-08-21,SSPN,SAI P NILAYAM,8.0,2238
12628,2026-08-21,PKD,PENUKONDA,14.0,2259
12628,2026-08-21,HUP,HINDUPUR,22.0,2296
12628,2026-08-21,YNK,YELHANKA JN,6.0,2379
12628,2026-08-21,BNC,BANGALORE CANT,45.0,2402
12628,2026-08-21,SBC,KSR BANGALORE CY JN,-6.0,2406
12628,2026-08-22,NDLS,NEW DELHI,0.0,0
12628,2026-08-22,MTJ,MATHURA JN,12.0,141
12628,2026-08-22,AGC,AGRA CANTT,26.0,195
12628,2026-08-22,GWL,GWALIOR,0.0,313
12628,2026-08-22,VGLJ,V LAKSHMIBAI JHANSI,3.0,410
12628,2026-08-22,BINA,BINA JN,0.0,563
12628,2026-08-22,BPL,BHOPAL JN,5.0,701
12628,2026-08-22,ET,ITARSI JN,19.0,793
12628,2026-08-22,KNW,KHANDWA,0.0,976
12628,2026-08-22,BAU,BURHANPUR,12.0,1045
12628,2026-08-22,BSL,BHUSAVAL JN,13.0,1100
12628,2026-08-22,JL,JALGAON JN,21.0,1124
12628,2026-08-22,MMR,MANMAD JN,26.0,1284
12628,2026-08-22,KPG,KOPARGAON,16.0,1326
12628,2026-08-22,BAP,BELAPUR,26.0,1370
12628,2026-08-22,ANG,AHMADNAGAR,20.0,1437
12628,2026-08-22,DD,DAUND JN,7.0,1520
12628,2026-08-22,KWV,KURDUVADI,23.0,1630
12628,2026-08-22,SUR,SOLAPUR JN,11.0,1708
12628,2026-08-22,KLBG,KALABURAGI JN,14.0,1821
12628,2026-08-22,WADI,WADI,1.0,1858
12628,2026-08-22,YG,YADGIR,0.0,1897
12628,2026-08-22,RC,RAICHUR,3.0,1965
12628,2026-08-22,MALM,MANTHRALAYAM RD,3.0,1994
12628,2026-08-22,AD,ADONI,0.0,2035
12628,2026-08-22,GTL,GUNTAKAL JN,22.0,2086
12628,2026-08-22,ATP,ANANTAPUR,20.0,2172
12628,2026-08-22,DMM,DHARMAVARAM JN,0.0,2205
12628,2026-08-22,SSPN,SAI P NILAYAM,6.0,2238
12628,2026-08-22,PKD,PENUKONDA,5.0,2259
12628,2026-08-22,HUP,HINDUPUR,9.0,2296
12628,2026-08-22,YNK,YELHANKA JN,6.0,2379
12628,2026-08-22,BNC,BANGALORE CANT,50.0,2402
12628,2026-08-22,SBC,KSR BANGALORE CY JN,-3.0,2406
12628,2026-08-23,NDLS,NEW DELHI,0.0,0
12628,2026-08-23,MTJ,MATHURA JN,18.0,141
12628,2026-08-23,AGC,AGRA CANTT,12.0,195
12628,2026-08-23,GWL,GWALIOR,3.0,313
12628,2026-08-23,VGLJ,V LAKSHMIBAI JHANSI,13.0,410
12628,2026-08-23,BINA,BINA JN,3.0,563
12628,2026-08-23,BPL,BHOPAL JN,2.0,701
12628,2026-08-23,ET,ITARSI JN,2.0,793
12628,2026-08-23,KNW,KHANDWA,0.0,976
12628,2026-08-23,BAU,BURHANPUR,5.0,1045
12628,2026-08-23,BSL,BHUSAVAL JN,11.0,1100
12628,2026-08-23,JL,JALGAON JN,24.0,1124
12628,2026-08-23,MMR,MANMAD JN,50.0,1284
12628,2026-08-23,KPG,KOPARGAON,39.0,1326
12628,2026-08-23,BAP,BELAPUR,49.0,1370
12628,2026-08-23,ANG,AHMADNAGAR,35.0,1437
12628,2026-08-23,DD,DAUND JN,17.0,1520
12628,2026-08-23,KWV,KURDUVADI,35.0,1630
12628,2026-08-23,SUR,SOLAPUR JN,13.0,1708
12628,2026-08-23,KLBG,KALABURAGI JN,13.0,1821
12628,2026-08-23,WADI,WADI,1.0,1858
12628,2026-08-23,YG,YADGIR,4.0,1897
12628,2026-08-23,RC,RAICHUR,0.0,1965
12628,2026-08-23,MALM,MANTHRALAYAM RD,3.0,1994
12628,2026-08-23,AD,ADONI,0.0,2035
12628,2026-08-23,GTL,GUNTAKAL JN,21.0,2086
12628,2026-08-23,ATP,ANANTAPUR,17.0,2172
12628,2026-08-23,DMM,DHARMAVARAM JN,1.0,2205
12628,2026-08-23,SSPN,SAI P NILAYAM,8.0,2238
12628,2026-08-23,PKD,PENUKONDA,9.0,2259
12628,2026-08-23,HUP,HINDUPUR,0.0,2296
12628,2026-08-23,YNK,YELHANKA JN,0.0,2379
12628,2026-08-23,BNC,BANGALORE CANT,53.0,2402
12628,2026-08-23,SBC,KSR BANGALORE CY JN,3.0,2406
12628,2026-08-24,NDLS,NEW DELHI,1.0,0
12628,2026-08-24,MTJ,MATHURA JN,23.0,141
12628,2026-08-24,AGC,AGRA CANTT,21.0,195
12628,2026-08-24,GWL,GWALIOR,12.0,313
12628,2026-08-24,VGLJ,V LAKSHMIBAI JHANSI,1.0,410
12628,2026-08-24,BINA,BINA JN,14.0,563
12628,2026-08-24,BPL,BHOPAL JN,21.0,701
12628,2026-08-24,ET,ITARSI JN,7.0,793
12628,2026-08-24,KNW,KHANDWA,2.0,976
12628,2026-08-24,BAU,BURHANPUR,14.0,1045
12628,2026-08-24,BSL,BHUSAVAL JN,6.0,1100
12628,2026-08-24,JL,JALGAON JN,45.0,1124
12628,2026-08-24,MMR,MANMAD JN,41.0,1284
12628,2026-08-24,KPG,KOPARGAON,27.0,1326
12628,2026-08-24,BAP,BELAPUR,36.0,1370
12628,2026-08-24,ANG,AHMADNAGAR,25.0,1437
12628,2026-08-24,DD,DAUND JN,16.0,1520
12628,2026-08-24,KWV,KURDUVADI,64.0,1630
12628,2026-08-24,SUR,SOLAPUR JN,38.0,1708
12628,2026-08-24,KLBG,KALABURAGI JN,61.0,1821
12628,2026-08-24,WADI,WADI,20.0,1858
12628,2026-08-24,YG,YADGIR,21.0,1897
12628,2026-08-24,RC,RAICHUR,8.0,1965
12628,2026-08-24,MALM,MANTHRALAYAM RD,15.0,1994
12628,2026-08-24,AD,ADONI,13.0,2035
12628,2026-08-24,GTL,GUNTAKAL JN,17.0,2086
12628,2026-08-24,ATP,ANANTAPUR,9.0,2172
12628,2026-08-24,DMM,DHARMAVARAM JN,1.0,2205
12628,2026-08-24,SSPN,SAI P NILAYAM,8.0,2238
12628,2026-08-24,PKD,PENUKONDA,9.0,2259
12628,2026-08-24,HUP,HINDUPUR,22.0,2296
12628,2026-08-24,YNK,YELHANKA JN,16.0,2379
12628,2026-08-24,BNC,BANGALORE CANT,4.0,2402
12628,2026-08-24,SBC,KSR BANGALORE CY JN,-11.0,2406
12628,2026-08-25,NDLS,NEW DELHI,1.0,0
12628,2026-08-25,MTJ,MATHURA JN,37.0,141
12628,2026-08-25,AGC,AGRA CANTT,30.0,195
12628,2026-08-25,GWL,GWALIOR,23.0,313
12628,2026-08-25,VGLJ,V LAKSHMIBAI JHANSI,27.0,410
12628,2026-08-25,BINA,BINA JN,10.0,563
12628,2026-08-25,BPL,BHOPAL JN,27.0,701
12628,2026-08-25,ET,ITARSI JN,7.0,793
12628,2026-08-25,KNW,KHANDWA,1.0,976
12628,2026-08-25,BAU,BURHANPUR,7.0,1045
12628,2026-08-25,BSL,BHUSAVAL JN,14.0,1100
12628,2026-08-25,JL,JALGAON JN,24.0,1124
12628,2026-08-25,MMR,MANMAD JN,21.0,1284
12628,2026-08-25,KPG,KOPARGAON,8.0,1326
12628,2026-08-25,BAP,BELAPUR,15.0,1370
12628,2026-08-25,ANG,AHMADNAGAR,19.0,1437
12628,2026-08-25,DD,DAUND JN,13.0,1520
12628,2026-08-25,KWV,KURDUVADI,17.0,1630
12628,2026-08-25,SUR,SOLAPUR JN,16.0,1708
12628,2026-08-25,KLBG,KALABURAGI JN,38.0,1821
12628,2026-08-25,WADI,WADI,19.0,1858
12628,2026-08-25,YG,YADGIR,18.0,1897
12628,2026-08-25,RC,RAICHUR,5.0,1965
12628,2026-08-25,MALM,MANTHRALAYAM RD,5.0,1994
12628,2026-08-25,AD,ADONI,0.0,2035
12628,2026-08-25,GTL,GUNTAKAL JN,0.0,2086
12628,2026-08-25,ATP,ANANTAPUR,10.0,2172
12628,2026-08-25,DMM,DHARMAVARAM JN,12.0,2205
12628,2026-08-25,SSPN,SAI P NILAYAM,16.0,2238
12628,2026-08-25,PKD,PENUKONDA,23.0,2259
12628,2026-08-25,HUP,HINDUPUR,35.0,2296
12628,2026-08-25,YNK,YELHANKA JN,24.0,2379
12628,2026-08-25,BNC,BANGALORE CANT,25.0,2402
12628,2026-08-25,SBC,KSR BANGALORE CY JN,-21.0,2406
12628,2026-08-26,NDLS,NEW DELHI,2.0,0
12628,2026-08-26,MTJ,MATHURA JN,21.0,141
12628,2026-08-26,AGC,AGRA CANTT,29.0,195
12628,2026-08-26,GWL,GWALIOR,2.0,313
12628,2026-08-26,VGLJ,V LAKSHMIBAI JHANSI,6.0,410
12628,2026-08-26,BINA,BINA JN,4.0,563
12628,2026-08-26,BPL,BHOPAL JN,7.0,701
12628,2026-08-26,ET,ITARSI JN,19.0,793
12628,2026-08-26,KNW,KHANDWA,3.0,976
12628,2026-08-26,BAU,BURHANPUR,6.0,1045
12628,2026-08-26,BSL,BHUSAVAL JN,1.0,1100
12628,2026-08-26,JL,JALGAON JN,9.0,1124
12628,2026-08-26,MMR,MANMAD JN,24.0,1284
12628,2026-08-26,KPG,KOPARGAON,14.0,1326
12628,2026-08-26,BAP,BELAPUR,19.0,1370
12628,2026-08-26,ANG,AHMADNAGAR,4.0,1437
12628,2026-08-26,DD,DAUND JN,4.0,1520
12628,2026-08-26,KWV,KURDUVADI,8.0,1630
12628,2026-08-26,SUR,SOLAPUR JN,3.0,1708
12628,2026-08-26,KLBG,KALABURAGI JN,26.0,1821
12628,2026-08-26,WADI,WADI,0.0,1858
12628,2026-08-26,YG,YADGIR,0.0,1897
12628,2026-08-26,RC,RAICHUR,0.0,1965
12628,2026-08-26,MALM,MANTHRALAYAM RD,0.0,1994
12628,2026-08-26,AD,ADONI,1.0,2035
12628,2026-08-26,GTL,GUNTAKAL JN,38.0,2086
12628,2026-08-26,ATP,ANANTAPUR,41.0,2172
12628,2026-08-26,DMM,DHARMAVARAM JN,15.0,2205
12628,2026-08-26,SSPN,SAI P NILAYAM,32.0,2238
12628,2026-08-26,PKD,PENUKONDA,35.0,2259
12628,2026-08-26,HUP,HINDUPUR,40.0,2296
12628,2026-08-26,YNK,YELHANKA JN,34.0,2379
12628,2026-08-26,BNC,BANGALORE CANT,50.0,2402
12628,2026-08-26,SBC,KSR BANGALORE CY JN,-3.0,2406
12628,2026-08-27,NDLS,NEW DELHI,4.0,0
12628,2026-08-27,MTJ,MATHURA JN,26.0,141
12628,2026-08-27,AGC,AGRA CANTT,22.0,195
12628,2026-08-27,GWL,GWALIOR,12.0,313
12628,2026-08-27,VGLJ,V LAKSHMIBAI JHANSI,4.0,410
12628,2026-08-27,BINA,BINA JN,14.0,563
12628,2026-08-27,BPL,BHOPAL JN,9.0,701
12628,2026-08-27,ET,ITARSI JN,0.0,793
12628,2026-08-27,KNW,KHANDWA,0.0,976
12628,2026-08-27,BAU,BURHANPUR,7.0,1045
12628,2026-08-27,BSL,BHUSAVAL JN,2.0,1100
12628,2026-08-27,JL,JALGAON JN,3.0,1124
12628,2026-08-27,MMR,MANMAD JN,32.0,1284
12628,2026-08-27,KPG,KOPARGAON,20.0,1326
12628,2026-08-27,BAP,BELAPUR,33.0,1370
12628,2026-08-27,ANG,AHMADNAGAR,20.0,1437
12628,2026-08-27,DD,DAUND JN,10.0,1520
12628,2026-08-27,KWV,KURDUVADI,49.0,1630
12628,2026-08-27,SUR,SOLAPUR JN,15.0,1708
12628,2026-08-27,KLBG,KALABURAGI JN,25.0,1821
12628,2026-08-27,WADI,WADI,0.0,1858
12628,2026-08-27,YG,YADGIR,0.0,1897
12628,2026-08-27,RC,RAICHUR,0.0,1965
12628,2026-08-27,MALM,MANTHRALAYAM RD,0.0,1994
12628,2026-08-27,AD,ADONI,10.0,2035
12628,2026-08-27,GTL,GUNTAKAL JN,2.0,2086
12628,2026-08-27,ATP,ANANTAPUR,16.0,2172
12628,2026-08-27,DMM,DHARMAVARAM JN,4.0,2205
12628,2026-08-27,SSPN,SAI P NILAYAM,13.0,2238
12628,2026-08-27,PKD,PENUKONDA,15.0,2259
12628,2026-08-27,HUP,HINDUPUR,24.0,2296
12628,2026-08-27,YNK,YELHANKA JN,33.0,2379
12628,2026-08-27,BNC,BANGALORE CANT,55.0,2402
12628,2026-08-27,SBC,KSR BANGALORE CY JN,1.0,2406
12628,2026-08-28,NDLS,NEW DELHI,0.0,0
12628,2026-08-28,MTJ,MATHURA JN,23.0,141
12628,2026-08-28,AGC,AGRA CANTT,18.0,195
12628,2026-08-28,GWL,GWALIOR,0.0,313
12628,2026-08-28,VGLJ,V LAKSHMIBAI JHANSI,10.0,410
12628,2026-08-28,BINA,BINA JN,1.0,563
12628,2026-08-28,BPL,BHOPAL JN,0.0,701
12628,2026-08-28,ET,ITARSI JN,0.0,793
12628,2026-08-28,KNW,KHANDWA,0.0,976
12628,2026-08-28,BAU,BURHANPUR,10.0,1045
12628,2026-08-28,BSL,BHUSAVAL JN,14.0,1100
12628,2026-08-28,JL,JALGAON JN,20.0,1124
12628,2026-08-28,MMR,MANMAD JN,31.0,1284
12628,2026-08-28,KPG,KOPARGAON,20.0,1326
12628,2026-08-28,BAP,BELAPUR,38.0,1370
12628,2026-08-28,ANG,AHMADNAGAR,36.0,1437
12628,2026-08-28,DD,DAUND JN,39.0,1520
12628,2026-08-28,KWV,KURDUVADI,59.0,1630
12628,2026-08-28,SUR,SOLAPUR JN,52.0,1708
12628,2026-08-28,KLBG,KALABURAGI JN,83.0,1821
12628,2026-08-28,WADI,WADI,48.0,1858
12628,2026-08-28,YG,YADGIR,45.0,1897
12628,2026-08-28,RC,RAICHUR,32.0,1965
12628,2026-08-28,MALM,MANTHRALAYAM RD,32.0,1994
12628,2026-08-28,AD,ADONI,27.0,2035
12628,2026-08-28,GTL,GUNTAKAL JN,15.0,2086
12628,2026-08-28,ATP,ANANTAPUR,21.0,2172
12628,2026-08-28,DMM,DHARMAVARAM JN,1.0,2205
12628,2026-08-28,SSPN,SAI P NILAYAM,8.0,2238
12628,2026-08-28,PKD,PENUKONDA,11.0,2259
12628,2026-08-28,HUP,HINDUPUR,15.0,2296
12628,2026-08-28,YNK,YELHANKA JN,15.0,2379
12628,2026-08-28,BNC,BANGALORE CANT,35.0,2402
12628,2026-08-28,SBC,KSR BANGALORE CY JN,-18.0,2406
12628,2026-08-29,NDLS,NEW DELHI,9.0,0
12628,2026-08-29,MTJ,MATHURA JN,31.0,141
12628,2026-08-29,AGC,AGRA CANTT,22.0,195
12628,2026-08-29,GWL,GWALIOR,4.0,313
12628,2026-08-29,VGLJ,V LAKSHMIBAI JHANSI,0.0,410
12628,2026-08-29,BINA,BINA JN,44.0,563
12628,2026-08-29,BPL,BHOPAL JN,75.0,701
12628,2026-08-29,ET,ITARSI JN,48.0,793
12628,2026-08-29,KNW,KHANDWA,28.0,976
12628,2026-08-29,BAU,BURHANPUR,35.0,1045
12628,2026-08-29,BSL,BHUSAVAL JN,24.0,1100
12628,2026-08-29,JL,JALGAON JN,25.0,1124
12628,2026-08-29,MMR,MANMAD JN,29.0,1284
12628,2026-08-29,KPG,KOPARGAON,22.0,1326
12628,2026-08-29,BAP,BELAPUR,29.0,1370
12628,2026-08-29,ANG,AHMADNAGAR,14.0,1437
12628,2026-08-29,DD,DAUND JN,1.0,1520
12628,2026-08-29,KWV,KURDUVADI,49.0,1630
12628,2026-08-29,SUR,SOLAPUR JN,16.0,1708
12628,2026-08-29,KLBG,KALABURAGI JN,26.0,1821
12628,2026-08-29,WADI,WADI,19.0,1858
12628,2026-08-29,YG,YADGIR,24.0,1897
12628,2026-08-29,RC,RAICHUR,21.0,1965
12628,2026-08-29,MALM,MANTHRALAYAM RD,22.0,1994
12628,2026-08-29,AD,ADONI,18.0,2035
12628,2026-08-29,GTL,GUNTAKAL JN,24.0,2086
12628,2026-08-29,ATP,ANANTAPUR,30.0,2172
12628,2026-08-29,DMM,DHARMAVARAM JN,6.0,2205
12628,2026-08-29,SSPN,SAI P NILAYAM,12.0,2238
12628,2026-08-29,PKD,PENUKONDA,15.0,2259
12628,2026-08-29,HUP,HINDUPUR,20.0,2296
12628,2026-08-29,YNK,YELHANKA JN,15.0,2379
12628,2026-08-29,BNC,BANGALORE CANT,37.0,2402
12628,2026-08-29,SBC,KSR BANGALORE CY JN,-13.0,2406
12628,2026-08-30,NDLS,NEW DELHI,6.0,0
12628,2026-08-30,MTJ,MATHURA JN,17.0,141
12628,2026-08-30,AGC,AGRA CANTT,12.0,195
12628,2026-08-30,GWL,GWALIOR,7.0,313
12628,2026-08-30,VGLJ,V LAKSHMIBAI JHANSI,1.0,410
12628,2026-08-30,BINA,BINA JN,0.0,563
12628,2026-08-30,BPL,BHOPAL JN,4.0,701
12628,2026-08-30,ET,ITARSI JN,14.0,793
12628,2026-08-30,KNW,KHANDWA,0.0,976
12628,2026-08-30,BAU,BURHANPUR,1.0,1045
12628,2026-08-30,BSL,BHUSAVAL JN,13.0,1100
12628,2026-08-30,JL,JALGAON JN,21.0,1124
12628,2026-08-30,MMR,MANMAD JN,15.0,1284
12628,2026-08-30,KPG,KOPARGAON,10.0,1326
12628,2026-08-30,BAP,BELAPUR,20.0,1370
12628,2026-08-30,ANG,AHMADNAGAR,13.0,1437
12628,2026-08-30,DD,DAUND JN,1.0,1520
12628,2026-08-30,KWV,KURDUVADI,21.0,1630
12628,2026-08-30,SUR,SOLAPUR JN,28.0,1708
12628,2026-08-30,KLBG,KALABURAGI JN,21.0,1821
12628,2026-08-30,WADI,WADI,15.0,1858
12628,2026-08-30,YG,YADGIR,10.0,1897
12628,2026-08-30,RC,RAICHUR,0.0,1965
12628,2026-08-30,MALM,MANTHRALAYAM RD,2.0,1994
12628,2026-08-30,AD,ADONI,2.0,2035
12628,2026-08-30,GTL,GUNTAKAL JN,13.0,2086
12628,2026-08-30,ATP,ANANTAPUR,15.0,2172
12628,2026-08-30,DMM,DHARMAVARAM JN,0.0,2205
12628,2026-08-30,SSPN,SAI P NILAYAM,1.0,2238
12628,2026-08-30,PKD,PENUKONDA,13.0,2259
12628,2026-08-30,HUP,HINDUPUR,16.0,2296
12628,2026-08-30,YNK,YELHANKA JN,21.0,2379
12628,2026-08-30,BNC,BANGALORE CANT,42.0,2402
12628,2026-08-30,SBC,KSR BANGALORE CY JN,-13.0,2406
12628,2026-08-31,NDLS,NEW DELHI,1.0,0
12628,2026-08-31,MTJ,MATHURA JN,24.0,141
12628,2026-08-31,AGC,AGRA CANTT,16.0,195
12628,2026-08-31,GWL,GWALIOR,1.0,313
12628,2026-08-31,VGLJ,V LAKSHMIBAI JHANSI,0.0,410
12628,2026-08-31,BINA,BINA JN,6.0,563
12628,2026-08-31,BPL,BHOPAL JN,12.0,701
12628,2026-08-31,ET,ITARSI JN,0.0,793
12628,2026-08-31,KNW,KHANDWA,0.0,976
12628,2026-08-31,BAU,BURHANPUR,12.0,1045
12628,2026-08-31,BSL,BHUSAVAL JN,2.0,1100
12628,2026-08-31,JL,JALGAON JN,7.0,1124
12628,2026-08-31,MMR,MANMAD JN,10.0,1284
12628,2026-08-31,KPG,KOPARGAON,0.0,1326
12628,2026-08-31,BAP,BELAPUR,8.0,1370
12628,2026-08-31,ANG,AHMADNAGAR,4.0,1437
12628,2026-08-31,DD,DAUND JN,13.0,1520
12628,2026-08-31,KWV,KURDUVADI,54.0,1630
12628,2026-08-31,SUR,SOLAPUR JN,40.0,1708
12628,2026-08-31,KLBG,KALABURAGI JN,55.0,1821
12628,2026-08-31,WADI,WADI,18.0,1858
12628,2026-08-31,YG,YADGIR,20.0,1897
12628,2026-08-31,RC,RAICHUR,10.0,1965
12628,2026-08-31,MALM,MANTHRALAYAM RD,17.0,1994
12628,2026-08-31,AD,ADONI,12.0,2035
12628,2026-08-31,GTL,GUNTAKAL JN,17.0,2086
12628,2026-08-31,ATP,ANANTAPUR,24.0,2172
12628,2026-08-31,DMM,DHARMAVARAM JN,4.0,2205
12628,2026-08-31,SSPN,SAI P NILAYAM,13.0,2238
12628,2026-08-31,PKD,PENUKONDA,16.0,2259
12628,2026-08-31,HUP,HINDUPUR,23.0,2296
12628,2026-08-31,YNK,YELHANKA JN,14.0,2379
12628,2026-08-31,BNC,BANGALORE CANT,36.0,2402
12628,2026-08-31,SBC,KSR BANGALORE CY JN,-17.0,2406
12628,2026-09-01,NDLS,NEW DELHI,0.0,0
12628,2026-09-01,MTJ,MATHURA JN,31.0,141
12628,2026-09-01,AGC,AGRA CANTT,24.0,195
12628,2026-09-01,GWL,GWALIOR,0.0,313
12628,2026-09-01,VGLJ,V LAKSHMIBAI JHANSI,17.0,410
12628,2026-09-01,BINA,BINA JN,14.0,563
12628,2026-09-01,BPL,BHOPAL JN,17.0,701
12628,2026-09-01,ET,ITARSI JN,10.0,793
12628,2026-09-01,KNW,KHANDWA,1.0,976
12628,2026-09-01,BAU,BURHANPUR,8.0,1045
12628,2026-09-01,BSL,BHUSAVAL JN,0.0,1100
12628,2026-09-01,JL,JALGAON JN,2.0,1124
12628,2026-09-01,MMR,MANMAD JN,14.0,1284
12628,2026-09-01,KPG,KOPARGAON,3.0,1326
12628,2026-09-01,BAP,BELAPUR,12.0,1370
12628,2026-09-01,ANG,AHMADNAGAR,0.0,1437
12628,2026-09-01,DD,DAUND JN,12.0,1520
12628,2026-09-01,KWV,KURDUVADI,36.0,1630
12628,2026-09-01,SUR,SOLAPUR JN,27.0,1708
12628,2026-09-01,KLBG,KALABURAGI JN,54.0,1821
12628,2026-09-01,WADI,WADI,18.0,1858
12628,2026-09-01,YG,YADGIR,17.0,1897
12628,2026-09-01,RC,RAICHUR,6.0,1965
12628,2026-09-01,MALM,MANTHRALAYAM RD,6.0,1994
12628,2026-09-01,AD,ADONI,1.0,2035
12628,2026-09-01,GTL,GUNTAKAL JN,22.0,2086
12628,2026-09-01,ATP,ANANTAPUR,16.0,2172
12628,2026-09-01,DMM,DHARMAVARAM JN,4.0,2205
12628,2026-09-01,SSPN,SAI P NILAYAM,0.0,2238
12628,2026-09-01,PKD,PENUKONDA,19.0,2259
12628,2026-09-01,HUP,HINDUPUR,25.0,2296
12628,2026-09-01,YNK,YELHANKA JN,26.0,2379
12628,2026-09-01,BNC,BANGALORE CANT,48.0,2402
12628,2026-09-01,SBC,KSR BANGALORE CY JN,-3.0,2406
12628,2026-09-02,NDLS,NEW DELHI,1.0,0
12628,2026-09-02,MTJ,MATHURA JN,48.0,141
12628,2026-09-02,AGC,AGRA CANTT,38.0,195
12628,2026-09-02,GWL,GWALIOR,15.0,313
12628,2026-09-02,VGLJ,V LAKSHMIBAI JHANSI,16.0,410
12628,2026-09-02,BINA,BINA JN,13.0,563
12628,2026-09-02,BPL,BHOPAL JN,5.0,701
12628,2026-09-02,ET,ITARSI JN,2.0,793
12628,2026-09-02,KNW,KHANDWA,0.0,976
12628,2026-09-02,BAU,BURHANPUR,11.0,1045
12628,2026-09-02,BSL,BHUSAVAL JN,1.0,1100
12628,2026-09-02,JL,JALGAON JN,1.0,1124
12628,2026-09-02,MMR,MANMAD JN,7.0,1284
12628,2026-09-02,KPG,KOPARGAON,9.0,1326
12628,2026-09-02,BAP,BELAPUR,17.0,1370
12628,2026-09-02,ANG,AHMADNAGAR,4.0,1437
12628,2026-09-02,DD,DAUND JN,3.0,1520
12628,2026-09-02,KWV,KURDUVADI,61.0,1630
12628,2026-09-02,SUR,SOLAPUR JN,45.0,1708
12628,2026-09-02,KLBG,KALABURAGI JN,78.0,1821
12628,2026-09-02,WADI,WADI,46.0,1858
12628,2026-09-02,YG,YADGIR,45.0,1897
12628,2026-09-02,RC,RAICHUR,29.0,1965
12628,2026-09-02,MALM,MANTHRALAYAM RD,29.0,1994
12628,2026-09-02,AD,ADONI,25.0,2035
12628,2026-09-02,GTL,GUNTAKAL JN,22.0,2086
12628,2026-09-02,ATP,ANANTAPUR,22.0,2172
12628,2026-09-02,DMM,DHARMAVARAM JN,18.0,2205
12628,2026-09-02,SSPN,SAI P NILAYAM,30.0,2238
12628,2026-09-02,PKD,PENUKONDA,33.0,2259
12628,2026-09-02,HUP,HINDUPUR,40.0,2296
12628,2026-09-02,YNK,YELHANKA JN,28.0,2379
12628,2026-09-02,BNC,BANGALORE CANT,42.0,2402
12628,2026-09-02,SBC,KSR BANGALORE CY JN,-11.0,2406
12628,2026-09-03,NDLS,NEW DELHI,1.0,0
12628,2026-09-03,MTJ,MATHURA JN,47.0,141
12628,2026-09-03,AGC,AGRA CANTT,47.0,195
12628,2026-09-03,GWL,GWALIOR,35.0,313
12628,2026-09-03,VGLJ,V LAKSHMIBAI JHANSI,28.0,410
12628,2026-09-03,BINA,BINA JN,103.0,563
12628,2026-09-03,BPL,BHOPAL JN,84.0,701
12628,2026-09-03,ET,ITARSI JN,90.0,793
12628,2026-09-03,KNW,KHANDWA,79.0,976
12628,2026-09-03,BAU,BURHANPUR,92.0,1045
12628,2026-09-03,BSL,BHUSAVAL JN,89.0,1100
12628,2026-09-03,JL,JALGAON JN,93.0,1124
12628,2026-09-03,MMR,MANMAD JN,89.0,1284
12628,2026-09-03,KPG,KOPARGAON,85.0,1326
12628,2026-09-03,BAP,BELAPUR,120.0,1370
12628,2026-09-03,ANG,AHMADNAGAR,106.0,1437
12628,2026-09-03,DD,DAUND JN,99.0,1520
12628,2026-09-03,KWV,KURDUVADI,109.0,1630
12628,2026-09-03,SUR,SOLAPUR JN,101.0,1708
12628,2026-09-03,KLBG,KALABURAGI JN,114.0,1821
12628,2026-09-03,WADI,WADI,79.0,1858
12628,2026-09-03,YG,YADGIR,77.0,1897
12628,2026-09-03,RC,RAICHUR,78.0,1965
12628,2026-09-03,MALM,MANTHRALAYAM RD,81.0,1994
12628,2026-09-03,AD,ADONI,77.0,2035
12628,2026-09-03,GTL,GUNTAKAL JN,75.0,2086
12628,2026-09-03,ATP,ANANTAPUR,73.0,2172
12628,2026-09-03,DMM,DHARMAVARAM JN,55.0,2205
12628,2026-09-03,SSPN,SAI P NILAYAM,61.0,2238
12628,2026-09-03,PKD,PENUKONDA,60.0,2259
12628,2026-09-03,HUP,HINDUPUR,66.0,2296
12628,2026-09-03,YNK,YELHANKA JN,56.0,2379
12628,2026-09-03,BNC,BANGALORE CANT,60.0,2402
12628,2026-09-03,SBC,KSR BANGALORE CY JN,27.0,2406
12628,2026-09-04,NDLS,NEW DELHI,6.0,0
12628,2026-09-04,MTJ,MATHURA JN,43.0,141
12628,2026-09-04,AGC,AGRA CANTT,44.0,195
12628,2026-09-04,GWL,GWALIOR,44.0,313
12628,2026-09-04,VGLJ,V LAKSHMIBAI JHANSI,35.0,410
12628,2026-09-04,BINA,BINA JN,4.0,563
12628,2026-09-04,BPL,BHOPAL JN,1.0,701
12628,2026-09-04,ET,ITARSI JN,0.0,793
12628,2026-09-04,KNW,KHANDWA,1.0,976
12628,2026-09-04,BAU,BURHANPUR,22.0,1045
12628,2026-09-04,BSL,BHUSAVAL JN,13.0,1100
12628,2026-09-04,JL,JALGAON JN,20.0,1124
12628,2026-09-04,MMR,MANMAD JN,32.0,1284
12628,2026-09-04,KPG,KOPARGAON,24.0,1326
12628,2026-09-04,BAP,BELAPUR,41.0,1370
12628,2026-09-04,ANG,AHMADNAGAR,30.0,1437
12628,2026-09-04,DD,DAUND JN,11.0,1520
12628,2026-09-04,KWV,KURDUVADI,65.0,1630
12628,2026-09-04,SUR,SOLAPUR JN,44.0,1708
12628,2026-09-04,KLBG,KALABURAGI JN,65.0,1821
12628,2026-09-04,WADI,WADI,25.0,1858
12628,2026-09-04,YG,YADGIR,34.0,1897
12628,2026-09-04,RC,RAICHUR,27.0,1965
12628,2026-09-04,MALM,MANTHRALAYAM RD,0.0,1994
12628,2026-09-04,AD,ADONI,25.0,2035
12628,2026-09-04,GTL,GUNTAKAL JN,24.0,2086
12628,2026-09-04,ATP,ANANTAPUR,14.0,2172
12628,2026-09-04,DMM,DHARMAVARAM JN,1.0,2205
12628,2026-09-04,SSPN,SAI P NILAYAM,12.0,2238
12628,2026-09-04,PKD,PENUKONDA,14.0,2259
12628,2026-09-04,HUP,HINDUPUR,18.0,2296
12628,2026-09-04,YNK,YELHANKA JN,0.0,2379
12628,2026-09-04,BNC,BANGALORE CANT,0.0,2402
12628,2026-09-04,SBC,KSR BANGALORE CY JN,-20.0,2406
12628,2026-09-05,NDLS,NEW DELHI,0.0,0
12628,2026-09-05,MTJ,MATHURA JN,36.0,141
12628,2026-09-05,AGC,AGRA CANTT,37.0,195
12628,2026-09-05,GWL,GWALIOR,38.0,313
12628,2026-09-05,VGLJ,V LAKSHMIBAI JHANSI,16.0,410
12628,2026-09-05,BINA,BINA JN,1.0,563
12628,2026-09-05,BPL,BHOPAL JN,0.0,701
12628,2026-09-05,ET,ITARSI JN,24.0,793
12628,2026-09-05,KNW,KHANDWA,1.0,976
12628,2026-09-05,BAU,BURHANPUR,5.0,1045
12628,2026-09-05,BSL,BHUSAVAL JN,3.0,1100
12628,2026-09-05,JL,JALGAON JN,3.0,1124
12628,2026-09-05,MMR,MANMAD JN,31.0,1284
12628,2026-09-05,KPG,KOPARGAON,28.0,1326
12628,2026-09-05,BAP,BELAPUR,51.0,1370
12628,2026-09-05,ANG,AHMADNAGAR,44.0,1437
12628,2026-09-05,DD,DAUND JN,26.0,1520
12628,2026-09-05,KWV,KURDUVADI,82.0,1630
12628,2026-09-05,SUR,SOLAPUR JN,54.0,1708
12628,2026-09-05,KLBG,KALABURAGI JN,51.0,1821
12628,2026-09-05,WADI,WADI,16.0,1858
12628,2026-09-05,YG,YADGIR,18.0,1897
12628,2026-09-05,RC,RAICHUR,7.0,1965
12628,2026-09-05,MALM,MANTHRALAYAM RD,9.0,1994
12628,2026-09-05,AD,ADONI,5.0,2035
12628,2026-09-05,GTL,GUNTAKAL JN,4.0,2086
12628,2026-09-05,ATP,ANANTAPUR,2.0,2172
12628,2026-09-05,DMM,DHARMAVARAM JN,1.0,2205
12628,2026-09-05,SSPN,SAI P NILAYAM,6.0,2238
12628,2026-09-05,PKD,PENUKONDA,18.0,2259
12628,2026-09-05,HUP,HINDUPUR,27.0,2296
12628,2026-09-05,YNK,YELHANKA JN,19.0,2379
12628,2026-09-05,BNC,BANGALORE CANT,47.0,2402
12628,2026-09-05,SBC,KSR BANGALORE CY JN,-1.0,2406
