train_no,date,station_code,station_name,delay,distance
12802,2025-09-06,ANVT,ANAND VIHAR TRM,5.0,0
12802,2025-09-06,GOY,GOVINDPURI,25.0,424
12802,2025-09-06,FTP,FATEHPUR,61.0,504
12802,2025-09-06,PRYJ,PRAYAGRAJ JN,13.0,621
12802,2025-09-06,BDL,VINDHYACHAL,,702
12802,2025-09-06,MZP,MIRZAPUR,13.0,710
12802,2025-09-06,CAR,CHUNAR,22.0,741
12802,2025-09-06,DDU,PT DEEN DAYAL UPADHYAY JN,9.0,773
12802,2025-09-06,BBU,BHABUA ROAD,14.0,826
12802,2025-09-06,SSM,SASARAM,13.0,873
12802,2025-09-06,DOS,DEHRI ON SONE,15.0,891
12802,2025-09-06,AUBR,ANUGRAHA N ROAD,15.0,908
12802,2025-09-06,GAYA,GAYA JN,4.0,976
12802,2025-09-06,PRP,PAHARPUR,4.0,1008
12802,2025-09-06,KQR,KODERMA,15.0,1052
12802,2025-09-06,HZD,HAZARIBAGH RD,28.0,1101
12802,2025-09-06,PNME,PARASNATH,25.0,1128
12802,2025-09-06,GMO,NSC BOSE J GOMO,14.0,1146
12802,2025-09-06,CRP,CHANDRAPURA,4.0,1163
12802,2025-09-06,BKSC,BOKARO STL CITY,13.0,1178
12802,2025-09-06,PRR,PURULIA JN,3.0,1239
12802,2025-09-06,BBM,BARABHUM,13.0,1270
12802,2025-09-06,CNI,CHANDIL JN,3.0,1293
12802,2025-09-06,TATA,TATANAGAR JN,0.0,1329
12802,2025-09-06,GTS,GHATSILA,56.0,1365
12802,2025-09-06,HIJ,HIJILLI,67.0,1463
12802,2025-09-06,BLS,BALASORE,36.0,1575
12802,2025-09-06,BHC,BHADRAKH,38.0,1637
12802,2025-09-06,JJKR,JAJPUR K ROAD,52.0,1681
12802,2025-09-06,CTC,CUTTACK,59.0,1753
12802,2025-09-06,BBS,BHUBANESWAR,49.0,1781
12802,2025-09-06,KUR,KHURDA ROAD JN,45.0,1800
12802,2025-09-06,PURI,PURI,-3.0,1843
12802,2025-09-07,ANVT,ANAND VIHAR TRM,0.0,0
12802,2025-09-07,GOY,GOVINDPURI,20.0,424
12802,2025-09-07,FTP,FATEHPUR,47.0,504
12802,2025-09-07,PRYJ,PRAYAGRAJ JN,0.0,621
12802,2025-09-07,BDL,VINDHYACHAL,,702
12802,2025-09-07,MZP,MIRZAPUR,5.0,710
12802,2025-09-07,CAR,CHUNAR,8.0,741
12802,2025-09-07,DDU,PT DEEN DAYAL UPADHYAY JN,0.0,773
12802,2025-09-07,BBU,BHABUA ROAD,4.0,826
12802,2025-09-07,SSM,SASARAM,2.0,873
12802,2025-09-07,DOS,DEHRI ON SONE,10.0,891
12802,2025-09-07,AUBR,ANUGRAHA N ROAD,8.0,908
12802,2025-09-07,GAYA,GAYA JN,0.0,976
12802,2025-09-07,PRP,PAHARPUR,0.0,1008
12802,2025-09-07,KQR,KODERMA,7.0,1052
12802,2025-09-07,HZD,HAZARIBAGH RD,19.0,1101
12802,2025-09-07,PNME,PARASNATH,21.0,1128
12802,2025-09-07,GMO,NSC BOSE J GOMO,1.0,1146
12802,2025-09-07,CRP,CHANDRAPURA,0.0,1163
12802,2025-09-07,BKSC,BOKARO STL CITY,0.0,1178
12802,2025-09-07,PRR,PURULIA JN,0.0,1239
12802,2025-09-07,BBM,BARABHUM,7.0,1270
12802,2025-09-07,CNI,CHANDIL JN,2.0,1293
12802,2025-09-07,TATA,TATANAGAR JN,22.0,1329
12802,2025-09-07,GTS,GHATSILA,39.0,1365
12802,2025-09-07,HIJ,HIJILLI,33.0,1463
12802,2025-09-07,BLS,BALASORE,21.0,1575
12802,2025-09-07,BHC,BHADRAKH,29.0,1637
12802,2025-09-07,JJKR,JAJPUR K ROAD,56.0,1681
12802,2025-09-07,CTC,CUTTACK,80.0,1753
12802,2025-09-07,BBS,BHUBANESWAR,68.0,1781
12802,2025-09-07,KUR,KHURDA ROAD JN,68.0,1800
12802,2025-09-07,PURI,PURI,21.0,1843
12802,2025-09-08,ANVT,ANAND VIHAR TRM,0.0,0
12802,2025-09-08,GOY,GOVINDPURI,10.0,424
12802,2025-09-08,FTP,FATEHPUR,43.0,504
12802,2025-09-08,PRYJ,PRAYAGRAJ JN,5.0,621
12802,2025-09-08,BDL,VINDHYACHAL,,702
12802,2025-09-08,MZP,MIRZAPUR,4.0,710
12802,2025-09-08,CAR,CHUNAR,4.0,741
12802,2025-09-08,DDU,PT DEEN DAYAL UPADHYAY JN,0.0,773
12802,2025-09-08,BBU,BHABUA ROAD,7.0,826
12802,2025-09-08,SSM,SASARAM,7.0,873
12802,2025-09-08,DOS,DEHRI ON SONE,9.0,891
12802,2025-09-08,AUBR,ANUGRAHA N ROAD,11.0,908
12802,2025-09-08,GAYA,GAYA JN,11.0,976
12802,2025-09-08,PRP,PAHARPUR,1.0,1008
12802,2025-09-08,KQR,KODERMA,49.0,1052
12802,2025-09-08,HZD,HAZARIBAGH RD,107.0,1101
12802,2025-09-08,PNME,PARASNATH,107.0,1128
12802,2025-09-08,GMO,NSC BOSE J GOMO,93.0,1146
12802,2025-09-08,CRP,CHANDRAPURA,93.0,1163
12802,2025-09-08,BKSC,BOKARO STL CITY,77.0,1178
12802,2025-09-08,PRR,PURULIA JN,62.0,1239
12802,2025-09-08,BBM,BARABHUM,67.0,1270
12802,2025-09-08,CNI,CHANDIL JN,53.0,1293
12802,2025-09-08,TATA,TATANAGAR JN,41.0,1329
12802,2025-09-08,GTS,GHATSILA,56.0,1365
12802,2025-09-08,HIJ,HIJILLI,48.0,1463
12802,2025-09-08,BLS,BALASORE,39.0,1575
12802,2025-09-08,BHC,BHADRAKH,36.0,1637
12802,2025-09-08,JJKR,JAJPUR K ROAD,45.0,1681
12802,2025-09-08,CTC,CUTTACK,57.0,1753
12802,2025-09-08,BBS,BHUBANESWAR,49.0,1781
12802,2025-09-08,KUR,KHURDA ROAD JN,51.0,1800
12802,2025-09-08,PURI,PURI,4.0,1843
12802,2025-09-09,ANVT,ANAND VIHAR TRM,1.0,0
12802,2025-09-09,GOY,GOVINDPURI,21.0,424
12802,2025-09-09,FTP,FATEHPUR,41.0,504
12802,2025-09-09,PRYJ,PRAYAGRAJ JN,2.0,621
12802,2025-09-09,BDL,VINDHYACHAL,,702
12802,2025-09-09,MZP,MIRZAPUR,5.0,710
12802,2025-09-09,CAR,CHUNAR,11.0,741
12802,2025-09-09,DDU,PT DEEN DAYAL UPADHYAY JN,0.0,773
12802,2025-09-09,BBU,BHABUA ROAD,5.0,826
12802,2025-09-09,SSM,SASARAM,3.0,873
12802,2025-09-09,DOS,DEHRI ON SONE,9.0,891
12802,2025-09-09,AUBR,ANUGRAHA N ROAD,9.0,908
12802,2025-09-09,GAYA,GAYA JN,3.0,976
12802,2025-09-09,PRP,PAHARPUR,0.0,1008
12802,2025-09-09,KQR,KODERMA,7.0,1052
12802,2025-09-09,HZD,HAZARIBAGH RD,16.0,1101
12802,2025-09-09,PNME,PARASNATH,16.0,1128
12802,2025-09-09,GMO,NSC BOSE J GOMO,10.0,1146
12802,2025-09-09,CRP,CHANDRAPURA,27.0,1163
12802,2025-09-09,BKSC,BOKARO STL CITY,15.0,1178
12802,2025-09-09,PRR,PURULIA JN,2.0,1239
12802,2025-09-09,BBM,BARABHUM,18.0,1270
12802,2025-09-09,CNI,CHANDIL JN,11.0,1293
12802,2025-09-09,TATA,TATANAGAR JN,25.0,1329
12802,2025-09-09,GTS,GHATSILA,33.0,1365
12802,2025-09-09,HIJ,HIJILLI,21.0,1463
12802,2025-09-09,BLS,BALASORE,13.0,1575
12802,2025-09-09,BHC,BHADRAKH,6.0,1637
12802,2025-09-09,JJKR,JAJPUR K ROAD,14.0,1681
12802,2025-09-09,CTC,CUTTACK,35.0,1753
12802,2025-09-09,BBS,BHUBANESWAR,33.0,1781
12802,2025-09-09,KUR,KHURDA ROAD JN,39.0,1800
12802,2025-09-09,PURI,PURI,14.0,1843
12802,2025-09-10,ANVT,ANAND VIHAR TRM,0.0,0
12802,2025-09-10,GOY,GOVINDPURI,22.0,424
12802,2025-09-10,FTP,FATEHPUR,33.0,504
12802,2025-09-10,PRYJ,PRAYAGRAJ JN,12.0,621
12802,2025-09-10,BDL,VINDHYACHAL,,702
12802,2025-09-10,MZP,MIRZAPUR,4.0,710
12802,2025-09-10,CAR,CHUNAR,5.0,741
12802,2025-09-10,DDU,PT DEEN DAYAL UPADHYAY JN,0.0,773
12802,2025-09-10,BBU,BHABUA ROAD,6.0,826
12802,2025-09-10,SSM,SASARAM,5.0,873
12802,2025-09-10,DOS,DEHRI ON SONE,8.0,891
12802,2025-09-10,AUBR,ANUGRAHA N ROAD,10.0,908
12802,2025-09-10,GAYA,GAYA JN,2.0,976
12802,2025-09-10,PRP,PAHARPUR,15.0,1008
12802,2025-09-10,KQR,KODERMA,67.0,1052
12802,2025-09-10,HZD,HAZARIBAGH RD,80.0,1101
12802,2025-09-10,PNME,PARASNATH,82.0,1128
12802,2025-09-10,GMO,NSC BOSE J GOMO,66.0,1146
12802,2025-09-10,CRP,CHANDRAPURA,64.0,1163
12802,2025-09-10,BKSC,BOKARO STL CITY,46.0,1178
12802,2025-09-10,PRR,PURULIA JN,32.0,1239
12802,2025-09-10,BBM,BARABHUM,43.0,1270
12802,2025-09-10,CNI,CHANDIL JN,33.0,1293
12802,2025-09-10,TATA,TATANAGAR JN,59.0,1329
12802,2025-09-10,GTS,GHATSILA,62.0,1365
12802,2025-09-10,HIJ,HIJILLI,45.0,1463
12802,2025-09-10,BLS,BALASORE,46.0,1575
12802,2025-09-10,BHC,BHADRAKH,60.0,1637
12802,2025-09-10,JJKR,JAJPUR K ROAD,66.0,1681
12802,2025-09-10,CTC,CUTTACK,82.0,1753
12802,2025-09-10,BBS,BHUBANESWAR,72.0,1781
12802,2025-09-10,KUR,KHURDA ROAD JN,75.0,1800
12802,2025-09-10,PURI,PURI,26.0,1843
12802,2025-09-11,ANVT,ANAND VIHAR TRM,0.0,0
12802,2025-09-11,GOY,GOVINDPURI,5.0,424
12802,2025-09-11,FTP,FATEHPUR,28.0,504
12802,2025-09-11,PRYJ,PRAYAGRAJ JN,4.0,621
12802,2025-09-11,BDL,VINDHYACHAL,,702
12802,2025-09-11,MZP,MIRZAPUR,0.0,710
12802,2025-09-11,CAR,CHUNAR,0.0,741
12802,2025-09-11,DDU,PT DEEN DAYAL UPADHYAY JN,0.0,773
12802,2025-09-11,BBU,BHABUA ROAD,5.0,826
12802,2025-09-11,SSM,SASARAM,4.0,873
12802,2025-09-11,DOS,DEHRI ON SONE,13.0,891
12802,2025-09-11,AUBR,ANUGRAHA N ROAD,12.0,908
12802,2025-09-11,GAYA,GAYA JN,2.0,976
12802,2025-09-11,PRP,PAHARPUR,1.0,1008
12802,2025-09-11,KQR,KODERMA,35.0,1052
12802,2025-09-11,HZD,HAZARIBAGH RD,50.0,1101
12802,2025-09-11,PNME,PARASNATH,48.0,1128
12802,2025-09-11,GMO,NSC BOSE J GOMO,22.0,1146
12802,2025-09-11,CRP,CHANDRAPURA,36.0,1163
12802,2025-09-11,BKSC,BOKARO STL CITY,15.0,1178
12802,2025-09-11,PRR,PURULIA JN,2.0,1239
12802,2025-09-11,BBM,BARABHUM,6.0,1270
12802,2025-09-11,CNI,CHANDIL JN,0.0,1293
12802,2025-09-11,TATA,TATANAGAR JN,25.0,1329
12802,2025-09-11,GTS,GHATSILA,69.0,1365
12802,2025-09-11,HIJ,HIJILLI,58.0,1463
12802,2025-09-11,BLS,BALASORE,50.0,1575
12802,2025-09-11,BHC,BHADRAKH,45.0,1637
12802,2025-09-11,JJKR,JAJPUR K ROAD,51.0,1681
12802,2025-09-11,CTC,CUTTACK,62.0,1753
12802,2025-09-11,BBS,BHUBANESWAR,54.0,1781
12802,2025-09-11,KUR,KHURDA ROAD JN,55.0,1800
12802,2025-09-11,PURI,PURI,8.0,1843
12802,2025-09-12,ANVT,ANAND VIHAR TRM,3.0,0
12802,2025-09-12,GOY,GOVINDPURI,17.0,424
12802,2025-09-12,FTP,FATEHPUR,36.0,504
12802,2025-09-12,PRYJ,PRAYAGRAJ JN,5.0,621
12802,2025-09-12,BDL,VINDHYACHAL,,702
12802,2025-09-12,MZP,MIRZAPUR,15.0,710
12802,2025-09-12,CAR,CHUNAR,21.0,741
12802,2025-09-12,DDU,PT DEEN DAYAL UPADHYAY JN,0.0,773
12802,2025-09-12,BBU,BHABUA ROAD,5.0,826
12802,2025-09-12,SSM,SASARAM,2.0,873
12802,2025-09-12,DOS,DEHRI ON SONE,8.0,891
12802,2025-09-12,AUBR,ANUGRAHA N ROAD,7.0,908
12802,2025-09-12,GAYA,GAYA JN,0.0,976
12802,2025-09-12,PRP,PAHARPUR,13.0,1008
12802,2025-09-12,KQR,KODERMA,24.0,1052
12802,2025-09-12,HZD,HAZARIBAGH RD,33.0,1101
12802,2025-09-12,PNME,PARASNATH,32.0,1128
12802,2025-09-12,GMO,NSC BOSE J GOMO,15.0,1146
12802,2025-09-12,CRP,CHANDRAPURA,13.0,1163
12802,2025-09-12,BKSC,BOKARO STL CITY,13.0,1178
12802,2025-09-12,PRR,PURULIA JN,18.0,1239
12802,2025-09-12,BBM,BARABHUM,24.0,1270
12802,2025-09-12,CNI,CHANDIL JN,16.0,1293
12802,2025-09-12,TATA,TATANAGAR JN,50.0,1329
12802,2025-09-12,GTS,GHATSILA,94.0,1365
12802,2025-09-12,HIJ,HIJILLI,94.0,1463
12802,2025-09-12,BLS,BALASORE,98.0,1575
12802,2025-09-12,BHC,BHADRAKH,91.0,1637
12802,2025-09-12,JJKR,JAJPUR K ROAD,102.0,1681
12802,2025-09-12,CTC,CUTTACK,116.0,1753
12802,2025-09-12,BBS,BHUBANESWAR,111.0,1781
12802,2025-09-12,KUR,KHURDA ROAD JN,114.0,1800
12802,2025-09-12,PURI,PURI,78.0,1843
12802,2025-09-13,ANVT,ANAND VIHAR TRM,0.0,0
12802,2025-09-13,GOY,GOVINDPURI,0.0,424
12802,2025-09-13,FTP,FATEHPUR,28.0,504
12802,2025-09-13,PRYJ,PRAYAGRAJ JN,1.0,621
12802,2025-09-13,BDL,VINDHYACHAL,,702
12802,2025-09-13,MZP,MIRZAPUR,0.0,710
12802,2025-09-13,CAR,CHUNAR,1.0,741
12802,2025-09-13,DDU,PT DEEN DAYAL UPADHYAY JN,0.0,773
12802,2025-09-13,BBU,BHABUA ROAD,4.0,826
12802,2025-09-13,SSM,SASARAM,24.0,873
12802,2025-09-13,DOS,DEHRI ON SONE,24.0,891
12802,2025-09-13,AUBR,ANUGRAHA N ROAD,22.0,908
12802,2025-09-13,GAYA,GAYA JN,11.0,976
12802,2025-09-13,PRP,PAHARPUR,5.0,1008
12802,2025-09-13,KQR,KODERMA,15.0,1052
12802,2025-09-13,HZD,HAZARIBAGH RD,30.0,1101
12802,2025-09-13,PNME,PARASNATH,32.0,1128
12802,2025-09-13,GMO,NSC BOSE J GOMO,15.0,1146
12802,2025-09-13,CRP,CHANDRAPURA,12.0,1163
12802,2025-09-13,BKSC,BOKARO STL CITY,0.0,1178
12802,2025-09-13,PRR,PURULIA JN,0.0,1239
12802,2025-09-13,BBM,BARABHUM,10.0,1270
12802,2025-09-13,CNI,CHANDIL JN,0.0,1293
12802,2025-09-13,TATA,TATANAGAR JN,21.0,1329
12802,2025-09-13,GTS,GHATSILA,23.0,1365
12802,2025-09-13,HIJ,HIJILLI,29.0,1463
12802,2025-09-13,BLS,BALASORE,21.0,1575
12802,2025-09-13,BHC,BHADRAKH,28.0,1637
12802,2025-09-13,JJKR,JAJPUR K ROAD,37.0,1681
12802,2025-09-13,CTC,CUTTACK,60.0,1753
12802,2025-09-13,BBS,BHUBANESWAR,60.0,1781
12802,2025-09-13,KUR,KHURDA ROAD JN,65.0,1800
12802,2025-09-13,PURI,PURI,20.0,1843
12802,2025-09-14,ANVT,ANAND VIHAR TRM,0.0,0
12802,2025-09-14,GOY,GOVINDPURI,0.0,424
12802,2025-09-14,FTP,FATEHPUR,46.0,504
12802,2025-09-14,PRYJ,PRAYAGRAJ JN,10.0,621
12802,2025-09-14,BDL,VINDHYACHAL,,702
12802,2025-09-14,MZP,MIRZAPUR,13.0,710
12802,2025-09-14,CAR,CHUNAR,17.0,741
12802,2025-09-14,DDU,PT DEEN DAYAL UPADHYAY JN,0.0,773
12802,2025-09-14,BBU,BHABUA ROAD,5.0,826
12802,2025-09-14,SSM,SASARAM,2.0,873
12802,2025-09-14,DOS,DEHRI ON SONE,9.0,891
12802,2025-09-14,AUBR,ANUGRAHA N ROAD,7.0,908
12802,2025-09-14,GAYA,GAYA JN,1.0,976
12802,2025-09-14,PRP,PAHARPUR,0.0,1008
12802,2025-09-14,KQR,KODERMA,31.0,1052
12802,2025-09-14,HZD,HAZARIBAGH RD,42.0,1101
12802,2025-09-14,PNME,PARASNATH,41.0,1128
12802,2025-09-14,GMO,NSC BOSE J GOMO,25.0,1146
12802,2025-09-14,CRP,CHANDRAPURA,24.0,1163
12802,2025-09-14,BKSC,BOKARO STL CITY,8.0,1178
12802,2025-09-14,PRR,PURULIA JN,0.0,1239
12802,2025-09-14,BBM,BARABHUM,11.0,1270
12802,2025-09-14,CNI,CHANDIL JN,6.0,1293
12802,2025-09-14,TATA,TATANAGAR JN,19.0,1329
12802,2025-09-14,GTS,GHATSILA,44.0,1365
12802,2025-09-14,HIJ,HIJILLI,51.0,1463
12802,2025-09-14,BLS,BALASORE,53.0,1575
12802,2025-09-14,BHC,BHADRAKH,45.0,1637
12802,2025-09-14,JJKR,JAJPUR K ROAD,49.0,1681
12802,2025-09-14,CTC,CUTTACK,64.0,1753
12802,2025-09-14,BBS,BHUBANESWAR,63.0,1781
12802,2025-09-14,KUR,KHURDA ROAD JN,61.0,1800
12802,2025-09-14,PURI,PURI,19.0,1843
12802,2025-09-15,ANVT,ANAND VIHAR TRM,0.0,0
12802,2025-09-15,GOY,GOVINDPURI,11.0,424
12802,2025-09-15,FTP,FATEHPUR,44.0,504
12802,2025-09-15,PRYJ,PRAYAGRAJ JN,0.0,621
12802,2025-09-15,BDL,VINDHYACHAL,,702
12802,2025-09-15,MZP,MIRZAPUR,4.0,710
12802,2025-09-15,CAR,CHUNAR,4.0,741
12802,2025-09-15,DDU,PT DEEN DAYAL UPADHYAY JN,0.0,773
12802,2025-09-15,BBU,BHABUA ROAD,6.0,826
12802,2025-09-15,SSM,SASARAM,5.0,873
12802,2025-09-15,DOS,DEHRI ON SONE,7.0,891
12802,2025-09-15,AUBR,ANUGRAHA N ROAD,6.0,908
12802,2025-09-15,GAYA,GAYA JN,8.0,976
12802,2025-09-15,PRP,PAHARPUR,11.0,1008
12802,2025-09-15,KQR,KODERMA,181.0,1052
12802,2025-09-15,HZD,HAZARIBAGH RD,193.0,1101
12802,2025-09-15,PNME,PARASNATH,192.0,1128
12802,2025-09-15,GMO,NSC BOSE J GOMO,172.0,1146
12802,2025-09-15,CRP,CHANDRAPURA,172.0,1163
12802,2025-09-15,BKSC,BOKARO STL CITY,159.0,1178
12802,2025-09-15,PRR,PURULIA JN,146.0,1239
12802,2025-09-15,BBM,BARABHUM,151.0,1270
12802,2025-09-15,CNI,CHANDIL JN,137.0,1293
12802,2025-09-15,TATA,TATANAGAR JN,150.0,1329
12802,2025-09-15,GTS,GHATSILA,156.0,1365
12802,2025-09-15,HIJ,HIJILLI,156.0,1463
12802,2025-09-15,BLS,BALASORE,143.0,1575
12802,2025-09-15,BHC,BHADRAKH,141.0,1637
12802,2025-09-15,JJKR,JAJPUR K ROAD,144.0,1681
12802,2025-09-15,CTC,CUTTACK,162.0,1753
12802,2025-09-15,BBS,BHUBANESWAR,159.0,1781
12802,2025-09-15,KUR,KHURDA ROAD JN,171.0,1800
12802,2025-09-15,PURI,PURI,136.0,1843
12802,2025-09-16,ANVT,ANAND VIHAR TRM,0.0,0
12802,2025-09-16,GOY,GOVINDPURI,45.0,424
12802,2025-09-16,FTP,FATEHPUR,50.0,504
12802,2025-09-16,PRYJ,PRAYAGRAJ JN,9.0,621
12802,2025-09-16,BDL,VINDHYACHAL,,702
12802,2025-09-16,MZP,MIRZAPUR,3.0,710
12802,2025-09-16,CAR,CHUNAR,12.0,741
12802,2025-09-16,DDU,PT DEEN DAYAL UPADHYAY JN,0.0,773
12802,2025-09-16,BBU,BHABUA ROAD,6.0,826
12802,2025-09-16,SSM,SASARAM,3.0,873
12802,2025-09-16,DOS,DEHRI ON SONE,4.0,891
12802,2025-09-16,AUBR,ANUGRAHA N ROAD,1.0,908
12802,2025-09-16,GAYA,GAYA JN,0.0,976
12802,2025-09-16,PRP,PAHARPUR,0.0,1008
12802,2025-09-16,KQR,KODERMA,2.0,1052
12802,2025-09-16,HZD,HAZARIBAGH RD,8.0,1101
12802,2025-09-16,PNME,PARASNATH,1.0,1128
12802,2025-09-16,GMO,NSC BOSE J GOMO,2.0,1146
12802,2025-09-16,CRP,CHANDRAPURA,0.0,1163
12802,2025-09-16,BKSC,BOKARO STL CITY,2.0,1178
12802,2025-09-16,PRR,PURULIA JN,0.0,1239
12802,2025-09-16,BBM,BARABHUM,1.0,1270
12802,2025-09-16,CNI,CHANDIL JN,0.0,1293
12802,2025-09-16,TATA,TATANAGAR JN,13.0,1329
12802,2025-09-16,GTS,GHATSILA,28.0,1365
12802,2025-09-16,HIJ,HIJILLI,30.0,1463
12802,2025-09-16,BLS,BALASORE,18.0,1575
12802,2025-09-16,BHC,BHADRAKH,10.0,1637
12802,2025-09-16,JJKR,JAJPUR K ROAD,17.0,1681
12802,2025-09-16,CTC,CUTTACK,25.0,1753
12802,2025-09-16,BBS,BHUBANESWAR,21.0,1781
12802,2025-09-16,KUR,KHURDA ROAD JN,26.0,1800
12802,2025-09-16,PURI,PURI,-7.0,1843
12802,2025-09-17,ANVT,ANAND VIHAR TRM,9.0,0
12802,2025-09-17,GOY,GOVINDPURI,6.0,424
12802,2025-09-17,FTP,FATEHPUR,33.0,504
12802,2025-09-17,PRYJ,PRAYAGRAJ JN,7.0,621
12802,2025-09-17,BDL,VINDHYACHAL,,702
12802,2025-09-17,MZP,MIRZAPUR,11.0,710
12802,2025-09-17,CAR,CHUNAR,12.0,741
12802,2025-09-17,DDU,PT DEEN DAYAL UPADHYAY JN,1.0,773
12802,2025-09-17,BBU,BHABUA ROAD,6.0,826
12802,2025-09-17,SSM,SASARAM,3.0,873
12802,2025-09-17,DOS,DEHRI ON SONE,5.0,891
12802,2025-09-17,AUBR,ANUGRAHA N ROAD,3.0,908
12802,2025-09-17,GAYA,GAYA JN,0.0,976
12802,2025-09-17,PRP,PAHARPUR,0.0,1008
12802,2025-09-17,KQR,KODERMA,27.0,1052
12802,2025-09-17,HZD,HAZARIBAGH RD,48.0,1101
12802,2025-09-17,PNME,PARASNATH,49.0,1128
12802,2025-09-17,GMO,NSC BOSE J GOMO,30.0,1146
12802,2025-09-17,CRP,CHANDRAPURA,29.0,1163
12802,2025-09-17,BKSC,BOKARO STL CITY,19.0,1178
12802,2025-09-17,PRR,PURULIA JN,3.0,1239
12802,2025-09-17,BBM,BARABHUM,8.0,1270
12802,2025-09-17,CNI,CHANDIL JN,11.0,1293
12802,2025-09-17,TATA,TATANAGAR JN,105.0,1329
12802,2025-09-17,GTS,GHATSILA,111.0,1365
12802,2025-09-17,HIJ,HIJILLI,103.0,1463
12802,2025-09-17,BLS,BALASORE,96.0,1575
12802,2025-09-17,BHC,BHADRAKH,92.0,1637
12802,2025-09-17,JJKR,JAJPUR K ROAD,103.0,1681
12802,2025-09-17,CTC,CUTTACK,131.0,1753
12802,2025-09-17,BBS,BHUBANESWAR,122.0,1781
12802,2025-09-17,KUR,KHURDA ROAD JN,125.0,1800
12802,2025-09-17,PURI,PURI,100.0,1843
12802,2025-09-18,ANVT,ANAND VIHAR TRM,3.0,0
12802,2025-09-18,GOY,GOVINDPURI,0.0,424
12802,2025-09-18,FTP,FATEHPUR,25.0,504
12802,2025-09-18,PRYJ,PRAYAGRAJ JN,1.0,621
12802,2025-09-18,BDL,VINDHYACHAL,,702
12802,2025-09-18,MZP,MIRZAPUR,0.0,710
12802,2025-09-18,CAR,CHUNAR,0.0,741
12802,2025-09-18,DDU,PT DEEN DAYAL UPADHYAY JN,0.0,773
12802,2025-09-18,BBU,BHABUA ROAD,6.0,826
12802,2025-09-18,SSM,SASARAM,3.0,873
12802,2025-09-18,DOS,DEHRI ON SONE,5.0,891
12802,2025-09-18,AUBR,ANUGRAHA N ROAD,3.0,908
12802,2025-09-18,GAYA,GAYA JN,7.0,976
12802,2025-09-18,PRP,PAHARPUR,0.0,1008
12802,2025-09-18,KQR,KODERMA,24.0,1052
12802,2025-09-18,HZD,HAZARIBAGH RD,53.0,1101
12802,2025-09-18,PNME,PARASNATH,53.0,1128
12802,2025-09-18,GMO,NSC BOSE J GOMO,34.0,1146
12802,2025-09-18,CRP,CHANDRAPURA,32.0,1163
12802,2025-09-18,BKSC,BOKARO STL CITY,16.0,1178
12802,2025-09-18,PRR,PURULIA JN,2.0,1239
12802,2025-09-18,BBM,BARABHUM,11.0,1270
12802,2025-09-18,CNI,CHANDIL JN,3.0,1293
12802,2025-09-18,TATA,TATANAGAR JN,96.0,1329
12802,2025-09-18,GTS,GHATSILA,119.0,1365
12802,2025-09-18,HIJ,HIJILLI,124.0,1463
12802,2025-09-18,BLS,BALASORE,114.0,1575
12802,2025-09-18,BHC,BHADRAKH,106.0,1637
12802,2025-09-18,JJKR,JAJPUR K ROAD,112.0,1681
12802,2025-09-18,CTC,CUTTACK,120.0,1753
12802,2025-09-18,BBS,BHUBANESWAR,118.0,1781
12802,2025-09-18,KUR,KHURDA ROAD JN,130.0,1800
12802,2025-09-18,PURI,PURI,94.0,1843
12802,2025-09-19,ANVT,ANAND VIHAR TRM,0.0,0
12802,2025-09-19,GOY,GOVINDPURI,7.0,424
12802,2025-09-19,FTP,FATEHPUR,40.0,504
12802,2025-09-19,PRYJ,PRAYAGRAJ JN,2.0,621
12802,2025-09-19,BDL,VINDHYACHAL,,702
12802,2025-09-19,MZP,MIRZAPUR,0.0,710
12802,2025-09-19,CAR,CHUNAR,4.0,741
12802,2025-09-19,DDU,PT DEEN DAYAL UPADHYAY JN,0.0,773
12802,2025-09-19,BBU,BHABUA ROAD,101.0,826
12802,2025-09-19,SSM,SASARAM,164.0,873
12802,2025-09-19,DOS,DEHRI ON SONE,176.0,891
12802,2025-09-19,AUBR,ANUGRAHA N ROAD,211.0,908
12802,2025-09-19,GAYA,GAYA JN,344.0,976
12802,2025-09-19,PRP,PAHARPUR,298.0,1008
12802,2025-09-19,KQR,KODERMA,295.0,1052
12802,2025-09-19,HZD,HAZARIBAGH RD,293.0,1101
12802,2025-09-19,PNME,PARASNATH,292.0,1128
12802,2025-09-19,GMO,NSC BOSE J GOMO,275.0,1146
12802,2025-09-19,CRP,CHANDRAPURA,269.0,1163
12802,2025-09-19,BKSC,BOKARO STL CITY,224.0,1178
12802,2025-09-19,PRR,PURULIA JN,200.0,1239
12802,2025-09-19,BBM,BARABHUM,178.0,1270
12802,2025-09-19,CNI,CHANDIL JN,175.0,1293
12802,2025-09-19,TATA,TATANAGAR JN,149.0,1329
12802,2025-09-19,GTS,GHATSILA,132.0,1365
12802,2025-09-19,HIJ,HIJILLI,80.0,1463
12802,2025-09-19,BLS,BALASORE,51.0,1575
12802,2025-09-19,BHC,BHADRAKH,28.0,1637
12802,2025-09-19,JJKR,JAJPUR K ROAD,17.0,1681
12802,2025-09-19,CTC,CUTTACK,889.0,1753
12802,2025-09-19,BBS,BHUBANESWAR,893.0,1781
12802,2025-09-19,KUR,KHURDA ROAD JN,896.0,1800
12802,2025-09-19,PURI,PURI,875.0,1843
12802,2025-09-20,ANVT,ANAND VIHAR TRM,1.0,0
12802,2025-09-20,GOY,GOVINDPURI,5.0,424
12802,2025-09-20,FTP,FATEHPUR,30.0,504
12802,2025-09-20,PRYJ,PRAYAGRAJ JN,1.0,621
12802,2025-09-20,BDL,VINDHYACHAL,,702
12802,2025-09-20,MZP,MIRZAPUR,1.0,710
12802,2025-09-20,CAR,CHUNAR,6.0,741
12802,2025-09-20,DDU,PT DEEN DAYAL UPADHYAY JN,0.0,773
12802,2025-09-20,BBU,BHABUA ROAD,5.0,826
12802,2025-09-20,SSM,SASARAM,3.0,873
12802,2025-09-20,DOS,DEHRI ON SONE,7.0,891
12802,2025-09-20,AUBR,ANUGRAHA N ROAD,6.0,908
12802,2025-09-20,GAYA,GAYA JN,3.0,976
12802,2025-09-20,PRP,PAHARPUR,0.0,1008
12802,2025-09-20,KQR,KODERMA,9.0,1052
12802,2025-09-20,HZD,HAZARIBAGH RD,16.0,1101
12802,2025-09-20,PNME,PARASNATH,17.0,1128
12802,2025-09-20,GMO,NSC BOSE J GOMO,5.0,1146
12802,2025-09-20,CRP,CHANDRAPURA,13.0,1163
12802,2025-09-20,BKSC,BOKARO STL CITY,3.0,1178
12802,2025-09-20,PRR,PURULIA JN,0.0,1239
12802,2025-09-20,BBM,BARABHUM,1.0,1270
12802,2025-09-20,CNI,CHANDIL JN,0.0,1293
12802,2025-09-20,TATA,TATANAGAR JN,32.0,1329
12802,2025-09-20,GTS,GHATSILA,33.0,1365
12802,2025-09-20,HIJ,HIJILLI,44.0,1463
12802,2025-09-20,BLS,BALASORE,30.0,1575
12802,2025-09-20,BHC,BHADRAKH,26.0,1637
12802,2025-09-20,JJKR,JAJPUR K ROAD,34.0,1681
12802,2025-09-20,CTC,CUTTACK,48.0,1753
12802,2025-09-20,BBS,BHUBANESWAR,39.0,1781
12802,2025-09-20,KUR,KHURDA ROAD JN,45.0,1800
12802,2025-09-20,PURI,PURI,-2.0,1843
12802,2025-09-21,ANVT,ANAND VIHAR TRM,279.0,0
12802,2025-09-21,GOY,GOVINDPURI,270.0,424
12802,2025-09-21,FTP,FATEHPUR,287.0,504
12802,2025-09-21,PRYJ,PRAYAGRAJ JN,244.0,621
12802,2025-09-21,BDL,VINDHYACHAL,,702
12802,2025-09-21,MZP,MIRZAPUR,246.0,710
12802,2025-09-21,CAR,CHUNAR,245.0,741
12802,2025-09-21,DDU,PT DEEN DAYAL UPADHYAY JN,251.0,773
12802,2025-09-21,BBU,BHABUA ROAD,263.0,826
12802,2025-09-21,SSM,SASARAM,263.0,873
12802,2025-09-21,DOS,DEHRI ON SONE,264.0,891
12802,2025-09-21,AUBR,ANUGRAHA N ROAD,263.0,908
12802,2025-09-21,GAYA,GAYA JN,273.0,976
12802,2025-09-21,PRP,PAHARPUR,265.0,1008
12802,2025-09-21,KQR,KODERMA,276.0,1052
12802,2025-09-21,HZD,HAZARIBAGH RD,283.0,1101
12802,2025-09-21,PNME,PARASNATH,285.0,1128
12802,2025-09-21,GMO,NSC BOSE J GOMO,275.0,1146
12802,2025-09-21,CRP,CHANDRAPURA,276.0,1163
12802,2025-09-21,BKSC,BOKARO STL CITY,257.0,1178
12802,2025-09-21,PRR,PURULIA JN,248.0,1239
12802,2025-09-21,BBM,BARABHUM,254.0,1270
12802,2025-09-21,CNI,CHANDIL JN,257.0,1293
12802,2025-09-21,TATA,TATANAGAR JN,297.0,1329
12802,2025-09-21,GTS,GHATSILA,311.0,1365
12802,2025-09-21,HIJ,HIJILLI,304.0,1463
12802,2025-09-21,BLS,BALASORE,301.0,1575
12802,2025-09-21,BHC,BHADRAKH,304.0,1637
12802,2025-09-21,JJKR,JAJPUR K ROAD,312.0,1681
12802,2025-09-21,CTC,CUTTACK,333.0,1753
12802,2025-09-21,BBS,BHUBANESWAR,351.0,1781
12802,2025-09-21,KUR,KHURDA ROAD JN,354.0,1800
12802,2025-09-21,PURI,PURI,314.0,1843
12802,2025-09-22,ANVT,ANAND VIHAR TRM,0.0,0
12802,2025-09-22,GOY,GOVINDPURI,0.0,424
12802,2025-09-22,FTP,FATEHPUR,31.0,504
12802,2025-09-22,PRYJ,PRAYAGRAJ JN,8.0,621
12802,2025-09-22,BDL,VINDHYACHAL,9.0,702
12802,2025-09-22,MZP,MIRZAPUR,9.0,710
12802,2025-09-22,CAR,CHUNAR,12.0,741
12802,2025-09-22,DDU,PT DEEN DAYAL UPADHYAY JN,0.0,773
12802,2025-09-22,BBU,BHABUA ROAD,4.0,826
12802,2025-09-22,SSM,SASARAM,2.0,873
12802,2025-09-22,DOS,DEHRI ON SONE,4.0,891
12802,2025-09-22,AUBR,ANUGRAHA N ROAD,8.0,908
12802,2025-09-22,GAYA,GAYA JN,6.0,976
12802,2025-09-22,PRP,PAHARPUR,0.0,1008
12802,2025-09-22,KQR,KODERMA,8.0,1052
12802,2025-09-22,HZD,HAZARIBAGH RD,18.0,1101
12802,2025-09-22,PNME,PARASNATH,28.0,1128
12802,2025-09-22,GMO,NSC BOSE J GOMO,11.0,1146
12802,2025-09-22,CRP,CHANDRAPURA,16.0,1163
12802,2025-09-22,BKSC,BOKARO STL CITY,0.0,1178
12802,2025-09-22,PRR,PURULIA JN,0.0,1239
12802,2025-09-22,BBM,BARABHUM,8.0,1270
12802,2025-09-22,CNI,CHANDIL JN,0.0,1293
12802,2025-09-22,TATA,TATANAGAR JN,53.0,1329
12802,2025-09-22,GTS,GHATSILA,46.0,1365
12802,2025-09-22,HIJ,HIJILLI,86.0,1463
12802,2025-09-22,BLS,BALASORE,74.0,1575
12802,2025-09-22,BHC,BHADRAKH,69.0,1637
12802,2025-09-22,JJKR,JAJPUR K ROAD,76.0,1681
12802,2025-09-22,CTC,CUTTACK,93.0,1753
12802,2025-09-22,BBS,BHUBANESWAR,87.0,1781
12802,2025-09-22,KUR,KHURDA ROAD JN,85.0,1800
12802,2025-09-22,PURI,PURI,46.0,1843
12802,2025-09-23,ANVT,ANAND VIHAR TRM,1.0,0
12802,2025-09-23,GOY,GOVINDPURI,0.0,424
12802,2025-09-23,FTP,FATEHPUR,12.0,504
12802,2025-09-23,PRYJ,PRAYAGRAJ JN,2.0,621
12802,2025-09-23,BDL,VINDHYACHAL,2.0,702
12802,2025-09-23,MZP,MIRZAPUR,2.0,710
12802,2025-09-23,CAR,CHUNAR,4.0,741
12802,2025-09-23,DDU,PT DEEN DAYAL UPADHYAY JN,0.0,773
12802,2025-09-23,BBU,BHABUA ROAD,4.0,826
12802,2025-09-23,SSM,SASARAM,8.0,873
12802,2025-09-23,DOS,DEHRI ON SONE,9.0,891
12802,2025-09-23,AUBR,ANUGRAHA N ROAD,8.0,908
12802,2025-09-23,GAYA,GAYA JN,9.0,976
12802,2025-09-23,PRP,PAHARPUR,5.0,1008
12802,2025-09-23,KQR,KODERMA,13.0,1052
12802,2025-09-23,HZD,HAZARIBAGH RD,11.0,1101
12802,2025-09-23,PNME,PARASNATH,10.0,1128
12802,2025-09-23,GMO,NSC BOSE J GOMO,48.0,1146
12802,2025-09-23,CRP,CHANDRAPURA,42.0,1163
12802,2025-09-23,BKSC,BOKARO STL CITY,30.0,1178
12802,2025-09-23,PRR,PURULIA JN,16.0,1239
12802,2025-09-23,BBM,BARABHUM,25.0,1270
12802,2025-09-23,CNI,CHANDIL JN,14.0,1293
12802,2025-09-23,TATA,TATANAGAR JN,71.0,1329
12802,2025-09-23,GTS,GHATSILA,67.0,1365
12802,2025-09-23,HIJ,HIJILLI,137.0,1463
12802,2025-09-23,BLS,BALASORE,99.0,1575
12802,2025-09-23,BHC,BHADRAKH,122.0,1637
12802,2025-09-23,JJKR,JAJPUR K ROAD,124.0,1681
12802,2025-09-23,CTC,CUTTACK,135.0,1753
12802,2025-09-23,BBS,BHUBANESWAR,135.0,1781
12802,2025-09-23,KUR,KHURDA ROAD JN,143.0,1800
12802,2025-09-23,PURI,PURI,95.0,1843
12802,2025-09-24,ANVT,ANAND VIHAR TRM,0.0,0
12802,2025-09-24,GOY,GOVINDPURI,11.0,424
12802,2025-09-24,FTP,FATEHPUR,48.0,504
12802,2025-09-24,PRYJ,PRAYAGRAJ JN,8.0,621
12802,2025-09-24,BDL,VINDHYACHAL,20.0,702
12802,2025-09-24,MZP,MIRZAPUR,22.0,710
12802,2025-09-24,CAR,CHUNAR,20.0,741
12802,2025-09-24,DDU,PT DEEN DAYAL UPADHYAY JN,1.0,773
12802,2025-09-24,BBU,BHABUA ROAD,5.0,826
12802,2025-09-24,SSM,SASARAM,4.0,873
12802,2025-09-24,DOS,DEHRI ON SONE,5.0,891
12802,2025-09-24,AUBR,ANUGRAHA N ROAD,3.0,908
12802,2025-09-24,GAYA,GAYA JN,0.0,976
12802,2025-09-24,PRP,PAHARPUR,0.0,1008
12802,2025-09-24,KQR,KODERMA,4.0,1052
12802,2025-09-24,HZD,HAZARIBAGH RD,9.0,1101
12802,2025-09-24,PNME,PARASNATH,13.0,1128
12802,2025-09-24,GMO,NSC BOSE J GOMO,19.0,1146
12802,2025-09-24,CRP,CHANDRAPURA,18.0,1163
12802,2025-09-24,BKSC,BOKARO STL CITY,8.0,1178
12802,2025-09-24,PRR,PURULIA JN,0.0,1239
12802,2025-09-24,BBM,BARABHUM,2.0,1270
12802,2025-09-24,CNI,CHANDIL JN,0.0,1293
12802,2025-09-24,TATA,TATANAGAR JN,50.0,1329
12802,2025-09-24,GTS,GHATSILA,52.0,1365
12802,2025-09-24,HIJ,HIJILLI,50.0,1463
12802,2025-09-24,BLS,BALASORE,54.0,1575
12802,2025-09-24,BHC,BHADRAKH,47.0,1637
12802,2025-09-24,JJKR,JAJPUR K ROAD,49.0,1681
12802,2025-09-24,CTC,CUTTACK,73.0,1753
12802,2025-09-24,BBS,BHUBANESWAR,78.0,1781
12802,2025-09-24,KUR,KHURDA ROAD JN,82.0,1800
12802,2025-09-24,PURI,PURI,37.0,1843
12802,2025-09-25,ANVT,ANAND VIHAR TRM,0.0,0
12802,2025-09-25,GOY,GOVINDPURI,17.0,424
12802,2025-09-25,FTP,FATEHPUR,39.0,504
12802,2025-09-25,PRYJ,PRAYAGRAJ JN,13.0,621
12802,2025-09-25,BDL,VINDHYACHAL,33.0,702
12802,2025-09-25,MZP,MIRZAPUR,32.0,710
12802,2025-09-25,CAR,CHUNAR,35.0,741
12802,2025-09-25,DDU,PT DEEN DAYAL UPADHYAY JN,10.0,773
12802,2025-09-25,BBU,BHABUA ROAD,23.0,826
12802,2025-09-25,SSM,SASARAM,25.0,873
12802,2025-09-25,DOS,DEHRI ON SONE,27.0,891
12802,2025-09-25,AUBR,ANUGRAHA N ROAD,28.0,908
12802,2025-09-25,GAYA,GAYA JN,26.0,976
12802,2025-09-25,PRP,PAHARPUR,28.0,1008
12802,2025-09-25,KQR,KODERMA,35.0,1052
12802,2025-09-25,HZD,HAZARIBAGH RD,45.0,1101
12802,2025-09-25,PNME,PARASNATH,50.0,1128
12802,2025-09-25,GMO,NSC BOSE J GOMO,43.0,1146
12802,2025-09-25,CRP,CHANDRAPURA,44.0,1163
12802,2025-09-25,BKSC,BOKARO STL CITY,23.0,1178
12802,2025-09-25,PRR,PURULIA JN,36.0,1239
12802,2025-09-25,BBM,BARABHUM,42.0,1270
12802,2025-09-25,CNI,CHANDIL JN,35.0,1293
12802,2025-09-25,TATA,TATANAGAR JN,75.0,1329
12802,2025-09-25,GTS,GHATSILA,194.0,1365
12802,2025-09-25,HIJ,HIJILLI,210.0,1463
12802,2025-09-25,BLS,BALASORE,203.0,1575
12802,2025-09-25,BHC,BHADRAKH,210.0,1637
12802,2025-09-25,JJKR,JAJPUR K ROAD,213.0,1681
12802,2025-09-25,CTC,CUTTACK,239.0,1753
12802,2025-09-25,BBS,BHUBANESWAR,248.0,1781
12802,2025-09-25,KUR,KHURDA ROAD JN,257.0,1800
12802,2025-09-25,PURI,PURI,214.0,1843
12802,2025-09-26,ANVT,ANAND VIHAR TRM,0.0,0
12802,2025-09-26,GOY,GOVINDPURI,19.0,424
12802,2025-09-26,FTP,FATEHPUR,47.0,504
12802,2025-09-26,PRYJ,PRAYAGRAJ JN,14.0,621
12802,2025-09-26,BDL,VINDHYACHAL,11.0,702
12802,2025-09-26,MZP,MIRZAPUR,13.0,710
12802,2025-09-26,CAR,CHUNAR,15.0,741
12802,2025-09-26,DDU,PT DEEN DAYAL UPADHYAY JN,0.0,773
12802,2025-09-26,BBU,BHABUA ROAD,7.0,826
12802,2025-09-26,SSM,SASARAM,14.0,873
12802,2025-09-26,DOS,DEHRI ON SONE,18.0,891
12802,2025-09-26,AUBR,ANUGRAHA N ROAD,20.0,908
12802,2025-09-26,GAYA,GAYA JN,22.0,976
12802,2025-09-26,PRP,PAHARPUR,22.0,1008
12802,2025-09-26,KQR,KODERMA,29.0,1052
12802,2025-09-26,HZD,HAZARIBAGH RD,43.0,1101
12802,2025-09-26,PNME,PARASNATH,46.0,1128
12802,2025-09-26,GMO,NSC BOSE J GOMO,26.0,1146
12802,2025-09-26,CRP,CHANDRAPURA,25.0,1163
12802,2025-09-26,BKSC,BOKARO STL CITY,7.0,1178
12802,2025-09-26,PRR,PURULIA JN,0.0,1239
12802,2025-09-26,BBM,BARABHUM,11.0,1270
12802,2025-09-26,CNI,CHANDIL JN,0.0,1293
12802,2025-09-26,TATA,TATANAGAR JN,128.0,1329
12802,2025-09-26,GTS,GHATSILA,158.0,1365
12802,2025-09-26,HIJ,HIJILLI,160.0,1463
12802,2025-09-26,BLS,BALASORE,157.0,1575
12802,2025-09-26,BHC,BHADRAKH,152.0,1637
12802,2025-09-26,JJKR,JAJPUR K ROAD,160.0,1681
12802,2025-09-26,CTC,CUTTACK,211.0,1753
12802,2025-09-26,BBS,BHUBANESWAR,208.0,1781
12802,2025-09-26,KUR,KHURDA ROAD JN,211.0,1800
12802,2025-09-26,PURI,PURI,171.0,1843
12802,2025-09-27,ANVT,ANAND VIHAR TRM,0.0,0
12802,2025-09-27,GOY,GOVINDPURI,12.0,424
12802,2025-09-27,FTP,FATEHPUR,43.0,504
12802,2025-09-27,PRYJ,PRAYAGRAJ JN,19.0,621
12802,2025-09-27,BDL,VINDHYACHAL,25.0,702
12802,2025-09-27,MZP,MIRZAPUR,25.0,710
12802,2025-09-27,CAR,CHUNAR,29.0,741
12802,2025-09-27,DDU,PT DEEN DAYAL UPADHYAY JN,4.0,773
12802,2025-09-27,BBU,BHABUA ROAD,11.0,826
12802,2025-09-27,SSM,SASARAM,10.0,873
12802,2025-09-27,DOS,DEHRI ON SONE,12.0,891
12802,2025-09-27,AUBR,ANUGRAHA N ROAD,13.0,908
12802,2025-09-27,GAYA,GAYA JN,13.0,976
12802,2025-09-27,PRP,PAHARPUR,6.0,1008
12802,2025-09-27,KQR,KODERMA,28.0,1052
12802,2025-09-27,HZD,HAZARIBAGH RD,34.0,1101
12802,2025-09-27,PNME,PARASNATH,38.0,1128
12802,2025-09-27,GMO,NSC BOSE J GOMO,18.0,1146
12802,2025-09-27,CRP,CHANDRAPURA,20.0,1163
12802,2025-09-27,BKSC,BOKARO STL CITY,7.0,1178
12802,2025-09-27,PRR,PURULIA JN,10.0,1239
12802,2025-09-27,BBM,BARABHUM,11.0,1270
12802,2025-09-27,CNI,CHANDIL JN,0.0,1293
12802,2025-09-27,TATA,TATANAGAR JN,58.0,1329
12802,2025-09-27,GTS,GHATSILA,86.0,1365
12802,2025-09-27,HIJ,HIJILLI,90.0,1463
12802,2025-09-27,BLS,BALASORE,78.0,1575
12802,2025-09-27,BHC,BHADRAKH,76.0,1637
12802,2025-09-27,JJKR,JAJPUR K ROAD,78.0,1681
12802,2025-09-27,CTC,CUTTACK,102.0,1753
12802,2025-09-27,BBS,BHUBANESWAR,95.0,1781
12802,2025-09-27,KUR,KHURDA ROAD JN,97.0,1800
12802,2025-09-27,PURI,PURI,54.0,1843
12802,2025-09-28,ANVT,ANAND VIHAR TRM,10.0,0
12802,2025-09-28,GOY,GOVINDPURI,7.0,424
12802,2025-09-28,FTP,FATEHPUR,28.0,504
12802,2025-09-28,PRYJ,PRAYAGRAJ JN,2.0,621
12802,2025-09-28,BDL,VINDHYACHAL,7.0,702
12802,2025-09-28,MZP,MIRZAPUR,9.0,710
12802,2025-09-28,CAR,CHUNAR,11.0,741
12802,2025-09-28,DDU,PT DEEN DAYAL UPADHYAY JN,0.0,773
12802,2025-09-28,BBU,BHABUA ROAD,8.0,826
12802,2025-09-28,SSM,SASARAM,7.0,873
12802,2025-09-28,DOS,DEHRI ON SONE,8.0,891
12802,2025-09-28,AUBR,ANUGRAHA N ROAD,13.0,908
12802,2025-09-28,GAYA,GAYA JN,15.0,976
12802,2025-09-28,PRP,PAHARPUR,4.0,1008
12802,2025-09-28,KQR,KODERMA,31.0,1052
12802,2025-09-28,HZD,HAZARIBAGH RD,29.0,1101
12802,2025-09-28,PNME,PARASNATH,39.0,1128
12802,2025-09-28,GMO,NSC BOSE J GOMO,26.0,1146
12802,2025-09-28,CRP,CHANDRAPURA,20.0,1163
12802,2025-09-28,BKSC,BOKARO STL CITY,28.0,1178
12802,2025-09-28,PRR,PURULIA JN,24.0,1239
12802,2025-09-28,BBM,BARABHUM,27.0,1270
12802,2025-09-28,CNI,CHANDIL JN,15.0,1293
12802,2025-09-28,TATA,TATANAGAR JN,56.0,1329
12802,2025-09-28,GTS,GHATSILA,43.0,1365
12802,2025-09-28,HIJ,HIJILLI,68.0,1463
12802,2025-09-28,BLS,BALASORE,37.0,1575
12802,2025-09-28,BHC,BHADRAKH,70.0,1637
12802,2025-09-28,JJKR,JAJPUR K ROAD,76.0,1681
12802,2025-09-28,CTC,CUTTACK,97.0,1753
12802,2025-09-28,BBS,BHUBANESWAR,104.0,1781
12802,2025-09-28,KUR,KHURDA ROAD JN,95.0,1800
12802,2025-09-28,PURI,PURI,64.0,1843
12802,2025-09-29,ANVT,ANAND VIHAR TRM,0.0,0
12802,2025-09-29,GOY,GOVINDPURI,22.0,424
12802,2025-09-29,FTP,FATEHPUR,50.0,504
12802,2025-09-29,PRYJ,PRAYAGRAJ JN,7.0,621
12802,2025-09-29,BDL,VINDHYACHAL,8.0,702
12802,2025-09-29,MZP,MIRZAPUR,11.0,710
12802,2025-09-29,CAR,CHUNAR,14.0,741
12802,2025-09-29,DDU,PT DEEN DAYAL UPADHYAY JN,1.0,773
12802,2025-09-29,BBU,BHABUA ROAD,6.0,826
12802,2025-09-29,SSM,SASARAM,6.0,873
12802,2025-09-29,DOS,DEHRI ON SONE,8.0,891
12802,2025-09-29,AUBR,ANUGRAHA N ROAD,12.0,908
12802,2025-09-29,GAYA,GAYA JN,10.0,976
12802,2025-09-29,PRP,PAHARPUR,0.0,1008
12802,2025-09-29,KQR,KODERMA,7.0,1052
12802,2025-09-29,HZD,HAZARIBAGH RD,17.0,1101
12802,2025-09-29,PNME,PARASNATH,18.0,1128
12802,2025-09-29,GMO,NSC BOSE J GOMO,2.0,1146
12802,2025-09-29,CRP,CHANDRAPURA,3.0,1163
12802,2025-09-29,BKSC,BOKARO STL CITY,0.0,1178
12802,2025-09-29,PRR,PURULIA JN,8.0,1239
12802,2025-09-29,BBM,BARABHUM,9.0,1270
12802,2025-09-29,CNI,CHANDIL JN,2.0,1293
12802,2025-09-29,TATA,TATANAGAR JN,9.0,1329
12802,2025-09-29,GTS,GHATSILA,32.0,1365
12802,2025-09-29,HIJ,HIJILLI,24.0,1463
12802,2025-09-29,BLS,BALASORE,9.0,1575
12802,2025-09-29,BHC,BHADRAKH,3.0,1637
12802,2025-09-29,JJKR,JAJPUR K ROAD,10.0,1681
12802,2025-09-29,CTC,CUTTACK,34.0,1753
12802,2025-09-29,BBS,BHUBANESWAR,21.0,1781
12802,2025-09-29,KUR,KHURDA ROAD JN,31.0,1800
12802,2025-09-29,PURI,PURI,-9.0,1843
12802,2025-09-30,ANVT,ANAND VIHAR TRM,71.0,0
12802,2025-09-30,GOY,GOVINDPURI,127.0,424
12802,2025-09-30,FTP,FATEHPUR,152.0,504
12802,2025-09-30,PRYJ,PRAYAGRAJ JN,159.0,621
12802,2025-09-30,BDL,VINDHYACHAL,181.0,702
12802,2025-09-30,MZP,MIRZAPUR,180.0,710
12802,2025-09-30,CAR,CHUNAR,180.0,741
12802,2025-09-30,DDU,PT DEEN DAYAL UPADHYAY JN,172.0,773
12802,2025-09-30,BBU,BHABUA ROAD,199.0,826
12802,2025-09-30,SSM,SASARAM,197.0,873
12802,2025-09-30,DOS,DEHRI ON SONE,199.0,891
12802,2025-09-30,AUBR,ANUGRAHA N ROAD,199.0,908
12802,2025-09-30,GAYA,GAYA JN,202.0,976
12802,2025-09-30,PRP,PAHARPUR,247.0,1008
12802,2025-09-30,KQR,KODERMA,265.0,1052
12802,2025-09-30,HZD,HAZARIBAGH RD,274.0,1101
12802,2025-09-30,PNME,PARASNATH,286.0,1128
12802,2025-09-30,GMO,NSC BOSE J GOMO,271.0,1146
12802,2025-09-30,CRP,CHANDRAPURA,276.0,1163
12802,2025-09-30,BKSC,BOKARO STL CITY,269.0,1178
12802,2025-09-30,PRR,PURULIA JN,248.0,1239
12802,2025-09-30,BBM,BARABHUM,273.0,1270
12802,2025-09-30,CNI,CHANDIL JN,263.0,1293
12802,2025-09-30,TATA,TATANAGAR JN,325.0,1329
12802,2025-09-30,GTS,GHATSILA,343.0,1365
12802,2025-09-30,HIJ,HIJILLI,339.0,1463
12802,2025-09-30,BLS,BALASORE,333.0,1575
12802,2025-09-30,BHC,BHADRAKH,348.0,1637
12802,2025-09-30,JJKR,JAJPUR K ROAD,351.0,1681
12802,2025-09-30,CTC,CUTTACK,373.0,1753
12802,2025-09-30,BBS,BHUBANESWAR,386.0,1781
12802,2025-09-30,KUR,KHURDA ROAD JN,391.0,1800
12802,2025-09-30,PURI,PURI,381.0,1843
12802,2025-10-01,ANVT,ANAND VIHAR TRM,1.0,0
12802,2025-10-01,GOY,GOVINDPURI,25.0,424
12802,2025-10-01,FTP,FATEHPUR,42.0,504
12802,2025-10-01,PRYJ,PRAYAGRAJ JN,4.0,621
12802,2025-10-01,BDL,VINDHYACHAL,24.0,702
12802,2025-10-01,MZP,MIRZAPUR,23.0,710
12802,2025-10-01,CAR,CHUNAR,24.0,741
12802,2025-10-01,DDU,PT DEEN DAYAL UPADHYAY JN,0.0,773
12802,2025-10-01,BBU,BHABUA ROAD,4.0,826
12802,2025-10-01,SSM,SASARAM,2.0,873
12802,2025-10-01,DOS,DEHRI ON SONE,2.0,891
12802,2025-10-01,AUBR,ANUGRAHA N ROAD,1.0,908
12802,2025-10-01,GAYA,GAYA JN,0.0,976
12802,2025-10-01,PRP,PAHARPUR,10.0,1008
12802,2025-10-01,KQR,KODERMA,18.0,1052
12802,2025-10-01,HZD,HAZARIBAGH RD,29.0,1101
12802,2025-10-01,PNME,PARASNATH,29.0,1128
12802,2025-10-01,GMO,NSC BOSE J GOMO,10.0,1146
12802,2025-10-01,CRP,CHANDRAPURA,7.0,1163
12802,2025-10-01,BKSC,BOKARO STL CITY,0.0,1178
12802,2025-10-01,PRR,PURULIA JN,0.0,1239
12802,2025-10-01,BBM,BARABHUM,8.0,1270
12802,2025-10-01,CNI,CHANDIL JN,5.0,1293
12802,2025-10-01,TATA,TATANAGAR JN,19.0,1329
12802,2025-10-01,GTS,GHATSILA,40.0,1365
12802,2025-10-01,HIJ,HIJILLI,38.0,1463
12802,2025-10-01,BLS,BALASORE,21.0,1575
12802,2025-10-01,BHC,BHADRAKH,13.0,1637
12802,2025-10-01,JJKR,JAJPUR K ROAD,15.0,1681
12802,2025-10-01,CTC,CUTTACK,34.0,1753
12802,2025-10-01,BBS,BHUBANESWAR,36.0,1781
12802,2025-10-01,KUR,KHURDA ROAD JN,48.0,1800
12802,2025-10-01,PURI,PURI,6.0,1843
12802,2025-10-02,ANVT,ANAND VIHAR TRM,0.0,0
12802,2025-10-02,GOY,GOVINDPURI,35.0,424
12802,2025-10-02,FTP,FATEHPUR,53.0,504
12802,2025-10-02,PRYJ,PRAYAGRAJ JN,10.0,621
12802,2025-10-02,BDL,VINDHYACHAL,,702
12802,2025-10-02,MZP,MIRZAPUR,24.0,710
12802,2025-10-02,CAR,CHUNAR,29.0,741
12802,2025-10-02,DDU,PT DEEN DAYAL UPADHYAY JN,4.0,773
12802,2025-10-02,BBU,BHABUA ROAD,12.0,826
12802,2025-10-02,SSM,SASARAM,12.0,873
12802,2025-10-02,DOS,DEHRI ON SONE,12.0,891
12802,2025-10-02,AUBR,ANUGRAHA N ROAD,14.0,908
12802,2025-10-02,GAYA,GAYA JN,13.0,976
12802,2025-10-02,PRP,PAHARPUR,9.0,1008
12802,2025-10-02,KQR,KODERMA,14.0,1052
12802,2025-10-02,HZD,HAZARIBAGH RD,22.0,1101
12802,2025-10-02,PNME,PARASNATH,22.0,1128
12802,2025-10-02,GMO,NSC BOSE J GOMO,4.0,1146
12802,2025-10-02,CRP,CHANDRAPURA,1.0,1163
12802,2025-10-02,BKSC,BOKARO STL CITY,0.0,1178
12802,2025-10-02,PRR,PURULIA JN,0.0,1239
12802,2025-10-02,BBM,BARABHUM,5.0,1270
12802,2025-10-02,CNI,CHANDIL JN,0.0,1293
12802,2025-10-02,TATA,TATANAGAR JN,59.0,1329
12802,2025-10-02,GTS,GHATSILA,118.0,1365
12802,2025-10-02,HIJ,HIJILLI,121.0,1463
12802,2025-10-02,BLS,BALASORE,108.0,1575
12802,2025-10-02,BHC,BHADRAKH,99.0,1637
12802,2025-10-02,JJKR,JAJPUR K ROAD,103.0,1681
12802,2025-10-02,CTC,CUTTACK,121.0,1753
12802,2025-10-02,BBS,BHUBANESWAR,120.0,1781
12802,2025-10-02,KUR,KHURDA ROAD JN,146.0,1800
12802,2025-10-02,PURI,PURI,121.0,1843
12802,2025-10-03,ANVT,ANAND VIHAR TRM,0.0,0
12802,2025-10-03,GOY,GOVINDPURI,0.0,424
12802,2025-10-03,FTP,FATEHPUR,60.0,504
12802,2025-10-03,PRYJ,PRAYAGRAJ JN,25.0,621
12802,2025-10-03,BDL,VINDHYACHAL,,702
12802,2025-10-03,MZP,MIRZAPUR,23.0,710
12802,2025-10-03,CAR,CHUNAR,24.0,741
12802,2025-10-03,DDU,PT DEEN DAYAL UPADHYAY JN,2.0,773
12802,2025-10-03,BBU,BHABUA ROAD,6.0,826
12802,2025-10-03,SSM,SASARAM,13.0,873
12802,2025-10-03,DOS,DEHRI ON SONE,24.0,891
12802,2025-10-03,AUBR,ANUGRAHA N ROAD,24.0,908
12802,2025-10-03,GAYA,GAYA JN,22.0,976
12802,2025-10-03,PRP,PAHARPUR,17.0,1008
12802,2025-10-03,KQR,KODERMA,40.0,1052
12802,2025-10-03,HZD,HAZARIBAGH RD,49.0,1101
12802,2025-10-03,PNME,PARASNATH,49.0,1128
12802,2025-10-03,GMO,NSC BOSE J GOMO,30.0,1146
12802,2025-10-03,CRP,CHANDRAPURA,27.0,1163
12802,2025-10-03,BKSC,BOKARO STL CITY,13.0,1178
12802,2025-10-03,PRR,PURULIA JN,0.0,1239
12802,2025-10-03,BBM,BARABHUM,32.0,1270
12802,2025-10-03,CNI,CHANDIL JN,18.0,1293
12802,2025-10-03,TATA,TATANAGAR JN,66.0,1329
12802,2025-10-03,GTS,GHATSILA,136.0,1365
12802,2025-10-03,HIJ,HIJILLI,136.0,1463
12802,2025-10-03,BLS,BALASORE,121.0,1575
12802,2025-10-03,BHC,BHADRAKH,127.0,1637
12802,2025-10-03,JJKR,JAJPUR K ROAD,133.0,1681
12802,2025-10-03,CTC,CUTTACK,165.0,1753
12802,2025-10-03,BBS,BHUBANESWAR,162.0,1781
12802,2025-10-03,KUR,KHURDA ROAD JN,176.0,1800
12802,2025-10-03,PURI,PURI,152.0,1843
12802,2025-10-04,ANVT,ANAND VIHAR TRM,1.0,0
12802,2025-10-04,GOY,GOVINDPURI,24.0,424
12802,2025-10-04,FTP,FATEHPUR,31.0,504
12802,2025-10-04,PRYJ,PRAYAGRAJ JN,15.0,621
12802,2025-10-04,BDL,VINDHYACHAL,,702
12802,2025-10-04,MZP,MIRZAPUR,24.0,710
12802,2025-10-04,CAR,CHUNAR,32.0,741
12802,2025-10-04,DDU,PT DEEN DAYAL UPADHYAY JN,8.0,773
12802,2025-10-04,BBU,BHABUA ROAD,13.0,826
12802,2025-10-04,SSM,SASARAM,13.0,873
12802,2025-10-04,DOS,DEHRI ON SONE,23.0,891
12802,2025-10-04,AUBR,ANUGRAHA N ROAD,24.0,908
12802,2025-10-04,GAYA,GAYA JN,14.0,976
12802,2025-10-04,PRP,PAHARPUR,11.0,1008
12802,2025-10-04,KQR,KODERMA,19.0,1052
12802,2025-10-04,HZD,HAZARIBAGH RD,26.0,1101
12802,2025-10-04,PNME,PARASNATH,32.0,1128
12802,2025-10-04,GMO,NSC BOSE J GOMO,12.0,1146
12802,2025-10-04,CRP,CHANDRAPURA,11.0,1163
12802,2025-10-04,BKSC,BOKARO STL CITY,0.0,1178
12802,2025-10-04,PRR,PURULIA JN,1.0,1239
12802,2025-10-04,BBM,BARABHUM,6.0,1270
12802,2025-10-04,CNI,CHANDIL JN,0.0,1293
12802,2025-10-04,TATA,TATANAGAR JN,12.0,1329
12802,2025-10-04,GTS,GHATSILA,28.0,1365
12802,2025-10-04,HIJ,HIJILLI,47.0,1463
12802,2025-10-04,BLS,BALASORE,29.0,1575
12802,2025-10-04,BHC,BHADRAKH,21.0,1637
12802,2025-10-04,JJKR,JAJPUR K ROAD,24.0,1681
12802,2025-10-04,CTC,CUTTACK,47.0,1753
12802,2025-10-04,BBS,BHUBANESWAR,38.0,1781
12802,2025-10-04,KUR,KHURDA ROAD JN,39.0,1800
12802,2025-10-04,PURI,PURI,-7.0,1843
12802,2025-10-05,ANVT,ANAND VIHAR TRM,3.0,0
12802,2025-10-05,GOY,GOVINDPURI,29.0,424
12802,2025-10-05,FTP,FATEHPUR,40.0,504
12802,2025-10-05,PRYJ,PRAYAGRAJ JN,10.0,621
12802,2025-10-05,BDL,VINDHYACHAL,,702
12802,2025-10-05,MZP,MIRZAPUR,11.0,710
12802,2025-10-05,CAR,CHUNAR,17.0,741
12802,2025-10-05,DDU,PT DEEN DAYAL UPADHYAY JN,0.0,773
12802,2025-10-05,BBU,BHABUA ROAD,4.0,826
12802,2025-10-05,SSM,SASARAM,5.0,873
12802,2025-10-05,DOS,DEHRI ON SONE,7.0,891
12802,2025-10-05,AUBR,ANUGRAHA N ROAD,8.0,908
12802,2025-10-05,GAYA,GAYA JN,0.0,976
12802,2025-10-05,PRP,PAHARPUR,0.0,1008
12802,2025-10-05,KQR,KODERMA,24.0,1052
12802,2025-10-05,HZD,HAZARIBAGH RD,43.0,1101
12802,2025-10-05,PNME,PARASNATH,43.0,1128
12802,2025-10-05,GMO,NSC BOSE J GOMO,27.0,1146
12802,2025-10-05,CRP,CHANDRAPURA,32.0,1163
12802,2025-10-05,BKSC,BOKARO STL CITY,27.0,1178
12802,2025-10-05,PRR,PURULIA JN,25.0,1239
12802,2025-10-05,BBM,BARABHUM,37.0,1270
12802,2025-10-05,CNI,CHANDIL JN,33.0,1293
12802,2025-10-05,TATA,TATANAGAR JN,33.0,1329
12802,2025-10-05,GTS,GHATSILA,50.0,1365
12802,2025-10-05,HIJ,HIJILLI,63.0,1463
12802,2025-10-05,BLS,BALASORE,45.0,1575
12802,2025-10-05,BHC,BHADRAKH,39.0,1637
12802,2025-10-05,JJKR,JAJPUR K ROAD,50.0,1681
12802,2025-10-05,CTC,CUTTACK,57.0,1753
12802,2025-10-05,BBS,BHUBANESWAR,51.0,1781
12802,2025-10-05,KUR,KHURDA ROAD JN,51.0,1800
12802,2025-10-05,PURI,PURI,8.0,1843
12802,2025-10-06,ANVT,ANAND VIHAR TRM,0.0,0
12802,2025-10-06,GOY,GOVINDPURI,50.0,424
12802,2025-10-06,FTP,FATEHPUR,72.0,504
12802,2025-10-06,PRYJ,PRAYAGRAJ JN,31.0,621
12802,2025-10-06,BDL,VINDHYACHAL,,702
12802,2025-10-06,MZP,MIRZAPUR,24.0,710
12802,2025-10-06,CAR,CHUNAR,32.0,741
12802,2025-10-06,DDU,PT DEEN DAYAL UPADHYAY JN,7.0,773
12802,2025-10-06,BBU,BHABUA ROAD,11.0,826
12802,2025-10-06,SSM,SASARAM,9.0,873
12802,2025-10-06,DOS,DEHRI ON SONE,13.0,891
12802,2025-10-06,AUBR,ANUGRAHA N ROAD,14.0,908
12802,2025-10-06,GAYA,GAYA JN,9.0,976
12802,2025-10-06,PRP,PAHARPUR,8.0,1008
12802,2025-10-06,KQR,KODERMA,13.0,1052
12802,2025-10-06,HZD,HAZARIBAGH RD,20.0,1101
12802,2025-10-06,PNME,PARASNATH,25.0,1128
12802,2025-10-06,GMO,NSC BOSE J GOMO,6.0,1146
12802,2025-10-06,CRP,CHANDRAPURA,9.0,1163
12802,2025-10-06,BKSC,BOKARO STL CITY,0.0,1178
12802,2025-10-06,PRR,PURULIA JN,0.0,1239
12802,2025-10-06,BBM,BARABHUM,8.0,1270
12802,2025-10-06,CNI,CHANDIL JN,2.0,1293
12802,2025-10-06,TATA,TATANAGAR JN,63.0,1329
12802,2025-10-06,GTS,GHATSILA,77.0,1365
12802,2025-10-06,HIJ,HIJILLI,89.0,1463
12802,2025-10-06,BLS,BALASORE,78.0,1575
12802,2025-10-06,BHC,BHADRAKH,83.0,1637
12802,2025-10-06,JJKR,JAJPUR K ROAD,90.0,1681
12802,2025-10-06,CTC,CUTTACK,113.0,1753
12802,2025-10-06,BBS,BHUBANESWAR,116.0,1781
12802,2025-10-06,KUR,KHURDA ROAD JN,119.0,1800
12802,2025-10-06,PURI,PURI,64.0,1843
12802,2025-10-07,ANVT,ANAND VIHAR TRM,9.0,0
12802,2025-10-07,GOY,GOVINDPURI,66.0,424
12802,2025-10-07,FTP,FATEHPUR,87.0,504
12802,2025-10-07,PRYJ,PRAYAGRAJ JN,83.0,621
12802,2025-10-07,BDL,VINDHYACHAL,,702
12802,2025-10-07,MZP,MIRZAPUR,82.0,710
12802,2025-10-07,CAR,CHUNAR,88.0,741
12802,2025-10-07,DDU,PT DEEN DAYAL UPADHYAY JN,62.0,773
12802,2025-10-07,BBU,BHABUA ROAD,66.0,826
12802,2025-10-07,SSM,SASARAM,67.0,873
12802,2025-10-07,DOS,DEHRI ON SONE,68.0,891
12802,2025-10-07,AUBR,ANUGRAHA N ROAD,68.0,908
12802,2025-10-07,GAYA,GAYA JN,62.0,976
12802,2025-10-07,PRP,PAHARPUR,53.0,1008
12802,2025-10-07,KQR,KODERMA,58.0,1052
12802,2025-10-07,HZD,HAZARIBAGH RD,73.0,1101
12802,2025-10-07,PNME,PARASNATH,73.0,1128
12802,2025-10-07,GMO,NSC BOSE J GOMO,61.0,1146
12802,2025-10-07,CRP,CHANDRAPURA,65.0,1163
12802,2025-10-07,BKSC,BOKARO STL CITY,49.0,1178
12802,2025-10-07,PRR,PURULIA JN,40.0,1239
12802,2025-10-07,BBM,BARABHUM,60.0,1270
12802,2025-10-07,CNI,CHANDIL JN,47.0,1293
12802,2025-10-07,TATA,TATANAGAR JN,120.0,1329
12802,2025-10-07,GTS,GHATSILA,130.0,1365
12802,2025-10-07,HIJ,HIJILLI,133.0,1463
12802,2025-10-07,BLS,BALASORE,116.0,1575
12802,2025-10-07,BHC,BHADRAKH,126.0,1637
12802,2025-10-07,JJKR,JAJPUR K ROAD,163.0,1681
12802,2025-10-07,CTC,CUTTACK,182.0,1753
12802,2025-10-07,BBS,BHUBANESWAR,184.0,1781
12802,2025-10-07,KUR,KHURDA ROAD JN,187.0,1800
12802,2025-10-07,PURI,PURI,143.0,1843
12802,2025-10-08,ANVT,ANAND VIHAR TRM,0.0,0
12802,2025-10-08,GOY,GOVINDPURI,27.0,424
12802,2025-10-08,FTP,FATEHPUR,40.0,504
12802,2025-10-08,PRYJ,PRAYAGRAJ JN,7.0,621
12802,2025-10-08,BDL,VINDHYACHAL,,702
12802,2025-10-08,MZP,MIRZAPUR,14.0,710
12802,2025-10-08,CAR,CHUNAR,15.0,741
12802,2025-10-08,DDU,PT DEEN DAYAL UPADHYAY JN,1.0,773
12802,2025-10-08,BBU,BHABUA ROAD,5.0,826
12802,2025-10-08,SSM,SASARAM,3.0,873
12802,2025-10-08,DOS,DEHRI ON SONE,1.0,891
12802,2025-10-08,AUBR,ANUGRAHA N ROAD,1.0,908
12802,2025-10-08,GAYA,GAYA JN,1.0,976
12802,2025-10-08,PRP,PAHARPUR,1.0,1008
12802,2025-10-08,KQR,KODERMA,26.0,1052
12802,2025-10-08,HZD,HAZARIBAGH RD,40.0,1101
12802,2025-10-08,PNME,PARASNATH,49.0,1128
12802,2025-10-08,GMO,NSC BOSE J GOMO,37.0,1146
12802,2025-10-08,CRP,CHANDRAPURA,31.0,1163
12802,2025-10-08,BKSC,BOKARO STL CITY,19.0,1178
12802,2025-10-08,PRR,PURULIA JN,8.0,1239
12802,2025-10-08,BBM,BARABHUM,20.0,1270
12802,2025-10-08,CNI,CHANDIL JN,9.0,1293
12802,2025-10-08,TATA,TATANAGAR JN,83.0,1329
12802,2025-10-08,GTS,GHATSILA,65.0,1365
12802,2025-10-08,HIJ,HIJILLI,73.0,1463
12802,2025-10-08,BLS,BALASORE,49.0,1575
12802,2025-10-08,BHC,BHADRAKH,54.0,1637
12802,2025-10-08,JJKR,JAJPUR K ROAD,56.0,1681
12802,2025-10-08,CTC,CUTTACK,68.0,1753
12802,2025-10-08,BBS,BHUBANESWAR,79.0,1781
12802,2025-10-08,KUR,KHURDA ROAD JN,85.0,1800
12802,2025-10-08,PURI,PURI,37.0,1843
12802,2025-10-09,ANVT,ANAND VIHAR TRM,0.0,0
12802,2025-10-09,GOY,GOVINDPURI,50.0,424
12802,2025-10-09,FTP,FATEHPUR,79.0,504
12802,2025-10-09,PRYJ,PRAYAGRAJ JN,34.0,621
12802,2025-10-09,BDL,VINDHYACHAL,,702
12802,2025-10-09,MZP,MIRZAPUR,43.0,710
12802,2025-10-09,CAR,CHUNAR,42.0,741
12802,2025-10-09,DDU,PT DEEN DAYAL UPADHYAY JN,12.0,773
12802,2025-10-09,BBU,BHABUA ROAD,17.0,826
12802,2025-10-09,SSM,SASARAM,20.0,873
12802,2025-10-09,DOS,DEHRI ON SONE,21.0,891
12802,2025-10-09,AUBR,ANUGRAHA N ROAD,20.0,908
12802,2025-10-09,GAYA,GAYA JN,26.0,976
12802,2025-10-09,PRP,PAHARPUR,18.0,1008
12802,2025-10-09,KQR,KODERMA,19.0,1052
12802,2025-10-09,HZD,HAZARIBAGH RD,23.0,1101
12802,2025-10-09,PNME,PARASNATH,32.0,1128
12802,2025-10-09,GMO,NSC BOSE J GOMO,15.0,1146
12802,2025-10-09,CRP,CHANDRAPURA,23.0,1163
12802,2025-10-09,BKSC,BOKARO STL CITY,25.0,1178
12802,2025-10-09,PRR,PURULIA JN,5.0,1239
12802,2025-10-09,BBM,BARABHUM,24.0,1270
12802,2025-10-09,CNI,CHANDIL JN,15.0,1293
12802,2025-10-09,TATA,TATANAGAR JN,91.0,1329
12802,2025-10-09,GTS,GHATSILA,105.0,1365
12802,2025-10-09,HIJ,HIJILLI,85.0,1463
12802,2025-10-09,BLS,BALASORE,73.0,1575
12802,2025-10-09,BHC,BHADRAKH,74.0,1637
12802,2025-10-09,JJKR,JAJPUR K ROAD,76.0,1681
12802,2025-10-09,CTC,CUTTACK,100.0,1753
12802,2025-10-09,BBS,BHUBANESWAR,104.0,1781
12802,2025-10-09,KUR,KHURDA ROAD JN,110.0,1800
12802,2025-10-09,PURI,PURI,68.0,1843
12802,2025-10-10,ANVT,ANAND VIHAR TRM,1.0,0
12802,2025-10-10,GOY,GOVINDPURI,60.0,424
12802,2025-10-10,FTP,FATEHPUR,88.0,504
12802,2025-10-10,PRYJ,PRAYAGRAJ JN,45.0,621
12802,2025-10-10,BDL,VINDHYACHAL,,702
12802,2025-10-10,MZP,MIRZAPUR,29.0,710
12802,2025-10-10,CAR,CHUNAR,37.0,741
12802,2025-10-10,DDU,PT DEEN DAYAL UPADHYAY JN,20.0,773
12802,2025-10-10,BBU,BHABUA ROAD,24.0,826
12802,2025-10-10,SSM,SASARAM,26.0,873
12802,2025-10-10,DOS,DEHRI ON SONE,41.0,891
12802,2025-10-10,AUBR,ANUGRAHA N ROAD,41.0,908
12802,2025-10-10,GAYA,GAYA JN,60.0,976
12802,2025-10-10,PRP,PAHARPUR,57.0,1008
12802,2025-10-10,KQR,KODERMA,63.0,1052
12802,2025-10-10,HZD,HAZARIBAGH RD,74.0,1101
12802,2025-10-10,PNME,PARASNATH,75.0,1128
12802,2025-10-10,GMO,NSC BOSE J GOMO,62.0,1146
12802,2025-10-10,CRP,CHANDRAPURA,82.0,1163
12802,2025-10-10,BKSC,BOKARO STL CITY,63.0,1178
12802,2025-10-10,PRR,PURULIA JN,55.0,1239
12802,2025-10-10,BBM,BARABHUM,59.0,1270
12802,2025-10-10,CNI,CHANDIL JN,49.0,1293
12802,2025-10-10,TATA,TATANAGAR JN,60.0,1329
12802,2025-10-10,GTS,GHATSILA,82.0,1365
12802,2025-10-10,HIJ,HIJILLI,75.0,1463
12802,2025-10-10,BLS,BALASORE,59.0,1575
12802,2025-10-10,BHC,BHADRAKH,53.0,1637
12802,2025-10-10,JJKR,JAJPUR K ROAD,63.0,1681
12802,2025-10-10,CTC,CUTTACK,73.0,1753
12802,2025-10-10,BBS,BHUBANESWAR,79.0,1781
12802,2025-10-10,KUR,KHURDA ROAD JN,84.0,1800
12802,2025-10-10,PURI,PURI,40.0,1843
12802,2025-10-11,ANVT,ANAND VIHAR TRM,1.0,0
12802,2025-10-11,GOY,GOVINDPURI,61.0,424
12802,2025-10-11,FTP,FATEHPUR,85.0,504
12802,2025-10-11,PRYJ,PRAYAGRAJ JN,83.0,621
12802,2025-10-11,BDL,VINDHYACHAL,,702
12802,2025-10-11,MZP,MIRZAPUR,87.0,710
12802,2025-10-11,CAR,CHUNAR,87.0,741
12802,2025-10-11,DDU,PT DEEN DAYAL UPADHYAY JN,64.0,773
12802,2025-10-11,BBU,BHABUA ROAD,71.0,826
12802,2025-10-11,SSM,SASARAM,89.0,873
12802,2025-10-11,DOS,DEHRI ON SONE,99.0,891
12802,2025-10-11,AUBR,ANUGRAHA N ROAD,105.0,908
12802,2025-10-11,GAYA,GAYA JN,101.0,976
12802,2025-10-11,PRP,PAHARPUR,91.0,1008
12802,2025-10-11,KQR,KODERMA,95.0,1052
12802,2025-10-11,HZD,HAZARIBAGH RD,111.0,1101
12802,2025-10-11,PNME,PARASNATH,113.0,1128
12802,2025-10-11,GMO,NSC BOSE J GOMO,101.0,1146
12802,2025-10-11,CRP,CHANDRAPURA,107.0,1163
12802,2025-10-11,BKSC,BOKARO STL CITY,99.0,1178
12802,2025-10-11,PRR,PURULIA JN,105.0,1239
12802,2025-10-11,BBM,BARABHUM,113.0,1270
12802,2025-10-11,CNI,CHANDIL JN,101.0,1293
12802,2025-10-11,TATA,TATANAGAR JN,106.0,1329
12802,2025-10-11,GTS,GHATSILA,141.0,1365
12802,2025-10-11,HIJ,HIJILLI,146.0,1463
12802,2025-10-11,BLS,BALASORE,141.0,1575
12802,2025-10-11,BHC,BHADRAKH,133.0,1637
12802,2025-10-11,JJKR,JAJPUR K ROAD,138.0,1681
12802,2025-10-11,CTC,CUTTACK,144.0,1753
12802,2025-10-11,BBS,BHUBANESWAR,148.0,1781
12802,2025-10-11,KUR,KHURDA ROAD JN,167.0,1800
12802,2025-10-11,PURI,PURI,151.0,1843
12802,2025-10-12,ANVT,ANAND VIHAR TRM,4.0,0
12802,2025-10-12,GOY,GOVINDPURI,0.0,424
12802,2025-10-12,FTP,FATEHPUR,16.0,504
12802,2025-10-12,PRYJ,PRAYAGRAJ JN,2.0,621
12802,2025-10-12,BDL,VINDHYACHAL,,702
12802,2025-10-12,MZP,MIRZAPUR,13.0,710
12802,2025-10-12,CAR,CHUNAR,18.0,741
12802,2025-10-12,DDU,PT DEEN DAYAL UPADHYAY JN,0.0,773
12802,2025-10-12,BBU,BHABUA ROAD,6.0,826
12802,2025-10-12,SSM,SASARAM,8.0,873
12802,2025-10-12,DOS,DEHRI ON SONE,10.0,891
12802,2025-10-12,AUBR,ANUGRAHA N ROAD,10.0,908
12802,2025-10-12,GAYA,GAYA JN,5.0,976
12802,2025-10-12,PRP,PAHARPUR,0.0,1008
12802,2025-10-12,KQR,KODERMA,19.0,1052
12802,2025-10-12,HZD,HAZARIBAGH RD,113.0,1101
12802,2025-10-12,PNME,PARASNATH,116.0,1128
12802,2025-10-12,GMO,NSC BOSE J GOMO,110.0,1146
12802,2025-10-12,CRP,CHANDRAPURA,110.0,1163
12802,2025-10-12,BKSC,BOKARO STL CITY,102.0,1178
12802,2025-10-12,PRR,PURULIA JN,89.0,1239
12802,2025-10-12,BBM,BARABHUM,99.0,1270
12802,2025-10-12,CNI,CHANDIL JN,84.0,1293
12802,2025-10-12,TATA,TATANAGAR JN,83.0,1329
12802,2025-10-12,GTS,GHATSILA,85.0,1365
12802,2025-10-12,HIJ,HIJILLI,77.0,1463
12802,2025-10-12,BLS,BALASORE,75.0,1575
12802,2025-10-12,BHC,BHADRAKH,84.0,1637
12802,2025-10-12,JJKR,JAJPUR K ROAD,97.0,1681
12802,2025-10-12,CTC,CUTTACK,114.0,1753
12802,2025-10-12,BBS,BHUBANESWAR,112.0,1781
12802,2025-10-12,KUR,KHURDA ROAD JN,120.0,1800
12802,2025-10-12,PURI,PURI,81.0,1843
12802,2025-10-13,ANVT,ANAND VIHAR TRM,0.0,0
12802,2025-10-13,GOY,GOVINDPURI,63.0,424
12802,2025-10-13,FTP,FATEHPUR,72.0,504
12802,2025-10-13,PRYJ,PRAYAGRAJ JN,39.0,621
12802,2025-10-13,BDL,VINDHYACHAL,,702
12802,2025-10-13,MZP,MIRZAPUR,31.0,710
12802,2025-10-13,CAR,CHUNAR,32.0,741
12802,2025-10-13,DDU,PT DEEN DAYAL UPADHYAY JN,7.0,773
12802,2025-10-13,BBU,BHABUA ROAD,14.0,826
12802,2025-10-13,SSM,SASARAM,14.0,873
12802,2025-10-13,DOS,DEHRI ON SONE,18.0,891
12802,2025-10-13,AUBR,ANUGRAHA N ROAD,18.0,908
12802,2025-10-13,GAYA,GAYA JN,14.0,976
12802,2025-10-13,PRP,PAHARPUR,4.0,1008
12802,2025-10-13,KQR,KODERMA,17.0,1052
12802,2025-10-13,HZD,HAZARIBAGH RD,22.0,1101
12802,2025-10-13,PNME,PARASNATH,27.0,1128
12802,2025-10-13,GMO,NSC BOSE J GOMO,7.0,1146
12802,2025-10-13,CRP,CHANDRAPURA,15.0,1163
12802,2025-10-13,BKSC,BOKARO STL CITY,22.0,1178
12802,2025-10-13,PRR,PURULIA JN,6.0,1239
12802,2025-10-13,BBM,BARABHUM,21.0,1270
12802,2025-10-13,CNI,CHANDIL JN,8.0,1293
12802,2025-10-13,TATA,TATANAGAR JN,29.0,1329
12802,2025-10-13,GTS,GHATSILA,38.0,1365
12802,2025-10-13,HIJ,HIJILLI,45.0,1463
12802,2025-10-13,BLS,BALASORE,28.0,1575
12802,2025-10-13,BHC,BHADRAKH,26.0,1637
12802,2025-10-13,JJKR,JAJPUR K ROAD,29.0,1681
12802,2025-10-13,CTC,CUTTACK,48.0,1753
12802,2025-10-13,BBS,BHUBANESWAR,48.0,1781
12802,2025-10-13,KUR,KHURDA ROAD JN,50.0,1800
12802,2025-10-13,PURI,PURI,6.0,1843
12802,2025-10-14,ANVT,ANAND VIHAR TRM,1.0,0
12802,2025-10-14,GOY,GOVINDPURI,272.0,424
12802,2025-10-14,FTP,FATEHPUR,306.0,504
12802,2025-10-14,PRYJ,PRAYAGRAJ JN,281.0,621
12802,2025-10-14,BDL,VINDHYACHAL,,702
12802,2025-10-14,MZP,MIRZAPUR,288.0,710
12802,2025-10-14,CAR,CHUNAR,296.0,741
12802,2025-10-14,DDU,PT DEEN DAYAL UPADHYAY JN,277.0,773
12802,2025-10-14,BBU,BHABUA ROAD,291.0,826
12802,2025-10-14,SSM,SASARAM,295.0,873
12802,2025-10-14,DOS,DEHRI ON SONE,316.0,891
12802,2025-10-14,AUBR,ANUGRAHA N ROAD,325.0,908
12802,2025-10-14,GAYA,GAYA JN,326.0,976
12802,2025-10-14,PRP,PAHARPUR,322.0,1008
12802,2025-10-14,KQR,KODERMA,339.0,1052
12802,2025-10-14,HZD,HAZARIBAGH RD,345.0,1101
12802,2025-10-14,PNME,PARASNATH,349.0,1128
12802,2025-10-14,GMO,NSC BOSE J GOMO,331.0,1146
12802,2025-10-14,CRP,CHANDRAPURA,329.0,1163
12802,2025-10-14,BKSC,BOKARO STL CITY,323.0,1178
12802,2025-10-14,PRR,PURULIA JN,325.0,1239
12802,2025-10-14,BBM,BARABHUM,339.0,1270
12802,2025-10-14,CNI,CHANDIL JN,328.0,1293
12802,2025-10-14,TATA,TATANAGAR JN,375.0,1329
12802,2025-10-14,GTS,GHATSILA,416.0,1365
12802,2025-10-14,HIJ,HIJILLI,407.0,1463
12802,2025-10-14,BLS,BALASORE,405.0,1575
12802,2025-10-14,BHC,BHADRAKH,405.0,1637
12802,2025-10-14,JJKR,JAJPUR K ROAD,411.0,1681
12802,2025-10-14,CTC,CUTTACK,441.0,1753
12802,2025-10-14,BBS,BHUBANESWAR,443.0,1781
12802,2025-10-14,KUR,KHURDA ROAD JN,450.0,1800
12802,2025-10-14,PURI,PURI,430.0,1843
12802,2025-10-15,ANVT,ANAND VIHAR TRM,1.0,0
12802,2025-10-15,GOY,GOVINDPURI,23.0,424
12802,2025-10-15,FTP,FATEHPUR,43.0,504
12802,2025-10-15,PRYJ,PRAYAGRAJ JN,29.0,621
12802,2025-10-15,BDL,VINDHYACHAL,,702
12802,2025-10-15,MZP,MIRZAPUR,36.0,710
12802,2025-10-15,CAR,CHUNAR,33.0,741
12802,2025-10-15,DDU,PT DEEN DAYAL UPADHYAY JN,6.0,773
12802,2025-10-15,BBU,BHABUA ROAD,13.0,826
12802,2025-10-15,SSM,SASARAM,13.0,873
12802,2025-10-15,DOS,DEHRI ON SONE,12.0,891
12802,2025-10-15,AUBR,ANUGRAHA N ROAD,13.0,908
12802,2025-10-15,GAYA,GAYA JN,12.0,976
12802,2025-10-15,PRP,PAHARPUR,1.0,1008
12802,2025-10-15,KQR,KODERMA,20.0,1052
12802,2025-10-15,HZD,HAZARIBAGH RD,51.0,1101
12802,2025-10-15,PNME,PARASNATH,51.0,1128
12802,2025-10-15,GMO,NSC BOSE J GOMO,37.0,1146
12802,2025-10-15,CRP,CHANDRAPURA,30.0,1163
12802,2025-10-15,BKSC,BOKARO STL CITY,16.0,1178
12802,2025-10-15,PRR,PURULIA JN,0.0,1239
12802,2025-10-15,BBM,BARABHUM,4.0,1270
12802,2025-10-15,CNI,CHANDIL JN,0.0,1293
12802,2025-10-15,TATA,TATANAGAR JN,9.0,1329
12802,2025-10-15,GTS,GHATSILA,12.0,1365
12802,2025-10-15,HIJ,HIJILLI,23.0,1463
12802,2025-10-15,BLS,BALASORE,9.0,1575
12802,2025-10-15,BHC,BHADRAKH,6.0,1637
12802,2025-10-15,JJKR,JAJPUR K ROAD,10.0,1681
12802,2025-10-15,CTC,CUTTACK,22.0,1753
12802,2025-10-15,BBS,BHUBANESWAR,32.0,1781
12802,2025-10-15,KUR,KHURDA ROAD JN,35.0,1800
12802,2025-10-15,PURI,PURI,10.0,1843
12802,2025-10-16,ANVT,ANAND VIHAR TRM,1.0,0
12802,2025-10-16,GOY,GOVINDPURI,34.0,424
12802,2025-10-16,FTP,FATEHPUR,69.0,504
12802,2025-10-16,PRYJ,PRAYAGRAJ JN,24.0,621
12802,2025-10-16,BDL,VINDHYACHAL,,702
12802,2025-10-16,MZP,MIRZAPUR,7.0,710
12802,2025-10-16,CAR,CHUNAR,14.0,741
12802,2025-10-16,DDU,PT DEEN DAYAL UPADHYAY JN,16.0,773
12802,2025-10-16,BBU,BHABUA ROAD,20.0,826
12802,2025-10-16,SSM,SASARAM,26.0,873
12802,2025-10-16,DOS,DEHRI ON SONE,27.0,891
12802,2025-10-16,AUBR,ANUGRAHA N ROAD,27.0,908
12802,2025-10-16,GAYA,GAYA JN,27.0,976
12802,2025-10-16,PRP,PAHARPUR,25.0,1008
12802,2025-10-16,KQR,KODERMA,43.0,1052
12802,2025-10-16,HZD,HAZARIBAGH RD,47.0,1101
12802,2025-10-16,PNME,PARASNATH,48.0,1128
12802,2025-10-16,GMO,NSC BOSE J GOMO,28.0,1146
12802,2025-10-16,CRP,CHANDRAPURA,26.0,1163
12802,2025-10-16,BKSC,BOKARO STL CITY,12.0,1178
12802,2025-10-16,PRR,PURULIA JN,1.0,1239
12802,2025-10-16,BBM,BARABHUM,2.0,1270
12802,2025-10-16,CNI,CHANDIL JN,0.0,1293
12802,2025-10-16,TATA,TATANAGAR JN,9.0,1329
12802,2025-10-16,GTS,GHATSILA,12.0,1365
12802,2025-10-16,HIJ,HIJILLI,6.0,1463
12802,2025-10-16,BLS,BALASORE,11.0,1575
12802,2025-10-16,BHC,BHADRAKH,9.0,1637
12802,2025-10-16,JJKR,JAJPUR K ROAD,14.0,1681
12802,2025-10-16,CTC,CUTTACK,33.0,1753
12802,2025-10-16,BBS,BHUBANESWAR,41.0,1781
12802,2025-10-16,KUR,KHURDA ROAD JN,46.0,1800
12802,2025-10-16,PURI,PURI,6.0,1843
12802,2025-10-17,ANVT,ANAND VIHAR TRM,0.0,0
12802,2025-10-17,GOY,GOVINDPURI,67.0,424
12802,2025-10-17,FTP,FATEHPUR,95.0,504
12802,2025-10-17,PRYJ,PRAYAGRAJ JN,88.0,621
12802,2025-10-17,BDL,VINDHYACHAL,,702
12802,2025-10-17,MZP,MIRZAPUR,79.0,710
12802,2025-10-17,CAR,CHUNAR,79.0,741
12802,2025-10-17,DDU,PT DEEN DAYAL UPADHYAY JN,66.0,773
12802,2025-10-17,BBU,BHABUA ROAD,67.0,826
12802,2025-10-17,SSM,SASARAM,75.0,873
12802,2025-10-17,DOS,DEHRI ON SONE,74.0,891
12802,2025-10-17,AUBR,ANUGRAHA N ROAD,74.0,908
12802,2025-10-17,GAYA,GAYA JN,70.0,976
12802,2025-10-17,PRP,PAHARPUR,73.0,1008
12802,2025-10-17,KQR,KODERMA,86.0,1052
12802,2025-10-17,HZD,HAZARIBAGH RD,79.0,1101
12802,2025-10-17,PNME,PARASNATH,88.0,1128
12802,2025-10-17,GMO,NSC BOSE J GOMO,80.0,1146
12802,2025-10-17,CRP,CHANDRAPURA,74.0,1163
12802,2025-10-17,BKSC,BOKARO STL CITY,60.0,1178
12802,2025-10-17,PRR,PURULIA JN,48.0,1239
12802,2025-10-17,BBM,BARABHUM,47.0,1270
12802,2025-10-17,CNI,CHANDIL JN,34.0,1293
12802,2025-10-17,TATA,TATANAGAR JN,83.0,1329
12802,2025-10-17,GTS,GHATSILA,100.0,1365
12802,2025-10-17,HIJ,HIJILLI,135.0,1463
12802,2025-10-17,BLS,BALASORE,115.0,1575
12802,2025-10-17,BHC,BHADRAKH,140.0,1637
12802,2025-10-17,JJKR,JAJPUR K ROAD,160.0,1681
12802,2025-10-17,CTC,CUTTACK,178.0,1753
12802,2025-10-17,BBS,BHUBANESWAR,184.0,1781
12802,2025-10-17,KUR,KHURDA ROAD JN,185.0,1800
12802,2025-10-17,PURI,PURI,135.0,1843
12802,2025-10-18,ANVT,ANAND VIHAR TRM,21.0,0
12802,2025-10-18,GOY,GOVINDPURI,94.0,424
12802,2025-10-18,FTP,FATEHPUR,125.0,504
12802,2025-10-18,PRYJ,PRAYAGRAJ JN,114.0,621
12802,2025-10-18,BDL,VINDHYACHAL,,702
12802,2025-10-18,MZP,MIRZAPUR,109.0,710
12802,2025-10-18,CAR,CHUNAR,113.0,741
12802,2025-10-18,DDU,PT DEEN DAYAL UPADHYAY JN,99.0,773
12802,2025-10-18,BBU,BHABUA ROAD,111.0,826
12802,2025-10-18,SSM,SASARAM,117.0,873
12802,2025-10-18,DOS,DEHRI ON SONE,121.0,891
12802,2025-10-18,AUBR,ANUGRAHA N ROAD,121.0,908
12802,2025-10-18,GAYA,GAYA JN,132.0,976
12802,2025-10-18,PRP,PAHARPUR,126.0,1008
12802,2025-10-18,KQR,KODERMA,128.0,1052
12802,2025-10-18,HZD,HAZARIBAGH RD,136.0,1101
12802,2025-10-18,PNME,PARASNATH,139.0,1128
12802,2025-10-18,GMO,NSC BOSE J GOMO,124.0,1146
12802,2025-10-18,CRP,CHANDRAPURA,142.0,1163
12802,2025-10-18,BKSC,BOKARO STL CITY,124.0,1178
12802,2025-10-18,PRR,PURULIA JN,111.0,1239
12802,2025-10-18,BBM,BARABHUM,117.0,1270
12802,2025-10-18,CNI,CHANDIL JN,111.0,1293
12802,2025-10-18,TATA,TATANAGAR JN,158.0,1329
12802,2025-10-18,GTS,GHATSILA,160.0,1365
12802,2025-10-18,HIJ,HIJILLI,169.0,1463
12802,2025-10-18,BLS,BALASORE,159.0,1575
12802,2025-10-18,BHC,BHADRAKH,158.0,1637
12802,2025-10-18,JJKR,JAJPUR K ROAD,164.0,1681
12802,2025-10-18,CTC,CUTTACK,173.0,1753
12802,2025-10-18,BBS,BHUBANESWAR,172.0,1781
12802,2025-10-18,KUR,KHURDA ROAD JN,217.0,1800
12802,2025-10-18,PURI,PURI,176.0,1843
12802,2025-10-19,ANVT,ANAND VIHAR TRM,15.0,0
12802,2025-10-19,GOY,GOVINDPURI,46.0,424
12802,2025-10-19,FTP,FATEHPUR,62.0,504
12802,2025-10-19,PRYJ,PRAYAGRAJ JN,53.0,621
12802,2025-10-19,BDL,VINDHYACHAL,,702
12802,2025-10-19,MZP,MIRZAPUR,45.0,710
12802,2025-10-19,CAR,CHUNAR,49.0,741
12802,2025-10-19,DDU,PT DEEN DAYAL UPADHYAY JN,25.0,773
12802,2025-10-19,BBU,BHABUA ROAD,28.0,826
12802,2025-10-19,SSM,SASARAM,36.0,873
12802,2025-10-19,DOS,DEHRI ON SONE,38.0,891
12802,2025-10-19,AUBR,ANUGRAHA N ROAD,38.0,908
12802,2025-10-19,GAYA,GAYA JN,31.0,976
12802,2025-10-19,PRP,PAHARPUR,36.0,1008
12802,2025-10-19,KQR,KODERMA,62.0,1052
12802,2025-10-19,HZD,HAZARIBAGH RD,66.0,1101
12802,2025-10-19,PNME,PARASNATH,68.0,1128
12802,2025-10-19,GMO,NSC BOSE J GOMO,48.0,1146
12802,2025-10-19,CRP,CHANDRAPURA,46.0,1163
12802,2025-10-19,BKSC,BOKARO STL CITY,25.0,1178
12802,2025-10-19,PRR,PURULIA JN,4.0,1239
12802,2025-10-19,BBM,BARABHUM,18.0,1270
12802,2025-10-19,CNI,CHANDIL JN,5.0,1293
12802,2025-10-19,TATA,TATANAGAR JN,53.0,1329
12802,2025-10-19,GTS,GHATSILA,72.0,1365
12802,2025-10-19,HIJ,HIJILLI,85.0,1463
12802,2025-10-19,BLS,BALASORE,82.0,1575
12802,2025-10-19,BHC,BHADRAKH,70.0,1637
12802,2025-10-19,JJKR,JAJPUR K ROAD,81.0,1681
12802,2025-10-19,CTC,CUTTACK,83.0,1753
12802,2025-10-19,BBS,BHUBANESWAR,85.0,1781
12802,2025-10-19,KUR,KHURDA ROAD JN,91.0,1800
12802,2025-10-19,PURI,PURI,55.0,1843
12802,2025-10-20,ANVT,ANAND VIHAR TRM,1.0,0
12802,2025-10-20,GOY,GOVINDPURI,19.0,424
12802,2025-10-20,FTP,FATEHPUR,47.0,504
12802,2025-10-20,PRYJ,PRAYAGRAJ JN,17.0,621
12802,2025-10-20,BDL,VINDHYACHAL,,702
12802,2025-10-20,MZP,MIRZAPUR,22.0,710
12802,2025-10-20,CAR,CHUNAR,23.0,741
12802,2025-10-20,DDU,PT DEEN DAYAL UPADHYAY JN,2.0,773
12802,2025-10-20,BBU,BHABUA ROAD,6.0,826
12802,2025-10-20,SSM,SASARAM,10.0,873
12802,2025-10-20,DOS,DEHRI ON SONE,11.0,891
12802,2025-10-20,AUBR,ANUGRAHA N ROAD,13.0,908
12802,2025-10-20,GAYA,GAYA JN,6.0,976
12802,2025-10-20,PRP,PAHARPUR,20.0,1008
12802,2025-10-20,KQR,KODERMA,45.0,1052
12802,2025-10-20,HZD,HAZARIBAGH RD,50.0,1101
12802,2025-10-20,PNME,PARASNATH,51.0,1128
12802,2025-10-20,GMO,NSC BOSE J GOMO,33.0,1146
12802,2025-10-20,CRP,CHANDRAPURA,34.0,1163
12802,2025-10-20,BKSC,BOKARO STL CITY,24.0,1178
12802,2025-10-20,PRR,PURULIA JN,26.0,1239
12802,2025-10-20,BBM,BARABHUM,38.0,1270
12802,2025-10-20,CNI,CHANDIL JN,24.0,1293
12802,2025-10-20,TATA,TATANAGAR JN,61.0,1329
12802,2025-10-20,GTS,GHATSILA,67.0,1365
12802,2025-10-20,HIJ,HIJILLI,83.0,1463
12802,2025-10-20,BLS,BALASORE,73.0,1575
12802,2025-10-20,BHC,BHADRAKH,61.0,1637
12802,2025-10-20,JJKR,JAJPUR K ROAD,67.0,1681
12802,2025-10-20,CTC,CUTTACK,85.0,1753
12802,2025-10-20,BBS,BHUBANESWAR,79.0,1781
12802,2025-10-20,KUR,KHURDA ROAD JN,84.0,1800
12802,2025-10-20,PURI,PURI,40.0,1843
12802,2025-10-21,ANVT,ANAND VIHAR TRM,9.0,0
12802,2025-10-21,GOY,GOVINDPURI,35.0,424
12802,2025-10-21,FTP,FATEHPUR,51.0,504
12802,2025-10-21,PRYJ,PRAYAGRAJ JN,29.0,621
12802,2025-10-21,BDL,VINDHYACHAL,,702
12802,2025-10-21,MZP,MIRZAPUR,22.0,710
12802,2025-10-21,CAR,CHUNAR,23.0,741
12802,2025-10-21,DDU,PT DEEN DAYAL UPADHYAY JN,1.0,773
12802,2025-10-21,BBU,BHABUA ROAD,3.0,826
12802,2025-10-21,SSM,SASARAM,9.0,873
12802,2025-10-21,DOS,DEHRI ON SONE,18.0,891
12802,2025-10-21,AUBR,ANUGRAHA N ROAD,21.0,908
12802,2025-10-21,GAYA,GAYA JN,13.0,976
12802,2025-10-21,PRP,PAHARPUR,18.0,1008
12802,2025-10-21,KQR,KODERMA,41.0,1052
12802,2025-10-21,HZD,HAZARIBAGH RD,54.0,1101
12802,2025-10-21,PNME,PARASNATH,56.0,1128
12802,2025-10-21,GMO,NSC BOSE J GOMO,43.0,1146
12802,2025-10-21,CRP,CHANDRAPURA,64.0,1163
12802,2025-10-21,BKSC,BOKARO STL CITY,46.0,1178
12802,2025-10-21,PRR,PURULIA JN,27.0,1239
12802,2025-10-21,BBM,BARABHUM,27.0,1270
12802,2025-10-21,CNI,CHANDIL JN,18.0,1293
12802,2025-10-21,TATA,TATANAGAR JN,95.0,1329
12802,2025-10-21,GTS,GHATSILA,127.0,1365
12802,2025-10-21,HIJ,HIJILLI,194.0,1463
12802,2025-10-21,BLS,BALASORE,220.0,1575
12802,2025-10-21,BHC,BHADRAKH,219.0,1637
12802,2025-10-21,JJKR,JAJPUR K ROAD,223.0,1681
12802,2025-10-21,CTC,CUTTACK,242.0,1753
12802,2025-10-21,BBS,BHUBANESWAR,244.0,1781
12802,2025-10-21,KUR,KHURDA ROAD JN,250.0,1800
12802,2025-10-21,PURI,PURI,200.0,1843
12802,2025-10-22,ANVT,ANAND VIHAR TRM,1.0,0
12802,2025-10-22,GOY,GOVINDPURI,20.0,424
12802,2025-10-22,FTP,FATEHPUR,57.0,504
12802,2025-10-22,PRYJ,PRAYAGRAJ JN,21.0,621
12802,2025-10-22,BDL,VINDHYACHAL,,702
12802,2025-10-22,MZP,MIRZAPUR,19.0,710
12802,2025-10-22,CAR,CHUNAR,27.0,741
12802,2025-10-22,DDU,PT DEEN DAYAL UPADHYAY JN,0.0,773
12802,2025-10-22,BBU,BHABUA ROAD,2.0,826
12802,2025-10-22,SSM,SASARAM,7.0,873
12802,2025-10-22,DOS,DEHRI ON SONE,6.0,891
12802,2025-10-22,AUBR,ANUGRAHA N ROAD,5.0,908
12802,2025-10-22,GAYA,GAYA JN,1.0,976
12802,2025-10-22,PRP,PAHARPUR,0.0,1008
12802,2025-10-22,KQR,KODERMA,21.0,1052
12802,2025-10-22,HZD,HAZARIBAGH RD,26.0,1101
12802,2025-10-22,PNME,PARASNATH,40.0,1128
12802,2025-10-22,GMO,NSC BOSE J GOMO,23.0,1146
12802,2025-10-22,CRP,CHANDRAPURA,39.0,1163
12802,2025-10-22,BKSC,BOKARO STL CITY,18.0,1178
12802,2025-10-22,PRR,PURULIA JN,1.0,1239
12802,2025-10-22,BBM,BARABHUM,10.0,1270
12802,2025-10-22,CNI,CHANDIL JN,1.0,1293
12802,2025-10-22,TATA,TATANAGAR JN,73.0,1329
12802,2025-10-22,GTS,GHATSILA,58.0,1365
12802,2025-10-22,HIJ,HIJILLI,60.0,1463
12802,2025-10-22,BLS,BALASORE,20.0,1575
12802,2025-10-22,BHC,BHADRAKH,50.0,1637
12802,2025-10-22,JJKR,JAJPUR K ROAD,53.0,1681
12802,2025-10-22,CTC,CUTTACK,61.0,1753
12802,2025-10-22,BBS,BHUBANESWAR,50.0,1781
12802,2025-10-22,KUR,KHURDA ROAD JN,55.0,1800
12802,2025-10-22,PURI,PURI,12.0,1843
12802,2025-10-23,ANVT,ANAND VIHAR TRM,0.0,0
12802,2025-10-23,GOY,GOVINDPURI,31.0,424
12802,2025-10-23,FTP,FATEHPUR,49.0,504
12802,2025-10-23,PRYJ,PRAYAGRAJ JN,18.0,621
12802,2025-10-23,BDL,VINDHYACHAL,,702
12802,2025-10-23,MZP,MIRZAPUR,28.0,710
12802,2025-10-23,CAR,CHUNAR,27.0,741
12802,2025-10-23,DDU,PT DEEN DAYAL UPADHYAY JN,75.0,773
12802,2025-10-23,BBU,BHABUA ROAD,78.0,826
12802,2025-10-23,SSM,SASARAM,89.0,873
12802,2025-10-23,DOS,DEHRI ON SONE,90.0,891
12802,2025-10-23,AUBR,ANUGRAHA N ROAD,93.0,908
12802,2025-10-23,GAYA,GAYA JN,101.0,976
12802,2025-10-23,PRP,PAHARPUR,90.0,1008
12802,2025-10-23,KQR,KODERMA,99.0,1052
12802,2025-10-23,HZD,HAZARIBAGH RD,120.0,1101
12802,2025-10-23,PNME,PARASNATH,121.0,1128
12802,2025-10-23,GMO,NSC BOSE J GOMO,117.0,1146
12802,2025-10-23,CRP,CHANDRAPURA,118.0,1163
12802,2025-10-23,BKSC,BOKARO STL CITY,96.0,1178
12802,2025-10-23,PRR,PURULIA JN,79.0,1239
12802,2025-10-23,BBM,BARABHUM,86.0,1270
12802,2025-10-23,CNI,CHANDIL JN,85.0,1293
12802,2025-10-23,TATA,TATANAGAR JN,122.0,1329
12802,2025-10-23,GTS,GHATSILA,123.0,1365
12802,2025-10-23,HIJ,HIJILLI,136.0,1463
12802,2025-10-23,BLS,BALASORE,124.0,1575
12802,2025-10-23,BHC,BHADRAKH,117.0,1637
12802,2025-10-23,JJKR,JAJPUR K ROAD,133.0,1681
12802,2025-10-23,CTC,CUTTACK,147.0,1753
12802,2025-10-23,BBS,BHUBANESWAR,169.0,1781
12802,2025-10-23,KUR,KHURDA ROAD JN,174.0,1800
12802,2025-10-23,PURI,PURI,153.0,1843
12802,2025-10-24,ANVT,ANAND VIHAR TRM,1.0,0
12802,2025-10-24,GOY,GOVINDPURI,36.0,424
12802,2025-10-24,FTP,FATEHPUR,57.0,504
12802,2025-10-24,PRYJ,PRAYAGRAJ JN,34.0,621
12802,2025-10-24,BDL,VINDHYACHAL,,702
12802,2025-10-24,MZP,MIRZAPUR,51.0,710
12802,2025-10-24,CAR,CHUNAR,49.0,741
12802,2025-10-24,DDU,PT DEEN DAYAL UPADHYAY JN,64.0,773
12802,2025-10-24,BBU,BHABUA ROAD,66.0,826
12802,2025-10-24,SSM,SASARAM,72.0,873
12802,2025-10-24,DOS,DEHRI ON SONE,78.0,891
12802,2025-10-24,AUBR,ANUGRAHA N ROAD,77.0,908
12802,2025-10-24,GAYA,GAYA JN,74.0,976
12802,2025-10-24,PRP,PAHARPUR,67.0,1008
12802,2025-10-24,KQR,KODERMA,83.0,1052
12802,2025-10-24,HZD,HAZARIBAGH RD,74.0,1101
12802,2025-10-24,PNME,PARASNATH,81.0,1128
12802,2025-10-24,GMO,NSC BOSE J GOMO,67.0,1146
12802,2025-10-24,CRP,CHANDRAPURA,61.0,1163
12802,2025-10-24,BKSC,BOKARO STL CITY,51.0,1178
12802,2025-10-24,PRR,PURULIA JN,29.0,1239
12802,2025-10-24,BBM,BARABHUM,36.0,1270
12802,2025-10-24,CNI,CHANDIL JN,42.0,1293
12802,2025-10-24,TATA,TATANAGAR JN,35.0,1329
12802,2025-10-24,GTS,GHATSILA,23.0,1365
12802,2025-10-24,HIJ,HIJILLI,79.0,1463
12802,2025-10-24,BLS,BALASORE,44.0,1575
12802,2025-10-24,BHC,BHADRAKH,55.0,1637
12802,2025-10-24,JJKR,JAJPUR K ROAD,71.0,1681
12802,2025-10-24,CTC,CUTTACK,105.0,1753
12802,2025-10-24,BBS,BHUBANESWAR,111.0,1781
12802,2025-10-24,KUR,KHURDA ROAD JN,110.0,1800
12802,2025-10-24,PURI,PURI,60.0,1843
12802,2025-10-25,ANVT,ANAND VIHAR TRM,0.0,0
12802,2025-10-25,GOY,GOVINDPURI,69.0,424
12802,2025-10-25,FTP,FATEHPUR,78.0,504
12802,2025-10-25,PRYJ,PRAYAGRAJ JN,56.0,621
12802,2025-10-25,BDL,VINDHYACHAL,,702
12802,2025-10-25,MZP,MIRZAPUR,67.0,710
12802,2025-10-25,CAR,CHUNAR,67.0,741
12802,2025-10-25,DDU,PT DEEN DAYAL UPADHYAY JN,62.0,773
12802,2025-10-25,BBU,BHABUA ROAD,66.0,826
12802,2025-10-25,SSM,SASARAM,70.0,873
12802,2025-10-25,DOS,DEHRI ON SONE,75.0,891
12802,2025-10-25,AUBR,ANUGRAHA N ROAD,75.0,908
12802,2025-10-25,GAYA,GAYA JN,69.0,976
12802,2025-10-25,PRP,PAHARPUR,72.0,1008
12802,2025-10-25,KQR,KODERMA,76.0,1052
12802,2025-10-25,HZD,HAZARIBAGH RD,96.0,1101
12802,2025-10-25,PNME,PARASNATH,97.0,1128
12802,2025-10-25,GMO,NSC BOSE J GOMO,81.0,1146
12802,2025-10-25,CRP,CHANDRAPURA,85.0,1163
12802,2025-10-25,BKSC,BOKARO STL CITY,63.0,1178
12802,2025-10-25,PRR,PURULIA JN,76.0,1239
12802,2025-10-25,BBM,BARABHUM,84.0,1270
12802,2025-10-25,CNI,CHANDIL JN,77.0,1293
12802,2025-10-25,TATA,TATANAGAR JN,122.0,1329
12802,2025-10-25,GTS,GHATSILA,123.0,1365
12802,2025-10-25,HIJ,HIJILLI,129.0,1463
12802,2025-10-25,BLS,BALASORE,119.0,1575
12802,2025-10-25,BHC,BHADRAKH,122.0,1637
12802,2025-10-25,JJKR,JAJPUR K ROAD,126.0,1681
12802,2025-10-25,CTC,CUTTACK,144.0,1753
12802,2025-10-25,BBS,BHUBANESWAR,141.0,1781
12802,2025-10-25,KUR,KHURDA ROAD JN,147.0,1800
12802,2025-10-25,PURI,PURI,103.0,1843
12802,2025-10-26,ANVT,ANAND VIHAR TRM,0.0,0
12802,2025-10-26,GOY,GOVINDPURI,11.0,424
12802,2025-10-26,FTP,FATEHPUR,32.0,504
12802,2025-10-26,PRYJ,PRAYAGRAJ JN,0.0,621
12802,2025-10-26,BDL,VINDHYACHAL,,702
12802,2025-10-26,MZP,MIRZAPUR,3.0,710
12802,2025-10-26,CAR,CHUNAR,5.0,741
12802,2025-10-26,DDU,PT DEEN DAYAL UPADHYAY JN,0.0,773
12802,2025-10-26,BBU,BHABUA ROAD,4.0,826
12802,2025-10-26,SSM,SASARAM,3.0,873
12802,2025-10-26,DOS,DEHRI ON SONE,5.0,891
12802,2025-10-26,AUBR,ANUGRAHA N ROAD,5.0,908
12802,2025-10-26,GAYA,GAYA JN,1.0,976
12802,2025-10-26,PRP,PAHARPUR,0.0,1008
12802,2025-10-26,KQR,KODERMA,14.0,1052
12802,2025-10-26,HZD,HAZARIBAGH RD,19.0,1101
12802,2025-10-26,PNME,PARASNATH,20.0,1128
12802,2025-10-26,GMO,NSC BOSE J GOMO,25.0,1146
12802,2025-10-26,CRP,CHANDRAPURA,24.0,1163
12802,2025-10-26,BKSC,BOKARO STL CITY,4.0,1178
12802,2025-10-26,PRR,PURULIA JN,4.0,1239
12802,2025-10-26,BBM,BARABHUM,13.0,1270
12802,2025-10-26,CNI,CHANDIL JN,7.0,1293
12802,2025-10-26,TATA,TATANAGAR JN,64.0,1329
12802,2025-10-26,GTS,GHATSILA,66.0,1365
12802,2025-10-26,HIJ,HIJILLI,143.0,1463
12802,2025-10-26,BLS,BALASORE,139.0,1575
12802,2025-10-26,BHC,BHADRAKH,130.0,1637
12802,2025-10-26,JJKR,JAJPUR K ROAD,136.0,1681
12802,2025-10-26,CTC,CUTTACK,154.0,1753
12802,2025-10-26,BBS,BHUBANESWAR,152.0,1781
12802,2025-10-26,KUR,KHURDA ROAD JN,158.0,1800
12802,2025-10-26,PURI,PURI,108.0,1843
12802,2025-10-27,ANVT,ANAND VIHAR TRM,1.0,0
12802,2025-10-27,GOY,GOVINDPURI,15.0,424
12802,2025-10-27,FTP,FATEHPUR,35.0,504
12802,2025-10-27,PRYJ,PRAYAGRAJ JN,1.0,621
12802,2025-10-27,BDL,VINDHYACHAL,,702
12802,2025-10-27,MZP,MIRZAPUR,13.0,710
12802,2025-10-27,CAR,CHUNAR,15.0,741
12802,2025-10-27,DDU,PT DEEN DAYAL UPADHYAY JN,7.0,773
12802,2025-10-27,BBU,BHABUA ROAD,11.0,826
12802,2025-10-27,SSM,SASARAM,17.0,873
12802,2025-10-27,DOS,DEHRI ON SONE,19.0,891
12802,2025-10-27,AUBR,ANUGRAHA N ROAD,19.0,908
12802,2025-10-27,GAYA,GAYA JN,15.0,976
12802,2025-10-27,PRP,PAHARPUR,7.0,1008
12802,2025-10-27,KQR,KODERMA,16.0,1052
12802,2025-10-27,HZD,HAZARIBAGH RD,8.0,1101
12802,2025-10-27,PNME,PARASNATH,15.0,1128
12802,2025-10-27,GMO,NSC BOSE J GOMO,5.0,1146
12802,2025-10-27,CRP,CHANDRAPURA,10.0,1163
12802,2025-10-27,BKSC,BOKARO STL CITY,12.0,1178
12802,2025-10-27,PRR,PURULIA JN,1.0,1239
12802,2025-10-27,BBM,BARABHUM,6.0,1270
12802,2025-10-27,CNI,CHANDIL JN,8.0,1293
12802,2025-10-27,TATA,TATANAGAR JN,139.0,1329
12802,2025-10-27,GTS,GHATSILA,178.0,1365
12802,2025-10-27,HIJ,HIJILLI,180.0,1463
12802,2025-10-27,BLS,BALASORE,141.0,1575
12802,2025-10-27,BHC,BHADRAKH,214.0,1637
12802,2025-10-27,JJKR,JAJPUR K ROAD,240.0,1681
12802,2025-10-27,CTC,CUTTACK,283.0,1753
12802,2025-10-27,BBS,BHUBANESWAR,279.0,1781
12802,2025-10-27,KUR,KHURDA ROAD JN,285.0,1800
12802,2025-10-27,PURI,PURI,230.0,1843
12802,2025-10-28,ANVT,ANAND VIHAR TRM,2.0,0
12802,2025-10-28,GOY,GOVINDPURI,21.0,424
12802,2025-10-28,FTP,FATEHPUR,40.0,504
12802,2025-10-28,PRYJ,PRAYAGRAJ JN,65.0,621
12802,2025-10-28,BDL,VINDHYACHAL,,702
12802,2025-10-28,MZP,MIRZAPUR,65.0,710
12802,2025-10-28,CAR,CHUNAR,68.0,741
12802,2025-10-28,DDU,PT DEEN DAYAL UPADHYAY JN,87.0,773
12802,2025-10-28,BBU,BHABUA ROAD,89.0,826
12802,2025-10-28,SSM,SASARAM,95.0,873
12802,2025-10-28,DOS,DEHRI ON SONE,95.0,891
12802,2025-10-28,AUBR,ANUGRAHA N ROAD,95.0,908
12802,2025-10-28,GAYA,GAYA JN,87.0,976
12802,2025-10-28,PRP,PAHARPUR,92.0,1008
12802,2025-10-28,KQR,KODERMA,101.0,1052
12802,2025-10-28,HZD,HAZARIBAGH RD,93.0,1101
12802,2025-10-28,PNME,PARASNATH,99.0,1128
12802,2025-10-28,GMO,NSC BOSE J GOMO,83.0,1146
12802,2025-10-28,CRP,CHANDRAPURA,77.0,1163
12802,2025-10-28,BKSC,BOKARO STL CITY,86.0,1178
12802,2025-10-28,PRR,PURULIA JN,67.0,1239
12802,2025-10-28,BBM,BARABHUM,70.0,1270
12802,2025-10-28,CNI,CHANDIL JN,60.0,1293
12802,2025-10-28,TATA,TATANAGAR JN,80.0,1329
12802,2025-10-28,GTS,GHATSILA,71.0,1365
12802,2025-10-28,HIJ,HIJILLI,50.0,1463
12802,2025-10-28,BLS,BALASORE,64.0,1575
12802,2025-10-28,BHC,BHADRAKH,62.0,1637
12802,2025-10-28,JJKR,JAJPUR K ROAD,79.0,1681
12802,2025-10-28,CTC,CUTTACK,81.0,1753
12802,2025-10-28,BBS,BHUBANESWAR,82.0,1781
12802,2025-10-28,KUR,KHURDA ROAD JN,83.0,1800
12802,2025-10-28,PURI,PURI,46.0,1843
12802,2025-10-29,ANVT,ANAND VIHAR TRM,3.0,0
12802,2025-10-29,GOY,GOVINDPURI,5.0,424
12802,2025-10-29,FTP,FATEHPUR,18.0,504
12802,2025-10-29,PRYJ,PRAYAGRAJ JN,0.0,621
12802,2025-10-29,BDL,VINDHYACHAL,,702
12802,2025-10-29,MZP,MIRZAPUR,11.0,710
12802,2025-10-29,CAR,CHUNAR,17.0,741
12802,2025-10-29,DDU,PT DEEN DAYAL UPADHYAY JN,4.0,773
12802,2025-10-29,BBU,BHABUA ROAD,8.0,826
12802,2025-10-29,SSM,SASARAM,8.0,873
12802,2025-10-29,DOS,DEHRI ON SONE,9.0,891
12802,2025-10-29,AUBR,ANUGRAHA N ROAD,9.0,908
12802,2025-10-29,GAYA,GAYA JN,14.0,976
12802,2025-10-29,PRP,PAHARPUR,13.0,1008
12802,2025-10-29,KQR,KODERMA,21.0,1052
12802,2025-10-29,HZD,HAZARIBAGH RD,63.0,1101
12802,2025-10-29,PNME,PARASNATH,64.0,1128
12802,2025-10-29,GMO,NSC BOSE J GOMO,47.0,1146
12802,2025-10-29,CRP,CHANDRAPURA,49.0,1163
12802,2025-10-29,BKSC,BOKARO STL CITY,30.0,1178
12802,2025-10-29,PRR,PURULIA JN,15.0,1239
12802,2025-10-29,BBM,BARABHUM,20.0,1270
12802,2025-10-29,CNI,CHANDIL JN,17.0,1293
12802,2025-10-29,TATA,TATANAGAR JN,35.0,1329
12802,2025-10-29,GTS,GHATSILA,35.0,1365
12802,2025-10-29,HIJ,HIJILLI,56.0,1463
12802,2025-10-29,BLS,BALASORE,33.0,1575
12802,2025-10-29,BHC,BHADRAKH,34.0,1637
12802,2025-10-29,JJKR,JAJPUR K ROAD,41.0,1681
12802,2025-10-29,CTC,CUTTACK,63.0,1753
12802,2025-10-29,BBS,BHUBANESWAR,58.0,1781
12802,2025-10-29,KUR,KHURDA ROAD JN,66.0,1800
12802,2025-10-29,PURI,PURI,22.0,1843
12802,2025-10-30,ANVT,ANAND VIHAR TRM,1.0,0
12802,2025-10-30,GOY,GOVINDPURI,7.0,424
12802,2025-10-30,FTP,FATEHPUR,31.0,504
12802,2025-10-30,PRYJ,PRAYAGRAJ JN,0.0,621
12802,2025-10-30,BDL,VINDHYACHAL,,702
12802,2025-10-30,MZP,MIRZAPUR,0.0,710
12802,2025-10-30,CAR,CHUNAR,16.0,741
12802,2025-10-30,DDU,PT DEEN DAYAL UPADHYAY JN,13.0,773
12802,2025-10-30,BBU,BHABUA ROAD,13.0,826
12802,2025-10-30,SSM,SASARAM,15.0,873
12802,2025-10-30,DOS,DEHRI ON SONE,17.0,891
12802,2025-10-30,AUBR,ANUGRAHA N ROAD,17.0,908
12802,2025-10-30,GAYA,GAYA JN,9.0,976
12802,2025-10-30,PRP,PAHARPUR,16.0,1008
12802,2025-10-30,KQR,KODERMA,30.0,1052
12802,2025-10-30,HZD,HAZARIBAGH RD,38.0,1101
12802,2025-10-30,PNME,PARASNATH,39.0,1128
12802,2025-10-30,GMO,NSC BOSE J GOMO,23.0,1146
12802,2025-10-30,CRP,CHANDRAPURA,35.0,1163
12802,2025-10-30,BKSC,BOKARO STL CITY,13.0,1178
12802,2025-10-30,PRR,PURULIA JN,1.0,1239
12802,2025-10-30,BBM,BARABHUM,10.0,1270
12802,2025-10-30,CNI,CHANDIL JN,3.0,1293
12802,2025-10-30,TATA,TATANAGAR JN,94.0,1329
12802,2025-10-30,GTS,GHATSILA,109.0,1365
12802,2025-10-30,HIJ,HIJILLI,109.0,1463
12802,2025-10-30,BLS,BALASORE,109.0,1575
12802,2025-10-30,BHC,BHADRAKH,110.0,1637
12802,2025-10-30,JJKR,JAJPUR K ROAD,118.0,1681
12802,2025-10-30,CTC,CUTTACK,131.0,1753
12802,2025-10-30,BBS,BHUBANESWAR,131.0,1781
12802,2025-10-30,KUR,KHURDA ROAD JN,141.0,1800
12802,2025-10-30,PURI,PURI,109.0,1843
12802,2025-10-31,ANVT,ANAND VIHAR TRM,0.0,0
12802,2025-10-31,GOY,GOVINDPURI,71.0,424
12802,2025-10-31,FTP,FATEHPUR,94.0,504
12802,2025-10-31,PRYJ,PRAYAGRAJ JN,64.0,621
12802,2025-10-31,BDL,VINDHYACHAL,,702
12802,2025-10-31,MZP,MIRZAPUR,50.0,710
12802,2025-10-31,CAR,CHUNAR,56.0,741
12802,2025-10-31,DDU,PT DEEN DAYAL UPADHYAY JN,66.0,773
12802,2025-10-31,BBU,BHABUA ROAD,69.0,826
12802,2025-10-31,SSM,SASARAM,70.0,873
12802,2025-10-31,DOS,DEHRI ON SONE,73.0,891
12802,2025-10-31,AUBR,ANUGRAHA N ROAD,72.0,908
12802,2025-10-31,GAYA,GAYA JN,78.0,976
12802,2025-10-31,PRP,PAHARPUR,75.0,1008
12802,2025-10-31,KQR,KODERMA,83.0,1052
12802,2025-10-31,HZD,HAZARIBAGH RD,101.0,1101
12802,2025-10-31,PNME,PARASNATH,107.0,1128
12802,2025-10-31,GMO,NSC BOSE J GOMO,89.0,1146
12802,2025-10-31,CRP,CHANDRAPURA,92.0,1163
12802,2025-10-31,BKSC,BOKARO STL CITY,70.0,1178
12802,2025-10-31,PRR,PURULIA JN,53.0,1239
12802,2025-10-31,BBM,BARABHUM,58.0,1270
12802,2025-10-31,CNI,CHANDIL JN,47.0,1293
12802,2025-10-31,TATA,TATANAGAR JN,80.0,1329
12802,2025-10-31,GTS,GHATSILA,86.0,1365
12802,2025-10-31,HIJ,HIJILLI,84.0,1463
12802,2025-10-31,BLS,BALASORE,75.0,1575
12802,2025-10-31,BHC,BHADRAKH,74.0,1637
12802,2025-10-31,JJKR,JAJPUR K ROAD,86.0,1681
12802,2025-10-31,CTC,CUTTACK,95.0,1753
12802,2025-10-31,BBS,BHUBANESWAR,90.0,1781
12802,2025-10-31,KUR,KHURDA ROAD JN,95.0,1800
12802,2025-10-31,PURI,PURI,46.0,1843
12802,2025-11-01,ANVT,ANAND VIHAR TRM,11.0,0
12802,2025-11-01,GOY,GOVINDPURI,44.0,424
12802,2025-11-01,FTP,FATEHPUR,68.0,504
12802,2025-11-01,PRYJ,PRAYAGRAJ JN,37.0,621
12802,2025-11-01,BDL,VINDHYACHAL,,702
12802,2025-11-01,MZP,MIRZAPUR,37.0,710
12802,2025-11-01,CAR,CHUNAR,41.0,741
12802,2025-11-01,DDU,PT DEEN DAYAL UPADHYAY JN,44.0,773
12802,2025-11-01,BBU,BHABUA ROAD,48.0,826
12802,2025-11-01,SSM,SASARAM,46.0,873
12802,2025-11-01,DOS,DEHRI ON SONE,49.0,891
12802,2025-11-01,AUBR,ANUGRAHA N ROAD,48.0,908
12802,2025-11-01,GAYA,GAYA JN,40.0,976
12802,2025-11-01,PRP,PAHARPUR,48.0,1008
12802,2025-11-01,KQR,KODERMA,53.0,1052
12802,2025-11-01,HZD,HAZARIBAGH RD,76.0,1101
12802,2025-11-01,PNME,PARASNATH,79.0,1128
12802,2025-11-01,GMO,NSC BOSE J GOMO,64.0,1146
12802,2025-11-01,CRP,CHANDRAPURA,61.0,1163
12802,2025-11-01,BKSC,BOKARO STL CITY,43.0,1178
12802,2025-11-01,PRR,PURULIA JN,21.0,1239
12802,2025-11-01,BBM,BARABHUM,31.0,1270
12802,2025-11-01,CNI,CHANDIL JN,19.0,1293
12802,2025-11-01,TATA,TATANAGAR JN,43.0,1329
12802,2025-11-01,GTS,GHATSILA,48.0,1365
12802,2025-11-01,HIJ,HIJILLI,69.0,1463
12802,2025-11-01,BLS,BALASORE,57.0,1575
12802,2025-11-01,BHC,BHADRAKH,46.0,1637
12802,2025-11-01,JJKR,JAJPUR K ROAD,51.0,1681
12802,2025-11-01,CTC,CUTTACK,63.0,1753
12802,2025-11-01,BBS,BHUBANESWAR,56.0,1781
12802,2025-11-01,KUR,KHURDA ROAD JN,60.0,1800
12802,2025-11-01,PURI,PURI,10.0,1843
12802,2025-11-02,ANVT,ANAND VIHAR TRM,1.0,0
12802,2025-11-02,GOY,GOVINDPURI,0.0,424
12802,2025-11-02,FTP,FATEHPUR,0.0,504
12802,2025-11-02,PRYJ,PRAYAGRAJ JN,52.0,621
12802,2025-11-02,BDL,VINDHYACHAL,,702
12802,2025-11-02,MZP,MIRZAPUR,34.0,710
12802,2025-11-02,CAR,CHUNAR,32.0,741
12802,2025-11-02,DDU,PT DEEN DAYAL UPADHYAY JN,4.0,773
12802,2025-11-02,BBU,BHABUA ROAD,11.0,826
12802,2025-11-02,SSM,SASARAM,17.0,873
12802,2025-11-02,DOS,DEHRI ON SONE,16.0,891
12802,2025-11-02,AUBR,ANUGRAHA N ROAD,15.0,908
12802,2025-11-02,GAYA,GAYA JN,13.0,976
12802,2025-11-02,PRP,PAHARPUR,0.0,1008
12802,2025-11-02,KQR,KODERMA,22.0,1052
12802,2025-11-02,HZD,HAZARIBAGH RD,20.0,1101
12802,2025-11-02,PNME,PARASNATH,40.0,1128
12802,2025-11-02,GMO,NSC BOSE J GOMO,44.0,1146
12802,2025-11-02,CRP,CHANDRAPURA,43.0,1163
12802,2025-11-02,BKSC,BOKARO STL CITY,22.0,1178
12802,2025-11-02,PRR,PURULIA JN,1.0,1239
12802,2025-11-02,BBM,BARABHUM,5.0,1270
12802,2025-11-02,CNI,CHANDIL JN,0.0,1293
12802,2025-11-02,TATA,TATANAGAR JN,54.0,1329
12802,2025-11-02,GTS,GHATSILA,34.0,1365
12802,2025-11-02,HIJ,HIJILLI,13.0,1463
12802,2025-11-02,BLS,BALASORE,41.0,1575
12802,2025-11-02,BHC,BHADRAKH,42.0,1637
12802,2025-11-02,JJKR,JAJPUR K ROAD,49.0,1681
12802,2025-11-02,CTC,CUTTACK,72.0,1753
12802,2025-11-02,BBS,BHUBANESWAR,67.0,1781
12802,2025-11-02,KUR,KHURDA ROAD JN,60.0,1800
12802,2025-11-02,PURI,PURI,5.0,1843
12802,2025-11-03,ANVT,ANAND VIHAR TRM,0.0,0
12802,2025-11-03,GOY,GOVINDPURI,45.0,424
12802,2025-11-03,FTP,FATEHPUR,78.0,504
12802,2025-11-03,PRYJ,PRAYAGRAJ JN,50.0,621
12802,2025-11-03,BDL,VINDHYACHAL,,702
12802,2025-11-03,MZP,MIRZAPUR,41.0,710
12802,2025-11-03,CAR,CHUNAR,41.0,741
12802,2025-11-03,DDU,PT DEEN DAYAL UPADHYAY JN,20.0,773
12802,2025-11-03,BBU,BHABUA ROAD,22.0,826
12802,2025-11-03,SSM,SASARAM,20.0,873
12802,2025-11-03,DOS,DEHRI ON SONE,22.0,891
12802,2025-11-03,AUBR,ANUGRAHA N ROAD,22.0,908
12802,2025-11-03,GAYA,GAYA JN,19.0,976
12802,2025-11-03,PRP,PAHARPUR,16.0,1008
12802,2025-11-03,KQR,KODERMA,23.0,1052
12802,2025-11-03,HZD,HAZARIBAGH RD,46.0,1101
12802,2025-11-03,PNME,PARASNATH,43.0,1128
12802,2025-11-03,GMO,NSC BOSE J GOMO,39.0,1146
12802,2025-11-03,CRP,CHANDRAPURA,28.0,1163
12802,2025-11-03,BKSC,BOKARO STL CITY,21.0,1178
12802,2025-11-03,PRR,PURULIA JN,7.0,1239
12802,2025-11-03,BBM,BARABHUM,18.0,1270
12802,2025-11-03,CNI,CHANDIL JN,9.0,1293
12802,2025-11-03,TATA,TATANAGAR JN,1.0,1329
12802,2025-11-03,GTS,GHATSILA,17.0,1365
12802,2025-11-03,HIJ,HIJILLI,25.0,1463
12802,2025-11-03,BLS,BALASORE,0.0,1575
12802,2025-11-03,BHC,BHADRAKH,12.0,1637
12802,2025-11-03,JJKR,JAJPUR K ROAD,30.0,1681
12802,2025-11-03,CTC,CUTTACK,51.0,1753
12802,2025-11-03,BBS,BHUBANESWAR,43.0,1781
12802,2025-11-03,KUR,KHURDA ROAD JN,42.0,1800
12802,2025-11-03,PURI,PURI,-5.0,1843
12802,2025-11-04,ANVT,ANAND VIHAR TRM,1.0,0
12802,2025-11-04,GOY,GOVINDPURI,47.0,424
12802,2025-11-04,FTP,FATEHPUR,72.0,504
12802,2025-11-04,PRYJ,PRAYAGRAJ JN,39.0,621
12802,2025-11-04,BDL,VINDHYACHAL,,702
12802,2025-11-04,MZP,MIRZAPUR,33.0,710
12802,2025-11-04,CAR,CHUNAR,33.0,741
12802,2025-11-04,DDU,PT DEEN DAYAL UPADHYAY JN,11.0,773
12802,2025-11-04,BBU,BHABUA ROAD,11.0,826
12802,2025-11-04,SSM,SASARAM,11.0,873
12802,2025-11-04,DOS,DEHRI ON SONE,11.0,891
12802,2025-11-04,AUBR,ANUGRAHA N ROAD,13.0,908
12802,2025-11-04,GAYA,GAYA JN,7.0,976
12802,2025-11-04,PRP,PAHARPUR,0.0,1008
12802,2025-11-04,KQR,KODERMA,0.0,1052
12802,2025-11-04,HZD,HAZARIBAGH RD,17.0,1101
12802,2025-11-04,PNME,PARASNATH,15.0,1128
12802,2025-11-04,GMO,NSC BOSE J GOMO,11.0,1146
12802,2025-11-04,CRP,CHANDRAPURA,28.0,1163
12802,2025-11-04,BKSC,BOKARO STL CITY,26.0,1178
12802,2025-11-04,PRR,PURULIA JN,11.0,1239
12802,2025-11-04,BBM,BARABHUM,11.0,1270
12802,2025-11-04,CNI,CHANDIL JN,1.0,1293
12802,2025-11-04,TATA,TATANAGAR JN,1.0,1329
12802,2025-11-04,GTS,GHATSILA,0.0,1365
12802,2025-11-04,HIJ,HIJILLI,18.0,1463
12802,2025-11-04,BLS,BALASORE,3.0,1575
12802,2025-11-04,BHC,BHADRAKH,20.0,1637
12802,2025-11-04,JJKR,JAJPUR K ROAD,22.0,1681
12802,2025-11-04,CTC,CUTTACK,31.0,1753
12802,2025-11-04,BBS,BHUBANESWAR,30.0,1781
12802,2025-11-04,KUR,KHURDA ROAD JN,35.0,1800
12802,2025-11-04,PURI,PURI,12.0,1843
12802,2025-11-05,ANVT,ANAND VIHAR TRM,9.0,0
12802,2025-11-05,GOY,GOVINDPURI,17.0,424
12802,2025-11-05,FTP,FATEHPUR,58.0,504
12802,2025-11-05,PRYJ,PRAYAGRAJ JN,34.0,621
12802,2025-11-05,BDL,VINDHYACHAL,,702
12802,2025-11-05,MZP,MIRZAPUR,29.0,710
12802,2025-11-05,CAR,CHUNAR,34.0,741
12802,2025-11-05,DDU,PT DEEN DAYAL UPADHYAY JN,19.0,773
12802,2025-11-05,BBU,BHABUA ROAD,22.0,826
12802,2025-11-05,SSM,SASARAM,23.0,873
12802,2025-11-05,DOS,DEHRI ON SONE,29.0,891
12802,2025-11-05,AUBR,ANUGRAHA N ROAD,32.0,908
12802,2025-11-05,GAYA,GAYA JN,42.0,976
12802,2025-11-05,PRP,PAHARPUR,27.0,1008
12802,2025-11-05,KQR,KODERMA,36.0,1052
12802,2025-11-05,HZD,HAZARIBAGH RD,65.0,1101
12802,2025-11-05,PNME,PARASNATH,71.0,1128
12802,2025-11-05,GMO,NSC BOSE J GOMO,53.0,1146
12802,2025-11-05,CRP,CHANDRAPURA,47.0,1163
12802,2025-11-05,BKSC,BOKARO STL CITY,35.0,1178
12802,2025-11-05,PRR,PURULIA JN,35.0,1239
12802,2025-11-05,BBM,BARABHUM,42.0,1270
12802,2025-11-05,CNI,CHANDIL JN,37.0,1293
12802,2025-11-05,TATA,TATANAGAR JN,67.0,1329
12802,2025-11-05,GTS,GHATSILA,76.0,1365
12802,2025-11-05,HIJ,HIJILLI,55.0,1463
12802,2025-11-05,BLS,BALASORE,50.0,1575
12802,2025-11-05,BHC,BHADRAKH,51.0,1637
12802,2025-11-05,JJKR,JAJPUR K ROAD,62.0,1681
12802,2025-11-05,CTC,CUTTACK,68.0,1753
12802,2025-11-05,BBS,BHUBANESWAR,64.0,1781
12802,2025-11-05,KUR,KHURDA ROAD JN,65.0,1800
12802,2025-11-05,PURI,PURI,17.0,1843
12802,2025-11-06,ANVT,ANAND VIHAR TRM,2.0,0
12802,2025-11-06,GOY,GOVINDPURI,16.0,424
12802,2025-11-06,FTP,FATEHPUR,36.0,504
12802,2025-11-06,PRYJ,PRAYAGRAJ JN,4.0,621
12802,2025-11-06,BDL,VINDHYACHAL,,702
12802,2025-11-06,MZP,MIRZAPUR,2.0,710
12802,2025-11-06,CAR,CHUNAR,2.0,741
12802,2025-11-06,DDU,PT DEEN DAYAL UPADHYAY JN,0.0,773
12802,2025-11-06,BBU,BHABUA ROAD,6.0,826
12802,2025-11-06,SSM,SASARAM,6.0,873
12802,2025-11-06,DOS,DEHRI ON SONE,8.0,891
12802,2025-11-06,AUBR,ANUGRAHA N ROAD,14.0,908
12802,2025-11-06,GAYA,GAYA JN,9.0,976
12802,2025-11-06,PRP,PAHARPUR,0.0,1008
12802,2025-11-06,KQR,KODERMA,17.0,1052
12802,2025-11-06,HZD,HAZARIBAGH RD,38.0,1101
12802,2025-11-06,PNME,PARASNATH,40.0,1128
12802,2025-11-06,GMO,NSC BOSE J GOMO,23.0,1146
12802,2025-11-06,CRP,CHANDRAPURA,26.0,1163
12802,2025-11-06,BKSC,BOKARO STL CITY,5.0,1178
12802,2025-11-06,PRR,PURULIA JN,0.0,1239
12802,2025-11-06,BBM,BARABHUM,7.0,1270
12802,2025-11-06,CNI,CHANDIL JN,11.0,1293
12802,2025-11-06,TATA,TATANAGAR JN,112.0,1329
12802,2025-11-06,GTS,GHATSILA,154.0,1365
12802,2025-11-06,HIJ,HIJILLI,164.0,1463
12802,2025-11-06,BLS,BALASORE,170.0,1575
12802,2025-11-06,BHC,BHADRAKH,187.0,1637
12802,2025-11-06,JJKR,JAJPUR K ROAD,193.0,1681
12802,2025-11-06,CTC,CUTTACK,245.0,1753
12802,2025-11-06,BBS,BHUBANESWAR,248.0,1781
12802,2025-11-06,KUR,KHURDA ROAD JN,259.0,1800
12802,2025-11-06,PURI,PURI,221.0,1843
12802,2025-11-07,ANVT,ANAND VIHAR TRM,0.0,0
12802,2025-11-07,GOY,GOVINDPURI,19.0,424
12802,2025-11-07,FTP,FATEHPUR,28.0,504
12802,2025-11-07,PRYJ,PRAYAGRAJ JN,42.0,621
12802,2025-11-07,BDL,VINDHYACHAL,,702
12802,2025-11-07,MZP,MIRZAPUR,30.0,710
12802,2025-11-07,CAR,CHUNAR,35.0,741
12802,2025-11-07,DDU,PT DEEN DAYAL UPADHYAY JN,17.0,773
12802,2025-11-07,BBU,BHABUA ROAD,18.0,826
12802,2025-11-07,SSM,SASARAM,18.0,873
12802,2025-11-07,DOS,DEHRI ON SONE,20.0,891
12802,2025-11-07,AUBR,ANUGRAHA N ROAD,20.0,908
12802,2025-11-07,GAYA,GAYA JN,14.0,976
12802,2025-11-07,PRP,PAHARPUR,0.0,1008
12802,2025-11-07,KQR,KODERMA,10.0,1052
12802,2025-11-07,HZD,HAZARIBAGH RD,38.0,1101
12802,2025-11-07,PNME,PARASNATH,40.0,1128
12802,2025-11-07,GMO,NSC BOSE J GOMO,25.0,1146
12802,2025-11-07,CRP,CHANDRAPURA,13.0,1163
12802,2025-11-07,BKSC,BOKARO STL CITY,10.0,1178
12802,2025-11-07,PRR,PURULIA JN,1.0,1239
12802,2025-11-07,BBM,BARABHUM,5.0,1270
12802,2025-11-07,CNI,CHANDIL JN,1.0,1293
12802,2025-11-07,TATA,TATANAGAR JN,0.0,1329
12802,2025-11-07,GTS,GHATSILA,27.0,1365
12802,2025-11-07,HIJ,HIJILLI,0.0,1463
12802,2025-11-07,BLS,BALASORE,6.0,1575
12802,2025-11-07,BHC,BHADRAKH,22.0,1637
12802,2025-11-07,JJKR,JAJPUR K ROAD,32.0,1681
12802,2025-11-07,CTC,CUTTACK,42.0,1753
12802,2025-11-07,BBS,BHUBANESWAR,37.0,1781
12802,2025-11-07,KUR,KHURDA ROAD JN,39.0,1800
12802,2025-11-07,PURI,PURI,-7.0,1843
12802,2025-11-08,ANVT,ANAND VIHAR TRM,1.0,0
12802,2025-11-08,GOY,GOVINDPURI,10.0,424
12802,2025-11-08,FTP,FATEHPUR,28.0,504
12802,2025-11-08,PRYJ,PRAYAGRAJ JN,1.0,621
12802,2025-11-08,BDL,VINDHYACHAL,,702
12802,2025-11-08,MZP,MIRZAPUR,0.0,710
12802,2025-11-08,CAR,CHUNAR,3.0,741
12802,2025-11-08,DDU,PT DEEN DAYAL UPADHYAY JN,7.0,773
12802,2025-11-08,BBU,BHABUA ROAD,12.0,826
12802,2025-11-08,SSM,SASARAM,13.0,873
12802,2025-11-08,DOS,DEHRI ON SONE,23.0,891
12802,2025-11-08,AUBR,ANUGRAHA N ROAD,27.0,908
12802,2025-11-08,GAYA,GAYA JN,15.0,976
12802,2025-11-08,PRP,PAHARPUR,27.0,1008
12802,2025-11-08,KQR,KODERMA,26.0,1052
12802,2025-11-08,HZD,HAZARIBAGH RD,29.0,1101
12802,2025-11-08,PNME,PARASNATH,40.0,1128
12802,2025-11-08,GMO,NSC BOSE J GOMO,21.0,1146
12802,2025-11-08,CRP,CHANDRAPURA,19.0,1163
12802,2025-11-08,BKSC,BOKARO STL CITY,14.0,1178
12802,2025-11-08,PRR,PURULIA JN,9.0,1239
12802,2025-11-08,BBM,BARABHUM,12.0,1270
12802,2025-11-08,CNI,CHANDIL JN,12.0,1293
12802,2025-11-08,TATA,TATANAGAR JN,5.0,1329
12802,2025-11-08,GTS,GHATSILA,21.0,1365
12802,2025-11-08,HIJ,HIJILLI,5.0,1463
12802,2025-11-08,BLS,BALASORE,0.0,1575
12802,2025-11-08,BHC,BHADRAKH,2.0,1637
12802,2025-11-08,JJKR,JAJPUR K ROAD,10.0,1681
12802,2025-11-08,CTC,CUTTACK,18.0,1753
12802,2025-11-08,BBS,BHUBANESWAR,3.0,1781
12802,2025-11-08,KUR,KHURDA ROAD JN,9.0,1800
12802,2025-11-08,PURI,PURI,-32.0,1843
12802,2025-11-09,ANVT,ANAND VIHAR TRM,1.0,0
12802,2025-11-09,GOY,GOVINDPURI,7.0,424
12802,2025-11-09,FTP,FATEHPUR,36.0,504
12802,2025-11-09,PRYJ,PRAYAGRAJ JN,10.0,621
12802,2025-11-09,BDL,VINDHYACHAL,,702
12802,2025-11-09,MZP,MIRZAPUR,9.0,710
12802,2025-11-09,CAR,CHUNAR,17.0,741
12802,2025-11-09,DDU,PT DEEN DAYAL UPADHYAY JN,0.0,773
12802,2025-11-09,BBU,BHABUA ROAD,3.0,826
12802,2025-11-09,SSM,SASARAM,7.0,873
12802,2025-11-09,DOS,DEHRI ON SONE,10.0,891
12802,2025-11-09,AUBR,ANUGRAHA N ROAD,13.0,908
12802,2025-11-09,GAYA,GAYA JN,2.0,976
12802,2025-11-09,PRP,PAHARPUR,16.0,1008
12802,2025-11-09,KQR,KODERMA,26.0,1052
12802,2025-11-09,HZD,HAZARIBAGH RD,69.0,1101
12802,2025-11-09,PNME,PARASNATH,76.0,1128
12802,2025-11-09,GMO,NSC BOSE J GOMO,56.0,1146
12802,2025-11-09,CRP,CHANDRAPURA,59.0,1163
12802,2025-11-09,BKSC,BOKARO STL CITY,39.0,1178
12802,2025-11-09,PRR,PURULIA JN,22.0,1239
12802,2025-11-09,BBM,BARABHUM,28.0,1270
12802,2025-11-09,CNI,CHANDIL JN,22.0,1293
12802,2025-11-09,TATA,TATANAGAR JN,68.0,1329
12802,2025-11-09,GTS,GHATSILA,84.0,1365
12802,2025-11-09,HIJ,HIJILLI,104.0,1463
12802,2025-11-09,BLS,BALASORE,92.0,1575
12802,2025-11-09,BHC,BHADRAKH,120.0,1637
12802,2025-11-09,JJKR,JAJPUR K ROAD,142.0,1681
12802,2025-11-09,CTC,CUTTACK,152.0,1753
12802,2025-11-09,BBS,BHUBANESWAR,160.0,1781
12802,2025-11-09,KUR,KHURDA ROAD JN,167.0,1800
12802,2025-11-09,PURI,PURI,150.0,1843
12802,2025-11-10,ANVT,ANAND VIHAR TRM,0.0,0
12802,2025-11-10,GOY,GOVINDPURI,0.0,424
12802,2025-11-10,FTP,FATEHPUR,37.0,504
12802,2025-11-10,PRYJ,PRAYAGRAJ JN,6.0,621
12802,2025-11-10,BDL,VINDHYACHAL,,702
12802,2025-11-10,MZP,MIRZAPUR,3.0,710
12802,2025-11-10,CAR,CHUNAR,9.0,741
12802,2025-11-10,DDU,PT DEEN DAYAL UPADHYAY JN,0.0,773
12802,2025-11-10,BBU,BHABUA ROAD,6.0,826
12802,2025-11-10,SSM,SASARAM,4.0,873
12802,2025-11-10,DOS,DEHRI ON SONE,6.0,891
12802,2025-11-10,AUBR,ANUGRAHA N ROAD,5.0,908
12802,2025-11-10,GAYA,GAYA JN,16.0,976
12802,2025-11-10,PRP,PAHARPUR,4.0,1008
12802,2025-11-10,KQR,KODERMA,21.0,1052
12802,2025-11-10,HZD,HAZARIBAGH RD,60.0,1101
12802,2025-11-10,PNME,PARASNATH,61.0,1128
12802,2025-11-10,GMO,NSC BOSE J GOMO,42.0,1146
12802,2025-11-10,CRP,CHANDRAPURA,40.0,1163
12802,2025-11-10,BKSC,BOKARO STL CITY,21.0,1178
12802,2025-11-10,PRR,PURULIA JN,3.0,1239
12802,2025-11-10,BBM,BARABHUM,13.0,1270
12802,2025-11-10,CNI,CHANDIL JN,5.0,1293
12802,2025-11-10,TATA,TATANAGAR JN,83.0,1329
12802,2025-11-10,GTS,GHATSILA,97.0,1365
12802,2025-11-10,HIJ,HIJILLI,100.0,1463
12802,2025-11-10,BLS,BALASORE,90.0,1575
12802,2025-11-10,BHC,BHADRAKH,83.0,1637
12802,2025-11-10,JJKR,JAJPUR K ROAD,95.0,1681
12802,2025-11-10,CTC,CUTTACK,107.0,1753
12802,2025-11-10,BBS,BHUBANESWAR,107.0,1781
12802,2025-11-10,KUR,KHURDA ROAD JN,114.0,1800
12802,2025-11-10,PURI,PURI,73.0,1843
12802,2025-11-11,ANVT,ANAND VIHAR TRM,2.0,0
12802,2025-11-11,GOY,GOVINDPURI,48.0,424
12802,2025-11-11,FTP,FATEHPUR,76.0,504
12802,2025-11-11,PRYJ,PRAYAGRAJ JN,111.0,621
12802,2025-11-11,BDL,VINDHYACHAL,,702
12802,2025-11-11,MZP,MIRZAPUR,127.0,710
12802,2025-11-11,CAR,CHUNAR,142.0,741
12802,2025-11-11,DDU,PT DEEN DAYAL UPADHYAY JN,120.0,773
12802,2025-11-11,BBU,BHABUA ROAD,127.0,826
12802,2025-11-11,SSM,SASARAM,125.0,873
12802,2025-11-11,DOS,DEHRI ON SONE,126.0,891
12802,2025-11-11,AUBR,ANUGRAHA N ROAD,126.0,908
12802,2025-11-11,GAYA,GAYA JN,116.0,976
12802,2025-11-11,PRP,PAHARPUR,110.0,1008
12802,2025-11-11,KQR,KODERMA,120.0,1052
12802,2025-11-11,HZD,HAZARIBAGH RD,118.0,1101
12802,2025-11-11,PNME,PARASNATH,131.0,1128
12802,2025-11-11,GMO,NSC BOSE J GOMO,114.0,1146
12802,2025-11-11,CRP,CHANDRAPURA,108.0,1163
12802,2025-11-11,BKSC,BOKARO STL CITY,116.0,1178
12802,2025-11-11,PRR,PURULIA JN,121.0,1239
12802,2025-11-11,BBM,BARABHUM,124.0,1270
12802,2025-11-11,CNI,CHANDIL JN,113.0,1293
12802,2025-11-11,TATA,TATANAGAR JN,154.0,1329
12802,2025-11-11,GTS,GHATSILA,150.0,1365
12802,2025-11-11,HIJ,HIJILLI,161.0,1463
12802,2025-11-11,BLS,BALASORE,152.0,1575
12802,2025-11-11,BHC,BHADRAKH,145.0,1637
12802,2025-11-11,JJKR,JAJPUR K ROAD,158.0,1681
12802,2025-11-11,CTC,CUTTACK,199.0,1753
12802,2025-11-11,BBS,BHUBANESWAR,216.0,1781
12802,2025-11-11,KUR,KHURDA ROAD JN,225.0,1800
12802,2025-11-11,PURI,PURI,175.0,1843
12802,2025-11-12,ANVT,ANAND VIHAR TRM,0.0,0
12802,2025-11-12,GOY,GOVINDPURI,62.0,424
12802,2025-11-12,FTP,FATEHPUR,87.0,504
12802,2025-11-12,PRYJ,PRAYAGRAJ JN,58.0,621
12802,2025-11-12,BDL,VINDHYACHAL,,702
12802,2025-11-12,MZP,MIRZAPUR,56.0,710
12802,2025-11-12,CAR,CHUNAR,74.0,741
12802,2025-11-12,DDU,PT DEEN DAYAL UPADHYAY JN,45.0,773
12802,2025-11-12,BBU,BHABUA ROAD,49.0,826
12802,2025-11-12,SSM,SASARAM,49.0,873
12802,2025-11-12,DOS,DEHRI ON SONE,55.0,891
12802,2025-11-12,AUBR,ANUGRAHA N ROAD,58.0,908
12802,2025-11-12,GAYA,GAYA JN,53.0,976
12802,2025-11-12,PRP,PAHARPUR,57.0,1008
12802,2025-11-12,KQR,KODERMA,61.0,1052
12802,2025-11-12,HZD,HAZARIBAGH RD,95.0,1101
12802,2025-11-12,PNME,PARASNATH,96.0,1128
12802,2025-11-12,GMO,NSC BOSE J GOMO,82.0,1146
12802,2025-11-12,CRP,CHANDRAPURA,81.0,1163
12802,2025-11-12,BKSC,BOKARO STL CITY,66.0,1178
12802,2025-11-12,PRR,PURULIA JN,53.0,1239
12802,2025-11-12,BBM,BARABHUM,63.0,1270
12802,2025-11-12,CNI,CHANDIL JN,51.0,1293
12802,2025-11-12,TATA,TATANAGAR JN,93.0,1329
12802,2025-11-12,GTS,GHATSILA,115.0,1365
12802,2025-11-12,HIJ,HIJILLI,122.0,1463
12802,2025-11-12,BLS,BALASORE,111.0,1575
12802,2025-11-12,BHC,BHADRAKH,109.0,1637
12802,2025-11-12,JJKR,JAJPUR K ROAD,116.0,1681
12802,2025-11-12,CTC,CUTTACK,143.0,1753
12802,2025-11-12,BBS,BHUBANESWAR,154.0,1781
12802,2025-11-12,KUR,KHURDA ROAD JN,161.0,1800
12802,2025-11-12,PURI,PURI,118.0,1843
12802,2025-11-13,ANVT,ANAND VIHAR TRM,6.0,0
12802,2025-11-13,GOY,GOVINDPURI,18.0,424
12802,2025-11-13,FTP,FATEHPUR,49.0,504
12802,2025-11-13,PRYJ,PRAYAGRAJ JN,10.0,621
12802,2025-11-13,BDL,VINDHYACHAL,,702
12802,2025-11-13,MZP,MIRZAPUR,24.0,710
12802,2025-11-13,CAR,CHUNAR,24.0,741
12802,2025-11-13,DDU,PT DEEN DAYAL UPADHYAY JN,0.0,773
12802,2025-11-13,BBU,BHABUA ROAD,0.0,826
12802,2025-11-13,SSM,SASARAM,11.0,873
12802,2025-11-13,DOS,DEHRI ON SONE,21.0,891
12802,2025-11-13,AUBR,ANUGRAHA N ROAD,29.0,908
12802,2025-11-13,GAYA,GAYA JN,22.0,976
12802,2025-11-13,PRP,PAHARPUR,24.0,1008
12802,2025-11-13,KQR,KODERMA,36.0,1052
12802,2025-11-13,HZD,HAZARIBAGH RD,28.0,1101
12802,2025-11-13,PNME,PARASNATH,43.0,1128
12802,2025-11-13,GMO,NSC BOSE J GOMO,32.0,1146
12802,2025-11-13,CRP,CHANDRAPURA,31.0,1163
12802,2025-11-13,BKSC,BOKARO STL CITY,15.0,1178
12802,2025-11-13,PRR,PURULIA JN,1.0,1239
12802,2025-11-13,BBM,BARABHUM,11.0,1270
12802,2025-11-13,CNI,CHANDIL JN,3.0,1293
12802,2025-11-13,TATA,TATANAGAR JN,2.0,1329
12802,2025-11-13,GTS,GHATSILA,25.0,1365
12802,2025-11-13,HIJ,HIJILLI,35.0,1463
12802,2025-11-13,BLS,BALASORE,15.0,1575
12802,2025-11-13,BHC,BHADRAKH,37.0,1637
12802,2025-11-13,JJKR,JAJPUR K ROAD,53.0,1681
12802,2025-11-13,CTC,CUTTACK,73.0,1753
12802,2025-11-13,BBS,BHUBANESWAR,82.0,1781
12802,2025-11-13,KUR,KHURDA ROAD JN,75.0,1800
12802,2025-11-13,PURI,PURI,25.0,1843
12802,2025-11-14,ANVT,ANAND VIHAR TRM,3.0,0
12802,2025-11-14,GOY,GOVINDPURI,15.0,424
12802,2025-11-14,FTP,FATEHPUR,29.0,504
12802,2025-11-14,PRYJ,PRAYAGRAJ JN,0.0,621
12802,2025-11-14,BDL,VINDHYACHAL,,702
12802,2025-11-14,MZP,MIRZAPUR,1.0,710
12802,2025-11-14,CAR,CHUNAR,5.0,741
12802,2025-11-14,DDU,PT DEEN DAYAL UPADHYAY JN,0.0,773
12802,2025-11-14,BBU,BHABUA ROAD,1.0,826
12802,2025-11-14,SSM,SASARAM,15.0,873
12802,2025-11-14,DOS,DEHRI ON SONE,30.0,891
12802,2025-11-14,AUBR,ANUGRAHA N ROAD,29.0,908
12802,2025-11-14,GAYA,GAYA JN,20.0,976
12802,2025-11-14,PRP,PAHARPUR,0.0,1008
12802,2025-11-14,KQR,KODERMA,18.0,1052
12802,2025-11-14,HZD,HAZARIBAGH RD,49.0,1101
12802,2025-11-14,PNME,PARASNATH,49.0,1128
12802,2025-11-14,GMO,NSC BOSE J GOMO,29.0,1146
12802,2025-11-14,CRP,CHANDRAPURA,27.0,1163
12802,2025-11-14,BKSC,BOKARO STL CITY,11.0,1178
12802,2025-11-14,PRR,PURULIA JN,0.0,1239
12802,2025-11-14,BBM,BARABHUM,17.0,1270
12802,2025-11-14,CNI,CHANDIL JN,9.0,1293
12802,2025-11-14,TATA,TATANAGAR JN,25.0,1329
12802,2025-11-14,GTS,GHATSILA,59.0,1365
12802,2025-11-14,HIJ,HIJILLI,47.0,1463
12802,2025-11-14,BLS,BALASORE,31.0,1575
12802,2025-11-14,BHC,BHADRAKH,22.0,1637
12802,2025-11-14,JJKR,JAJPUR K ROAD,36.0,1681
12802,2025-11-14,CTC,CUTTACK,50.0,1753
12802,2025-11-14,BBS,BHUBANESWAR,48.0,1781
12802,2025-11-14,KUR,KHURDA ROAD JN,56.0,1800
12802,2025-11-14,PURI,PURI,15.0,1843
12802,2025-11-15,ANVT,ANAND VIHAR TRM,1.0,0
12802,2025-11-15,GOY,GOVINDPURI,0.0,424
12802,2025-11-15,FTP,FATEHPUR,66.0,504
12802,2025-11-15,PRYJ,PRAYAGRAJ JN,31.0,621
12802,2025-11-15,BDL,VINDHYACHAL,,702
12802,2025-11-15,MZP,MIRZAPUR,32.0,710
12802,2025-11-15,CAR,CHUNAR,38.0,741
12802,2025-11-15,DDU,PT DEEN DAYAL UPADHYAY JN,9.0,773
12802,2025-11-15,BBU,BHABUA ROAD,13.0,826
12802,2025-11-15,SSM,SASARAM,11.0,873
12802,2025-11-15,DOS,DEHRI ON SONE,15.0,891
12802,2025-11-15,AUBR,ANUGRAHA N ROAD,48.0,908
12802,2025-11-15,GAYA,GAYA JN,54.0,976
12802,2025-11-15,PRP,PAHARPUR,51.0,1008
12802,2025-11-15,KQR,KODERMA,61.0,1052
12802,2025-11-15,HZD,HAZARIBAGH RD,81.0,1101
12802,2025-11-15,PNME,PARASNATH,83.0,1128
12802,2025-11-15,GMO,NSC BOSE J GOMO,66.0,1146
12802,2025-11-15,CRP,CHANDRAPURA,64.0,1163
12802,2025-11-15,BKSC,BOKARO STL CITY,49.0,1178
12802,2025-11-15,PRR,PURULIA JN,34.0,1239
12802,2025-11-15,BBM,BARABHUM,39.0,1270
12802,2025-11-15,CNI,CHANDIL JN,27.0,1293
12802,2025-11-15,TATA,TATANAGAR JN,49.0,1329
12802,2025-11-15,GTS,GHATSILA,54.0,1365
12802,2025-11-15,HIJ,HIJILLI,49.0,1463
12802,2025-11-15,BLS,BALASORE,48.0,1575
12802,2025-11-15,BHC,BHADRAKH,41.0,1637
12802,2025-11-15,JJKR,JAJPUR K ROAD,50.0,1681
12802,2025-11-15,CTC,CUTTACK,65.0,1753
12802,2025-11-15,BBS,BHUBANESWAR,60.0,1781
12802,2025-11-15,KUR,KHURDA ROAD JN,65.0,1800
12802,2025-11-15,PURI,PURI,16.0,1843
12802,2025-11-16,ANVT,ANAND VIHAR TRM,1.0,0
12802,2025-11-16,GOY,GOVINDPURI,15.0,424
12802,2025-11-16,FTP,FATEHPUR,42.0,504
12802,2025-11-16,PRYJ,PRAYAGRAJ JN,21.0,621
12802,2025-11-16,BDL,VINDHYACHAL,,702
12802,2025-11-16,MZP,MIRZAPUR,23.0,710
12802,2025-11-16,CAR,CHUNAR,31.0,741
12802,2025-11-16,DDU,PT DEEN DAYAL UPADHYAY JN,1.0,773
12802,2025-11-16,BBU,BHABUA ROAD,8.0,826
12802,2025-11-16,SSM,SASARAM,14.0,873
12802,2025-11-16,DOS,DEHRI ON SONE,22.0,891
12802,2025-11-16,AUBR,ANUGRAHA N ROAD,22.0,908
12802,2025-11-16,GAYA,GAYA JN,24.0,976
12802,2025-11-16,PRP,PAHARPUR,30.0,1008
12802,2025-11-16,KQR,KODERMA,34.0,1052
12802,2025-11-16,HZD,HAZARIBAGH RD,41.0,1101
12802,2025-11-16,PNME,PARASNATH,42.0,1128
12802,2025-11-16,GMO,NSC BOSE J GOMO,24.0,1146
12802,2025-11-16,CRP,CHANDRAPURA,22.0,1163
12802,2025-11-16,BKSC,BOKARO STL CITY,13.0,1178
12802,2025-11-16,PRR,PURULIA JN,10.0,1239
12802,2025-11-16,BBM,BARABHUM,26.0,1270
12802,2025-11-16,CNI,CHANDIL JN,18.0,1293
12802,2025-11-16,TATA,TATANAGAR JN,49.0,1329
12802,2025-11-16,GTS,GHATSILA,54.0,1365
12802,2025-11-16,HIJ,HIJILLI,55.0,1463
12802,2025-11-16,BLS,BALASORE,36.0,1575
12802,2025-11-16,BHC,BHADRAKH,40.0,1637
12802,2025-11-16,JJKR,JAJPUR K ROAD,78.0,1681
12802,2025-11-16,CTC,CUTTACK,116.0,1753
12802,2025-11-16,BBS,BHUBANESWAR,115.0,1781
12802,2025-11-16,KUR,KHURDA ROAD JN,126.0,1800
12802,2025-11-16,PURI,PURI,98.0,1843
12802,2025-11-17,ANVT,ANAND VIHAR TRM,0.0,0
12802,2025-11-17,GOY,GOVINDPURI,19.0,424
12802,2025-11-17,FTP,FATEHPUR,33.0,504
12802,2025-11-17,PRYJ,PRAYAGRAJ JN,0.0,621
12802,2025-11-17,BDL,VINDHYACHAL,,702
12802,2025-11-17,MZP,MIRZAPUR,26.0,710
12802,2025-11-17,CAR,CHUNAR,30.0,741
12802,2025-11-17,DDU,PT DEEN DAYAL UPADHYAY JN,5.0,773
12802,2025-11-17,BBU,BHABUA ROAD,8.0,826
12802,2025-11-17,SSM,SASARAM,6.0,873
12802,2025-11-17,DOS,DEHRI ON SONE,11.0,891
12802,2025-11-17,AUBR,ANUGRAHA N ROAD,10.0,908
12802,2025-11-17,GAYA,GAYA JN,25.0,976
12802,2025-11-17,PRP,PAHARPUR,23.0,1008
12802,2025-11-17,KQR,KODERMA,33.0,1052
12802,2025-11-17,HZD,HAZARIBAGH RD,51.0,1101
12802,2025-11-17,PNME,PARASNATH,52.0,1128
12802,2025-11-17,GMO,NSC BOSE J GOMO,36.0,1146
12802,2025-11-17,CRP,CHANDRAPURA,49.0,1163
12802,2025-11-17,BKSC,BOKARO STL CITY,34.0,1178
12802,2025-11-17,PRR,PURULIA JN,27.0,1239
12802,2025-11-17,BBM,BARABHUM,29.0,1270
12802,2025-11-17,CNI,CHANDIL JN,23.0,1293
12802,2025-11-17,TATA,TATANAGAR JN,95.0,1329
12802,2025-11-17,GTS,GHATSILA,102.0,1365
12802,2025-11-17,HIJ,HIJILLI,91.0,1463
12802,2025-11-17,BLS,BALASORE,74.0,1575
12802,2025-11-17,BHC,BHADRAKH,74.0,1637
12802,2025-11-17,JJKR,JAJPUR K ROAD,80.0,1681
12802,2025-11-17,CTC,CUTTACK,111.0,1753
12802,2025-11-17,BBS,BHUBANESWAR,104.0,1781
12802,2025-11-17,KUR,KHURDA ROAD JN,109.0,1800
12802,2025-11-17,PURI,PURI,60.0,1843
12802,2025-11-18,ANVT,ANAND VIHAR TRM,0.0,0
12802,2025-11-18,GOY,GOVINDPURI,42.0,424
12802,2025-11-18,FTP,FATEHPUR,67.0,504
12802,2025-11-18,PRYJ,PRAYAGRAJ JN,22.0,621
12802,2025-11-18,BDL,VINDHYACHAL,,702
12802,2025-11-18,MZP,MIRZAPUR,23.0,710
12802,2025-11-18,CAR,CHUNAR,22.0,741
12802,2025-11-18,DDU,PT DEEN DAYAL UPADHYAY JN,8.0,773
12802,2025-11-18,BBU,BHABUA ROAD,9.0,826
12802,2025-11-18,SSM,SASARAM,7.0,873
12802,2025-11-18,DOS,DEHRI ON SONE,11.0,891
12802,2025-11-18,AUBR,ANUGRAHA N ROAD,17.0,908
12802,2025-11-18,GAYA,GAYA JN,18.0,976
12802,2025-11-18,PRP,PAHARPUR,9.0,1008
12802,2025-11-18,KQR,KODERMA,22.0,1052
12802,2025-11-18,HZD,HAZARIBAGH RD,57.0,1101
12802,2025-11-18,PNME,PARASNATH,61.0,1128
12802,2025-11-18,GMO,NSC BOSE J GOMO,45.0,1146
12802,2025-11-18,CRP,CHANDRAPURA,45.0,1163
12802,2025-11-18,BKSC,BOKARO STL CITY,33.0,1178
12802,2025-11-18,PRR,PURULIA JN,22.0,1239
12802,2025-11-18,BBM,BARABHUM,27.0,1270
12802,2025-11-18,CNI,CHANDIL JN,13.0,1293
12802,2025-11-18,TATA,TATANAGAR JN,48.0,1329
12802,2025-11-18,GTS,GHATSILA,51.0,1365
12802,2025-11-18,HIJ,HIJILLI,73.0,1463
12802,2025-11-18,BLS,BALASORE,60.0,1575
12802,2025-11-18,BHC,BHADRAKH,51.0,1637
12802,2025-11-18,JJKR,JAJPUR K ROAD,73.0,1681
12802,2025-11-18,CTC,CUTTACK,89.0,1753
12802,2025-11-18,BBS,BHUBANESWAR,88.0,1781
12802,2025-11-18,KUR,KHURDA ROAD JN,92.0,1800
12802,2025-11-18,PURI,PURI,43.0,1843
12802,2025-11-19,ANVT,ANAND VIHAR TRM,1.0,0
12802,2025-11-19,GOY,GOVINDPURI,52.0,424
12802,2025-11-19,FTP,FATEHPUR,62.0,504
12802,2025-11-19,PRYJ,PRAYAGRAJ JN,49.0,621
12802,2025-11-19,BDL,VINDHYACHAL,,702
12802,2025-11-19,MZP,MIRZAPUR,40.0,710
12802,2025-11-19,CAR,CHUNAR,45.0,741
12802,2025-11-19,DDU,PT DEEN DAYAL UPADHYAY JN,16.0,773
12802,2025-11-19,BBU,BHABUA ROAD,13.0,826
12802,2025-11-19,SSM,SASARAM,14.0,873
12802,2025-11-19,DOS,DEHRI ON SONE,19.0,891
12802,2025-11-19,AUBR,ANUGRAHA N ROAD,18.0,908
12802,2025-11-19,GAYA,GAYA JN,20.0,976
12802,2025-11-19,PRP,PAHARPUR,4.0,1008
12802,2025-11-19,KQR,KODERMA,14.0,1052
12802,2025-11-19,HZD,HAZARIBAGH RD,29.0,1101
12802,2025-11-19,PNME,PARASNATH,23.0,1128
12802,2025-11-19,GMO,NSC BOSE J GOMO,19.0,1146
12802,2025-11-19,CRP,CHANDRAPURA,13.0,1163
12802,2025-11-19,BKSC,BOKARO STL CITY,20.0,1178
12802,2025-11-19,PRR,PURULIA JN,16.0,1239
12802,2025-11-19,BBM,BARABHUM,25.0,1270
12802,2025-11-19,CNI,CHANDIL JN,17.0,1293
12802,2025-11-19,TATA,TATANAGAR JN,112.0,1329
12802,2025-11-19,GTS,GHATSILA,108.0,1365
12802,2025-11-19,HIJ,HIJILLI,145.0,1463
12802,2025-11-19,BLS,BALASORE,109.0,1575
12802,2025-11-19,BHC,BHADRAKH,117.0,1637
12802,2025-11-19,JJKR,JAJPUR K ROAD,133.0,1681
12802,2025-11-19,CTC,CUTTACK,169.0,1753
12802,2025-11-19,BBS,BHUBANESWAR,168.0,1781
12802,2025-11-19,KUR,KHURDA ROAD JN,164.0,1800
12802,2025-11-19,PURI,PURI,104.0,1843
12802,2025-11-20,ANVT,ANAND VIHAR TRM,0.0,0
12802,2025-11-20,GOY,GOVINDPURI,13.0,424
12802,2025-11-20,FTP,FATEHPUR,47.0,504
12802,2025-11-20,PRYJ,PRAYAGRAJ JN,6.0,621
12802,2025-11-20,BDL,VINDHYACHAL,,702
12802,2025-11-20,MZP,MIRZAPUR,9.0,710
12802,2025-11-20,CAR,CHUNAR,11.0,741
12802,2025-11-20,DDU,PT DEEN DAYAL UPADHYAY JN,7.0,773
12802,2025-11-20,BBU,BHABUA ROAD,28.0,826
12802,2025-11-20,SSM,SASARAM,27.0,873
12802,2025-11-20,DOS,DEHRI ON SONE,32.0,891
12802,2025-11-20,AUBR,ANUGRAHA N ROAD,33.0,908
12802,2025-11-20,GAYA,GAYA JN,32.0,976
12802,2025-11-20,PRP,PAHARPUR,38.0,1008
12802,2025-11-20,KQR,KODERMA,63.0,1052
12802,2025-11-20,HZD,HAZARIBAGH RD,77.0,1101
12802,2025-11-20,PNME,PARASNATH,81.0,1128
12802,2025-11-20,GMO,NSC BOSE J GOMO,72.0,1146
12802,2025-11-20,CRP,CHANDRAPURA,75.0,1163
12802,2025-11-20,BKSC,BOKARO STL CITY,66.0,1178
12802,2025-11-20,PRR,PURULIA JN,41.0,1239
12802,2025-11-20,BBM,BARABHUM,51.0,1270
12802,2025-11-20,CNI,CHANDIL JN,38.0,1293
12802,2025-11-20,TATA,TATANAGAR JN,183.0,1329
12802,2025-11-20,GTS,GHATSILA,205.0,1365
12802,2025-11-20,HIJ,HIJILLI,206.0,1463
12802,2025-11-20,BLS,BALASORE,195.0,1575
12802,2025-11-20,BHC,BHADRAKH,181.0,1637
12802,2025-11-20,JJKR,JAJPUR K ROAD,211.0,1681
12802,2025-11-20,CTC,CUTTACK,240.0,1753
12802,2025-11-20,BBS,BHUBANESWAR,238.0,1781
12802,2025-11-20,KUR,KHURDA ROAD JN,248.0,1800
12802,2025-11-20,PURI,PURI,203.0,1843
12802,2025-11-21,ANVT,ANAND VIHAR TRM,1.0,0
12802,2025-11-21,GOY,GOVINDPURI,65.0,424
12802,2025-11-21,FTP,FATEHPUR,83.0,504
12802,2025-11-21,PRYJ,PRAYAGRAJ JN,77.0,621
12802,2025-11-21,BDL,VINDHYACHAL,,702
12802,2025-11-21,MZP,MIRZAPUR,73.0,710
12802,2025-11-21,CAR,CHUNAR,85.0,741
12802,2025-11-21,DDU,PT DEEN DAYAL UPADHYAY JN,57.0,773
12802,2025-11-21,BBU,BHABUA ROAD,54.0,826
12802,2025-11-21,SSM,SASARAM,46.0,873
12802,2025-11-21,DOS,DEHRI ON SONE,62.0,891
12802,2025-11-21,AUBR,ANUGRAHA N ROAD,62.0,908
12802,2025-11-21,GAYA,GAYA JN,66.0,976
12802,2025-11-21,PRP,PAHARPUR,55.0,1008
12802,2025-11-21,KQR,KODERMA,68.0,1052
12802,2025-11-21,HZD,HAZARIBAGH RD,61.0,1101
12802,2025-11-21,PNME,PARASNATH,68.0,1128
12802,2025-11-21,GMO,NSC BOSE J GOMO,64.0,1146
12802,2025-11-21,CRP,CHANDRAPURA,58.0,1163
12802,2025-11-21,BKSC,BOKARO STL CITY,71.0,1178
12802,2025-11-21,PRR,PURULIA JN,53.0,1239
12802,2025-11-21,BBM,BARABHUM,60.0,1270
12802,2025-11-21,CNI,CHANDIL JN,51.0,1293
12802,2025-11-21,TATA,TATANAGAR JN,80.0,1329
12802,2025-11-21,GTS,GHATSILA,98.0,1365
12802,2025-11-21,HIJ,HIJILLI,115.0,1463
12802,2025-11-21,BLS,BALASORE,82.0,1575
12802,2025-11-21,BHC,BHADRAKH,97.0,1637
12802,2025-11-21,JJKR,JAJPUR K ROAD,114.0,1681
12802,2025-11-21,CTC,CUTTACK,125.0,1753
12802,2025-11-21,BBS,BHUBANESWAR,113.0,1781
12802,2025-11-21,KUR,KHURDA ROAD JN,110.0,1800
12802,2025-11-21,PURI,PURI,83.0,1843
12802,2025-11-22,ANVT,ANAND VIHAR TRM,0.0,0
12802,2025-11-22,GOY,GOVINDPURI,40.0,424
12802,2025-11-22,FTP,FATEHPUR,81.0,504
12802,2025-11-22,PRYJ,PRAYAGRAJ JN,69.0,621
12802,2025-11-22,BDL,VINDHYACHAL,,702
12802,2025-11-22,MZP,MIRZAPUR,55.0,710
12802,2025-11-22,CAR,CHUNAR,56.0,741
12802,2025-11-22,DDU,PT DEEN DAYAL UPADHYAY JN,47.0,773
12802,2025-11-22,BBU,BHABUA ROAD,51.0,826
12802,2025-11-22,SSM,SASARAM,51.0,873
12802,2025-11-22,DOS,DEHRI ON SONE,57.0,891
12802,2025-11-22,AUBR,ANUGRAHA N ROAD,62.0,908
12802,2025-11-22,GAYA,GAYA JN,63.0,976
12802,2025-11-22,PRP,PAHARPUR,73.0,1008
12802,2025-11-22,KQR,KODERMA,79.0,1052
12802,2025-11-22,HZD,HAZARIBAGH RD,90.0,1101
12802,2025-11-22,PNME,PARASNATH,97.0,1128
12802,2025-11-22,GMO,NSC BOSE J GOMO,93.0,1146
12802,2025-11-22,CRP,CHANDRAPURA,87.0,1163
12802,2025-11-22,BKSC,BOKARO STL CITY,91.0,1178
12802,2025-11-22,PRR,PURULIA JN,55.0,1239
12802,2025-11-22,BBM,BARABHUM,67.0,1270
12802,2025-11-22,CNI,CHANDIL JN,58.0,1293
12802,2025-11-22,TATA,TATANAGAR JN,114.0,1329
12802,2025-11-22,GTS,GHATSILA,137.0,1365
12802,2025-11-22,HIJ,HIJILLI,156.0,1463
12802,2025-11-22,BLS,BALASORE,131.0,1575
12802,2025-11-22,BHC,BHADRAKH,144.0,1637
12802,2025-11-22,JJKR,JAJPUR K ROAD,157.0,1681
12802,2025-11-22,CTC,CUTTACK,169.0,1753
12802,2025-11-22,BBS,BHUBANESWAR,210.0,1781
12802,2025-11-22,KUR,KHURDA ROAD JN,213.0,1800
12802,2025-11-22,PURI,PURI,161.0,1843
12802,2025-11-23,ANVT,ANAND VIHAR TRM,3.0,0
12802,2025-11-23,GOY,GOVINDPURI,27.0,424
12802,2025-11-23,FTP,FATEHPUR,72.0,504
12802,2025-11-23,PRYJ,PRAYAGRAJ JN,32.0,621
12802,2025-11-23,BDL,VINDHYACHAL,,702
12802,2025-11-23,MZP,MIRZAPUR,30.0,710
12802,2025-11-23,CAR,CHUNAR,30.0,741
12802,2025-11-23,DDU,PT DEEN DAYAL UPADHYAY JN,7.0,773
12802,2025-11-23,BBU,BHABUA ROAD,12.0,826
12802,2025-11-23,SSM,SASARAM,9.0,873
12802,2025-11-23,DOS,DEHRI ON SONE,12.0,891
12802,2025-11-23,AUBR,ANUGRAHA N ROAD,12.0,908
12802,2025-11-23,GAYA,GAYA JN,9.0,976
12802,2025-11-23,PRP,PAHARPUR,0.0,1008
12802,2025-11-23,KQR,KODERMA,13.0,1052
12802,2025-11-23,HZD,HAZARIBAGH RD,49.0,1101
12802,2025-11-23,PNME,PARASNATH,47.0,1128
12802,2025-11-23,GMO,NSC BOSE J GOMO,54.0,1146
12802,2025-11-23,CRP,CHANDRAPURA,48.0,1163
12802,2025-11-23,BKSC,BOKARO STL CITY,43.0,1178
12802,2025-11-23,PRR,PURULIA JN,29.0,1239
12802,2025-11-23,BBM,BARABHUM,37.0,1270
12802,2025-11-23,CNI,CHANDIL JN,27.0,1293
12802,2025-11-23,TATA,TATANAGAR JN,73.0,1329
12802,2025-11-23,GTS,GHATSILA,64.0,1365
12802,2025-11-23,HIJ,HIJILLI,95.0,1463
12802,2025-11-23,BLS,BALASORE,61.0,1575
12802,2025-11-23,BHC,BHADRAKH,73.0,1637
12802,2025-11-23,JJKR,JAJPUR K ROAD,76.0,1681
12802,2025-11-23,CTC,CUTTACK,88.0,1753
12802,2025-11-23,BBS,BHUBANESWAR,87.0,1781
12802,2025-11-23,KUR,KHURDA ROAD JN,85.0,1800
12802,2025-11-23,PURI,PURI,37.0,1843
12802,2025-11-24,ANVT,ANAND VIHAR TRM,1.0,0
12802,2025-11-24,GOY,GOVINDPURI,13.0,424
12802,2025-11-24,FTP,FATEHPUR,50.0,504
12802,2025-11-24,PRYJ,PRAYAGRAJ JN,9.0,621
12802,2025-11-24,BDL,VINDHYACHAL,,702
12802,2025-11-24,MZP,MIRZAPUR,1.0,710
12802,2025-11-24,CAR,CHUNAR,9.0,741
12802,2025-11-24,DDU,PT DEEN DAYAL UPADHYAY JN,0.0,773
12802,2025-11-24,BBU,BHABUA ROAD,4.0,826
12802,2025-11-24,SSM,SASARAM,1.0,873
12802,2025-11-24,DOS,DEHRI ON SONE,6.0,891
12802,2025-11-24,AUBR,ANUGRAHA N ROAD,9.0,908
12802,2025-11-24,GAYA,GAYA JN,7.0,976
12802,2025-11-24,PRP,PAHARPUR,1.0,1008
12802,2025-11-24,KQR,KODERMA,5.0,1052
12802,2025-11-24,HZD,HAZARIBAGH RD,41.0,1101
12802,2025-11-24,PNME,PARASNATH,53.0,1128
12802,2025-11-24,GMO,NSC BOSE J GOMO,39.0,1146
12802,2025-11-24,CRP,CHANDRAPURA,37.0,1163
12802,2025-11-24,BKSC,BOKARO STL CITY,28.0,1178
12802,2025-11-24,PRR,PURULIA JN,23.0,1239
12802,2025-11-24,BBM,BARABHUM,26.0,1270
12802,2025-11-24,CNI,CHANDIL JN,18.0,1293
12802,2025-11-24,TATA,TATANAGAR JN,83.0,1329
12802,2025-11-24,GTS,GHATSILA,100.0,1365
12802,2025-11-24,HIJ,HIJILLI,98.0,1463
12802,2025-11-24,BLS,BALASORE,85.0,1575
12802,2025-11-24,BHC,BHADRAKH,78.0,1637
12802,2025-11-24,JJKR,JAJPUR K ROAD,85.0,1681
12802,2025-11-24,CTC,CUTTACK,113.0,1753
12802,2025-11-24,BBS,BHUBANESWAR,109.0,1781
12802,2025-11-24,KUR,KHURDA ROAD JN,111.0,1800
12802,2025-11-24,PURI,PURI,69.0,1843
12802,2025-11-25,ANVT,ANAND VIHAR TRM,0.0,0
12802,2025-11-25,GOY,GOVINDPURI,40.0,424
12802,2025-11-25,FTP,FATEHPUR,66.0,504
12802,2025-11-25,PRYJ,PRAYAGRAJ JN,53.0,621
12802,2025-11-25,BDL,VINDHYACHAL,,702
12802,2025-11-25,MZP,MIRZAPUR,42.0,710
12802,2025-11-25,CAR,CHUNAR,41.0,741
12802,2025-11-25,DDU,PT DEEN DAYAL UPADHYAY JN,19.0,773
12802,2025-11-25,BBU,BHABUA ROAD,18.0,826
12802,2025-11-25,SSM,SASARAM,14.0,873
12802,2025-11-25,DOS,DEHRI ON SONE,17.0,891
12802,2025-11-25,AUBR,ANUGRAHA N ROAD,26.0,908
12802,2025-11-25,GAYA,GAYA JN,22.0,976
12802,2025-11-25,PRP,PAHARPUR,8.0,1008
12802,2025-11-25,KQR,KODERMA,11.0,1052
12802,2025-11-25,HZD,HAZARIBAGH RD,28.0,1101
12802,2025-11-25,PNME,PARASNATH,37.0,1128
12802,2025-11-25,GMO,NSC BOSE J GOMO,19.0,1146
12802,2025-11-25,CRP,CHANDRAPURA,19.0,1163
12802,2025-11-25,BKSC,BOKARO STL CITY,8.0,1178
12802,2025-11-25,PRR,PURULIA JN,0.0,1239
12802,2025-11-25,BBM,BARABHUM,15.0,1270
12802,2025-11-25,CNI,CHANDIL JN,4.0,1293
12802,2025-11-25,TATA,TATANAGAR JN,81.0,1329
12802,2025-11-25,GTS,GHATSILA,137.0,1365
12802,2025-11-25,HIJ,HIJILLI,172.0,1463
12802,2025-11-25,BLS,BALASORE,170.0,1575
12802,2025-11-25,BHC,BHADRAKH,173.0,1637
12802,2025-11-25,JJKR,JAJPUR K ROAD,181.0,1681
12802,2025-11-25,CTC,CUTTACK,207.0,1753
12802,2025-11-25,BBS,BHUBANESWAR,211.0,1781
12802,2025-11-25,KUR,KHURDA ROAD JN,222.0,1800
12802,2025-11-25,PURI,PURI,183.0,1843
12802,2025-11-26,ANVT,ANAND VIHAR TRM,0.0,0
12802,2025-11-26,GOY,GOVINDPURI,17.0,424
12802,2025-11-26,FTP,FATEHPUR,42.0,504
12802,2025-11-26,PRYJ,PRAYAGRAJ JN,0.0,621
12802,2025-11-26,BDL,VINDHYACHAL,,702
12802,2025-11-26,MZP,MIRZAPUR,6.0,710
12802,2025-11-26,CAR,CHUNAR,9.0,741
12802,2025-11-26,DDU,PT DEEN DAYAL UPADHYAY JN,0.0,773
12802,2025-11-26,BBU,BHABUA ROAD,0.0,826
12802,2025-11-26,SSM,SASARAM,0.0,873
12802,2025-11-26,DOS,DEHRI ON SONE,2.0,891
12802,2025-11-26,AUBR,ANUGRAHA N ROAD,29.0,908
12802,2025-11-26,GAYA,GAYA JN,30.0,976
12802,2025-11-26,PRP,PAHARPUR,21.0,1008
12802,2025-11-26,KQR,KODERMA,23.0,1052
12802,2025-11-26,HZD,HAZARIBAGH RD,33.0,1101
12802,2025-11-26,PNME,PARASNATH,34.0,1128
12802,2025-11-26,GMO,NSC BOSE J GOMO,29.0,1146
12802,2025-11-26,CRP,CHANDRAPURA,27.0,1163
12802,2025-11-26,BKSC,BOKARO STL CITY,42.0,1178
12802,2025-11-26,PRR,PURULIA JN,29.0,1239
12802,2025-11-26,BBM,BARABHUM,39.0,1270
12802,2025-11-26,CNI,CHANDIL JN,36.0,1293
12802,2025-11-26,TATA,TATANAGAR JN,126.0,1329
12802,2025-11-26,GTS,GHATSILA,147.0,1365
12802,2025-11-26,HIJ,HIJILLI,142.0,1463
12802,2025-11-26,BLS,BALASORE,130.0,1575
12802,2025-11-26,BHC,BHADRAKH,135.0,1637
12802,2025-11-26,JJKR,JAJPUR K ROAD,140.0,1681
12802,2025-11-26,CTC,CUTTACK,152.0,1753
12802,2025-11-26,BBS,BHUBANESWAR,157.0,1781
12802,2025-11-26,KUR,KHURDA ROAD JN,163.0,1800
12802,2025-11-26,PURI,PURI,127.0,1843
12802,2025-11-27,ANVT,ANAND VIHAR TRM,0.0,0
12802,2025-11-27,GOY,GOVINDPURI,30.0,424
12802,2025-11-27,FTP,FATEHPUR,56.0,504
12802,2025-11-27,PRYJ,PRAYAGRAJ JN,6.0,621
12802,2025-11-27,BDL,VINDHYACHAL,,702
12802,2025-11-27,MZP,MIRZAPUR,29.0,710
12802,2025-11-27,CAR,CHUNAR,33.0,741
12802,2025-11-27,DDU,PT DEEN DAYAL UPADHYAY JN,6.0,773
12802,2025-11-27,BBU,BHABUA ROAD,8.0,826
12802,2025-11-27,SSM,SASARAM,5.0,873
12802,2025-11-27,DOS,DEHRI ON SONE,8.0,891
12802,2025-11-27,AUBR,ANUGRAHA N ROAD,12.0,908
12802,2025-11-27,GAYA,GAYA JN,11.0,976
12802,2025-11-27,PRP,PAHARPUR,2.0,1008
12802,2025-11-27,KQR,KODERMA,20.0,1052
12802,2025-11-27,HZD,HAZARIBAGH RD,33.0,1101
12802,2025-11-27,PNME,PARASNATH,34.0,1128
12802,2025-11-27,GMO,NSC BOSE J GOMO,15.0,1146
12802,2025-11-27,CRP,CHANDRAPURA,12.0,1163
12802,2025-11-27,BKSC,BOKARO STL CITY,13.0,1178
12802,2025-11-27,PRR,PURULIA JN,16.0,1239
12802,2025-11-27,BBM,BARABHUM,20.0,1270
12802,2025-11-27,CNI,CHANDIL JN,9.0,1293
12802,2025-11-27,TATA,TATANAGAR JN,85.0,1329
12802,2025-11-27,GTS,GHATSILA,69.0,1365
12802,2025-11-27,HIJ,HIJILLI,56.0,1463
12802,2025-11-27,BLS,BALASORE,54.0,1575
12802,2025-11-27,BHC,BHADRAKH,72.0,1637
12802,2025-11-27,JJKR,JAJPUR K ROAD,74.0,1681
12802,2025-11-27,CTC,CUTTACK,98.0,1753
12802,2025-11-27,BBS,BHUBANESWAR,96.0,1781
12802,2025-11-27,KUR,KHURDA ROAD JN,100.0,1800
12802,2025-11-27,PURI,PURI,60.0,1843
12802,2025-11-28,ANVT,ANAND VIHAR TRM,1.0,0
12802,2025-11-28,GOY,GOVINDPURI,27.0,424
12802,2025-11-28,FTP,FATEHPUR,51.0,504
12802,2025-11-28,PRYJ,PRAYAGRAJ JN,5.0,621
12802,2025-11-28,BDL,VINDHYACHAL,,702
12802,2025-11-28,MZP,MIRZAPUR,12.0,710
12802,2025-11-28,CAR,CHUNAR,13.0,741
12802,2025-11-28,DDU,PT DEEN DAYAL UPADHYAY JN,0.0,773
12802,2025-11-28,BBU,BHABUA ROAD,1.0,826
12802,2025-11-28,SSM,SASARAM,4.0,873
12802,2025-11-28,DOS,DEHRI ON SONE,5.0,891
12802,2025-11-28,AUBR,ANUGRAHA N ROAD,8.0,908
12802,2025-11-28,GAYA,GAYA JN,0.0,976
12802,2025-11-28,PRP,PAHARPUR,1.0,1008
12802,2025-11-28,KQR,KODERMA,8.0,1052
12802,2025-11-28,HZD,HAZARIBAGH RD,79.0,1101
12802,2025-11-28,PNME,PARASNATH,79.0,1128
12802,2025-11-28,GMO,NSC BOSE J GOMO,63.0,1146
12802,2025-11-28,CRP,CHANDRAPURA,61.0,1163
12802,2025-11-28,BKSC,BOKARO STL CITY,54.0,1178
12802,2025-11-28,PRR,PURULIA JN,40.0,1239
12802,2025-11-28,BBM,BARABHUM,43.0,1270
12802,2025-11-28,CNI,CHANDIL JN,32.0,1293
12802,2025-11-28,TATA,TATANAGAR JN,126.0,1329
12802,2025-11-28,GTS,GHATSILA,163.0,1365
12802,2025-11-28,HIJ,HIJILLI,157.0,1463
12802,2025-11-28,BLS,BALASORE,147.0,1575
12802,2025-11-28,BHC,BHADRAKH,146.0,1637
12802,2025-11-28,JJKR,JAJPUR K ROAD,150.0,1681
12802,2025-11-28,CTC,CUTTACK,165.0,1753
12802,2025-11-28,BBS,BHUBANESWAR,189.0,1781
12802,2025-11-28,KUR,KHURDA ROAD JN,200.0,1800
12802,2025-11-28,PURI,PURI,157.0,1843
12802,2025-11-29,ANVT,ANAND VIHAR TRM,0.0,0
12802,2025-11-29,GOY,GOVINDPURI,15.0,424
12802,2025-11-29,FTP,FATEHPUR,38.0,504
12802,2025-11-29,PRYJ,PRAYAGRAJ JN,0.0,621
12802,2025-11-29,BDL,VINDHYACHAL,,702
12802,2025-11-29,MZP,MIRZAPUR,1.0,710
12802,2025-11-29,CAR,CHUNAR,6.0,741
12802,2025-11-29,DDU,PT DEEN DAYAL UPADHYAY JN,1.0,773
12802,2025-11-29,BBU,BHABUA ROAD,4.0,826
12802,2025-11-29,SSM,SASARAM,1.0,873
12802,2025-11-29,DOS,DEHRI ON SONE,5.0,891
12802,2025-11-29,AUBR,ANUGRAHA N ROAD,8.0,908
12802,2025-11-29,GAYA,GAYA JN,0.0,976
12802,2025-11-29,PRP,PAHARPUR,0.0,1008
12802,2025-11-29,KQR,KODERMA,2.0,1052
12802,2025-11-29,HZD,HAZARIBAGH RD,26.0,1101
12802,2025-11-29,PNME,PARASNATH,27.0,1128
12802,2025-11-29,GMO,NSC BOSE J GOMO,14.0,1146
12802,2025-11-29,CRP,CHANDRAPURA,24.0,1163
12802,2025-11-29,BKSC,BOKARO STL CITY,17.0,1178
12802,2025-11-29,PRR,PURULIA JN,2.0,1239
12802,2025-11-29,BBM,BARABHUM,7.0,1270
12802,2025-11-29,CNI,CHANDIL JN,0.0,1293
12802,2025-11-29,TATA,TATANAGAR JN,83.0,1329
12802,2025-11-29,GTS,GHATSILA,85.0,1365
12802,2025-11-29,HIJ,HIJILLI,73.0,1463
12802,2025-11-29,BLS,BALASORE,59.0,1575
12802,2025-11-29,BHC,BHADRAKH,74.0,1637
12802,2025-11-29,JJKR,JAJPUR K ROAD,80.0,1681
12802,2025-11-29,CTC,CUTTACK,87.0,1753
12802,2025-11-29,BBS,BHUBANESWAR,79.0,1781
12802,2025-11-29,KUR,KHURDA ROAD JN,79.0,1800
12802,2025-11-29,PURI,PURI,39.0,1843
12802,2025-11-30,ANVT,ANAND VIHAR TRM,7.0,0
12802,2025-11-30,GOY,GOVINDPURI,2.0,424
12802,2025-11-30,FTP,FATEHPUR,24.0,504
12802,2025-11-30,PRYJ,PRAYAGRAJ JN,0.0,621
12802,2025-11-30,BDL,VINDHYACHAL,,702
12802,2025-11-30,MZP,MIRZAPUR,20.0,710
12802,2025-11-30,CAR,CHUNAR,22.0,741
12802,2025-11-30,DDU,PT DEEN DAYAL UPADHYAY JN,0.0,773
12802,2025-11-30,BBU,BHABUA ROAD,6.0,826
12802,2025-11-30,SSM,SASARAM,3.0,873
12802,2025-11-30,DOS,DEHRI ON SONE,5.0,891
12802,2025-11-30,AUBR,ANUGRAHA N ROAD,12.0,908
12802,2025-11-30,GAYA,GAYA JN,10.0,976
12802,2025-11-30,PRP,PAHARPUR,6.0,1008
12802,2025-11-30,KQR,KODERMA,20.0,1052
12802,2025-11-30,HZD,HAZARIBAGH RD,55.0,1101
12802,2025-11-30,PNME,PARASNATH,57.0,1128
12802,2025-11-30,GMO,NSC BOSE J GOMO,43.0,1146
12802,2025-11-30,CRP,CHANDRAPURA,41.0,1163
12802,2025-11-30,BKSC,BOKARO STL CITY,66.0,1178
12802,2025-11-30,PRR,PURULIA JN,47.0,1239
12802,2025-11-30,BBM,BARABHUM,59.0,1270
12802,2025-11-30,CNI,CHANDIL JN,49.0,1293
12802,2025-11-30,TATA,TATANAGAR JN,148.0,1329
12802,2025-11-30,GTS,GHATSILA,154.0,1365
12802,2025-11-30,HIJ,HIJILLI,147.0,1463
12802,2025-11-30,BLS,BALASORE,130.0,1575
12802,2025-11-30,BHC,BHADRAKH,129.0,1637
12802,2025-11-30,JJKR,JAJPUR K ROAD,143.0,1681
12802,2025-11-30,CTC,CUTTACK,163.0,1753
12802,2025-11-30,BBS,BHUBANESWAR,158.0,1781
12802,2025-11-30,KUR,KHURDA ROAD JN,159.0,1800
12802,2025-11-30,PURI,PURI,114.0,1843
12802,2025-12-01,ANVT,ANAND VIHAR TRM,2.0,0
12802,2025-12-01,GOY,GOVINDPURI,1.0,424
12802,2025-12-01,FTP,FATEHPUR,21.0,504
12802,2025-12-01,PRYJ,PRAYAGRAJ JN,5.0,621
12802,2025-12-01,BDL,VINDHYACHAL,,702
12802,2025-12-01,MZP,MIRZAPUR,15.0,710
12802,2025-12-01,CAR,CHUNAR,17.0,741
12802,2025-12-01,DDU,PT DEEN DAYAL UPADHYAY JN,0.0,773
12802,2025-12-01,BBU,BHABUA ROAD,5.0,826
12802,2025-12-01,SSM,SASARAM,9.0,873
12802,2025-12-01,DOS,DEHRI ON SONE,22.0,891
12802,2025-12-01,AUBR,ANUGRAHA N ROAD,26.0,908
12802,2025-12-01,GAYA,GAYA JN,20.0,976
12802,2025-12-01,PRP,PAHARPUR,27.0,1008
12802,2025-12-01,KQR,KODERMA,50.0,1052
12802,2025-12-01,HZD,HAZARIBAGH RD,57.0,1101
12802,2025-12-01,PNME,PARASNATH,58.0,1128
12802,2025-12-01,GMO,NSC BOSE J GOMO,41.0,1146
12802,2025-12-01,CRP,CHANDRAPURA,33.0,1163
12802,2025-12-01,BKSC,BOKARO STL CITY,31.0,1178
12802,2025-12-01,PRR,PURULIA JN,15.0,1239
12802,2025-12-01,BBM,BARABHUM,12.0,1270
12802,2025-12-01,CNI,CHANDIL JN,13.0,1293
12802,2025-12-01,TATA,TATANAGAR JN,83.0,1329
12802,2025-12-01,GTS,GHATSILA,68.0,1365
12802,2025-12-01,HIJ,HIJILLI,80.0,1463
12802,2025-12-01,BLS,BALASORE,50.0,1575
12802,2025-12-01,BHC,BHADRAKH,71.0,1637
12802,2025-12-01,JJKR,JAJPUR K ROAD,77.0,1681
12802,2025-12-01,CTC,CUTTACK,90.0,1753
12802,2025-12-01,BBS,BHUBANESWAR,73.0,1781
12802,2025-12-01,KUR,KHURDA ROAD JN,80.0,1800
12802,2025-12-01,PURI,PURI,45.0,1843
12802,2025-12-02,ANVT,ANAND VIHAR TRM,1.0,0
12802,2025-12-02,GOY,GOVINDPURI,12.0,424
12802,2025-12-02,FTP,FATEHPUR,30.0,504
12802,2025-12-02,PRYJ,PRAYAGRAJ JN,1.0,621
12802,2025-12-02,BDL,VINDHYACHAL,,702
12802,2025-12-02,MZP,MIRZAPUR,15.0,710
12802,2025-12-02,CAR,CHUNAR,17.0,741
12802,2025-12-02,DDU,PT DEEN DAYAL UPADHYAY JN,1.0,773
12802,2025-12-02,BBU,BHABUA ROAD,8.0,826
12802,2025-12-02,SSM,SASARAM,5.0,873
12802,2025-12-02,DOS,DEHRI ON SONE,8.0,891
12802,2025-12-02,AUBR,ANUGRAHA N ROAD,12.0,908
12802,2025-12-02,GAYA,GAYA JN,10.0,976
12802,2025-12-02,PRP,PAHARPUR,7.0,1008
12802,2025-12-02,KQR,KODERMA,11.0,1052
12802,2025-12-02,HZD,HAZARIBAGH RD,38.0,1101
12802,2025-12-02,PNME,PARASNATH,41.0,1128
12802,2025-12-02,GMO,NSC BOSE J GOMO,23.0,1146
12802,2025-12-02,CRP,CHANDRAPURA,20.0,1163
12802,2025-12-02,BKSC,BOKARO STL CITY,25.0,1178
12802,2025-12-02,PRR,PURULIA JN,19.0,1239
12802,2025-12-02,BBM,BARABHUM,21.0,1270
12802,2025-12-02,CNI,CHANDIL JN,28.0,1293
12802,2025-12-02,TATA,TATANAGAR JN,85.0,1329
12802,2025-12-02,GTS,GHATSILA,105.0,1365
12802,2025-12-02,HIJ,HIJILLI,97.0,1463
12802,2025-12-02,BLS,BALASORE,86.0,1575
12802,2025-12-02,BHC,BHADRAKH,85.0,1637
12802,2025-12-02,JJKR,JAJPUR K ROAD,89.0,1681
12802,2025-12-02,CTC,CUTTACK,112.0,1753
12802,2025-12-02,BBS,BHUBANESWAR,111.0,1781
12802,2025-12-02,KUR,KHURDA ROAD JN,127.0,1800
12802,2025-12-02,PURI,PURI,80.0,1843
12802,2025-12-03,ANVT,ANAND VIHAR TRM,0.0,0
12802,2025-12-03,GOY,GOVINDPURI,4.0,424
12802,2025-12-03,FTP,FATEHPUR,30.0,504
12802,2025-12-03,PRYJ,PRAYAGRAJ JN,0.0,621
12802,2025-12-03,BDL,VINDHYACHAL,,702
12802,2025-12-03,MZP,MIRZAPUR,15.0,710
12802,2025-12-03,CAR,CHUNAR,18.0,741
12802,2025-12-03,DDU,PT DEEN DAYAL UPADHYAY JN,0.0,773
12802,2025-12-03,BBU,BHABUA ROAD,4.0,826
12802,2025-12-03,SSM,SASARAM,2.0,873
12802,2025-12-03,DOS,DEHRI ON SONE,13.0,891
12802,2025-12-03,AUBR,ANUGRAHA N ROAD,14.0,908
12802,2025-12-03,GAYA,GAYA JN,9.0,976
12802,2025-12-03,PRP,PAHARPUR,6.0,1008
12802,2025-12-03,KQR,KODERMA,14.0,1052
12802,2025-12-03,HZD,HAZARIBAGH RD,33.0,1101
12802,2025-12-03,PNME,PARASNATH,34.0,1128
12802,2025-12-03,GMO,NSC BOSE J GOMO,15.0,1146
12802,2025-12-03,CRP,CHANDRAPURA,14.0,1163
12802,2025-12-03,BKSC,BOKARO STL CITY,15.0,1178
12802,2025-12-03,PRR,PURULIA JN,5.0,1239
12802,2025-12-03,BBM,BARABHUM,16.0,1270
12802,2025-12-03,CNI,CHANDIL JN,8.0,1293
12802,2025-12-03,TATA,TATANAGAR JN,13.0,1329
12802,2025-12-03,GTS,GHATSILA,20.0,1365
12802,2025-12-03,HIJ,HIJILLI,13.0,1463
12802,2025-12-03,BLS,BALASORE,2.0,1575
12802,2025-12-03,BHC,BHADRAKH,1.0,1637
12802,2025-12-03,JJKR,JAJPUR K ROAD,4.0,1681
12802,2025-12-03,CTC,CUTTACK,20.0,1753
12802,2025-12-03,BBS,BHUBANESWAR,13.0,1781
12802,2025-12-03,KUR,KHURDA ROAD JN,17.0,1800
12802,2025-12-03,PURI,PURI,-25.0,1843
12802,2025-12-04,ANVT,ANAND VIHAR TRM,1.0,0
12802,2025-12-04,GOY,GOVINDPURI,0.0,424
12802,2025-12-04,FTP,FATEHPUR,20.0,504
12802,2025-12-04,PRYJ,PRAYAGRAJ JN,0.0,621
12802,2025-12-04,BDL,VINDHYACHAL,,702
12802,2025-12-04,MZP,MIRZAPUR,14.0,710
12802,2025-12-04,CAR,CHUNAR,17.0,741
12802,2025-12-04,DDU,PT DEEN DAYAL UPADHYAY JN,0.0,773
12802,2025-12-04,BBU,BHABUA ROAD,7.0,826
12802,2025-12-04,SSM,SASARAM,3.0,873
12802,2025-12-04,DOS,DEHRI ON SONE,5.0,891
12802,2025-12-04,AUBR,ANUGRAHA N ROAD,6.0,908
12802,2025-12-04,GAYA,GAYA JN,0.0,976
12802,2025-12-04,PRP,PAHARPUR,0.0,1008
12802,2025-12-04,KQR,KODERMA,14.0,1052
12802,2025-12-04,HZD,HAZARIBAGH RD,31.0,1101
12802,2025-12-04,PNME,PARASNATH,32.0,1128
12802,2025-12-04,GMO,NSC BOSE J GOMO,24.0,1146
12802,2025-12-04,CRP,CHANDRAPURA,26.0,1163
12802,2025-12-04,BKSC,BOKARO STL CITY,37.0,1178
12802,2025-12-04,PRR,PURULIA JN,25.0,1239
12802,2025-12-04,BBM,BARABHUM,38.0,1270
12802,2025-12-04,CNI,CHANDIL JN,25.0,1293
12802,2025-12-04,TATA,TATANAGAR JN,33.0,1329
12802,2025-12-04,GTS,GHATSILA,50.0,1365
12802,2025-12-04,HIJ,HIJILLI,54.0,1463
12802,2025-12-04,BLS,BALASORE,44.0,1575
12802,2025-12-04,BHC,BHADRAKH,40.0,1637
12802,2025-12-04,JJKR,JAJPUR K ROAD,44.0,1681
12802,2025-12-04,CTC,CUTTACK,58.0,1753
12802,2025-12-04,BBS,BHUBANESWAR,59.0,1781
12802,2025-12-04,KUR,KHURDA ROAD JN,64.0,1800
12802,2025-12-04,PURI,PURI,14.0,1843
12802,2025-12-05,ANVT,ANAND VIHAR TRM,1.0,0
12802,2025-12-05,GOY,GOVINDPURI,29.0,424
12802,2025-12-05,FTP,FATEHPUR,54.0,504
12802,2025-12-05,PRYJ,PRAYAGRAJ JN,8.0,621
12802,2025-12-05,BDL,VINDHYACHAL,,702
12802,2025-12-05,MZP,MIRZAPUR,16.0,710
12802,2025-12-05,CAR,CHUNAR,24.0,741
12802,2025-12-05,DDU,PT DEEN DAYAL UPADHYAY JN,0.0,773
12802,2025-12-05,BBU,BHABUA ROAD,4.0,826
12802,2025-12-05,SSM,SASARAM,9.0,873
12802,2025-12-05,DOS,DEHRI ON SONE,12.0,891
12802,2025-12-05,AUBR,ANUGRAHA N ROAD,12.0,908
12802,2025-12-05,GAYA,GAYA JN,12.0,976
12802,2025-12-05,PRP,PAHARPUR,5.0,1008
12802,2025-12-05,KQR,KODERMA,10.0,1052
12802,2025-12-05,HZD,HAZARIBAGH RD,30.0,1101
12802,2025-12-05,PNME,PARASNATH,40.0,1128
12802,2025-12-05,GMO,NSC BOSE J GOMO,25.0,1146
12802,2025-12-05,CRP,CHANDRAPURA,22.0,1163
12802,2025-12-05,BKSC,BOKARO STL CITY,24.0,1178
12802,2025-12-05,PRR,PURULIA JN,3.0,1239
12802,2025-12-05,BBM,BARABHUM,12.0,1270
12802,2025-12-05,CNI,CHANDIL JN,0.0,1293
12802,2025-12-05,TATA,TATANAGAR JN,0.0,1329
12802,2025-12-05,GTS,GHATSILA,9.0,1365
12802,2025-12-05,HIJ,HIJILLI,1.0,1463
12802,2025-12-05,BLS,BALASORE,0.0,1575
12802,2025-12-05,BHC,BHADRAKH,15.0,1637
12802,2025-12-05,JJKR,JAJPUR K ROAD,18.0,1681
12802,2025-12-05,CTC,CUTTACK,39.0,1753
12802,2025-12-05,BBS,BHUBANESWAR,38.0,1781
12802,2025-12-05,KUR,KHURDA ROAD JN,42.0,1800
12802,2025-12-05,PURI,PURI,-3.0,1843
12802,2025-12-06,ANVT,ANAND VIHAR TRM,3.0,0
12802,2025-12-06,GOY,GOVINDPURI,7.0,424
12802,2025-12-06,FTP,FATEHPUR,36.0,504
12802,2025-12-06,PRYJ,PRAYAGRAJ JN,1.0,621
12802,2025-12-06,BDL,VINDHYACHAL,,702
12802,2025-12-06,MZP,MIRZAPUR,20.0,710
12802,2025-12-06,CAR,CHUNAR,26.0,741
12802,2025-12-06,DDU,PT DEEN DAYAL UPADHYAY JN,0.0,773
12802,2025-12-06,BBU,BHABUA ROAD,6.0,826
12802,2025-12-06,SSM,SASARAM,4.0,873
12802,2025-12-06,DOS,DEHRI ON SONE,6.0,891
12802,2025-12-06,AUBR,ANUGRAHA N ROAD,8.0,908
12802,2025-12-06,GAYA,GAYA JN,5.0,976
12802,2025-12-06,PRP,PAHARPUR,0.0,1008
12802,2025-12-06,KQR,KODERMA,6.0,1052
12802,2025-12-06,HZD,HAZARIBAGH RD,30.0,1101
12802,2025-12-06,PNME,PARASNATH,37.0,1128
12802,2025-12-06,GMO,NSC BOSE J GOMO,19.0,1146
12802,2025-12-06,CRP,CHANDRAPURA,17.0,1163
12802,2025-12-06,BKSC,BOKARO STL CITY,7.0,1178
12802,2025-12-06,PRR,PURULIA JN,0.0,1239
12802,2025-12-06,BBM,BARABHUM,4.0,1270
12802,2025-12-06,CNI,CHANDIL JN,0.0,1293
12802,2025-12-06,TATA,TATANAGAR JN,7.0,1329
12802,2025-12-06,GTS,GHATSILA,12.0,1365
12802,2025-12-06,HIJ,HIJILLI,18.0,1463
12802,2025-12-06,BLS,BALASORE,14.0,1575
12802,2025-12-06,BHC,BHADRAKH,42.0,1637
12802,2025-12-06,JJKR,JAJPUR K ROAD,45.0,1681
12802,2025-12-06,CTC,CUTTACK,61.0,1753
12802,2025-12-06,BBS,BHUBANESWAR,56.0,1781
12802,2025-12-06,KUR,KHURDA ROAD JN,57.0,1800
12802,2025-12-06,PURI,PURI,4.0,1843
12802,2025-12-07,ANVT,ANAND VIHAR TRM,4.0,0
12802,2025-12-07,GOY,GOVINDPURI,4.0,424
12802,2025-12-07,FTP,FATEHPUR,22.0,504
12802,2025-12-07,PRYJ,PRAYAGRAJ JN,25.0,621
12802,2025-12-07,BDL,VINDHYACHAL,,702
12802,2025-12-07,MZP,MIRZAPUR,13.0,710
12802,2025-12-07,CAR,CHUNAR,17.0,741
12802,2025-12-07,DDU,PT DEEN DAYAL UPADHYAY JN,0.0,773
12802,2025-12-07,BBU,BHABUA ROAD,4.0,826
12802,2025-12-07,SSM,SASARAM,0.0,873
12802,2025-12-07,DOS,DEHRI ON SONE,5.0,891
12802,2025-12-07,AUBR,ANUGRAHA N ROAD,5.0,908
12802,2025-12-07,GAYA,GAYA JN,3.0,976
12802,2025-12-07,PRP,PAHARPUR,21.0,1008
12802,2025-12-07,KQR,KODERMA,34.0,1052
12802,2025-12-07,HZD,HAZARIBAGH RD,46.0,1101
12802,2025-12-07,PNME,PARASNATH,48.0,1128
12802,2025-12-07,GMO,NSC BOSE J GOMO,30.0,1146
12802,2025-12-07,CRP,CHANDRAPURA,29.0,1163
12802,2025-12-07,BKSC,BOKARO STL CITY,28.0,1178
12802,2025-12-07,PRR,PURULIA JN,8.0,1239
12802,2025-12-07,BBM,BARABHUM,17.0,1270
12802,2025-12-07,CNI,CHANDIL JN,2.0,1293
12802,2025-12-07,TATA,TATANAGAR JN,60.0,1329
12802,2025-12-07,GTS,GHATSILA,125.0,1365
12802,2025-12-07,HIJ,HIJILLI,126.0,1463
12802,2025-12-07,BLS,BALASORE,125.0,1575
12802,2025-12-07,BHC,BHADRAKH,151.0,1637
12802,2025-12-07,JJKR,JAJPUR K ROAD,161.0,1681
12802,2025-12-07,CTC,CUTTACK,207.0,1753
12802,2025-12-07,BBS,BHUBANESWAR,208.0,1781
12802,2025-12-07,KUR,KHURDA ROAD JN,217.0,1800
12802,2025-12-07,PURI,PURI,191.0,1843
12802,2025-12-08,ANVT,ANAND VIHAR TRM,0.0,0
12802,2025-12-08,GOY,GOVINDPURI,5.0,424
12802,2025-12-08,FTP,FATEHPUR,64.0,504
12802,2025-12-08,PRYJ,PRAYAGRAJ JN,21.0,621
12802,2025-12-08,BDL,VINDHYACHAL,,702
12802,2025-12-08,MZP,MIRZAPUR,12.0,710
12802,2025-12-08,CAR,CHUNAR,21.0,741
12802,2025-12-08,DDU,PT DEEN DAYAL UPADHYAY JN,0.0,773
12802,2025-12-08,BBU,BHABUA ROAD,4.0,826
12802,2025-12-08,SSM,SASARAM,0.0,873
12802,2025-12-08,DOS,DEHRI ON SONE,13.0,891
12802,2025-12-08,AUBR,ANUGRAHA N ROAD,15.0,908
12802,2025-12-08,GAYA,GAYA JN,15.0,976
12802,2025-12-08,PRP,PAHARPUR,14.0,1008
12802,2025-12-08,KQR,KODERMA,19.0,1052
12802,2025-12-08,HZD,HAZARIBAGH RD,22.0,1101
12802,2025-12-08,PNME,PARASNATH,29.0,1128
12802,2025-12-08,GMO,NSC BOSE J GOMO,18.0,1146
12802,2025-12-08,CRP,CHANDRAPURA,18.0,1163
12802,2025-12-08,BKSC,BOKARO STL CITY,12.0,1178
12802,2025-12-08,PRR,PURULIA JN,5.0,1239
12802,2025-12-08,BBM,BARABHUM,16.0,1270
12802,2025-12-08,CNI,CHANDIL JN,5.0,1293
12802,2025-12-08,TATA,TATANAGAR JN,25.0,1329
12802,2025-12-08,GTS,GHATSILA,32.0,1365
12802,2025-12-08,HIJ,HIJILLI,33.0,1463
12802,2025-12-08,BLS,BALASORE,29.0,1575
12802,2025-12-08,BHC,BHADRAKH,26.0,1637
12802,2025-12-08,JJKR,JAJPUR K ROAD,29.0,1681
12802,2025-12-08,CTC,CUTTACK,51.0,1753
12802,2025-12-08,BBS,BHUBANESWAR,47.0,1781
12802,2025-12-08,KUR,KHURDA ROAD JN,55.0,1800
12802,2025-12-08,PURI,PURI,11.0,1843
12802,2025-12-09,ANVT,ANAND VIHAR TRM,0.0,0
12802,2025-12-09,GOY,GOVINDPURI,24.0,424
12802,2025-12-09,FTP,FATEHPUR,35.0,504
12802,2025-12-09,PRYJ,PRAYAGRAJ JN,2.0,621
12802,2025-12-09,BDL,VINDHYACHAL,,702
12802,2025-12-09,MZP,MIRZAPUR,5.0,710
12802,2025-12-09,CAR,CHUNAR,8.0,741
12802,2025-12-09,DDU,PT DEEN DAYAL UPADHYAY JN,0.0,773
12802,2025-12-09,BBU,BHABUA ROAD,6.0,826
12802,2025-12-09,SSM,SASARAM,3.0,873
12802,2025-12-09,DOS,DEHRI ON SONE,2.0,891
12802,2025-12-09,AUBR,ANUGRAHA N ROAD,4.0,908
12802,2025-12-09,GAYA,GAYA JN,0.0,976
12802,2025-12-09,PRP,PAHARPUR,0.0,1008
12802,2025-12-09,KQR,KODERMA,6.0,1052
12802,2025-12-09,HZD,HAZARIBAGH RD,32.0,1101
12802,2025-12-09,PNME,PARASNATH,33.0,1128
12802,2025-12-09,GMO,NSC BOSE J GOMO,15.0,1146
12802,2025-12-09,CRP,CHANDRAPURA,12.0,1163
12802,2025-12-09,BKSC,BOKARO STL CITY,23.0,1178
12802,2025-12-09,PRR,PURULIA JN,6.0,1239
12802,2025-12-09,BBM,BARABHUM,5.0,1270
12802,2025-12-09,CNI,CHANDIL JN,0.0,1293
12802,2025-12-09,TATA,TATANAGAR JN,120.0,1329
12802,2025-12-09,GTS,GHATSILA,176.0,1365
12802,2025-12-09,HIJ,HIJILLI,170.0,1463
12802,2025-12-09,BLS,BALASORE,155.0,1575
12802,2025-12-09,BHC,BHADRAKH,159.0,1637
12802,2025-12-09,JJKR,JAJPUR K ROAD,171.0,1681
12802,2025-12-09,CTC,CUTTACK,192.0,1753
12802,2025-12-09,BBS,BHUBANESWAR,182.0,1781
12802,2025-12-09,KUR,KHURDA ROAD JN,189.0,1800
12802,2025-12-09,PURI,PURI,155.0,1843
12802,2025-12-10,ANVT,ANAND VIHAR TRM,0.0,0
12802,2025-12-10,GOY,GOVINDPURI,4.0,424
12802,2025-12-10,FTP,FATEHPUR,20.0,504
12802,2025-12-10,PRYJ,PRAYAGRAJ JN,0.0,621
12802,2025-12-10,BDL,VINDHYACHAL,,702
12802,2025-12-10,MZP,MIRZAPUR,16.0,710
12802,2025-12-10,CAR,CHUNAR,18.0,741
12802,2025-12-10,DDU,PT DEEN DAYAL UPADHYAY JN,0.0,773
12802,2025-12-10,BBU,BHABUA ROAD,16.0,826
12802,2025-12-10,SSM,SASARAM,12.0,873
12802,2025-12-10,DOS,DEHRI ON SONE,21.0,891
12802,2025-12-10,AUBR,ANUGRAHA N ROAD,24.0,908
12802,2025-12-10,GAYA,GAYA JN,19.0,976
12802,2025-12-10,PRP,PAHARPUR,13.0,1008
12802,2025-12-10,KQR,KODERMA,16.0,1052
12802,2025-12-10,HZD,HAZARIBAGH RD,38.0,1101
12802,2025-12-10,PNME,PARASNATH,38.0,1128
12802,2025-12-10,GMO,NSC BOSE J GOMO,21.0,1146
12802,2025-12-10,CRP,CHANDRAPURA,30.0,1163
12802,2025-12-10,BKSC,BOKARO STL CITY,30.0,1178
12802,2025-12-10,PRR,PURULIA JN,10.0,1239
12802,2025-12-10,BBM,BARABHUM,20.0,1270
12802,2025-12-10,CNI,CHANDIL JN,5.0,1293
12802,2025-12-10,TATA,TATANAGAR JN,82.0,1329
12802,2025-12-10,GTS,GHATSILA,100.0,1365
12802,2025-12-10,HIJ,HIJILLI,98.0,1463
12802,2025-12-10,BLS,BALASORE,86.0,1575
12802,2025-12-10,BHC,BHADRAKH,82.0,1637
12802,2025-12-10,JJKR,JAJPUR K ROAD,91.0,1681
12802,2025-12-10,CTC,CUTTACK,118.0,1753
12802,2025-12-10,BBS,BHUBANESWAR,111.0,1781
12802,2025-12-10,KUR,KHURDA ROAD JN,116.0,1800
12802,2025-12-10,PURI,PURI,68.0,1843
12802,2025-12-11,ANVT,ANAND VIHAR TRM,1.0,0
12802,2025-12-11,GOY,GOVINDPURI,5.0,424
12802,2025-12-11,FTP,FATEHPUR,35.0,504
12802,2025-12-11,PRYJ,PRAYAGRAJ JN,10.0,621
12802,2025-12-11,BDL,VINDHYACHAL,,702
12802,2025-12-11,MZP,MIRZAPUR,14.0,710
12802,2025-12-11,CAR,CHUNAR,23.0,741
12802,2025-12-11,DDU,PT DEEN DAYAL UPADHYAY JN,0.0,773
12802,2025-12-11,BBU,BHABUA ROAD,9.0,826
12802,2025-12-11,SSM,SASARAM,6.0,873
12802,2025-12-11,DOS,DEHRI ON SONE,9.0,891
12802,2025-12-11,AUBR,ANUGRAHA N ROAD,9.0,908
12802,2025-12-11,GAYA,GAYA JN,7.0,976
12802,2025-12-11,PRP,PAHARPUR,6.0,1008
12802,2025-12-11,KQR,KODERMA,16.0,1052
12802,2025-12-11,HZD,HAZARIBAGH RD,35.0,1101
12802,2025-12-11,PNME,PARASNATH,35.0,1128
12802,2025-12-11,GMO,NSC BOSE J GOMO,19.0,1146
12802,2025-12-11,CRP,CHANDRAPURA,17.0,1163
12802,2025-12-11,BKSC,BOKARO STL CITY,7.0,1178
12802,2025-12-11,PRR,PURULIA JN,0.0,1239
12802,2025-12-11,BBM,BARABHUM,13.0,1270
12802,2025-12-11,CNI,CHANDIL JN,9.0,1293
12802,2025-12-11,TATA,TATANAGAR JN,65.0,1329
12802,2025-12-11,GTS,GHATSILA,83.0,1365
12802,2025-12-11,HIJ,HIJILLI,83.0,1463
12802,2025-12-11,BLS,BALASORE,80.0,1575
12802,2025-12-11,BHC,BHADRAKH,87.0,1637
12802,2025-12-11,JJKR,JAJPUR K ROAD,95.0,1681
12802,2025-12-11,CTC,CUTTACK,105.0,1753
12802,2025-12-11,BBS,BHUBANESWAR,92.0,1781
12802,2025-12-11,KUR,KHURDA ROAD JN,106.0,1800
12802,2025-12-11,PURI,PURI,56.0,1843
12802,2025-12-12,ANVT,ANAND VIHAR TRM,0.0,0
12802,2025-12-12,GOY,GOVINDPURI,38.0,424
12802,2025-12-12,FTP,FATEHPUR,108.0,504
12802,2025-12-12,PRYJ,PRAYAGRAJ JN,111.0,621
12802,2025-12-12,BDL,VINDHYACHAL,,702
12802,2025-12-12,MZP,MIRZAPUR,151.0,710
12802,2025-12-12,CAR,CHUNAR,177.0,741
12802,2025-12-12,DDU,PT DEEN DAYAL UPADHYAY JN,160.0,773
12802,2025-12-12,BBU,BHABUA ROAD,172.0,826
12802,2025-12-12,SSM,SASARAM,168.0,873
12802,2025-12-12,DOS,DEHRI ON SONE,172.0,891
12802,2025-12-12,AUBR,ANUGRAHA N ROAD,173.0,908
12802,2025-12-12,GAYA,GAYA JN,164.0,976
12802,2025-12-12,PRP,PAHARPUR,161.0,1008
12802,2025-12-12,KQR,KODERMA,175.0,1052
12802,2025-12-12,HZD,HAZARIBAGH RD,168.0,1101
12802,2025-12-12,PNME,PARASNATH,182.0,1128
12802,2025-12-12,GMO,NSC BOSE J GOMO,171.0,1146
12802,2025-12-12,CRP,CHANDRAPURA,165.0,1163
12802,2025-12-12,BKSC,BOKARO STL CITY,158.0,1178
12802,2025-12-12,PRR,PURULIA JN,136.0,1239
12802,2025-12-12,BBM,BARABHUM,178.0,1270
12802,2025-12-12,CNI,CHANDIL JN,199.0,1293
12802,2025-12-12,TATA,TATANAGAR JN,195.0,1329
12802,2025-12-12,GTS,GHATSILA,203.0,1365
12802,2025-12-12,HIJ,HIJILLI,193.0,1463
12802,2025-12-12,BLS,BALASORE,183.0,1575
12802,2025-12-12,BHC,BHADRAKH,178.0,1637
12802,2025-12-12,JJKR,JAJPUR K ROAD,181.0,1681
12802,2025-12-12,CTC,CUTTACK,195.0,1753
12802,2025-12-12,BBS,BHUBANESWAR,196.0,1781
12802,2025-12-12,KUR,KHURDA ROAD JN,197.0,1800
12802,2025-12-12,PURI,PURI,163.0,1843
12802,2025-12-13,ANVT,ANAND VIHAR TRM,0.0,0
12802,2025-12-13,GOY,GOVINDPURI,69.0,424
12802,2025-12-13,FTP,FATEHPUR,87.0,504
12802,2025-12-13,PRYJ,PRAYAGRAJ JN,125.0,621
12802,2025-12-13,BDL,VINDHYACHAL,,702
12802,2025-12-13,MZP,MIRZAPUR,182.0,710
12802,2025-12-13,CAR,CHUNAR,183.0,741
12802,2025-12-13,DDU,PT DEEN DAYAL UPADHYAY JN,176.0,773
12802,2025-12-13,BBU,BHABUA ROAD,182.0,826
12802,2025-12-13,SSM,SASARAM,181.0,873
12802,2025-12-13,DOS,DEHRI ON SONE,184.0,891
12802,2025-12-13,AUBR,ANUGRAHA N ROAD,185.0,908
12802,2025-12-13,GAYA,GAYA JN,175.0,976
12802,2025-12-13,PRP,PAHARPUR,172.0,1008
12802,2025-12-13,KQR,KODERMA,174.0,1052
12802,2025-12-13,HZD,HAZARIBAGH RD,189.0,1101
12802,2025-12-13,PNME,PARASNATH,189.0,1128
12802,2025-12-13,GMO,NSC BOSE J GOMO,176.0,1146
12802,2025-12-13,CRP,CHANDRAPURA,173.0,1163
12802,2025-12-13,BKSC,BOKARO STL CITY,162.0,1178
12802,2025-12-13,PRR,PURULIA JN,148.0,1239
12802,2025-12-13,BBM,BARABHUM,154.0,1270
12802,2025-12-13,CNI,CHANDIL JN,148.0,1293
12802,2025-12-13,TATA,TATANAGAR JN,166.0,1329
12802,2025-12-13,GTS,GHATSILA,188.0,1365
12802,2025-12-13,HIJ,HIJILLI,184.0,1463
12802,2025-12-13,BLS,BALASORE,180.0,1575
12802,2025-12-13,BHC,BHADRAKH,180.0,1637
12802,2025-12-13,JJKR,JAJPUR K ROAD,183.0,1681
12802,2025-12-13,CTC,CUTTACK,231.0,1753
12802,2025-12-13,BBS,BHUBANESWAR,231.0,1781
12802,2025-12-13,KUR,KHURDA ROAD JN,238.0,1800
12802,2025-12-13,PURI,PURI,196.0,1843
12802,2025-12-14,ANVT,ANAND VIHAR TRM,1.0,0
12802,2025-12-14,GOY,GOVINDPURI,388.0,424
12802,2025-12-14,FTP,FATEHPUR,402.0,504
12802,2025-12-14,PRYJ,PRAYAGRAJ JN,377.0,621
12802,2025-12-14,BDL,VINDHYACHAL,,702
12802,2025-12-14,MZP,MIRZAPUR,393.0,710
12802,2025-12-14,CAR,CHUNAR,393.0,741
12802,2025-12-14,DDU,PT DEEN DAYAL UPADHYAY JN,395.0,773
12802,2025-12-14,BBU,BHABUA ROAD,403.0,826
12802,2025-12-14,SSM,SASARAM,400.0,873
12802,2025-12-14,DOS,DEHRI ON SONE,401.0,891
12802,2025-12-14,AUBR,ANUGRAHA N ROAD,400.0,908
12802,2025-12-14,GAYA,GAYA JN,401.0,976
12802,2025-12-14,PRP,PAHARPUR,400.0,1008
12802,2025-12-14,KQR,KODERMA,408.0,1052
12802,2025-12-14,HZD,HAZARIBAGH RD,415.0,1101
12802,2025-12-14,PNME,PARASNATH,412.0,1128
12802,2025-12-14,GMO,NSC BOSE J GOMO,403.0,1146
12802,2025-12-14,CRP,CHANDRAPURA,392.0,1163
12802,2025-12-14,BKSC,BOKARO STL CITY,434.0,1178
12802,2025-12-14,PRR,PURULIA JN,413.0,1239
12802,2025-12-14,BBM,BARABHUM,430.0,1270
12802,2025-12-14,CNI,CHANDIL JN,427.0,1293
12802,2025-12-14,TATA,TATANAGAR JN,400.0,1329
12802,2025-12-14,GTS,GHATSILA,435.0,1365
12802,2025-12-14,HIJ,HIJILLI,450.0,1463
12802,2025-12-14,BLS,BALASORE,419.0,1575
12802,2025-12-14,BHC,BHADRAKH,446.0,1637
12802,2025-12-14,JJKR,JAJPUR K ROAD,460.0,1681
12802,2025-12-14,CTC,CUTTACK,483.0,1753
12802,2025-12-14,BBS,BHUBANESWAR,488.0,1781
12802,2025-12-14,KUR,KHURDA ROAD JN,494.0,1800
12802,2025-12-14,PURI,PURI,441.0,1843
12802,2025-12-15,ANVT,ANAND VIHAR TRM,0.0,0
12802,2025-12-15,GOY,GOVINDPURI,574.0,424
12802,2025-12-15,FTP,FATEHPUR,607.0,504
12802,2025-12-15,PRYJ,PRAYAGRAJ JN,599.0,621
12802,2025-12-15,BDL,VINDHYACHAL,,702
12802,2025-12-15,MZP,MIRZAPUR,602.0,710
12802,2025-12-15,CAR,CHUNAR,626.0,741
12802,2025-12-15,DDU,PT DEEN DAYAL UPADHYAY JN,629.0,773
12802,2025-12-15,BBU,BHABUA ROAD,639.0,826
12802,2025-12-15,SSM,SASARAM,636.0,873
12802,2025-12-15,DOS,DEHRI ON SONE,637.0,891
12802,2025-12-15,AUBR,ANUGRAHA N ROAD,637.0,908
12802,2025-12-15,GAYA,GAYA JN,638.0,976
12802,2025-12-15,PRP,PAHARPUR,626.0,1008
12802,2025-12-15,KQR,KODERMA,627.0,1052
12802,2025-12-15,HZD,HAZARIBAGH RD,633.0,1101
12802,2025-12-15,PNME,PARASNATH,637.0,1128
12802,2025-12-15,GMO,NSC BOSE J GOMO,618.0,1146
12802,2025-12-15,CRP,CHANDRAPURA,612.0,1163
12802,2025-12-15,BKSC,BOKARO STL CITY,603.0,1178
12802,2025-12-15,PRR,PURULIA JN,594.0,1239
12802,2025-12-15,BBM,BARABHUM,603.0,1270
12802,2025-12-15,CNI,CHANDIL JN,591.0,1293
12802,2025-12-15,TATA,TATANAGAR JN,671.0,1329
12802,2025-12-15,GTS,GHATSILA,652.0,1365
12802,2025-12-15,HIJ,HIJILLI,680.0,1463
12802,2025-12-15,BLS,BALASORE,699.0,1575
12802,2025-12-15,BHC,BHADRAKH,707.0,1637
12802,2025-12-15,JJKR,JAJPUR K ROAD,714.0,1681
12802,2025-12-15,CTC,CUTTACK,747.0,1753
12802,2025-12-15,BBS,BHUBANESWAR,745.0,1781
12802,2025-12-15,KUR,KHURDA ROAD JN,750.0,1800
12802,2025-12-15,PURI,PURI,714.0,1843
12802,2025-12-16,ANVT,ANAND VIHAR TRM,1.0,0
12802,2025-12-16,GOY,GOVINDPURI,35.0,424
12802,2025-12-16,FTP,FATEHPUR,80.0,504
12802,2025-12-16,PRYJ,PRAYAGRAJ JN,47.0,621
12802,2025-12-16,BDL,VINDHYACHAL,,702
12802,2025-12-16,MZP,MIRZAPUR,46.0,710
12802,2025-12-16,CAR,CHUNAR,45.0,741
12802,2025-12-16,DDU,PT DEEN DAYAL UPADHYAY JN,19.0,773
12802,2025-12-16,BBU,BHABUA ROAD,25.0,826
12802,2025-12-16,SSM,SASARAM,22.0,873
12802,2025-12-16,DOS,DEHRI ON SONE,25.0,891
12802,2025-12-16,AUBR,ANUGRAHA N ROAD,25.0,908
12802,2025-12-16,GAYA,GAYA JN,17.0,976
12802,2025-12-16,PRP,PAHARPUR,6.0,1008
12802,2025-12-16,KQR,KODERMA,17.0,1052
12802,2025-12-16,HZD,HAZARIBAGH RD,31.0,1101
12802,2025-12-16,PNME,PARASNATH,34.0,1128
12802,2025-12-16,GMO,NSC BOSE J GOMO,16.0,1146
12802,2025-12-16,CRP,CHANDRAPURA,25.0,1163
12802,2025-12-16,BKSC,BOKARO STL CITY,19.0,1178
12802,2025-12-16,PRR,PURULIA JN,14.0,1239
12802,2025-12-16,BBM,BARABHUM,24.0,1270
12802,2025-12-16,CNI,CHANDIL JN,16.0,1293
12802,2025-12-16,TATA,TATANAGAR JN,43.0,1329
12802,2025-12-16,GTS,GHATSILA,54.0,1365
12802,2025-12-16,HIJ,HIJILLI,62.0,1463
12802,2025-12-16,BLS,BALASORE,61.0,1575
12802,2025-12-16,BHC,BHADRAKH,58.0,1637
12802,2025-12-16,JJKR,JAJPUR K ROAD,88.0,1681
12802,2025-12-16,CTC,CUTTACK,123.0,1753
12802,2025-12-16,BBS,BHUBANESWAR,122.0,1781
12802,2025-12-16,KUR,KHURDA ROAD JN,125.0,1800
12802,2025-12-16,PURI,PURI,79.0,1843
12802,2025-12-17,ANVT,ANAND VIHAR TRM,1.0,0
12802,2025-12-17,GOY,GOVINDPURI,223.0,424
12802,2025-12-17,FTP,FATEHPUR,254.0,504
12802,2025-12-17,PRYJ,PRAYAGRAJ JN,265.0,621
12802,2025-12-17,BDL,VINDHYACHAL,,702
12802,2025-12-17,MZP,MIRZAPUR,281.0,710
12802,2025-12-17,CAR,CHUNAR,281.0,741
12802,2025-12-17,DDU,PT DEEN DAYAL UPADHYAY JN,251.0,773
12802,2025-12-17,BBU,BHABUA ROAD,309.0,826
12802,2025-12-17,SSM,SASARAM,307.0,873
12802,2025-12-17,DOS,DEHRI ON SONE,312.0,891
12802,2025-12-17,AUBR,ANUGRAHA N ROAD,324.0,908
12802,2025-12-17,GAYA,GAYA JN,323.0,976
12802,2025-12-17,PRP,PAHARPUR,301.0,1008
12802,2025-12-17,KQR,KODERMA,318.0,1052
12802,2025-12-17,HZD,HAZARIBAGH RD,310.0,1101
12802,2025-12-17,PNME,PARASNATH,320.0,1128
12802,2025-12-17,GMO,NSC BOSE J GOMO,321.0,1146
12802,2025-12-17,CRP,CHANDRAPURA,320.0,1163
12802,2025-12-17,BKSC,BOKARO STL CITY,323.0,1178
12802,2025-12-17,PRR,PURULIA JN,306.0,1239
12802,2025-12-17,BBM,BARABHUM,308.0,1270
12802,2025-12-17,CNI,CHANDIL JN,302.0,1293
12802,2025-12-17,TATA,TATANAGAR JN,347.0,1329
12802,2025-12-17,GTS,GHATSILA,350.0,1365
12802,2025-12-17,HIJ,HIJILLI,388.0,1463
12802,2025-12-17,BLS,BALASORE,409.0,1575
12802,2025-12-17,BHC,BHADRAKH,422.0,1637
12802,2025-12-17,JJKR,JAJPUR K ROAD,424.0,1681
12802,2025-12-17,CTC,CUTTACK,446.0,1753
12802,2025-12-17,BBS,BHUBANESWAR,455.0,1781
12802,2025-12-17,KUR,KHURDA ROAD JN,452.0,1800
12802,2025-12-17,PURI,PURI,405.0,1843
12802,2025-12-18,ANVT,ANAND VIHAR TRM,1.0,0
12802,2025-12-18,GOY,GOVINDPURI,305.0,424
12802,2025-12-18,FTP,FATEHPUR,312.0,504
12802,2025-12-18,PRYJ,PRAYAGRAJ JN,286.0,621
12802,2025-12-18,BDL,VINDHYACHAL,,702
12802,2025-12-18,MZP,MIRZAPUR,311.0,710
12802,2025-12-18,CAR,CHUNAR,311.0,741
12802,2025-12-18,DDU,PT DEEN DAYAL UPADHYAY JN,284.0,773
12802,2025-12-18,BBU,BHABUA ROAD,287.0,826
12802,2025-12-18,SSM,SASARAM,286.0,873
12802,2025-12-18,DOS,DEHRI ON SONE,288.0,891
12802,2025-12-18,AUBR,ANUGRAHA N ROAD,288.0,908
12802,2025-12-18,GAYA,GAYA JN,286.0,976
12802,2025-12-18,PRP,PAHARPUR,274.0,1008
12802,2025-12-18,KQR,KODERMA,289.0,1052
12802,2025-12-18,HZD,HAZARIBAGH RD,283.0,1101
12802,2025-12-18,PNME,PARASNATH,297.0,1128
12802,2025-12-18,GMO,NSC BOSE J GOMO,285.0,1146
12802,2025-12-18,CRP,CHANDRAPURA,273.0,1163
12802,2025-12-18,BKSC,BOKARO STL CITY,280.0,1178
12802,2025-12-18,PRR,PURULIA JN,264.0,1239
12802,2025-12-18,BBM,BARABHUM,274.0,1270
12802,2025-12-18,CNI,CHANDIL JN,261.0,1293
12802,2025-12-18,TATA,TATANAGAR JN,250.0,1329
12802,2025-12-18,GTS,GHATSILA,277.0,1365
12802,2025-12-18,HIJ,HIJILLI,306.0,1463
12802,2025-12-18,BLS,BALASORE,281.0,1575
12802,2025-12-18,BHC,BHADRAKH,302.0,1637
12802,2025-12-18,JJKR,JAJPUR K ROAD,316.0,1681
12802,2025-12-18,CTC,CUTTACK,333.0,1753
12802,2025-12-18,BBS,BHUBANESWAR,316.0,1781
12802,2025-12-18,KUR,KHURDA ROAD JN,312.0,1800
12802,2025-12-18,PURI,PURI,275.0,1843
12802,2025-12-19,ANVT,ANAND VIHAR TRM,1.0,0
12802,2025-12-19,GOY,GOVINDPURI,427.0,424
12802,2025-12-19,FTP,FATEHPUR,448.0,504
12802,2025-12-19,PRYJ,PRAYAGRAJ JN,421.0,621
12802,2025-12-19,BDL,VINDHYACHAL,,702
12802,2025-12-19,MZP,MIRZAPUR,467.0,710
12802,2025-12-19,CAR,CHUNAR,476.0,741
12802,2025-12-19,DDU,PT DEEN DAYAL UPADHYAY JN,446.0,773
12802,2025-12-19,BBU,BHABUA ROAD,446.0,826
12802,2025-12-19,SSM,SASARAM,443.0,873
12802,2025-12-19,DOS,DEHRI ON SONE,445.0,891
12802,2025-12-19,AUBR,ANUGRAHA N ROAD,447.0,908
12802,2025-12-19,GAYA,GAYA JN,450.0,976
12802,2025-12-19,PRP,PAHARPUR,440.0,1008
12802,2025-12-19,KQR,KODERMA,442.0,1052
12802,2025-12-19,HZD,HAZARIBAGH RD,454.0,1101
12802,2025-12-19,PNME,PARASNATH,457.0,1128
12802,2025-12-19,GMO,NSC BOSE J GOMO,442.0,1146
12802,2025-12-19,CRP,CHANDRAPURA,441.0,1163
12802,2025-12-19,BKSC,BOKARO STL CITY,434.0,1178
12802,2025-12-19,PRR,PURULIA JN,413.0,1239
12802,2025-12-19,BBM,BARABHUM,425.0,1270
12802,2025-12-19,CNI,CHANDIL JN,412.0,1293
12802,2025-12-19,TATA,TATANAGAR JN,508.0,1329
12802,2025-12-19,GTS,GHATSILA,538.0,1365
12802,2025-12-19,HIJ,HIJILLI,541.0,1463
12802,2025-12-19,BLS,BALASORE,553.0,1575
12802,2025-12-19,BHC,BHADRAKH,548.0,1637
12802,2025-12-19,JJKR,JAJPUR K ROAD,556.0,1681
12802,2025-12-19,CTC,CUTTACK,580.0,1753
12802,2025-12-19,BBS,BHUBANESWAR,578.0,1781
12802,2025-12-19,KUR,KHURDA ROAD JN,585.0,1800
12802,2025-12-19,PURI,PURI,557.0,1843
12802,2025-12-20,ANVT,ANAND VIHAR TRM,1.0,0
12802,2025-12-20,GOY,GOVINDPURI,281.0,424
12802,2025-12-20,FTP,FATEHPUR,305.0,504
12802,2025-12-20,PRYJ,PRAYAGRAJ JN,292.0,621
12802,2025-12-20,BDL,VINDHYACHAL,,702
12802,2025-12-20,MZP,MIRZAPUR,345.0,710
12802,2025-12-20,CAR,CHUNAR,360.0,741
12802,2025-12-20,DDU,PT DEEN DAYAL UPADHYAY JN,342.0,773
12802,2025-12-20,BBU,BHABUA ROAD,345.0,826
12802,2025-12-20,SSM,SASARAM,347.0,873
12802,2025-12-20,DOS,DEHRI ON SONE,348.0,891
12802,2025-12-20,AUBR,ANUGRAHA N ROAD,354.0,908
12802,2025-12-20,GAYA,GAYA JN,347.0,976
12802,2025-12-20,PRP,PAHARPUR,343.0,1008
12802,2025-12-20,KQR,KODERMA,354.0,1052
12802,2025-12-20,HZD,HAZARIBAGH RD,371.0,1101
12802,2025-12-20,PNME,PARASNATH,374.0,1128
12802,2025-12-20,GMO,NSC BOSE J GOMO,364.0,1146
12802,2025-12-20,CRP,CHANDRAPURA,363.0,1163
12802,2025-12-20,BKSC,BOKARO STL CITY,360.0,1178
12802,2025-12-20,PRR,PURULIA JN,351.0,1239
12802,2025-12-20,BBM,BARABHUM,358.0,1270
12802,2025-12-20,CNI,CHANDIL JN,350.0,1293
12802,2025-12-20,TATA,TATANAGAR JN,355.0,1329
12802,2025-12-20,GTS,GHATSILA,434.0,1365
12802,2025-12-20,HIJ,HIJILLI,419.0,1463
12802,2025-12-20,BLS,BALASORE,449.0,1575
12802,2025-12-20,BHC,BHADRAKH,461.0,1637
12802,2025-12-20,JJKR,JAJPUR K ROAD,465.0,1681
12802,2025-12-20,CTC,CUTTACK,490.0,1753
12802,2025-12-20,BBS,BHUBANESWAR,484.0,1781
12802,2025-12-20,KUR,KHURDA ROAD JN,494.0,1800
12802,2025-12-20,PURI,PURI,444.0,1843
12802,2025-12-21,ANVT,ANAND VIHAR TRM,1.0,0
12802,2025-12-21,GOY,GOVINDPURI,272.0,424
12802,2025-12-21,FTP,FATEHPUR,352.0,504
12802,2025-12-21,PRYJ,PRAYAGRAJ JN,340.0,621
12802,2025-12-21,BDL,VINDHYACHAL,,702
12802,2025-12-21,MZP,MIRZAPUR,366.0,710
12802,2025-12-21,CAR,CHUNAR,379.0,741
12802,2025-12-21,DDU,PT DEEN DAYAL UPADHYAY JN,359.0,773
12802,2025-12-21,BBU,BHABUA ROAD,367.0,826
12802,2025-12-21,SSM,SASARAM,365.0,873
12802,2025-12-21,DOS,DEHRI ON SONE,366.0,891
12802,2025-12-21,AUBR,ANUGRAHA N ROAD,366.0,908
12802,2025-12-21,GAYA,GAYA JN,362.0,976
12802,2025-12-21,PRP,PAHARPUR,367.0,1008
12802,2025-12-21,KQR,KODERMA,374.0,1052
12802,2025-12-21,HZD,HAZARIBAGH RD,382.0,1101
12802,2025-12-21,PNME,PARASNATH,392.0,1128
12802,2025-12-21,GMO,NSC BOSE J GOMO,392.0,1146
12802,2025-12-21,CRP,CHANDRAPURA,386.0,1163
12802,2025-12-21,BKSC,BOKARO STL CITY,388.0,1178
12802,2025-12-21,PRR,PURULIA JN,371.0,1239
12802,2025-12-21,BBM,BARABHUM,370.0,1270
12802,2025-12-21,CNI,CHANDIL JN,361.0,1293
12802,2025-12-21,TATA,TATANAGAR JN,360.0,1329
12802,2025-12-21,GTS,GHATSILA,352.0,1365
12802,2025-12-21,HIJ,HIJILLI,370.0,1463
12802,2025-12-21,BLS,BALASORE,335.0,1575
12802,2025-12-21,BHC,BHADRAKH,355.0,1637
12802,2025-12-21,JJKR,JAJPUR K ROAD,367.0,1681
12802,2025-12-21,CTC,CUTTACK,373.0,1753
12802,2025-12-21,BBS,BHUBANESWAR,397.0,1781
12802,2025-12-21,KUR,KHURDA ROAD JN,397.0,1800
12802,2025-12-21,PURI,PURI,351.0,1843
12802,2025-12-22,ANVT,ANAND VIHAR TRM,1.0,0
12802,2025-12-22,GOY,GOVINDPURI,440.0,424
12802,2025-12-22,FTP,FATEHPUR,459.0,504
12802,2025-12-22,PRYJ,PRAYAGRAJ JN,496.0,621
12802,2025-12-22,BDL,VINDHYACHAL,,702
12802,2025-12-22,MZP,MIRZAPUR,569.0,710
12802,2025-12-22,CAR,CHUNAR,576.0,741
12802,2025-12-22,DDU,PT DEEN DAYAL UPADHYAY JN,543.0,773
12802,2025-12-22,BBU,BHABUA ROAD,545.0,826
12802,2025-12-22,SSM,SASARAM,541.0,873
12802,2025-12-22,DOS,DEHRI ON SONE,541.0,891
12802,2025-12-22,AUBR,ANUGRAHA N ROAD,541.0,908
12802,2025-12-22,GAYA,GAYA JN,533.0,976
12802,2025-12-22,PRP,PAHARPUR,522.0,1008
12802,2025-12-22,KQR,KODERMA,527.0,1052
12802,2025-12-22,HZD,HAZARIBAGH RD,536.0,1101
12802,2025-12-22,PNME,PARASNATH,536.0,1128
12802,2025-12-22,GMO,NSC BOSE J GOMO,529.0,1146
12802,2025-12-22,CRP,CHANDRAPURA,529.0,1163
12802,2025-12-22,BKSC,BOKARO STL CITY,526.0,1178
12802,2025-12-22,PRR,PURULIA JN,515.0,1239
12802,2025-12-22,BBM,BARABHUM,519.0,1270
12802,2025-12-22,CNI,CHANDIL JN,518.0,1293
12802,2025-12-22,TATA,TATANAGAR JN,615.0,1329
12802,2025-12-22,GTS,GHATSILA,606.0,1365
12802,2025-12-22,HIJ,HIJILLI,604.0,1463
12802,2025-12-22,BLS,BALASORE,624.0,1575
12802,2025-12-22,BHC,BHADRAKH,646.0,1637
12802,2025-12-22,JJKR,JAJPUR K ROAD,658.0,1681
12802,2025-12-22,CTC,CUTTACK,688.0,1753
12802,2025-12-22,BBS,BHUBANESWAR,688.0,1781
12802,2025-12-22,KUR,KHURDA ROAD JN,695.0,1800
12802,2025-12-22,PURI,PURI,634.0,1843
12802,2025-12-23,ANVT,ANAND VIHAR TRM,0.0,0
12802,2025-12-23,GOY,GOVINDPURI,194.0,424
12802,2025-12-23,FTP,FATEHPUR,271.0,504
12802,2025-12-23,PRYJ,PRAYAGRAJ JN,285.0,621
12802,2025-12-23,BDL,VINDHYACHAL,,702
12802,2025-12-23,MZP,MIRZAPUR,313.0,710
12802,2025-12-23,CAR,CHUNAR,323.0,741
12802,2025-12-23,DDU,PT DEEN DAYAL UPADHYAY JN,295.0,773
12802,2025-12-23,BBU,BHABUA ROAD,316.0,826
12802,2025-12-23,SSM,SASARAM,316.0,873
12802,2025-12-23,DOS,DEHRI ON SONE,332.0,891
12802,2025-12-23,AUBR,ANUGRAHA N ROAD,343.0,908
12802,2025-12-23,GAYA,GAYA JN,335.0,976
12802,2025-12-23,PRP,PAHARPUR,329.0,1008
12802,2025-12-23,KQR,KODERMA,348.0,1052
12802,2025-12-23,HZD,HAZARIBAGH RD,369.0,1101
12802,2025-12-23,PNME,PARASNATH,376.0,1128
12802,2025-12-23,GMO,NSC BOSE J GOMO,358.0,1146
12802,2025-12-23,CRP,CHANDRAPURA,358.0,1163
12802,2025-12-23,BKSC,BOKARO STL CITY,371.0,1178
12802,2025-12-23,PRR,PURULIA JN,350.0,1239
12802,2025-12-23,BBM,BARABHUM,363.0,1270
12802,2025-12-23,CNI,CHANDIL JN,360.0,1293
12802,2025-12-23,TATA,TATANAGAR JN,481.0,1329
12802,2025-12-23,GTS,GHATSILA,517.0,1365
12802,2025-12-23,HIJ,HIJILLI,521.0,1463
12802,2025-12-23,BLS,BALASORE,526.0,1575
12802,2025-12-23,BHC,BHADRAKH,557.0,1637
12802,2025-12-23,JJKR,JAJPUR K ROAD,562.0,1681
12802,2025-12-23,CTC,CUTTACK,598.0,1753
12802,2025-12-23,BBS,BHUBANESWAR,598.0,1781
12802,2025-12-23,KUR,KHURDA ROAD JN,628.0,1800
12802,2025-12-23,PURI,PURI,604.0,1843
12802,2025-12-24,ANVT,ANAND VIHAR TRM,3.0,0
12802,2025-12-24,GOY,GOVINDPURI,248.0,424
12802,2025-12-24,FTP,FATEHPUR,326.0,504
12802,2025-12-24,PRYJ,PRAYAGRAJ JN,308.0,621
12802,2025-12-24,BDL,VINDHYACHAL,,702
12802,2025-12-24,MZP,MIRZAPUR,349.0,710
12802,2025-12-24,CAR,CHUNAR,352.0,741
12802,2025-12-24,DDU,PT DEEN DAYAL UPADHYAY JN,322.0,773
12802,2025-12-24,BBU,BHABUA ROAD,343.0,826
12802,2025-12-24,SSM,SASARAM,347.0,873
12802,2025-12-24,DOS,DEHRI ON SONE,348.0,891
12802,2025-12-24,AUBR,ANUGRAHA N ROAD,356.0,908
12802,2025-12-24,GAYA,GAYA JN,351.0,976
12802,2025-12-24,PRP,PAHARPUR,343.0,1008
12802,2025-12-24,KQR,KODERMA,353.0,1052
12802,2025-12-24,HZD,HAZARIBAGH RD,376.0,1101
12802,2025-12-24,PNME,PARASNATH,382.0,1128
12802,2025-12-24,GMO,NSC BOSE J GOMO,363.0,1146
12802,2025-12-24,CRP,CHANDRAPURA,361.0,1163
12802,2025-12-24,BKSC,BOKARO STL CITY,351.0,1178
12802,2025-12-24,PRR,PURULIA JN,327.0,1239
12802,2025-12-24,BBM,BARABHUM,335.0,1270
12802,2025-12-24,CNI,CHANDIL JN,326.0,1293
12802,2025-12-24,TATA,TATANAGAR JN,435.0,1329
12802,2025-12-24,GTS,GHATSILA,470.0,1365
12802,2025-12-24,HIJ,HIJILLI,468.0,1463
12802,2025-12-24,BLS,BALASORE,467.0,1575
12802,2025-12-24,BHC,BHADRAKH,474.0,1637
12802,2025-12-24,JJKR,JAJPUR K ROAD,476.0,1681
12802,2025-12-24,CTC,CUTTACK,512.0,1753
12802,2025-12-24,BBS,BHUBANESWAR,504.0,1781
12802,2025-12-24,KUR,KHURDA ROAD JN,524.0,1800
12802,2025-12-24,PURI,PURI,486.0,1843
12802,2025-12-25,ANVT,ANAND VIHAR TRM,0.0,0
12802,2025-12-25,GOY,GOVINDPURI,371.0,424
12802,2025-12-25,FTP,FATEHPUR,411.0,504
12802,2025-12-25,PRYJ,PRAYAGRAJ JN,377.0,621
12802,2025-12-25,BDL,VINDHYACHAL,,702
12802,2025-12-25,MZP,MIRZAPUR,393.0,710
12802,2025-12-25,CAR,CHUNAR,400.0,741
12802,2025-12-25,DDU,PT DEEN DAYAL UPADHYAY JN,368.0,773
12802,2025-12-25,BBU,BHABUA ROAD,380.0,826
12802,2025-12-25,SSM,SASARAM,376.0,873
12802,2025-12-25,DOS,DEHRI ON SONE,379.0,891
12802,2025-12-25,AUBR,ANUGRAHA N ROAD,380.0,908
12802,2025-12-25,GAYA,GAYA JN,372.0,976
12802,2025-12-25,PRP,PAHARPUR,362.0,1008
12802,2025-12-25,KQR,KODERMA,377.0,1052
12802,2025-12-25,HZD,HAZARIBAGH RD,381.0,1101
12802,2025-12-25,PNME,PARASNATH,393.0,1128
12802,2025-12-25,GMO,NSC BOSE J GOMO,375.0,1146
12802,2025-12-25,CRP,CHANDRAPURA,377.0,1163
12802,2025-12-25,BKSC,BOKARO STL CITY,394.0,1178
12802,2025-12-25,PRR,PURULIA JN,373.0,1239
12802,2025-12-25,BBM,BARABHUM,386.0,1270
12802,2025-12-25,CNI,CHANDIL JN,375.0,1293
12802,2025-12-25,TATA,TATANAGAR JN,394.0,1329
12802,2025-12-25,GTS,GHATSILA,419.0,1365
12802,2025-12-25,HIJ,HIJILLI,425.0,1463
12802,2025-12-25,BLS,BALASORE,438.0,1575
12802,2025-12-25,BHC,BHADRAKH,478.0,1637
12802,2025-12-25,JJKR,JAJPUR K ROAD,489.0,1681
12802,2025-12-25,CTC,CUTTACK,517.0,1753
12802,2025-12-25,BBS,BHUBANESWAR,537.0,1781
12802,2025-12-25,KUR,KHURDA ROAD JN,545.0,1800
12802,2025-12-25,PURI,PURI,498.0,1843
12802,2025-12-26,ANVT,ANAND VIHAR TRM,1.0,0
12802,2025-12-26,GOY,GOVINDPURI,326.0,424
12802,2025-12-26,FTP,FATEHPUR,367.0,504
12802,2025-12-26,PRYJ,PRAYAGRAJ JN,325.0,621
12802,2025-12-26,BDL,VINDHYACHAL,,702
12802,2025-12-26,MZP,MIRZAPUR,359.0,710
12802,2025-12-26,CAR,CHUNAR,364.0,741
12802,2025-12-26,DDU,PT DEEN DAYAL UPADHYAY JN,343.0,773
12802,2025-12-26,BBU,BHABUA ROAD,356.0,826
12802,2025-12-26,SSM,SASARAM,361.0,873
12802,2025-12-26,DOS,DEHRI ON SONE,367.0,891
12802,2025-12-26,AUBR,ANUGRAHA N ROAD,368.0,908
12802,2025-12-26,GAYA,GAYA JN,359.0,976
12802,2025-12-26,PRP,PAHARPUR,364.0,1008
12802,2025-12-26,KQR,KODERMA,383.0,1052
12802,2025-12-26,HZD,HAZARIBAGH RD,407.0,1101
12802,2025-12-26,PNME,PARASNATH,414.0,1128
12802,2025-12-26,GMO,NSC BOSE J GOMO,396.0,1146
12802,2025-12-26,CRP,CHANDRAPURA,394.0,1163
12802,2025-12-26,BKSC,BOKARO STL CITY,378.0,1178
12802,2025-12-26,PRR,PURULIA JN,360.0,1239
12802,2025-12-26,BBM,BARABHUM,364.0,1270
12802,2025-12-26,CNI,CHANDIL JN,357.0,1293
12802,2025-12-26,TATA,TATANAGAR JN,383.0,1329
12802,2025-12-26,GTS,GHATSILA,405.0,1365
12802,2025-12-26,HIJ,HIJILLI,445.0,1463
12802,2025-12-26,BLS,BALASORE,437.0,1575
12802,2025-12-26,BHC,BHADRAKH,480.0,1637
12802,2025-12-26,JJKR,JAJPUR K ROAD,509.0,1681
12802,2025-12-26,CTC,CUTTACK,539.0,1753
12802,2025-12-26,BBS,BHUBANESWAR,544.0,1781
12802,2025-12-26,KUR,KHURDA ROAD JN,559.0,1800
12802,2025-12-26,PURI,PURI,544.0,1843
12802,2025-12-27,ANVT,ANAND VIHAR TRM,0.0,0
12802,2025-12-27,GOY,GOVINDPURI,360.0,424
12802,2025-12-27,FTP,FATEHPUR,394.0,504
12802,2025-12-27,PRYJ,PRAYAGRAJ JN,371.0,621
12802,2025-12-27,BDL,VINDHYACHAL,,702
12802,2025-12-27,MZP,MIRZAPUR,396.0,710
12802,2025-12-27,CAR,CHUNAR,397.0,741
12802,2025-12-27,DDU,PT DEEN DAYAL UPADHYAY JN,365.0,773
12802,2025-12-27,BBU,BHABUA ROAD,373.0,826
12802,2025-12-27,SSM,SASARAM,373.0,873
12802,2025-12-27,DOS,DEHRI ON SONE,375.0,891
12802,2025-12-27,AUBR,ANUGRAHA N ROAD,378.0,908
12802,2025-12-27,GAYA,GAYA JN,368.0,976
12802,2025-12-27,PRP,PAHARPUR,368.0,1008
12802,2025-12-27,KQR,KODERMA,385.0,1052
12802,2025-12-27,HZD,HAZARIBAGH RD,394.0,1101
12802,2025-12-27,PNME,PARASNATH,401.0,1128
12802,2025-12-27,GMO,NSC BOSE J GOMO,386.0,1146
12802,2025-12-27,CRP,CHANDRAPURA,391.0,1163
12802,2025-12-27,BKSC,BOKARO STL CITY,381.0,1178
12802,2025-12-27,PRR,PURULIA JN,365.0,1239
12802,2025-12-27,BBM,BARABHUM,377.0,1270
12802,2025-12-27,CNI,CHANDIL JN,378.0,1293
12802,2025-12-27,TATA,TATANAGAR JN,410.0,1329
12802,2025-12-27,GTS,GHATSILA,438.0,1365
12802,2025-12-27,HIJ,HIJILLI,447.0,1463
12802,2025-12-27,BLS,BALASORE,450.0,1575
12802,2025-12-27,BHC,BHADRAKH,462.0,1637
12802,2025-12-27,JJKR,JAJPUR K ROAD,490.0,1681
12802,2025-12-27,CTC,CUTTACK,510.0,1753
12802,2025-12-27,BBS,BHUBANESWAR,506.0,1781
12802,2025-12-27,KUR,KHURDA ROAD JN,523.0,1800
12802,2025-12-27,PURI,PURI,480.0,1843
12802,2025-12-28,ANVT,ANAND VIHAR TRM,4.0,0
12802,2025-12-28,GOY,GOVINDPURI,293.0,424
12802,2025-12-28,FTP,FATEHPUR,309.0,504
12802,2025-12-28,PRYJ,PRAYAGRAJ JN,265.0,621
12802,2025-12-28,BDL,VINDHYACHAL,,702
12802,2025-12-28,MZP,MIRZAPUR,268.0,710
12802,2025-12-28,CAR,CHUNAR,278.0,741
12802,2025-12-28,DDU,PT DEEN DAYAL UPADHYAY JN,266.0,773
12802,2025-12-28,BBU,BHABUA ROAD,268.0,826
12802,2025-12-28,SSM,SASARAM,272.0,873
12802,2025-12-28,DOS,DEHRI ON SONE,274.0,891
12802,2025-12-28,AUBR,ANUGRAHA N ROAD,277.0,908
12802,2025-12-28,GAYA,GAYA JN,274.0,976
12802,2025-12-28,PRP,PAHARPUR,269.0,1008
12802,2025-12-28,KQR,KODERMA,275.0,1052
12802,2025-12-28,HZD,HAZARIBAGH RD,278.0,1101
12802,2025-12-28,PNME,PARASNATH,285.0,1128
12802,2025-12-28,GMO,NSC BOSE J GOMO,267.0,1146
12802,2025-12-28,CRP,CHANDRAPURA,266.0,1163
12802,2025-12-28,BKSC,BOKARO STL CITY,253.0,1178
12802,2025-12-28,PRR,PURULIA JN,231.0,1239
12802,2025-12-28,BBM,BARABHUM,235.0,1270
12802,2025-12-28,CNI,CHANDIL JN,228.0,1293
12802,2025-12-28,TATA,TATANAGAR JN,271.0,1329
12802,2025-12-28,GTS,GHATSILA,280.0,1365
12802,2025-12-28,HIJ,HIJILLI,312.0,1463
12802,2025-12-28,BLS,BALASORE,313.0,1575
12802,2025-12-28,BHC,BHADRAKH,318.0,1637
12802,2025-12-28,JJKR,JAJPUR K ROAD,356.0,1681
12802,2025-12-28,CTC,CUTTACK,395.0,1753
12802,2025-12-28,BBS,BHUBANESWAR,407.0,1781
12802,2025-12-28,KUR,KHURDA ROAD JN,412.0,1800
12802,2025-12-28,PURI,PURI,364.0,1843
12802,2025-12-29,ANVT,ANAND VIHAR TRM,1.0,0
12802,2025-12-29,GOY,GOVINDPURI,367.0,424
12802,2025-12-29,FTP,FATEHPUR,398.0,504
12802,2025-12-29,PRYJ,PRAYAGRAJ JN,394.0,621
12802,2025-12-29,BDL,VINDHYACHAL,,702
12802,2025-12-29,MZP,MIRZAPUR,402.0,710
12802,2025-12-29,CAR,CHUNAR,404.0,741
12802,2025-12-29,DDU,PT DEEN DAYAL UPADHYAY JN,386.0,773
12802,2025-12-29,BBU,BHABUA ROAD,397.0,826
12802,2025-12-29,SSM,SASARAM,394.0,873
12802,2025-12-29,DOS,DEHRI ON SONE,394.0,891
12802,2025-12-29,AUBR,ANUGRAHA N ROAD,401.0,908
12802,2025-12-29,GAYA,GAYA JN,393.0,976
12802,2025-12-29,PRP,PAHARPUR,383.0,1008
12802,2025-12-29,KQR,KODERMA,400.0,1052
12802,2025-12-29,HZD,HAZARIBAGH RD,401.0,1101
12802,2025-12-29,PNME,PARASNATH,402.0,1128
12802,2025-12-29,GMO,NSC BOSE J GOMO,392.0,1146
12802,2025-12-29,CRP,CHANDRAPURA,395.0,1163
12802,2025-12-29,BKSC,BOKARO STL CITY,393.0,1178
12802,2025-12-29,PRR,PURULIA JN,372.0,1239
12802,2025-12-29,BBM,BARABHUM,379.0,1270
12802,2025-12-29,CNI,CHANDIL JN,377.0,1293
12802,2025-12-29,TATA,TATANAGAR JN,427.0,1329
12802,2025-12-29,GTS,GHATSILA,407.0,1365
12802,2025-12-29,HIJ,HIJILLI,450.0,1463
12802,2025-12-29,BLS,BALASORE,434.0,1575
12802,2025-12-29,BHC,BHADRAKH,456.0,1637
12802,2025-12-29,JJKR,JAJPUR K ROAD,461.0,1681
12802,2025-12-29,CTC,CUTTACK,454.0,1753
12802,2025-12-29,BBS,BHUBANESWAR,450.0,1781
12802,2025-12-29,KUR,KHURDA ROAD JN,455.0,1800
12802,2025-12-29,PURI,PURI,426.0,1843
12802,2025-12-30,ANVT,ANAND VIHAR TRM,0.0,0
12802,2025-12-30,GOY,GOVINDPURI,516.0,424
12802,2025-12-30,FTP,FATEHPUR,566.0,504
12802,2025-12-30,PRYJ,PRAYAGRAJ JN,548.0,621
12802,2025-12-30,BDL,VINDHYACHAL,,702
12802,2025-12-30,MZP,MIRZAPUR,576.0,710
12802,2025-12-30,CAR,CHUNAR,592.0,741
12802,2025-12-30,DDU,PT DEEN DAYAL UPADHYAY JN,574.0,773
12802,2025-12-30,BBU,BHABUA ROAD,583.0,826
12802,2025-12-30,SSM,SASARAM,581.0,873
12802,2025-12-30,DOS,DEHRI ON SONE,582.0,891
12802,2025-12-30,AUBR,ANUGRAHA N ROAD,585.0,908
12802,2025-12-30,GAYA,GAYA JN,579.0,976
12802,2025-12-30,PRP,PAHARPUR,568.0,1008
12802,2025-12-30,KQR,KODERMA,575.0,1052
12802,2025-12-30,HZD,HAZARIBAGH RD,571.0,1101
12802,2025-12-30,PNME,PARASNATH,592.0,1128
12802,2025-12-30,GMO,NSC BOSE J GOMO,582.0,1146
12802,2025-12-30,CRP,CHANDRAPURA,576.0,1163
12802,2025-12-30,BKSC,BOKARO STL CITY,570.0,1178
12802,2025-12-30,PRR,PURULIA JN,572.0,1239
12802,2025-12-30,BBM,BARABHUM,569.0,1270
12802,2025-12-30,CNI,CHANDIL JN,562.0,1293
12802,2025-12-30,TATA,TATANAGAR JN,678.0,1329
12802,2025-12-30,GTS,GHATSILA,698.0,1365
12802,2025-12-30,HIJ,HIJILLI,682.0,1463
12802,2025-12-30,BLS,BALASORE,659.0,1575
12802,2025-12-30,BHC,BHADRAKH,691.0,1637
12802,2025-12-30,JJKR,JAJPUR K ROAD,703.0,1681
12802,2025-12-30,CTC,CUTTACK,727.0,1753
12802,2025-12-30,BBS,BHUBANESWAR,733.0,1781
12802,2025-12-30,KUR,KHURDA ROAD JN,730.0,1800
12802,2025-12-30,PURI,PURI,674.0,1843
12802,2025-12-31,ANVT,ANAND VIHAR TRM,1.0,0
12802,2025-12-31,GOY,GOVINDPURI,290.0,424
12802,2025-12-31,FTP,FATEHPUR,358.0,504
12802,2025-12-31,PRYJ,PRAYAGRAJ JN,373.0,621
12802,2025-12-31,BDL,VINDHYACHAL,,702
12802,2025-12-31,MZP,MIRZAPUR,363.0,710
12802,2025-12-31,CAR,CHUNAR,367.0,741
12802,2025-12-31,DDU,PT DEEN DAYAL UPADHYAY JN,353.0,773
12802,2025-12-31,BBU,BHABUA ROAD,356.0,826
12802,2025-12-31,SSM,SASARAM,354.0,873
12802,2025-12-31,DOS,DEHRI ON SONE,353.0,891
12802,2025-12-31,AUBR,ANUGRAHA N ROAD,354.0,908
12802,2025-12-31,GAYA,GAYA JN,356.0,976
12802,2025-12-31,PRP,PAHARPUR,357.0,1008
12802,2025-12-31,KQR,KODERMA,369.0,1052
12802,2025-12-31,HZD,HAZARIBAGH RD,376.0,1101
12802,2025-12-31,PNME,PARASNATH,377.0,1128
12802,2025-12-31,GMO,NSC BOSE J GOMO,366.0,1146
12802,2025-12-31,CRP,CHANDRAPURA,360.0,1163
12802,2025-12-31,BKSC,BOKARO STL CITY,361.0,1178
12802,2025-12-31,PRR,PURULIA JN,338.0,1239
12802,2025-12-31,BBM,BARABHUM,346.0,1270
12802,2025-12-31,CNI,CHANDIL JN,333.0,1293
12802,2025-12-31,TATA,TATANAGAR JN,390.0,1329
12802,2025-12-31,GTS,GHATSILA,413.0,1365
12802,2025-12-31,HIJ,HIJILLI,450.0,1463
12802,2025-12-31,BLS,BALASORE,418.0,1575
12802,2025-12-31,BHC,BHADRAKH,438.0,1637
12802,2025-12-31,JJKR,JAJPUR K ROAD,441.0,1681
12802,2025-12-31,CTC,CUTTACK,484.0,1753
12802,2025-12-31,BBS,BHUBANESWAR,516.0,1781
12802,2025-12-31,KUR,KHURDA ROAD JN,513.0,1800
12802,2025-12-31,PURI,PURI,492.0,1843
12802,2026-01-01,ANVT,ANAND VIHAR TRM,0.0,0
12802,2026-01-01,GOY,GOVINDPURI,279.0,424
12802,2026-01-01,FTP,FATEHPUR,316.0,504
12802,2026-01-01,PRYJ,PRAYAGRAJ JN,312.0,621
12802,2026-01-01,BDL,VINDHYACHAL,,702
12802,2026-01-01,MZP,MIRZAPUR,314.0,710
12802,2026-01-01,CAR,CHUNAR,320.0,741
12802,2026-01-01,DDU,PT DEEN DAYAL UPADHYAY JN,335.0,773
12802,2026-01-01,BBU,BHABUA ROAD,345.0,826
12802,2026-01-01,SSM,SASARAM,370.0,873
12802,2026-01-01,DOS,DEHRI ON SONE,371.0,891
12802,2026-01-01,AUBR,ANUGRAHA N ROAD,376.0,908
12802,2026-01-01,GAYA,GAYA JN,370.0,976
12802,2026-01-01,PRP,PAHARPUR,363.0,1008
12802,2026-01-01,KQR,KODERMA,368.0,1052
12802,2026-01-01,HZD,HAZARIBAGH RD,392.0,1101
12802,2026-01-01,PNME,PARASNATH,403.0,1128
12802,2026-01-01,GMO,NSC BOSE J GOMO,386.0,1146
12802,2026-01-01,CRP,CHANDRAPURA,388.0,1163
12802,2026-01-01,BKSC,BOKARO STL CITY,380.0,1178
12802,2026-01-01,PRR,PURULIA JN,360.0,1239
12802,2026-01-01,BBM,BARABHUM,361.0,1270
12802,2026-01-01,CNI,CHANDIL JN,347.0,1293
12802,2026-01-01,TATA,TATANAGAR JN,381.0,1329
12802,2026-01-01,GTS,GHATSILA,400.0,1365
12802,2026-01-01,HIJ,HIJILLI,403.0,1463
12802,2026-01-01,BLS,BALASORE,399.0,1575
12802,2026-01-01,BHC,BHADRAKH,417.0,1637
12802,2026-01-01,JJKR,JAJPUR K ROAD,426.0,1681
12802,2026-01-01,CTC,CUTTACK,450.0,1753
12802,2026-01-01,BBS,BHUBANESWAR,446.0,1781
12802,2026-01-01,KUR,KHURDA ROAD JN,453.0,1800
12802,2026-01-01,PURI,PURI,449.0,1843
12802,2026-01-02,ANVT,ANAND VIHAR TRM,1.0,0
12802,2026-01-02,GOY,GOVINDPURI,129.0,424
12802,2026-01-02,FTP,FATEHPUR,157.0,504
12802,2026-01-02,PRYJ,PRAYAGRAJ JN,124.0,621
12802,2026-01-02,BDL,VINDHYACHAL,,702
12802,2026-01-02,MZP,MIRZAPUR,145.0,710
12802,2026-01-02,CAR,CHUNAR,159.0,741
12802,2026-01-02,DDU,PT DEEN DAYAL UPADHYAY JN,143.0,773
12802,2026-01-02,BBU,BHABUA ROAD,145.0,826
12802,2026-01-02,SSM,SASARAM,142.0,873
12802,2026-01-02,DOS,DEHRI ON SONE,149.0,891
12802,2026-01-02,AUBR,ANUGRAHA N ROAD,150.0,908
12802,2026-01-02,GAYA,GAYA JN,178.0,976
12802,2026-01-02,PRP,PAHARPUR,169.0,1008
12802,2026-01-02,KQR,KODERMA,180.0,1052
12802,2026-01-02,HZD,HAZARIBAGH RD,182.0,1101
12802,2026-01-02,PNME,PARASNATH,189.0,1128
12802,2026-01-02,GMO,NSC BOSE J GOMO,172.0,1146
12802,2026-01-02,CRP,CHANDRAPURA,172.0,1163
12802,2026-01-02,BKSC,BOKARO STL CITY,162.0,1178
12802,2026-01-02,PRR,PURULIA JN,146.0,1239
12802,2026-01-02,BBM,BARABHUM,157.0,1270
12802,2026-01-02,CNI,CHANDIL JN,143.0,1293
12802,2026-01-02,TATA,TATANAGAR JN,188.0,1329
12802,2026-01-02,GTS,GHATSILA,242.0,1365
12802,2026-01-02,HIJ,HIJILLI,274.0,1463
12802,2026-01-02,BLS,BALASORE,282.0,1575
12802,2026-01-02,BHC,BHADRAKH,305.0,1637
12802,2026-01-02,JJKR,JAJPUR K ROAD,310.0,1681
12802,2026-01-02,CTC,CUTTACK,323.0,1753
12802,2026-01-02,BBS,BHUBANESWAR,330.0,1781
12802,2026-01-02,KUR,KHURDA ROAD JN,337.0,1800
12802,2026-01-02,PURI,PURI,292.0,1843
12802,2026-01-03,ANVT,ANAND VIHAR TRM,0.0,0
12802,2026-01-03,GOY,GOVINDPURI,218.0,424
12802,2026-01-03,FTP,FATEHPUR,278.0,504
12802,2026-01-03,PRYJ,PRAYAGRAJ JN,242.0,621
12802,2026-01-03,BDL,VINDHYACHAL,,702
12802,2026-01-03,MZP,MIRZAPUR,271.0,710
12802,2026-01-03,CAR,CHUNAR,279.0,741
12802,2026-01-03,DDU,PT DEEN DAYAL UPADHYAY JN,257.0,773
12802,2026-01-03,BBU,BHABUA ROAD,265.0,826
12802,2026-01-03,SSM,SASARAM,263.0,873
12802,2026-01-03,DOS,DEHRI ON SONE,264.0,891
12802,2026-01-03,AUBR,ANUGRAHA N ROAD,265.0,908
12802,2026-01-03,GAYA,GAYA JN,256.0,976
12802,2026-01-03,PRP,PAHARPUR,250.0,1008
12802,2026-01-03,KQR,KODERMA,256.0,1052
12802,2026-01-03,HZD,HAZARIBAGH RD,261.0,1101
12802,2026-01-03,PNME,PARASNATH,270.0,1128
12802,2026-01-03,GMO,NSC BOSE J GOMO,252.0,1146
12802,2026-01-03,CRP,CHANDRAPURA,261.0,1163
12802,2026-01-03,BKSC,BOKARO STL CITY,252.0,1178
12802,2026-01-03,PRR,PURULIA JN,247.0,1239
12802,2026-01-03,BBM,BARABHUM,272.0,1270
12802,2026-01-03,CNI,CHANDIL JN,262.0,1293
12802,2026-01-03,TATA,TATANAGAR JN,372.0,1329
12802,2026-01-03,GTS,GHATSILA,423.0,1365
12802,2026-01-03,HIJ,HIJILLI,431.0,1463
12802,2026-01-03,BLS,BALASORE,432.0,1575
12802,2026-01-03,BHC,BHADRAKH,427.0,1637
12802,2026-01-03,JJKR,JAJPUR K ROAD,433.0,1681
12802,2026-01-03,CTC,CUTTACK,470.0,1753
12802,2026-01-03,BBS,BHUBANESWAR,484.0,1781
12802,2026-01-03,KUR,KHURDA ROAD JN,504.0,1800
12802,2026-01-03,PURI,PURI,468.0,1843
12802,2026-01-04,ANVT,ANAND VIHAR TRM,0.0,0
12802,2026-01-04,GOY,GOVINDPURI,0.0,424
12802,2026-01-04,FTP,FATEHPUR,34.0,504
12802,2026-01-04,PRYJ,PRAYAGRAJ JN,14.0,621
12802,2026-01-04,BDL,VINDHYACHAL,,702
12802,2026-01-04,MZP,MIRZAPUR,15.0,710
12802,2026-01-04,CAR,CHUNAR,21.0,741
12802,2026-01-04,DDU,PT DEEN DAYAL UPADHYAY JN,20.0,773
12802,2026-01-04,BBU,BHABUA ROAD,22.0,826
12802,2026-01-04,SSM,SASARAM,22.0,873
12802,2026-01-04,DOS,DEHRI ON SONE,22.0,891
12802,2026-01-04,AUBR,ANUGRAHA N ROAD,54.0,908
12802,2026-01-04,GAYA,GAYA JN,73.0,976
12802,2026-01-04,PRP,PAHARPUR,72.0,1008
12802,2026-01-04,KQR,KODERMA,81.0,1052
12802,2026-01-04,HZD,HAZARIBAGH RD,85.0,1101
12802,2026-01-04,PNME,PARASNATH,93.0,1128
12802,2026-01-04,GMO,NSC BOSE J GOMO,76.0,1146
12802,2026-01-04,CRP,CHANDRAPURA,75.0,1163
12802,2026-01-04,BKSC,BOKARO STL CITY,78.0,1178
12802,2026-01-04,PRR,PURULIA JN,72.0,1239
12802,2026-01-04,BBM,BARABHUM,85.0,1270
12802,2026-01-04,CNI,CHANDIL JN,78.0,1293
12802,2026-01-04,TATA,TATANAGAR JN,154.0,1329
12802,2026-01-04,GTS,GHATSILA,163.0,1365
12802,2026-01-04,HIJ,HIJILLI,165.0,1463
12802,2026-01-04,BLS,BALASORE,165.0,1575
12802,2026-01-04,BHC,BHADRAKH,156.0,1637
12802,2026-01-04,JJKR,JAJPUR K ROAD,160.0,1681
12802,2026-01-04,CTC,CUTTACK,190.0,1753
12802,2026-01-04,BBS,BHUBANESWAR,184.0,1781
12802,2026-01-04,KUR,KHURDA ROAD JN,214.0,1800
12802,2026-01-04,PURI,PURI,166.0,1843
12802,2026-01-05,ANVT,ANAND VIHAR TRM,0.0,0
12802,2026-01-05,GOY,GOVINDPURI,307.0,424
12802,2026-01-05,FTP,FATEHPUR,352.0,504
12802,2026-01-05,PRYJ,PRAYAGRAJ JN,325.0,621
12802,2026-01-05,BDL,VINDHYACHAL,,702
12802,2026-01-05,MZP,MIRZAPUR,348.0,710
12802,2026-01-05,CAR,CHUNAR,360.0,741
12802,2026-01-05,DDU,PT DEEN DAYAL UPADHYAY JN,359.0,773
12802,2026-01-05,BBU,BHABUA ROAD,367.0,826
12802,2026-01-05,SSM,SASARAM,367.0,873
12802,2026-01-05,DOS,DEHRI ON SONE,375.0,891
12802,2026-01-05,AUBR,ANUGRAHA N ROAD,377.0,908
12802,2026-01-05,GAYA,GAYA JN,368.0,976
12802,2026-01-05,PRP,PAHARPUR,361.0,1008
12802,2026-01-05,KQR,KODERMA,366.0,1052
12802,2026-01-05,HZD,HAZARIBAGH RD,373.0,1101
12802,2026-01-05,PNME,PARASNATH,382.0,1128
12802,2026-01-05,GMO,NSC BOSE J GOMO,363.0,1146
12802,2026-01-05,CRP,CHANDRAPURA,365.0,1163
12802,2026-01-05,BKSC,BOKARO STL CITY,357.0,1178
12802,2026-01-05,PRR,PURULIA JN,334.0,1239
12802,2026-01-05,BBM,BARABHUM,337.0,1270
12802,2026-01-05,CNI,CHANDIL JN,336.0,1293
12802,2026-01-05,TATA,TATANAGAR JN,407.0,1329
12802,2026-01-05,GTS,GHATSILA,418.0,1365
12802,2026-01-05,HIJ,HIJILLI,435.0,1463
12802,2026-01-05,BLS,BALASORE,434.0,1575
12802,2026-01-05,BHC,BHADRAKH,425.0,1637
12802,2026-01-05,JJKR,JAJPUR K ROAD,436.0,1681
12802,2026-01-05,CTC,CUTTACK,461.0,1753
12802,2026-01-05,BBS,BHUBANESWAR,462.0,1781
12802,2026-01-05,KUR,KHURDA ROAD JN,473.0,1800
12802,2026-01-05,PURI,PURI,433.0,1843
12802,2026-01-06,ANVT,ANAND VIHAR TRM,0.0,0
12802,2026-01-06,GOY,GOVINDPURI,200.0,424
12802,2026-01-06,FTP,FATEHPUR,233.0,504
12802,2026-01-06,PRYJ,PRAYAGRAJ JN,228.0,621
12802,2026-01-06,BDL,VINDHYACHAL,,702
12802,2026-01-06,MZP,MIRZAPUR,234.0,710
12802,2026-01-06,CAR,CHUNAR,236.0,741
12802,2026-01-06,DDU,PT DEEN DAYAL UPADHYAY JN,206.0,773
12802,2026-01-06,BBU,BHABUA ROAD,225.0,826
12802,2026-01-06,SSM,SASARAM,223.0,873
12802,2026-01-06,DOS,DEHRI ON SONE,229.0,891
12802,2026-01-06,AUBR,ANUGRAHA N ROAD,238.0,908
12802,2026-01-06,GAYA,GAYA JN,243.0,976
12802,2026-01-06,PRP,PAHARPUR,246.0,1008
12802,2026-01-06,KQR,KODERMA,258.0,1052
12802,2026-01-06,HZD,HAZARIBAGH RD,261.0,1101
12802,2026-01-06,PNME,PARASNATH,272.0,1128
12802,2026-01-06,GMO,NSC BOSE J GOMO,260.0,1146
12802,2026-01-06,CRP,CHANDRAPURA,261.0,1163
12802,2026-01-06,BKSC,BOKARO STL CITY,250.0,1178
12802,2026-01-06,PRR,PURULIA JN,225.0,1239
12802,2026-01-06,BBM,BARABHUM,228.0,1270
12802,2026-01-06,CNI,CHANDIL JN,223.0,1293
12802,2026-01-06,TATA,TATANAGAR JN,247.0,1329
12802,2026-01-06,GTS,GHATSILA,252.0,1365
12802,2026-01-06,HIJ,HIJILLI,258.0,1463
12802,2026-01-06,BLS,BALASORE,317.0,1575
12802,2026-01-06,BHC,BHADRAKH,321.0,1637
12802,2026-01-06,JJKR,JAJPUR K ROAD,329.0,1681
12802,2026-01-06,CTC,CUTTACK,362.0,1753
12802,2026-01-06,BBS,BHUBANESWAR,363.0,1781
12802,2026-01-06,KUR,KHURDA ROAD JN,382.0,1800
12802,2026-01-06,PURI,PURI,356.0,1843
12802,2026-01-07,ANVT,ANAND VIHAR TRM,0.0,0
12802,2026-01-07,GOY,GOVINDPURI,346.0,424
12802,2026-01-07,FTP,FATEHPUR,403.0,504
12802,2026-01-07,PRYJ,PRAYAGRAJ JN,411.0,621
12802,2026-01-07,BDL,VINDHYACHAL,,702
12802,2026-01-07,MZP,MIRZAPUR,423.0,710
12802,2026-01-07,CAR,CHUNAR,432.0,741
12802,2026-01-07,DDU,PT DEEN DAYAL UPADHYAY JN,398.0,773
12802,2026-01-07,BBU,BHABUA ROAD,400.0,826
12802,2026-01-07,SSM,SASARAM,396.0,873
12802,2026-01-07,DOS,DEHRI ON SONE,401.0,891
12802,2026-01-07,AUBR,ANUGRAHA N ROAD,408.0,908
12802,2026-01-07,GAYA,GAYA JN,399.0,976
12802,2026-01-07,PRP,PAHARPUR,388.0,1008
12802,2026-01-07,KQR,KODERMA,396.0,1052
12802,2026-01-07,HZD,HAZARIBAGH RD,398.0,1101
12802,2026-01-07,PNME,PARASNATH,406.0,1128
12802,2026-01-07,GMO,NSC BOSE J GOMO,392.0,1146
12802,2026-01-07,CRP,CHANDRAPURA,410.0,1163
12802,2026-01-07,BKSC,BOKARO STL CITY,402.0,1178
12802,2026-01-07,PRR,PURULIA JN,381.0,1239
12802,2026-01-07,BBM,BARABHUM,386.0,1270
12802,2026-01-07,CNI,CHANDIL JN,380.0,1293
12802,2026-01-07,TATA,TATANAGAR JN,386.0,1329
12802,2026-01-07,GTS,GHATSILA,389.0,1365
12802,2026-01-07,HIJ,HIJILLI,388.0,1463
12802,2026-01-07,BLS,BALASORE,403.0,1575
12802,2026-01-07,BHC,BHADRAKH,414.0,1637
12802,2026-01-07,JJKR,JAJPUR K ROAD,425.0,1681
12802,2026-01-07,CTC,CUTTACK,450.0,1753
12802,2026-01-07,BBS,BHUBANESWAR,450.0,1781
12802,2026-01-07,KUR,KHURDA ROAD JN,469.0,1800
12802,2026-01-07,PURI,PURI,430.0,1843
12802,2026-01-08,ANVT,ANAND VIHAR TRM,1.0,0
12802,2026-01-08,GOY,GOVINDPURI,249.0,424
12802,2026-01-08,FTP,FATEHPUR,324.0,504
12802,2026-01-08,PRYJ,PRAYAGRAJ JN,301.0,621
12802,2026-01-08,BDL,VINDHYACHAL,,702
12802,2026-01-08,MZP,MIRZAPUR,322.0,710
12802,2026-01-08,CAR,CHUNAR,324.0,741
12802,2026-01-08,DDU,PT DEEN DAYAL UPADHYAY JN,292.0,773
12802,2026-01-08,BBU,BHABUA ROAD,303.0,826
12802,2026-01-08,SSM,SASARAM,304.0,873
12802,2026-01-08,DOS,DEHRI ON SONE,306.0,891
12802,2026-01-08,AUBR,ANUGRAHA N ROAD,310.0,908
12802,2026-01-08,GAYA,GAYA JN,306.0,976
12802,2026-01-08,PRP,PAHARPUR,298.0,1008
12802,2026-01-08,KQR,KODERMA,313.0,1052
12802,2026-01-08,HZD,HAZARIBAGH RD,315.0,1101
12802,2026-01-08,PNME,PARASNATH,324.0,1128
12802,2026-01-08,GMO,NSC BOSE J GOMO,311.0,1146
12802,2026-01-08,CRP,CHANDRAPURA,331.0,1163
12802,2026-01-08,BKSC,BOKARO STL CITY,323.0,1178
12802,2026-01-08,PRR,PURULIA JN,304.0,1239
12802,2026-01-08,BBM,BARABHUM,307.0,1270
12802,2026-01-08,CNI,CHANDIL JN,301.0,1293
12802,2026-01-08,TATA,TATANAGAR JN,297.0,1329
12802,2026-01-08,GTS,GHATSILA,323.0,1365
12802,2026-01-08,HIJ,HIJILLI,326.0,1463
12802,2026-01-08,BLS,BALASORE,337.0,1575
12802,2026-01-08,BHC,BHADRAKH,338.0,1637
12802,2026-01-08,JJKR,JAJPUR K ROAD,355.0,1681
12802,2026-01-08,CTC,CUTTACK,383.0,1753
12802,2026-01-08,BBS,BHUBANESWAR,391.0,1781
12802,2026-01-08,KUR,KHURDA ROAD JN,402.0,1800
12802,2026-01-08,PURI,PURI,385.0,1843
12802,2026-01-09,ANVT,ANAND VIHAR TRM,0.0,0
12802,2026-01-09,GOY,GOVINDPURI,35.0,424
12802,2026-01-09,FTP,FATEHPUR,74.0,504
12802,2026-01-09,PRYJ,PRAYAGRAJ JN,67.0,621
12802,2026-01-09,BDL,VINDHYACHAL,,702
12802,2026-01-09,MZP,MIRZAPUR,97.0,710
12802,2026-01-09,CAR,CHUNAR,100.0,741
12802,2026-01-09,DDU,PT DEEN DAYAL UPADHYAY JN,92.0,773
12802,2026-01-09,BBU,BHABUA ROAD,94.0,826
12802,2026-01-09,SSM,SASARAM,91.0,873
12802,2026-01-09,DOS,DEHRI ON SONE,97.0,891
12802,2026-01-09,AUBR,ANUGRAHA N ROAD,102.0,908
12802,2026-01-09,GAYA,GAYA JN,100.0,976
12802,2026-01-09,PRP,PAHARPUR,92.0,1008
12802,2026-01-09,KQR,KODERMA,102.0,1052
12802,2026-01-09,HZD,HAZARIBAGH RD,108.0,1101
12802,2026-01-09,PNME,PARASNATH,117.0,1128
12802,2026-01-09,GMO,NSC BOSE J GOMO,105.0,1146
12802,2026-01-09,CRP,CHANDRAPURA,109.0,1163
12802,2026-01-09,BKSC,BOKARO STL CITY,117.0,1178
12802,2026-01-09,PRR,PURULIA JN,92.0,1239
12802,2026-01-09,BBM,BARABHUM,94.0,1270
12802,2026-01-09,CNI,CHANDIL JN,91.0,1293
12802,2026-01-09,TATA,TATANAGAR JN,81.0,1329
12802,2026-01-09,GTS,GHATSILA,93.0,1365
12802,2026-01-09,HIJ,HIJILLI,83.0,1463
12802,2026-01-09,BLS,BALASORE,79.0,1575
12802,2026-01-09,BHC,BHADRAKH,73.0,1637
12802,2026-01-09,JJKR,JAJPUR K ROAD,77.0,1681
12802,2026-01-09,CTC,CUTTACK,89.0,1753
12802,2026-01-09,BBS,BHUBANESWAR,83.0,1781
12802,2026-01-09,KUR,KHURDA ROAD JN,86.0,1800
12802,2026-01-09,PURI,PURI,35.0,1843
12802,2026-01-10,ANVT,ANAND VIHAR TRM,0.0,0
12802,2026-01-10,GOY,GOVINDPURI,23.0,424
12802,2026-01-10,FTP,FATEHPUR,59.0,504
12802,2026-01-10,PRYJ,PRAYAGRAJ JN,22.0,621
12802,2026-01-10,BDL,VINDHYACHAL,,702
12802,2026-01-10,MZP,MIRZAPUR,36.0,710
12802,2026-01-10,CAR,CHUNAR,51.0,741
12802,2026-01-10,DDU,PT DEEN DAYAL UPADHYAY JN,28.0,773
12802,2026-01-10,BBU,BHABUA ROAD,42.0,826
12802,2026-01-10,SSM,SASARAM,39.0,873
12802,2026-01-10,DOS,DEHRI ON SONE,39.0,891
12802,2026-01-10,AUBR,ANUGRAHA N ROAD,44.0,908
12802,2026-01-10,GAYA,GAYA JN,35.0,976
12802,2026-01-10,PRP,PAHARPUR,25.0,1008
12802,2026-01-10,KQR,KODERMA,45.0,1052
12802,2026-01-10,HZD,HAZARIBAGH RD,48.0,1101
12802,2026-01-10,PNME,PARASNATH,57.0,1128
12802,2026-01-10,GMO,NSC BOSE J GOMO,152.0,1146
12802,2026-01-10,CRP,CHANDRAPURA,157.0,1163
12802,2026-01-10,BKSC,BOKARO STL CITY,147.0,1178
12802,2026-01-10,PRR,PURULIA JN,132.0,1239
12802,2026-01-10,BBM,BARABHUM,138.0,1270
12802,2026-01-10,CNI,CHANDIL JN,134.0,1293
12802,2026-01-10,TATA,TATANAGAR JN,149.0,1329
12802,2026-01-10,GTS,GHATSILA,197.0,1365
12802,2026-01-10,HIJ,HIJILLI,216.0,1463
12802,2026-01-10,BLS,BALASORE,233.0,1575
12802,2026-01-10,BHC,BHADRAKH,234.0,1637
12802,2026-01-10,JJKR,JAJPUR K ROAD,238.0,1681
12802,2026-01-10,CTC,CUTTACK,253.0,1753
12802,2026-01-10,BBS,BHUBANESWAR,248.0,1781
12802,2026-01-10,KUR,KHURDA ROAD JN,286.0,1800
12802,2026-01-10,PURI,PURI,243.0,1843
12802,2026-01-11,ANVT,ANAND VIHAR TRM,0.0,0
12802,2026-01-11,GOY,GOVINDPURI,10.0,424
12802,2026-01-11,FTP,FATEHPUR,33.0,504
12802,2026-01-11,PRYJ,PRAYAGRAJ JN,6.0,621
12802,2026-01-11,BDL,VINDHYACHAL,,702
12802,2026-01-11,MZP,MIRZAPUR,36.0,710
12802,2026-01-11,CAR,CHUNAR,39.0,741
12802,2026-01-11,DDU,PT DEEN DAYAL UPADHYAY JN,6.0,773
12802,2026-01-11,BBU,BHABUA ROAD,14.0,826
12802,2026-01-11,SSM,SASARAM,12.0,873
12802,2026-01-11,DOS,DEHRI ON SONE,14.0,891
12802,2026-01-11,AUBR,ANUGRAHA N ROAD,19.0,908
12802,2026-01-11,GAYA,GAYA JN,13.0,976
12802,2026-01-11,PRP,PAHARPUR,11.0,1008
12802,2026-01-11,KQR,KODERMA,17.0,1052
12802,2026-01-11,HZD,HAZARIBAGH RD,22.0,1101
12802,2026-01-11,PNME,PARASNATH,42.0,1128
12802,2026-01-11,GMO,NSC BOSE J GOMO,26.0,1146
12802,2026-01-11,CRP,CHANDRAPURA,28.0,1163
12802,2026-01-11,BKSC,BOKARO STL CITY,25.0,1178
12802,2026-01-11,PRR,PURULIA JN,2.0,1239
12802,2026-01-11,BBM,BARABHUM,15.0,1270
12802,2026-01-11,CNI,CHANDIL JN,3.0,1293
12802,2026-01-11,TATA,TATANAGAR JN,64.0,1329
12802,2026-01-11,GTS,GHATSILA,145.0,1365
12802,2026-01-11,HIJ,HIJILLI,143.0,1463
12802,2026-01-11,BLS,BALASORE,140.0,1575
12802,2026-01-11,BHC,BHADRAKH,129.0,1637
12802,2026-01-11,JJKR,JAJPUR K ROAD,135.0,1681
12802,2026-01-11,CTC,CUTTACK,152.0,1753
12802,2026-01-11,BBS,BHUBANESWAR,150.0,1781
12802,2026-01-11,KUR,KHURDA ROAD JN,155.0,1800
12802,2026-01-11,PURI,PURI,95.0,1843
12802,2026-01-12,ANVT,ANAND VIHAR TRM,1.0,0
12802,2026-01-12,GOY,GOVINDPURI,0.0,424
12802,2026-01-12,FTP,FATEHPUR,14.0,504
12802,2026-01-12,PRYJ,PRAYAGRAJ JN,1.0,621
12802,2026-01-12,BDL,VINDHYACHAL,,702
12802,2026-01-12,MZP,MIRZAPUR,22.0,710
12802,2026-01-12,CAR,CHUNAR,27.0,741
12802,2026-01-12,DDU,PT DEEN DAYAL UPADHYAY JN,0.0,773
12802,2026-01-12,BBU,BHABUA ROAD,8.0,826
12802,2026-01-12,SSM,SASARAM,6.0,873
12802,2026-01-12,DOS,DEHRI ON SONE,7.0,891
12802,2026-01-12,AUBR,ANUGRAHA N ROAD,10.0,908
12802,2026-01-12,GAYA,GAYA JN,16.0,976
12802,2026-01-12,PRP,PAHARPUR,0.0,1008
12802,2026-01-12,KQR,KODERMA,25.0,1052
12802,2026-01-12,HZD,HAZARIBAGH RD,26.0,1101
12802,2026-01-12,PNME,PARASNATH,60.0,1128
12802,2026-01-12,GMO,NSC BOSE J GOMO,41.0,1146
12802,2026-01-12,CRP,CHANDRAPURA,41.0,1163
12802,2026-01-12,BKSC,BOKARO STL CITY,69.0,1178
12802,2026-01-12,PRR,PURULIA JN,47.0,1239
12802,2026-01-12,BBM,BARABHUM,48.0,1270
12802,2026-01-12,CNI,CHANDIL JN,41.0,1293
12802,2026-01-12,TATA,TATANAGAR JN,53.0,1329
12802,2026-01-12,GTS,GHATSILA,53.0,1365
12802,2026-01-12,HIJ,HIJILLI,48.0,1463
12802,2026-01-12,BLS,BALASORE,28.0,1575
12802,2026-01-12,BHC,BHADRAKH,27.0,1637
12802,2026-01-12,JJKR,JAJPUR K ROAD,45.0,1681
12802,2026-01-12,CTC,CUTTACK,60.0,1753
12802,2026-01-12,BBS,BHUBANESWAR,54.0,1781
12802,2026-01-12,KUR,KHURDA ROAD JN,55.0,1800
12802,2026-01-12,PURI,PURI,-3.0,1843
12802,2026-01-13,ANVT,ANAND VIHAR TRM,1.0,0
12802,2026-01-13,GOY,GOVINDPURI,42.0,424
12802,2026-01-13,FTP,FATEHPUR,88.0,504
12802,2026-01-13,PRYJ,PRAYAGRAJ JN,53.0,621
12802,2026-01-13,BDL,VINDHYACHAL,,702
12802,2026-01-13,MZP,MIRZAPUR,51.0,710
12802,2026-01-13,CAR,CHUNAR,63.0,741
12802,2026-01-13,DDU,PT DEEN DAYAL UPADHYAY JN,54.0,773
12802,2026-01-13,BBU,BHABUA ROAD,60.0,826
12802,2026-01-13,SSM,SASARAM,61.0,873
12802,2026-01-13,DOS,DEHRI ON SONE,62.0,891
12802,2026-01-13,AUBR,ANUGRAHA N ROAD,66.0,908
12802,2026-01-13,GAYA,GAYA JN,61.0,976
12802,2026-01-13,PRP,PAHARPUR,53.0,1008
12802,2026-01-13,KQR,KODERMA,59.0,1052
12802,2026-01-13,HZD,HAZARIBAGH RD,67.0,1101
12802,2026-01-13,PNME,PARASNATH,76.0,1128
12802,2026-01-13,GMO,NSC BOSE J GOMO,62.0,1146
12802,2026-01-13,CRP,CHANDRAPURA,75.0,1163
12802,2026-01-13,BKSC,BOKARO STL CITY,78.0,1178
12802,2026-01-13,PRR,PURULIA JN,52.0,1239
12802,2026-01-13,BBM,BARABHUM,52.0,1270
12802,2026-01-13,CNI,CHANDIL JN,55.0,1293
12802,2026-01-13,TATA,TATANAGAR JN,126.0,1329
12802,2026-01-13,GTS,GHATSILA,139.0,1365
12802,2026-01-13,HIJ,HIJILLI,137.0,1463
12802,2026-01-13,BLS,BALASORE,131.0,1575
12802,2026-01-13,BHC,BHADRAKH,122.0,1637
12802,2026-01-13,JJKR,JAJPUR K ROAD,134.0,1681
12802,2026-01-13,CTC,CUTTACK,158.0,1753
12802,2026-01-13,BBS,BHUBANESWAR,152.0,1781
12802,2026-01-13,KUR,KHURDA ROAD JN,137.0,1800
12802,2026-01-13,PURI,PURI,108.0,1843
12802,2026-01-14,ANVT,ANAND VIHAR TRM,0.0,0
12802,2026-01-14,GOY,GOVINDPURI,13.0,424
12802,2026-01-14,FTP,FATEHPUR,24.0,504
12802,2026-01-14,PRYJ,PRAYAGRAJ JN,40.0,621
12802,2026-01-14,BDL,VINDHYACHAL,,702
12802,2026-01-14,MZP,MIRZAPUR,41.0,710
12802,2026-01-14,CAR,CHUNAR,42.0,741
12802,2026-01-14,DDU,PT DEEN DAYAL UPADHYAY JN,22.0,773
12802,2026-01-14,BBU,BHABUA ROAD,27.0,826
12802,2026-01-14,SSM,SASARAM,23.0,873
12802,2026-01-14,DOS,DEHRI ON SONE,24.0,891
12802,2026-01-14,AUBR,ANUGRAHA N ROAD,29.0,908
12802,2026-01-14,GAYA,GAYA JN,24.0,976
12802,2026-01-14,PRP,PAHARPUR,20.0,1008
12802,2026-01-14,KQR,KODERMA,21.0,1052
12802,2026-01-14,HZD,HAZARIBAGH RD,28.0,1101
12802,2026-01-14,PNME,PARASNATH,37.0,1128
12802,2026-01-14,GMO,NSC BOSE J GOMO,18.0,1146
12802,2026-01-14,CRP,CHANDRAPURA,18.0,1163
12802,2026-01-14,BKSC,BOKARO STL CITY,25.0,1178
12802,2026-01-14,PRR,PURULIA JN,9.0,1239
12802,2026-01-14,BBM,BARABHUM,15.0,1270
12802,2026-01-14,CNI,CHANDIL JN,5.0,1293
12802,2026-01-14,TATA,TATANAGAR JN,15.0,1329
12802,2026-01-14,GTS,GHATSILA,16.0,1365
12802,2026-01-14,HIJ,HIJILLI,15.0,1463
12802,2026-01-14,BLS,BALASORE,17.0,1575
12802,2026-01-14,BHC,BHADRAKH,5.0,1637
12802,2026-01-14,JJKR,JAJPUR K ROAD,12.0,1681
12802,2026-01-14,CTC,CUTTACK,47.0,1753
12802,2026-01-14,BBS,BHUBANESWAR,43.0,1781
12802,2026-01-14,KUR,KHURDA ROAD JN,46.0,1800
12802,2026-01-14,PURI,PURI,-13.0,1843
12802,2026-01-15,ANVT,ANAND VIHAR TRM,0.0,0
12802,2026-01-15,GOY,GOVINDPURI,50.0,424
12802,2026-01-15,FTP,FATEHPUR,80.0,504
12802,2026-01-15,PRYJ,PRAYAGRAJ JN,66.0,621
12802,2026-01-15,BDL,VINDHYACHAL,,702
12802,2026-01-15,MZP,MIRZAPUR,59.0,710
12802,2026-01-15,CAR,CHUNAR,70.0,741
12802,2026-01-15,DDU,PT DEEN DAYAL UPADHYAY JN,32.0,773
12802,2026-01-15,BBU,BHABUA ROAD,47.0,826
12802,2026-01-15,SSM,SASARAM,43.0,873
12802,2026-01-15,DOS,DEHRI ON SONE,42.0,891
12802,2026-01-15,AUBR,ANUGRAHA N ROAD,45.0,908
12802,2026-01-15,GAYA,GAYA JN,42.0,976
12802,2026-01-15,PRP,PAHARPUR,54.0,1008
12802,2026-01-15,KQR,KODERMA,59.0,1052
12802,2026-01-15,HZD,HAZARIBAGH RD,61.0,1101
12802,2026-01-15,PNME,PARASNATH,69.0,1128
12802,2026-01-15,GMO,NSC BOSE J GOMO,53.0,1146
12802,2026-01-15,CRP,CHANDRAPURA,57.0,1163
12802,2026-01-15,BKSC,BOKARO STL CITY,50.0,1178
12802,2026-01-15,PRR,PURULIA JN,37.0,1239
12802,2026-01-15,BBM,BARABHUM,38.0,1270
12802,2026-01-15,CNI,CHANDIL JN,30.0,1293
12802,2026-01-15,TATA,TATANAGAR JN,68.0,1329
12802,2026-01-15,GTS,GHATSILA,70.0,1365
12802,2026-01-15,HIJ,HIJILLI,67.0,1463
12802,2026-01-15,BLS,BALASORE,60.0,1575
12802,2026-01-15,BHC,BHADRAKH,69.0,1637
12802,2026-01-15,JJKR,JAJPUR K ROAD,73.0,1681
12802,2026-01-15,CTC,CUTTACK,96.0,1753
12802,2026-01-15,BBS,BHUBANESWAR,99.0,1781
12802,2026-01-15,KUR,KHURDA ROAD JN,99.0,1800
12802,2026-01-15,PURI,PURI,50.0,1843
12802,2026-01-16,ANVT,ANAND VIHAR TRM,1.0,0
12802,2026-01-16,GOY,GOVINDPURI,452.0,424
12802,2026-01-16,FTP,FATEHPUR,477.0,504
12802,2026-01-16,PRYJ,PRAYAGRAJ JN,430.0,621
12802,2026-01-16,BDL,VINDHYACHAL,,702
12802,2026-01-16,MZP,MIRZAPUR,463.0,710
12802,2026-01-16,CAR,CHUNAR,469.0,741
12802,2026-01-16,DDU,PT DEEN DAYAL UPADHYAY JN,443.0,773
12802,2026-01-16,BBU,BHABUA ROAD,445.0,826
12802,2026-01-16,SSM,SASARAM,445.0,873
12802,2026-01-16,DOS,DEHRI ON SONE,448.0,891
12802,2026-01-16,AUBR,ANUGRAHA N ROAD,452.0,908
12802,2026-01-16,GAYA,GAYA JN,454.0,976
12802,2026-01-16,PRP,PAHARPUR,444.0,1008
12802,2026-01-16,KQR,KODERMA,447.0,1052
12802,2026-01-16,HZD,HAZARIBAGH RD,449.0,1101
12802,2026-01-16,PNME,PARASNATH,457.0,1128
12802,2026-01-16,GMO,NSC BOSE J GOMO,438.0,1146
12802,2026-01-16,CRP,CHANDRAPURA,439.0,1163
12802,2026-01-16,BKSC,BOKARO STL CITY,432.0,1178
12802,2026-01-16,PRR,PURULIA JN,410.0,1239
12802,2026-01-16,BBM,BARABHUM,411.0,1270
12802,2026-01-16,CNI,CHANDIL JN,402.0,1293
12802,2026-01-16,TATA,TATANAGAR JN,407.0,1329
12802,2026-01-16,GTS,GHATSILA,414.0,1365
12802,2026-01-16,HIJ,HIJILLI,410.0,1463
12802,2026-01-16,BLS,BALASORE,418.0,1575
12802,2026-01-16,BHC,BHADRAKH,416.0,1637
12802,2026-01-16,JJKR,JAJPUR K ROAD,426.0,1681
12802,2026-01-16,CTC,CUTTACK,452.0,1753
12802,2026-01-16,BBS,BHUBANESWAR,453.0,1781
12802,2026-01-16,KUR,KHURDA ROAD JN,461.0,1800
12802,2026-01-16,PURI,PURI,413.0,1843
12802,2026-01-17,ANVT,ANAND VIHAR TRM,1.0,0
12802,2026-01-17,GOY,GOVINDPURI,250.0,424
12802,2026-01-17,FTP,FATEHPUR,274.0,504
12802,2026-01-17,PRYJ,PRAYAGRAJ JN,258.0,621
12802,2026-01-17,BDL,VINDHYACHAL,,702
12802,2026-01-17,MZP,MIRZAPUR,240.0,710
12802,2026-01-17,CAR,CHUNAR,286.0,741
12802,2026-01-17,DDU,PT DEEN DAYAL UPADHYAY JN,256.0,773
12802,2026-01-17,BBU,BHABUA ROAD,270.0,826
12802,2026-01-17,SSM,SASARAM,278.0,873
12802,2026-01-17,DOS,DEHRI ON SONE,287.0,891
12802,2026-01-17,AUBR,ANUGRAHA N ROAD,301.0,908
12802,2026-01-17,GAYA,GAYA JN,308.0,976
12802,2026-01-17,PRP,PAHARPUR,322.0,1008
12802,2026-01-17,KQR,KODERMA,324.0,1052
12802,2026-01-17,HZD,HAZARIBAGH RD,316.0,1101
12802,2026-01-17,PNME,PARASNATH,326.0,1128
12802,2026-01-17,GMO,NSC BOSE J GOMO,315.0,1146
12802,2026-01-17,CRP,CHANDRAPURA,309.0,1163
12802,2026-01-17,BKSC,BOKARO STL CITY,325.0,1178
12802,2026-01-17,PRR,PURULIA JN,307.0,1239
12802,2026-01-17,BBM,BARABHUM,314.0,1270
12802,2026-01-17,CNI,CHANDIL JN,305.0,1293
12802,2026-01-17,TATA,TATANAGAR JN,256.0,1329
12802,2026-01-17,GTS,GHATSILA,313.0,1365
12802,2026-01-17,HIJ,HIJILLI,285.0,1463
12802,2026-01-17,BLS,BALASORE,282.0,1575
12802,2026-01-17,BHC,BHADRAKH,326.0,1637
12802,2026-01-17,JJKR,JAJPUR K ROAD,341.0,1681
12802,2026-01-17,CTC,CUTTACK,376.0,1753
12802,2026-01-17,BBS,BHUBANESWAR,375.0,1781
12802,2026-01-17,KUR,KHURDA ROAD JN,384.0,1800
12802,2026-01-17,PURI,PURI,320.0,1843
12802,2026-01-18,ANVT,ANAND VIHAR TRM,0.0,0
12802,2026-01-18,GOY,GOVINDPURI,18.0,424
12802,2026-01-18,FTP,FATEHPUR,47.0,504
12802,2026-01-18,PRYJ,PRAYAGRAJ JN,4.0,621
12802,2026-01-18,BDL,VINDHYACHAL,,702
12802,2026-01-18,MZP,MIRZAPUR,18.0,710
12802,2026-01-18,CAR,CHUNAR,18.0,741
12802,2026-01-18,DDU,PT DEEN DAYAL UPADHYAY JN,0.0,773
12802,2026-01-18,BBU,BHABUA ROAD,8.0,826
12802,2026-01-18,SSM,SASARAM,8.0,873
12802,2026-01-18,DOS,DEHRI ON SONE,10.0,891
12802,2026-01-18,AUBR,ANUGRAHA N ROAD,14.0,908
12802,2026-01-18,GAYA,GAYA JN,8.0,976
12802,2026-01-18,PRP,PAHARPUR,2.0,1008
12802,2026-01-18,KQR,KODERMA,5.0,1052
12802,2026-01-18,HZD,HAZARIBAGH RD,37.0,1101
12802,2026-01-18,PNME,PARASNATH,45.0,1128
12802,2026-01-18,GMO,NSC BOSE J GOMO,28.0,1146
12802,2026-01-18,CRP,CHANDRAPURA,29.0,1163
12802,2026-01-18,BKSC,BOKARO STL CITY,20.0,1178
12802,2026-01-18,PRR,PURULIA JN,3.0,1239
12802,2026-01-18,BBM,BARABHUM,13.0,1270
12802,2026-01-18,CNI,CHANDIL JN,6.0,1293
12802,2026-01-18,TATA,TATANAGAR JN,45.0,1329
12802,2026-01-18,GTS,GHATSILA,46.0,1365
12802,2026-01-18,HIJ,HIJILLI,35.0,1463
12802,2026-01-18,BLS,BALASORE,27.0,1575
12802,2026-01-18,BHC,BHADRAKH,16.0,1637
12802,2026-01-18,JJKR,JAJPUR K ROAD,22.0,1681
12802,2026-01-18,CTC,CUTTACK,45.0,1753
12802,2026-01-18,BBS,BHUBANESWAR,40.0,1781
12802,2026-01-18,KUR,KHURDA ROAD JN,43.0,1800
12802,2026-01-18,PURI,PURI,11.0,1843
12802,2026-01-19,ANVT,ANAND VIHAR TRM,0.0,0
12802,2026-01-19,GOY,GOVINDPURI,45.0,424
12802,2026-01-19,FTP,FATEHPUR,64.0,504
12802,2026-01-19,PRYJ,PRAYAGRAJ JN,20.0,621
12802,2026-01-19,BDL,VINDHYACHAL,,702
12802,2026-01-19,MZP,MIRZAPUR,21.0,710
12802,2026-01-19,CAR,CHUNAR,29.0,741
12802,2026-01-19,DDU,PT DEEN DAYAL UPADHYAY JN,0.0,773
12802,2026-01-19,BBU,BHABUA ROAD,6.0,826
12802,2026-01-19,SSM,SASARAM,4.0,873
12802,2026-01-19,DOS,DEHRI ON SONE,9.0,891
12802,2026-01-19,AUBR,ANUGRAHA N ROAD,15.0,908
12802,2026-01-19,GAYA,GAYA JN,7.0,976
12802,2026-01-19,PRP,PAHARPUR,7.0,1008
12802,2026-01-19,KQR,KODERMA,20.0,1052
12802,2026-01-19,HZD,HAZARIBAGH RD,22.0,1101
12802,2026-01-19,PNME,PARASNATH,30.0,1128
12802,2026-01-19,GMO,NSC BOSE J GOMO,16.0,1146
12802,2026-01-19,CRP,CHANDRAPURA,17.0,1163
12802,2026-01-19,BKSC,BOKARO STL CITY,37.0,1178
12802,2026-01-19,PRR,PURULIA JN,21.0,1239
12802,2026-01-19,BBM,BARABHUM,21.0,1270
12802,2026-01-19,CNI,CHANDIL JN,9.0,1293
12802,2026-01-19,TATA,TATANAGAR JN,87.0,1329
12802,2026-01-19,GTS,GHATSILA,96.0,1365
12802,2026-01-19,HIJ,HIJILLI,93.0,1463
12802,2026-01-19,BLS,BALASORE,132.0,1575
12802,2026-01-19,BHC,BHADRAKH,124.0,1637
12802,2026-01-19,JJKR,JAJPUR K ROAD,129.0,1681
12802,2026-01-19,CTC,CUTTACK,155.0,1753
12802,2026-01-19,BBS,BHUBANESWAR,154.0,1781
12802,2026-01-19,KUR,KHURDA ROAD JN,157.0,1800
12802,2026-01-19,PURI,PURI,100.0,1843
12802,2026-01-20,ANVT,ANAND VIHAR TRM,0.0,0
12802,2026-01-20,GOY,GOVINDPURI,17.0,424
12802,2026-01-20,FTP,FATEHPUR,43.0,504
12802,2026-01-20,PRYJ,PRAYAGRAJ JN,1.0,621
12802,2026-01-20,BDL,VINDHYACHAL,,702
12802,2026-01-20,MZP,MIRZAPUR,16.0,710
12802,2026-01-20,CAR,CHUNAR,17.0,741
12802,2026-01-20,DDU,PT DEEN DAYAL UPADHYAY JN,0.0,773
12802,2026-01-20,BBU,BHABUA ROAD,7.0,826
12802,2026-01-20,SSM,SASARAM,6.0,873
12802,2026-01-20,DOS,DEHRI ON SONE,8.0,891
12802,2026-01-20,AUBR,ANUGRAHA N ROAD,10.0,908
12802,2026-01-20,GAYA,GAYA JN,5.0,976
12802,2026-01-20,PRP,PAHARPUR,0.0,1008
12802,2026-01-20,KQR,KODERMA,3.0,1052
12802,2026-01-20,HZD,HAZARIBAGH RD,6.0,1101
12802,2026-01-20,PNME,PARASNATH,19.0,1128
12802,2026-01-20,GMO,NSC BOSE J GOMO,2.0,1146
12802,2026-01-20,CRP,CHANDRAPURA,11.0,1163
12802,2026-01-20,BKSC,BOKARO STL CITY,41.0,1178
12802,2026-01-20,PRR,PURULIA JN,25.0,1239
12802,2026-01-20,BBM,BARABHUM,30.0,1270
12802,2026-01-20,CNI,CHANDIL JN,22.0,1293
12802,2026-01-20,TATA,TATANAGAR JN,72.0,1329
12802,2026-01-20,GTS,GHATSILA,97.0,1365
12802,2026-01-20,HIJ,HIJILLI,115.0,1463
12802,2026-01-20,BLS,BALASORE,113.0,1575
12802,2026-01-20,BHC,BHADRAKH,122.0,1637
12802,2026-01-20,JJKR,JAJPUR K ROAD,128.0,1681
12802,2026-01-20,CTC,CUTTACK,146.0,1753
12802,2026-01-20,BBS,BHUBANESWAR,146.0,1781
12802,2026-01-20,KUR,KHURDA ROAD JN,153.0,1800
12802,2026-01-20,PURI,PURI,98.0,1843
12802,2026-01-21,ANVT,ANAND VIHAR TRM,0.0,0
12802,2026-01-21,GOY,GOVINDPURI,2.0,424
12802,2026-01-21,FTP,FATEHPUR,30.0,504
12802,2026-01-21,PRYJ,PRAYAGRAJ JN,29.0,621
12802,2026-01-21,BDL,VINDHYACHAL,,702
12802,2026-01-21,MZP,MIRZAPUR,21.0,710
12802,2026-01-21,CAR,CHUNAR,21.0,741
12802,2026-01-21,DDU,PT DEEN DAYAL UPADHYAY JN,0.0,773
12802,2026-01-21,BBU,BHABUA ROAD,8.0,826
12802,2026-01-21,SSM,SASARAM,9.0,873
12802,2026-01-21,DOS,DEHRI ON SONE,12.0,891
12802,2026-01-21,AUBR,ANUGRAHA N ROAD,17.0,908
12802,2026-01-21,GAYA,GAYA JN,15.0,976
12802,2026-01-21,PRP,PAHARPUR,9.0,1008
12802,2026-01-21,KQR,KODERMA,21.0,1052
12802,2026-01-21,HZD,HAZARIBAGH RD,27.0,1101
12802,2026-01-21,PNME,PARASNATH,35.0,1128
12802,2026-01-21,GMO,NSC BOSE J GOMO,18.0,1146
12802,2026-01-21,CRP,CHANDRAPURA,18.0,1163
12802,2026-01-21,BKSC,BOKARO STL CITY,73.0,1178
12802,2026-01-21,PRR,PURULIA JN,62.0,1239
12802,2026-01-21,BBM,BARABHUM,68.0,1270
12802,2026-01-21,CNI,CHANDIL JN,58.0,1293
12802,2026-01-21,TATA,TATANAGAR JN,45.0,1329
12802,2026-01-21,GTS,GHATSILA,56.0,1365
12802,2026-01-21,HIJ,HIJILLI,87.0,1463
12802,2026-01-21,BLS,BALASORE,80.0,1575
12802,2026-01-21,BHC,BHADRAKH,102.0,1637
12802,2026-01-21,JJKR,JAJPUR K ROAD,116.0,1681
12802,2026-01-21,CTC,CUTTACK,136.0,1753
12802,2026-01-21,BBS,BHUBANESWAR,132.0,1781
12802,2026-01-21,KUR,KHURDA ROAD JN,131.0,1800
12802,2026-01-21,PURI,PURI,81.0,1843
12802,2026-01-22,ANVT,ANAND VIHAR TRM,0.0,0
12802,2026-01-22,GOY,GOVINDPURI,16.0,424
12802,2026-01-22,FTP,FATEHPUR,45.0,504
12802,2026-01-22,PRYJ,PRAYAGRAJ JN,2.0,621
12802,2026-01-22,BDL,VINDHYACHAL,,702
12802,2026-01-22,MZP,MIRZAPUR,24.0,710
12802,2026-01-22,CAR,CHUNAR,31.0,741
12802,2026-01-22,DDU,PT DEEN DAYAL UPADHYAY JN,2.0,773
12802,2026-01-22,BBU,BHABUA ROAD,13.0,826
12802,2026-01-22,SSM,SASARAM,12.0,873
12802,2026-01-22,DOS,DEHRI ON SONE,14.0,891
12802,2026-01-22,AUBR,ANUGRAHA N ROAD,16.0,908
12802,2026-01-22,GAYA,GAYA JN,5.0,976
12802,2026-01-22,PRP,PAHARPUR,0.0,1008
12802,2026-01-22,KQR,KODERMA,6.0,1052
12802,2026-01-22,HZD,HAZARIBAGH RD,17.0,1101
12802,2026-01-22,PNME,PARASNATH,45.0,1128
12802,2026-01-22,GMO,NSC BOSE J GOMO,31.0,1146
12802,2026-01-22,CRP,CHANDRAPURA,25.0,1163
12802,2026-01-22,BKSC,BOKARO STL CITY,26.0,1178
12802,2026-01-22,PRR,PURULIA JN,8.0,1239
12802,2026-01-22,BBM,BARABHUM,22.0,1270
12802,2026-01-22,CNI,CHANDIL JN,13.0,1293
12802,2026-01-22,TATA,TATANAGAR JN,0.0,1329
12802,2026-01-22,GTS,GHATSILA,0.0,1365
12802,2026-01-22,HIJ,HIJILLI,22.0,1463
12802,2026-01-22,BLS,BALASORE,34.0,1575
12802,2026-01-22,BHC,BHADRAKH,29.0,1637
12802,2026-01-22,JJKR,JAJPUR K ROAD,49.0,1681
12802,2026-01-22,CTC,CUTTACK,86.0,1753
12802,2026-01-22,BBS,BHUBANESWAR,87.0,1781
12802,2026-01-22,KUR,KHURDA ROAD JN,76.0,1800
12802,2026-01-22,PURI,PURI,15.0,1843
12802,2026-01-23,ANVT,ANAND VIHAR TRM,0.0,0
12802,2026-01-23,GOY,GOVINDPURI,6.0,424
12802,2026-01-23,FTP,FATEHPUR,28.0,504
12802,2026-01-23,PRYJ,PRAYAGRAJ JN,0.0,621
12802,2026-01-23,BDL,VINDHYACHAL,,702
12802,2026-01-23,MZP,MIRZAPUR,13.0,710
12802,2026-01-23,CAR,CHUNAR,16.0,741
12802,2026-01-23,DDU,PT DEEN DAYAL UPADHYAY JN,0.0,773
12802,2026-01-23,BBU,BHABUA ROAD,7.0,826
12802,2026-01-23,SSM,SASARAM,6.0,873
12802,2026-01-23,DOS,DEHRI ON SONE,8.0,891
12802,2026-01-23,AUBR,ANUGRAHA N ROAD,9.0,908
12802,2026-01-23,GAYA,GAYA JN,4.0,976
12802,2026-01-23,PRP,PAHARPUR,6.0,1008
12802,2026-01-23,KQR,KODERMA,9.0,1052
12802,2026-01-23,HZD,HAZARIBAGH RD,28.0,1101
12802,2026-01-23,PNME,PARASNATH,36.0,1128
12802,2026-01-23,GMO,NSC BOSE J GOMO,16.0,1146
12802,2026-01-23,CRP,CHANDRAPURA,15.0,1163
12802,2026-01-23,BKSC,BOKARO STL CITY,40.0,1178
12802,2026-01-23,PRR,PURULIA JN,19.0,1239
12802,2026-01-23,BBM,BARABHUM,22.0,1270
12802,2026-01-23,CNI,CHANDIL JN,17.0,1293
12802,2026-01-23,TATA,TATANAGAR JN,0.0,1329
12802,2026-01-23,GTS,GHATSILA,73.0,1365
12802,2026-01-23,HIJ,HIJILLI,120.0,1463
12802,2026-01-23,BLS,BALASORE,141.0,1575
12802,2026-01-23,BHC,BHADRAKH,169.0,1637
12802,2026-01-23,JJKR,JAJPUR K ROAD,164.0,1681
12802,2026-01-23,CTC,CUTTACK,188.0,1753
12802,2026-01-23,BBS,BHUBANESWAR,191.0,1781
12802,2026-01-23,KUR,KHURDA ROAD JN,189.0,1800
12802,2026-01-23,PURI,PURI,136.0,1843
12802,2026-01-24,ANVT,ANAND VIHAR TRM,0.0,0
12802,2026-01-24,GOY,GOVINDPURI,20.0,424
12802,2026-01-24,FTP,FATEHPUR,42.0,504
12802,2026-01-24,PRYJ,PRAYAGRAJ JN,20.0,621
12802,2026-01-24,BDL,VINDHYACHAL,,702
12802,2026-01-24,MZP,MIRZAPUR,26.0,710
12802,2026-01-24,CAR,CHUNAR,50.0,741
12802,2026-01-24,DDU,PT DEEN DAYAL UPADHYAY JN,27.0,773
12802,2026-01-24,BBU,BHABUA ROAD,36.0,826
12802,2026-01-24,SSM,SASARAM,36.0,873
12802,2026-01-24,DOS,DEHRI ON SONE,38.0,891
12802,2026-01-24,AUBR,ANUGRAHA N ROAD,39.0,908
12802,2026-01-24,GAYA,GAYA JN,32.0,976
12802,2026-01-24,PRP,PAHARPUR,36.0,1008
12802,2026-01-24,KQR,KODERMA,65.0,1052
12802,2026-01-24,HZD,HAZARIBAGH RD,97.0,1101
12802,2026-01-24,PNME,PARASNATH,96.0,1128
12802,2026-01-24,GMO,NSC BOSE J GOMO,36.0,1146
12802,2026-01-24,CRP,CHANDRAPURA,39.0,1163
12802,2026-01-24,BKSC,BOKARO STL CITY,69.0,1178
12802,2026-01-24,PRR,PURULIA JN,49.0,1239
12802,2026-01-24,BBM,BARABHUM,54.0,1270
12802,2026-01-24,CNI,CHANDIL JN,55.0,1293
12802,2026-01-24,TATA,TATANAGAR JN,62.0,1329
12802,2026-01-24,GTS,GHATSILA,84.0,1365
12802,2026-01-24,HIJ,HIJILLI,86.0,1463
12802,2026-01-24,BLS,BALASORE,89.0,1575
12802,2026-01-24,BHC,BHADRAKH,78.0,1637
12802,2026-01-24,JJKR,JAJPUR K ROAD,84.0,1681
12802,2026-01-24,CTC,CUTTACK,98.0,1753
12802,2026-01-24,BBS,BHUBANESWAR,94.0,1781
12802,2026-01-24,KUR,KHURDA ROAD JN,90.0,1800
12802,2026-01-24,PURI,PURI,60.0,1843
12802,2026-01-25,ANVT,ANAND VIHAR TRM,0.0,0
12802,2026-01-25,GOY,GOVINDPURI,53.0,424
12802,2026-01-25,FTP,FATEHPUR,71.0,504
12802,2026-01-25,PRYJ,PRAYAGRAJ JN,31.0,621
12802,2026-01-25,BDL,VINDHYACHAL,,702
12802,2026-01-25,MZP,MIRZAPUR,28.0,710
12802,2026-01-25,CAR,CHUNAR,31.0,741
12802,2026-01-25,DDU,PT DEEN DAYAL UPADHYAY JN,0.0,773
12802,2026-01-25,BBU,BHABUA ROAD,9.0,826
12802,2026-01-25,SSM,SASARAM,8.0,873
12802,2026-01-25,DOS,DEHRI ON SONE,10.0,891
12802,2026-01-25,AUBR,ANUGRAHA N ROAD,12.0,908
12802,2026-01-25,GAYA,GAYA JN,3.0,976
12802,2026-01-25,PRP,PAHARPUR,0.0,1008
12802,2026-01-25,KQR,KODERMA,5.0,1052
12802,2026-01-25,HZD,HAZARIBAGH RD,56.0,1101
12802,2026-01-25,PNME,PARASNATH,66.0,1128
12802,2026-01-25,GMO,NSC BOSE J GOMO,48.0,1146
12802,2026-01-25,CRP,CHANDRAPURA,48.0,1163
12802,2026-01-25,BKSC,BOKARO STL CITY,42.0,1178
12802,2026-01-25,PRR,PURULIA JN,27.0,1239
12802,2026-01-25,BBM,BARABHUM,33.0,1270
12802,2026-01-25,CNI,CHANDIL JN,22.0,1293
12802,2026-01-25,TATA,TATANAGAR JN,5.0,1329
12802,2026-01-25,GTS,GHATSILA,28.0,1365
12802,2026-01-25,HIJ,HIJILLI,20.0,1463
12802,2026-01-25,BLS,BALASORE,25.0,1575
12802,2026-01-25,BHC,BHADRAKH,14.0,1637
12802,2026-01-25,JJKR,JAJPUR K ROAD,48.0,1681
12802,2026-01-25,CTC,CUTTACK,82.0,1753
12802,2026-01-25,BBS,BHUBANESWAR,89.0,1781
12802,2026-01-25,KUR,KHURDA ROAD JN,93.0,1800
12802,2026-01-25,PURI,PURI,45.0,1843
12802,2026-01-26,ANVT,ANAND VIHAR TRM,8.0,0
12802,2026-01-26,GOY,GOVINDPURI,13.0,424
12802,2026-01-26,FTP,FATEHPUR,39.0,504
12802,2026-01-26,PRYJ,PRAYAGRAJ JN,8.0,621
12802,2026-01-26,BDL,VINDHYACHAL,,702
12802,2026-01-26,MZP,MIRZAPUR,7.0,710
12802,2026-01-26,CAR,CHUNAR,27.0,741
12802,2026-01-26,DDU,PT DEEN DAYAL UPADHYAY JN,1.0,773
12802,2026-01-26,BBU,BHABUA ROAD,11.0,826
12802,2026-01-26,SSM,SASARAM,11.0,873
12802,2026-01-26,DOS,DEHRI ON SONE,14.0,891
12802,2026-01-26,AUBR,ANUGRAHA N ROAD,15.0,908
12802,2026-01-26,GAYA,GAYA JN,9.0,976
12802,2026-01-26,PRP,PAHARPUR,0.0,1008
12802,2026-01-26,KQR,KODERMA,6.0,1052
12802,2026-01-26,HZD,HAZARIBAGH RD,70.0,1101
12802,2026-01-26,PNME,PARASNATH,83.0,1128
12802,2026-01-26,GMO,NSC BOSE J GOMO,63.0,1146
12802,2026-01-26,CRP,CHANDRAPURA,67.0,1163
12802,2026-01-26,BKSC,BOKARO STL CITY,73.0,1178
12802,2026-01-26,PRR,PURULIA JN,65.0,1239
12802,2026-01-26,BBM,BARABHUM,80.0,1270
12802,2026-01-26,CNI,CHANDIL JN,72.0,1293
12802,2026-01-26,TATA,TATANAGAR JN,85.0,1329
12802,2026-01-26,GTS,GHATSILA,67.0,1365
12802,2026-01-26,HIJ,HIJILLI,95.0,1463
12802,2026-01-26,BLS,BALASORE,97.0,1575
12802,2026-01-26,BHC,BHADRAKH,87.0,1637
12802,2026-01-26,JJKR,JAJPUR K ROAD,100.0,1681
12802,2026-01-26,CTC,CUTTACK,126.0,1753
12802,2026-01-26,BBS,BHUBANESWAR,125.0,1781
12802,2026-01-26,KUR,KHURDA ROAD JN,129.0,1800
12802,2026-01-26,PURI,PURI,104.0,1843
12802,2026-01-27,ANVT,ANAND VIHAR TRM,0.0,0
12802,2026-01-27,GOY,GOVINDPURI,25.0,424
12802,2026-01-27,FTP,FATEHPUR,49.0,504
12802,2026-01-27,PRYJ,PRAYAGRAJ JN,0.0,621
12802,2026-01-27,BDL,VINDHYACHAL,,702
12802,2026-01-27,MZP,MIRZAPUR,8.0,710
12802,2026-01-27,CAR,CHUNAR,14.0,741
12802,2026-01-27,DDU,PT DEEN DAYAL UPADHYAY JN,2.0,773
12802,2026-01-27,BBU,BHABUA ROAD,12.0,826
12802,2026-01-27,SSM,SASARAM,16.0,873
12802,2026-01-27,DOS,DEHRI ON SONE,18.0,891
12802,2026-01-27,AUBR,ANUGRAHA N ROAD,19.0,908
12802,2026-01-27,GAYA,GAYA JN,33.0,976
12802,2026-01-27,PRP,PAHARPUR,22.0,1008
12802,2026-01-27,KQR,KODERMA,46.0,1052
12802,2026-01-27,HZD,HAZARIBAGH RD,59.0,1101
12802,2026-01-27,PNME,PARASNATH,73.0,1128
12802,2026-01-27,GMO,NSC BOSE J GOMO,54.0,1146
12802,2026-01-27,CRP,CHANDRAPURA,55.0,1163
12802,2026-01-27,BKSC,BOKARO STL CITY,46.0,1178
12802,2026-01-27,PRR,PURULIA JN,25.0,1239
12802,2026-01-27,BBM,BARABHUM,28.0,1270
12802,2026-01-27,CNI,CHANDIL JN,18.0,1293
12802,2026-01-27,TATA,TATANAGAR JN,85.0,1329
12802,2026-01-27,GTS,GHATSILA,126.0,1365
12802,2026-01-27,HIJ,HIJILLI,117.0,1463
12802,2026-01-27,BLS,BALASORE,113.0,1575
12802,2026-01-27,BHC,BHADRAKH,98.0,1637
12802,2026-01-27,JJKR,JAJPUR K ROAD,115.0,1681
12802,2026-01-27,CTC,CUTTACK,124.0,1753
12802,2026-01-27,BBS,BHUBANESWAR,127.0,1781
12802,2026-01-27,KUR,KHURDA ROAD JN,125.0,1800
12802,2026-01-27,PURI,PURI,90.0,1843
12802,2026-01-28,ANVT,ANAND VIHAR TRM,1.0,0
12802,2026-01-28,GOY,GOVINDPURI,365.0,424
12802,2026-01-28,FTP,FATEHPUR,376.0,504
12802,2026-01-28,PRYJ,PRAYAGRAJ JN,331.0,621
12802,2026-01-28,BDL,VINDHYACHAL,,702
12802,2026-01-28,MZP,MIRZAPUR,316.0,710
12802,2026-01-28,CAR,CHUNAR,314.0,741
12802,2026-01-28,DDU,PT DEEN DAYAL UPADHYAY JN,324.0,773
12802,2026-01-28,BBU,BHABUA ROAD,333.0,826
12802,2026-01-28,SSM,SASARAM,334.0,873
12802,2026-01-28,DOS,DEHRI ON SONE,336.0,891
12802,2026-01-28,AUBR,ANUGRAHA N ROAD,338.0,908
12802,2026-01-28,GAYA,GAYA JN,324.0,976
12802,2026-01-28,PRP,PAHARPUR,316.0,1008
12802,2026-01-28,KQR,KODERMA,328.0,1052
12802,2026-01-28,HZD,HAZARIBAGH RD,336.0,1101
12802,2026-01-28,PNME,PARASNATH,340.0,1128
12802,2026-01-28,GMO,NSC BOSE J GOMO,316.0,1146
12802,2026-01-28,CRP,CHANDRAPURA,315.0,1163
12802,2026-01-28,BKSC,BOKARO STL CITY,331.0,1178
12802,2026-01-28,PRR,PURULIA JN,316.0,1239
12802,2026-01-28,BBM,BARABHUM,316.0,1270
12802,2026-01-28,CNI,CHANDIL JN,306.0,1293
12802,2026-01-28,TATA,TATANAGAR JN,314.0,1329
12802,2026-01-28,GTS,GHATSILA,356.0,1365
12802,2026-01-28,HIJ,HIJILLI,345.0,1463
12802,2026-01-28,BLS,BALASORE,365.0,1575
12802,2026-01-28,BHC,BHADRAKH,362.0,1637
12802,2026-01-28,JJKR,JAJPUR K ROAD,369.0,1681
12802,2026-01-28,CTC,CUTTACK,416.0,1753
12802,2026-01-28,BBS,BHUBANESWAR,415.0,1781
12802,2026-01-28,KUR,KHURDA ROAD JN,407.0,1800
12802,2026-01-28,PURI,PURI,344.0,1843
12802,2026-01-29,ANVT,ANAND VIHAR TRM,0.0,0
12802,2026-01-29,GOY,GOVINDPURI,235.0,424
12802,2026-01-29,FTP,FATEHPUR,249.0,504
12802,2026-01-29,PRYJ,PRAYAGRAJ JN,223.0,621
12802,2026-01-29,BDL,VINDHYACHAL,,702
12802,2026-01-29,MZP,MIRZAPUR,212.0,710
12802,2026-01-29,CAR,CHUNAR,218.0,741
12802,2026-01-29,DDU,PT DEEN DAYAL UPADHYAY JN,222.0,773
12802,2026-01-29,BBU,BHABUA ROAD,263.0,826
12802,2026-01-29,SSM,SASARAM,282.0,873
12802,2026-01-29,DOS,DEHRI ON SONE,286.0,891
12802,2026-01-29,AUBR,ANUGRAHA N ROAD,295.0,908
12802,2026-01-29,GAYA,GAYA JN,292.0,976
12802,2026-01-29,PRP,PAHARPUR,294.0,1008
12802,2026-01-29,KQR,KODERMA,299.0,1052
12802,2026-01-29,HZD,HAZARIBAGH RD,308.0,1101
12802,2026-01-29,PNME,PARASNATH,318.0,1128
12802,2026-01-29,GMO,NSC BOSE J GOMO,303.0,1146
12802,2026-01-29,CRP,CHANDRAPURA,303.0,1163
12802,2026-01-29,BKSC,BOKARO STL CITY,300.0,1178
12802,2026-01-29,PRR,PURULIA JN,284.0,1239
12802,2026-01-29,BBM,BARABHUM,283.0,1270
12802,2026-01-29,CNI,CHANDIL JN,275.0,1293
12802,2026-01-29,TATA,TATANAGAR JN,342.0,1329
12802,2026-01-29,GTS,GHATSILA,388.0,1365
12802,2026-01-29,HIJ,HIJILLI,435.0,1463
12802,2026-01-29,BLS,BALASORE,457.0,1575
12802,2026-01-29,BHC,BHADRAKH,452.0,1637
12802,2026-01-29,JJKR,JAJPUR K ROAD,461.0,1681
12802,2026-01-29,CTC,CUTTACK,485.0,1753
12802,2026-01-29,BBS,BHUBANESWAR,500.0,1781
12802,2026-01-29,KUR,KHURDA ROAD JN,533.0,1800
12802,2026-01-29,PURI,PURI,476.0,1843
12802,2026-01-30,ANVT,ANAND VIHAR TRM,103.0,0
12802,2026-01-30,GOY,GOVINDPURI,593.0,424
12802,2026-01-30,FTP,FATEHPUR,609.0,504
12802,2026-01-30,PRYJ,PRAYAGRAJ JN,579.0,621
12802,2026-01-30,BDL,VINDHYACHAL,,702
12802,2026-01-30,MZP,MIRZAPUR,584.0,710
12802,2026-01-30,CAR,CHUNAR,589.0,741
12802,2026-01-30,DDU,PT DEEN DAYAL UPADHYAY JN,574.0,773
12802,2026-01-30,BBU,BHABUA ROAD,589.0,826
12802,2026-01-30,SSM,SASARAM,588.0,873
12802,2026-01-30,DOS,DEHRI ON SONE,590.0,891
12802,2026-01-30,AUBR,ANUGRAHA N ROAD,593.0,908
12802,2026-01-30,GAYA,GAYA JN,586.0,976
12802,2026-01-30,PRP,PAHARPUR,576.0,1008
12802,2026-01-30,KQR,KODERMA,583.0,1052
12802,2026-01-30,HZD,HAZARIBAGH RD,587.0,1101
12802,2026-01-30,PNME,PARASNATH,597.0,1128
12802,2026-01-30,GMO,NSC BOSE J GOMO,580.0,1146
12802,2026-01-30,CRP,CHANDRAPURA,582.0,1163
12802,2026-01-30,BKSC,BOKARO STL CITY,575.0,1178
12802,2026-01-30,PRR,PURULIA JN,556.0,1239
12802,2026-01-30,BBM,BARABHUM,557.0,1270
12802,2026-01-30,CNI,CHANDIL JN,547.0,1293
12802,2026-01-30,TATA,TATANAGAR JN,613.0,1329
12802,2026-01-30,GTS,GHATSILA,623.0,1365
12802,2026-01-30,HIJ,HIJILLI,613.0,1463
12802,2026-01-30,BLS,BALASORE,618.0,1575
12802,2026-01-30,BHC,BHADRAKH,621.0,1637
12802,2026-01-30,JJKR,JAJPUR K ROAD,642.0,1681
12802,2026-01-30,CTC,CUTTACK,662.0,1753
12802,2026-01-30,BBS,BHUBANESWAR,658.0,1781
12802,2026-01-30,KUR,KHURDA ROAD JN,663.0,1800
12802,2026-01-30,PURI,PURI,615.0,1843
12802,2026-01-31,ANVT,ANAND VIHAR TRM,87.0,0
12802,2026-01-31,GOY,GOVINDPURI,269.0,424
12802,2026-01-31,FTP,FATEHPUR,324.0,504
12802,2026-01-31,PRYJ,PRAYAGRAJ JN,365.0,621
12802,2026-01-31,BDL,VINDHYACHAL,,702
12802,2026-01-31,MZP,MIRZAPUR,347.0,710
12802,2026-01-31,CAR,CHUNAR,351.0,741
12802,2026-01-31,DDU,PT DEEN DAYAL UPADHYAY JN,378.0,773
12802,2026-01-31,BBU,BHABUA ROAD,388.0,826
12802,2026-01-31,SSM,SASARAM,393.0,873
12802,2026-01-31,DOS,DEHRI ON SONE,401.0,891
12802,2026-01-31,AUBR,ANUGRAHA N ROAD,406.0,908
12802,2026-01-31,GAYA,GAYA JN,398.0,976
12802,2026-01-31,PRP,PAHARPUR,398.0,1008
12802,2026-01-31,KQR,KODERMA,418.0,1052
12802,2026-01-31,HZD,HAZARIBAGH RD,422.0,1101
12802,2026-01-31,PNME,PARASNATH,432.0,1128
12802,2026-01-31,GMO,NSC BOSE J GOMO,415.0,1146
12802,2026-01-31,CRP,CHANDRAPURA,416.0,1163
12802,2026-01-31,BKSC,BOKARO STL CITY,406.0,1178
12802,2026-01-31,PRR,PURULIA JN,390.0,1239
12802,2026-01-31,BBM,BARABHUM,402.0,1270
12802,2026-01-31,CNI,CHANDIL JN,390.0,1293
12802,2026-01-31,TATA,TATANAGAR JN,507.0,1329
12802,2026-01-31,GTS,GHATSILA,518.0,1365
12802,2026-01-31,HIJ,HIJILLI,515.0,1463
12802,2026-01-31,BLS,BALASORE,540.0,1575
12802,2026-01-31,BHC,BHADRAKH,538.0,1637
12802,2026-01-31,JJKR,JAJPUR K ROAD,562.0,1681
12802,2026-01-31,CTC,CUTTACK,593.0,1753
12802,2026-01-31,BBS,BHUBANESWAR,594.0,1781
12802,2026-01-31,KUR,KHURDA ROAD JN,602.0,1800
12802,2026-01-31,PURI,PURI,543.0,1843
12802,2026-02-01,ANVT,ANAND VIHAR TRM,1.0,0
12802,2026-02-01,GOY,GOVINDPURI,11.0,424
12802,2026-02-01,FTP,FATEHPUR,1.0,504
12802,2026-02-01,PRYJ,PRAYAGRAJ JN,6.0,621
12802,2026-02-01,BDL,VINDHYACHAL,,702
12802,2026-02-01,MZP,MIRZAPUR,20.0,710
12802,2026-02-01,CAR,CHUNAR,27.0,741
12802,2026-02-01,DDU,PT DEEN DAYAL UPADHYAY JN,0.0,773
12802,2026-02-01,BBU,BHABUA ROAD,6.0,826
12802,2026-02-01,SSM,SASARAM,17.0,873
12802,2026-02-01,DOS,DEHRI ON SONE,19.0,891
12802,2026-02-01,AUBR,ANUGRAHA N ROAD,21.0,908
12802,2026-02-01,GAYA,GAYA JN,13.0,976
12802,2026-02-01,PRP,PAHARPUR,3.0,1008
12802,2026-02-01,KQR,KODERMA,11.0,1052
12802,2026-02-01,HZD,HAZARIBAGH RD,57.0,1101
12802,2026-02-01,PNME,PARASNATH,74.0,1128
12802,2026-02-01,GMO,NSC BOSE J GOMO,63.0,1146
12802,2026-02-01,CRP,CHANDRAPURA,57.0,1163
12802,2026-02-01,BKSC,BOKARO STL CITY,62.0,1178
12802,2026-02-01,PRR,PURULIA JN,44.0,1239
12802,2026-02-01,BBM,BARABHUM,41.0,1270
12802,2026-02-01,CNI,CHANDIL JN,92.0,1293
12802,2026-02-01,TATA,TATANAGAR JN,51.0,1329
12802,2026-02-01,GTS,GHATSILA,93.0,1365
12802,2026-02-01,HIJ,HIJILLI,128.0,1463
12802,2026-02-01,BLS,BALASORE,138.0,1575
12802,2026-02-01,BHC,BHADRAKH,150.0,1637
12802,2026-02-01,JJKR,JAJPUR K ROAD,158.0,1681
12802,2026-02-01,CTC,CUTTACK,210.0,1753
12802,2026-02-01,BBS,BHUBANESWAR,216.0,1781
12802,2026-02-01,KUR,KHURDA ROAD JN,227.0,1800
12802,2026-02-01,PURI,PURI,164.0,1843
12802,2026-02-02,ANVT,ANAND VIHAR TRM,0.0,0
12802,2026-02-02,GOY,GOVINDPURI,376.0,424
12802,2026-02-02,FTP,FATEHPUR,389.0,504
12802,2026-02-02,PRYJ,PRAYAGRAJ JN,355.0,621
12802,2026-02-02,BDL,VINDHYACHAL,,702
12802,2026-02-02,MZP,MIRZAPUR,420.0,710
12802,2026-02-02,CAR,CHUNAR,431.0,741
12802,2026-02-02,DDU,PT DEEN DAYAL UPADHYAY JN,421.0,773
12802,2026-02-02,BBU,BHABUA ROAD,427.0,826
12802,2026-02-02,SSM,SASARAM,431.0,873
12802,2026-02-02,DOS,DEHRI ON SONE,435.0,891
12802,2026-02-02,AUBR,ANUGRAHA N ROAD,438.0,908
12802,2026-02-02,GAYA,GAYA JN,429.0,976
12802,2026-02-02,PRP,PAHARPUR,418.0,1008
12802,2026-02-02,KQR,KODERMA,421.0,1052
12802,2026-02-02,HZD,HAZARIBAGH RD,440.0,1101
12802,2026-02-02,PNME,PARASNATH,450.0,1128
12802,2026-02-02,GMO,NSC BOSE J GOMO,435.0,1146
12802,2026-02-02,CRP,CHANDRAPURA,433.0,1163
12802,2026-02-02,BKSC,BOKARO STL CITY,431.0,1178
12802,2026-02-02,PRR,PURULIA JN,406.0,1239
12802,2026-02-02,BBM,BARABHUM,411.0,1270
12802,2026-02-02,CNI,CHANDIL JN,401.0,1293
12802,2026-02-02,TATA,TATANAGAR JN,510.0,1329
12802,2026-02-02,GTS,GHATSILA,524.0,1365
12802,2026-02-02,HIJ,HIJILLI,517.0,1463
12802,2026-02-02,BLS,BALASORE,516.0,1575
12802,2026-02-02,BHC,BHADRAKH,506.0,1637
12802,2026-02-02,JJKR,JAJPUR K ROAD,528.0,1681
12802,2026-02-02,CTC,CUTTACK,563.0,1753
12802,2026-02-02,BBS,BHUBANESWAR,558.0,1781
12802,2026-02-02,KUR,KHURDA ROAD JN,563.0,1800
12802,2026-02-02,PURI,PURI,508.0,1843
12802,2026-02-03,ANVT,ANAND VIHAR TRM,0.0,0
12802,2026-02-03,GOY,GOVINDPURI,422.0,424
12802,2026-02-03,FTP,FATEHPUR,427.0,504
12802,2026-02-03,PRYJ,PRAYAGRAJ JN,388.0,621
12802,2026-02-03,BDL,VINDHYACHAL,,702
12802,2026-02-03,MZP,MIRZAPUR,502.0,710
12802,2026-02-03,CAR,CHUNAR,507.0,741
12802,2026-02-03,DDU,PT DEEN DAYAL UPADHYAY JN,483.0,773
12802,2026-02-03,BBU,BHABUA ROAD,489.0,826
12802,2026-02-03,SSM,SASARAM,495.0,873
12802,2026-02-03,DOS,DEHRI ON SONE,500.0,891
12802,2026-02-03,AUBR,ANUGRAHA N ROAD,501.0,908
12802,2026-02-03,GAYA,GAYA JN,495.0,976
12802,2026-02-03,PRP,PAHARPUR,483.0,1008
12802,2026-02-03,KQR,KODERMA,486.0,1052
12802,2026-02-03,HZD,HAZARIBAGH RD,489.0,1101
12802,2026-02-03,PNME,PARASNATH,498.0,1128
12802,2026-02-03,GMO,NSC BOSE J GOMO,478.0,1146
12802,2026-02-03,CRP,CHANDRAPURA,476.0,1163
12802,2026-02-03,BKSC,BOKARO STL CITY,470.0,1178
12802,2026-02-03,PRR,PURULIA JN,453.0,1239
12802,2026-02-03,BBM,BARABHUM,457.0,1270
12802,2026-02-03,CNI,CHANDIL JN,451.0,1293
12802,2026-02-03,TATA,TATANAGAR JN,494.0,1329
12802,2026-02-03,GTS,GHATSILA,535.0,1365
12802,2026-02-03,HIJ,HIJILLI,580.0,1463
12802,2026-02-03,BLS,BALASORE,751.0,1575
12802,2026-02-03,BHC,BHADRAKH,759.0,1637
12802,2026-02-03,JJKR,JAJPUR K ROAD,839.0,1681
12802,2026-02-03,CTC,CUTTACK,933.0,1753
12802,2026-02-03,BBS,BHUBANESWAR,936.0,1781
12802,2026-02-03,KUR,KHURDA ROAD JN,942.0,1800
12802,2026-02-03,PURI,PURI,899.0,1843
12802,2026-02-04,ANVT,ANAND VIHAR TRM,0.0,0
12802,2026-02-04,GOY,GOVINDPURI,91.0,424
12802,2026-02-04,FTP,FATEHPUR,114.0,504
12802,2026-02-04,PRYJ,PRAYAGRAJ JN,104.0,621
12802,2026-02-04,BDL,VINDHYACHAL,,702
12802,2026-02-04,MZP,MIRZAPUR,117.0,710
12802,2026-02-04,CAR,CHUNAR,123.0,741
12802,2026-02-04,DDU,PT DEEN DAYAL UPADHYAY JN,90.0,773
12802,2026-02-04,BBU,BHABUA ROAD,96.0,826
12802,2026-02-04,SSM,SASARAM,99.0,873
12802,2026-02-04,DOS,DEHRI ON SONE,103.0,891
12802,2026-02-04,AUBR,ANUGRAHA N ROAD,104.0,908
12802,2026-02-04,GAYA,GAYA JN,106.0,976
12802,2026-02-04,PRP,PAHARPUR,104.0,1008
12802,2026-02-04,KQR,KODERMA,112.0,1052
12802,2026-02-04,HZD,HAZARIBAGH RD,125.0,1101
12802,2026-02-04,PNME,PARASNATH,136.0,1128
12802,2026-02-04,GMO,NSC BOSE J GOMO,120.0,1146
12802,2026-02-04,CRP,CHANDRAPURA,119.0,1163
12802,2026-02-04,BKSC,BOKARO STL CITY,120.0,1178
12802,2026-02-04,PRR,PURULIA JN,102.0,1239
12802,2026-02-04,BBM,BARABHUM,111.0,1270
12802,2026-02-04,CNI,CHANDIL JN,103.0,1293
12802,2026-02-04,TATA,TATANAGAR JN,168.0,1329
12802,2026-02-04,GTS,GHATSILA,169.0,1365
12802,2026-02-04,HIJ,HIJILLI,179.0,1463
12802,2026-02-04,BLS,BALASORE,174.0,1575
12802,2026-02-04,BHC,BHADRAKH,165.0,1637
12802,2026-02-04,JJKR,JAJPUR K ROAD,166.0,1681
12802,2026-02-04,CTC,CUTTACK,198.0,1753
12802,2026-02-04,BBS,BHUBANESWAR,189.0,1781
12802,2026-02-04,KUR,KHURDA ROAD JN,204.0,1800
12802,2026-02-04,PURI,PURI,143.0,1843
12802,2026-02-05,ANVT,ANAND VIHAR TRM,0.0,0
12802,2026-02-05,GOY,GOVINDPURI,21.0,424
12802,2026-02-05,FTP,FATEHPUR,25.0,504
12802,2026-02-05,PRYJ,PRAYAGRAJ JN,8.0,621
12802,2026-02-05,BDL,VINDHYACHAL,,702
12802,2026-02-05,MZP,MIRZAPUR,13.0,710
12802,2026-02-05,CAR,CHUNAR,21.0,741
12802,2026-02-05,DDU,PT DEEN DAYAL UPADHYAY JN,0.0,773
12802,2026-02-05,BBU,BHABUA ROAD,8.0,826
12802,2026-02-05,SSM,SASARAM,30.0,873
12802,2026-02-05,DOS,DEHRI ON SONE,33.0,891
12802,2026-02-05,AUBR,ANUGRAHA N ROAD,35.0,908
12802,2026-02-05,GAYA,GAYA JN,29.0,976
12802,2026-02-05,PRP,PAHARPUR,22.0,1008
12802,2026-02-05,KQR,KODERMA,40.0,1052
12802,2026-02-05,HZD,HAZARIBAGH RD,42.0,1101
12802,2026-02-05,PNME,PARASNATH,51.0,1128
12802,2026-02-05,GMO,NSC BOSE J GOMO,53.0,1146
12802,2026-02-05,CRP,CHANDRAPURA,62.0,1163
12802,2026-02-05,BKSC,BOKARO STL CITY,52.0,1178
12802,2026-02-05,PRR,PURULIA JN,45.0,1239
12802,2026-02-05,BBM,BARABHUM,52.0,1270
12802,2026-02-05,CNI,CHANDIL JN,47.0,1293
12802,2026-02-05,TATA,TATANAGAR JN,127.0,1329
12802,2026-02-05,GTS,GHATSILA,134.0,1365
12802,2026-02-05,HIJ,HIJILLI,144.0,1463
12802,2026-02-05,BLS,BALASORE,144.0,1575
12802,2026-02-05,BHC,BHADRAKH,132.0,1637
12802,2026-02-05,JJKR,JAJPUR K ROAD,139.0,1681
12802,2026-02-05,CTC,CUTTACK,162.0,1753
12802,2026-02-05,BBS,BHUBANESWAR,170.0,1781
12802,2026-02-05,KUR,KHURDA ROAD JN,203.0,1800
12802,2026-02-05,PURI,PURI,160.0,1843
12802,2026-02-06,ANVT,ANAND VIHAR TRM,0.0,0
12802,2026-02-06,GOY,GOVINDPURI,0.0,424
12802,2026-02-06,FTP,FATEHPUR,11.0,504
12802,2026-02-06,PRYJ,PRAYAGRAJ JN,0.0,621
12802,2026-02-06,BDL,VINDHYACHAL,,702
12802,2026-02-06,MZP,MIRZAPUR,11.0,710
12802,2026-02-06,CAR,CHUNAR,18.0,741
12802,2026-02-06,DDU,PT DEEN DAYAL UPADHYAY JN,0.0,773
12802,2026-02-06,BBU,BHABUA ROAD,6.0,826
12802,2026-02-06,SSM,SASARAM,5.0,873
12802,2026-02-06,DOS,DEHRI ON SONE,7.0,891
12802,2026-02-06,AUBR,ANUGRAHA N ROAD,7.0,908
12802,2026-02-06,GAYA,GAYA JN,0.0,976
12802,2026-02-06,PRP,PAHARPUR,14.0,1008
12802,2026-02-06,KQR,KODERMA,27.0,1052
12802,2026-02-06,HZD,HAZARIBAGH RD,66.0,1101
12802,2026-02-06,PNME,PARASNATH,76.0,1128
12802,2026-02-06,GMO,NSC BOSE J GOMO,56.0,1146
12802,2026-02-06,CRP,CHANDRAPURA,57.0,1163
12802,2026-02-06,BKSC,BOKARO STL CITY,45.0,1178
12802,2026-02-06,PRR,PURULIA JN,38.0,1239
12802,2026-02-06,BBM,BARABHUM,41.0,1270
12802,2026-02-06,CNI,CHANDIL JN,39.0,1293
12802,2026-02-06,TATA,TATANAGAR JN,62.0,1329
12802,2026-02-06,GTS,GHATSILA,89.0,1365
12802,2026-02-06,HIJ,HIJILLI,91.0,1463
12802,2026-02-06,BLS,BALASORE,98.0,1575
12802,2026-02-06,BHC,BHADRAKH,83.0,1637
12802,2026-02-06,JJKR,JAJPUR K ROAD,90.0,1681
12802,2026-02-06,CTC,CUTTACK,123.0,1753
12802,2026-02-06,BBS,BHUBANESWAR,139.0,1781
12802,2026-02-06,KUR,KHURDA ROAD JN,173.0,1800
12802,2026-02-06,PURI,PURI,124.0,1843
12802,2026-02-07,ANVT,ANAND VIHAR TRM,1.0,0
12802,2026-02-07,GOY,GOVINDPURI,10.0,424
12802,2026-02-07,FTP,FATEHPUR,27.0,504
12802,2026-02-07,PRYJ,PRAYAGRAJ JN,1.0,621
12802,2026-02-07,BDL,VINDHYACHAL,,702
12802,2026-02-07,MZP,MIRZAPUR,7.0,710
12802,2026-02-07,CAR,CHUNAR,17.0,741
12802,2026-02-07,DDU,PT DEEN DAYAL UPADHYAY JN,0.0,773
12802,2026-02-07,BBU,BHABUA ROAD,9.0,826
12802,2026-02-07,SSM,SASARAM,28.0,873
12802,2026-02-07,DOS,DEHRI ON SONE,31.0,891
12802,2026-02-07,AUBR,ANUGRAHA N ROAD,33.0,908
12802,2026-02-07,GAYA,GAYA JN,26.0,976
12802,2026-02-07,PRP,PAHARPUR,18.0,1008
12802,2026-02-07,KQR,KODERMA,33.0,1052
12802,2026-02-07,HZD,HAZARIBAGH RD,36.0,1101
12802,2026-02-07,PNME,PARASNATH,37.0,1128
12802,2026-02-07,GMO,NSC BOSE J GOMO,31.0,1146
12802,2026-02-07,CRP,CHANDRAPURA,31.0,1163
12802,2026-02-07,BKSC,BOKARO STL CITY,21.0,1178
12802,2026-02-07,PRR,PURULIA JN,7.0,1239
12802,2026-02-07,BBM,BARABHUM,6.0,1270
12802,2026-02-07,CNI,CHANDIL JN,14.0,1293
12802,2026-02-07,TATA,TATANAGAR JN,0.0,1329
12802,2026-02-07,GTS,GHATSILA,0.0,1365
12802,2026-02-07,HIJ,HIJILLI,5.0,1463
12802,2026-02-07,BLS,BALASORE,8.0,1575
12802,2026-02-07,BHC,BHADRAKH,8.0,1637
12802,2026-02-07,JJKR,JAJPUR K ROAD,17.0,1681
12802,2026-02-07,CTC,CUTTACK,104.0,1753
12802,2026-02-07,BBS,BHUBANESWAR,101.0,1781
12802,2026-02-07,KUR,KHURDA ROAD JN,104.0,1800
12802,2026-02-07,PURI,PURI,51.0,1843
12802,2026-02-08,ANVT,ANAND VIHAR TRM,0.0,0
12802,2026-02-08,GOY,GOVINDPURI,0.0,424
12802,2026-02-08,FTP,FATEHPUR,12.0,504
12802,2026-02-08,PRYJ,PRAYAGRAJ JN,1.0,621
12802,2026-02-08,BDL,VINDHYACHAL,,702
12802,2026-02-08,MZP,MIRZAPUR,4.0,710
12802,2026-02-08,CAR,CHUNAR,8.0,741
12802,2026-02-08,DDU,PT DEEN DAYAL UPADHYAY JN,1.0,773
12802,2026-02-08,BBU,BHABUA ROAD,14.0,826
12802,2026-02-08,SSM,SASARAM,15.0,873
12802,2026-02-08,DOS,DEHRI ON SONE,21.0,891
12802,2026-02-08,AUBR,ANUGRAHA N ROAD,23.0,908
12802,2026-02-08,GAYA,GAYA JN,18.0,976
12802,2026-02-08,PRP,PAHARPUR,28.0,1008
12802,2026-02-08,KQR,KODERMA,35.0,1052
12802,2026-02-08,HZD,HAZARIBAGH RD,45.0,1101
12802,2026-02-08,PNME,PARASNATH,55.0,1128
12802,2026-02-08,GMO,NSC BOSE J GOMO,39.0,1146
12802,2026-02-08,CRP,CHANDRAPURA,39.0,1163
12802,2026-02-08,BKSC,BOKARO STL CITY,37.0,1178
12802,2026-02-08,PRR,PURULIA JN,30.0,1239
12802,2026-02-08,BBM,BARABHUM,28.0,1270
12802,2026-02-08,CNI,CHANDIL JN,20.0,1293
12802,2026-02-08,TATA,TATANAGAR JN,64.0,1329
12802,2026-02-08,GTS,GHATSILA,75.0,1365
12802,2026-02-08,HIJ,HIJILLI,63.0,1463
12802,2026-02-08,BLS,BALASORE,64.0,1575
12802,2026-02-08,BHC,BHADRAKH,71.0,1637
12802,2026-02-08,JJKR,JAJPUR K ROAD,82.0,1681
12802,2026-02-08,CTC,CUTTACK,122.0,1753
12802,2026-02-08,BBS,BHUBANESWAR,112.0,1781
12802,2026-02-08,KUR,KHURDA ROAD JN,119.0,1800
12802,2026-02-08,PURI,PURI,59.0,1843
12802,2026-02-09,ANVT,ANAND VIHAR TRM,0.0,0
12802,2026-02-09,GOY,GOVINDPURI,28.0,424
12802,2026-02-09,FTP,FATEHPUR,43.0,504
12802,2026-02-09,PRYJ,PRAYAGRAJ JN,0.0,621
12802,2026-02-09,BDL,VINDHYACHAL,,702
12802,2026-02-09,MZP,MIRZAPUR,11.0,710
12802,2026-02-09,CAR,CHUNAR,17.0,741
12802,2026-02-09,DDU,PT DEEN DAYAL UPADHYAY JN,0.0,773
12802,2026-02-09,BBU,BHABUA ROAD,8.0,826
12802,2026-02-09,SSM,SASARAM,8.0,873
12802,2026-02-09,DOS,DEHRI ON SONE,13.0,891
12802,2026-02-09,AUBR,ANUGRAHA N ROAD,19.0,908
12802,2026-02-09,GAYA,GAYA JN,15.0,976
12802,2026-02-09,PRP,PAHARPUR,11.0,1008
12802,2026-02-09,KQR,KODERMA,19.0,1052
12802,2026-02-09,HZD,HAZARIBAGH RD,37.0,1101
12802,2026-02-09,PNME,PARASNATH,46.0,1128
12802,2026-02-09,GMO,NSC BOSE J GOMO,31.0,1146
12802,2026-02-09,CRP,CHANDRAPURA,43.0,1163
12802,2026-02-09,BKSC,BOKARO STL CITY,55.0,1178
12802,2026-02-09,PRR,PURULIA JN,32.0,1239
12802,2026-02-09,BBM,BARABHUM,36.0,1270
12802,2026-02-09,CNI,CHANDIL JN,29.0,1293
12802,2026-02-09,TATA,TATANAGAR JN,30.0,1329
12802,2026-02-09,GTS,GHATSILA,37.0,1365
12802,2026-02-09,HIJ,HIJILLI,75.0,1463
12802,2026-02-09,BLS,BALASORE,77.0,1575
12802,2026-02-09,BHC,BHADRAKH,63.0,1637
12802,2026-02-09,JJKR,JAJPUR K ROAD,71.0,1681
12802,2026-02-09,CTC,CUTTACK,111.0,1753
12802,2026-02-09,BBS,BHUBANESWAR,115.0,1781
12802,2026-02-09,KUR,KHURDA ROAD JN,121.0,1800
12802,2026-02-09,PURI,PURI,83.0,1843
12802,2026-02-10,ANVT,ANAND VIHAR TRM,1.0,0
12802,2026-02-10,GOY,GOVINDPURI,17.0,424
12802,2026-02-10,FTP,FATEHPUR,28.0,504
12802,2026-02-10,PRYJ,PRAYAGRAJ JN,0.0,621
12802,2026-02-10,BDL,VINDHYACHAL,,702
12802,2026-02-10,MZP,MIRZAPUR,1.0,710
12802,2026-02-10,CAR,CHUNAR,5.0,741
12802,2026-02-10,DDU,PT DEEN DAYAL UPADHYAY JN,0.0,773
12802,2026-02-10,BBU,BHABUA ROAD,11.0,826
12802,2026-02-10,SSM,SASARAM,15.0,873
12802,2026-02-10,DOS,DEHRI ON SONE,29.0,891
12802,2026-02-10,AUBR,ANUGRAHA N ROAD,32.0,908
12802,2026-02-10,GAYA,GAYA JN,26.0,976
12802,2026-02-10,PRP,PAHARPUR,10.0,1008
12802,2026-02-10,KQR,KODERMA,39.0,1052
12802,2026-02-10,HZD,HAZARIBAGH RD,42.0,1101
12802,2026-02-10,PNME,PARASNATH,54.0,1128
12802,2026-02-10,GMO,NSC BOSE J GOMO,36.0,1146
12802,2026-02-10,CRP,CHANDRAPURA,38.0,1163
12802,2026-02-10,BKSC,BOKARO STL CITY,30.0,1178
12802,2026-02-10,PRR,PURULIA JN,14.0,1239
12802,2026-02-10,BBM,BARABHUM,22.0,1270
12802,2026-02-10,CNI,CHANDIL JN,12.0,1293
12802,2026-02-10,TATA,TATANAGAR JN,133.0,1329
12802,2026-02-10,GTS,GHATSILA,133.0,1365
12802,2026-02-10,HIJ,HIJILLI,132.0,1463
12802,2026-02-10,BLS,BALASORE,135.0,1575
12802,2026-02-10,BHC,BHADRAKH,126.0,1637
12802,2026-02-10,JJKR,JAJPUR K ROAD,157.0,1681
12802,2026-02-10,CTC,CUTTACK,205.0,1753
12802,2026-02-10,BBS,BHUBANESWAR,206.0,1781
12802,2026-02-10,KUR,KHURDA ROAD JN,209.0,1800
12802,2026-02-10,PURI,PURI,161.0,1843
12802,2026-02-11,ANVT,ANAND VIHAR TRM,0.0,0
12802,2026-02-11,GOY,GOVINDPURI,29.0,424
12802,2026-02-11,FTP,FATEHPUR,37.0,504
12802,2026-02-11,PRYJ,PRAYAGRAJ JN,1.0,621
12802,2026-02-11,BDL,VINDHYACHAL,,702
12802,2026-02-11,MZP,MIRZAPUR,2.0,710
12802,2026-02-11,CAR,CHUNAR,6.0,741
12802,2026-02-11,DDU,PT DEEN DAYAL UPADHYAY JN,2.0,773
12802,2026-02-11,BBU,BHABUA ROAD,9.0,826
12802,2026-02-11,SSM,SASARAM,9.0,873
12802,2026-02-11,DOS,DEHRI ON SONE,12.0,891
12802,2026-02-11,AUBR,ANUGRAHA N ROAD,14.0,908
12802,2026-02-11,GAYA,GAYA JN,8.0,976
12802,2026-02-11,PRP,PAHARPUR,3.0,1008
12802,2026-02-11,KQR,KODERMA,16.0,1052
12802,2026-02-11,HZD,HAZARIBAGH RD,19.0,1101
12802,2026-02-11,PNME,PARASNATH,35.0,1128
12802,2026-02-11,GMO,NSC BOSE J GOMO,15.0,1146
12802,2026-02-11,CRP,CHANDRAPURA,20.0,1163
12802,2026-02-11,BKSC,BOKARO STL CITY,22.0,1178
12802,2026-02-11,PRR,PURULIA JN,5.0,1239
12802,2026-02-11,BBM,BARABHUM,11.0,1270
12802,2026-02-11,CNI,CHANDIL JN,0.0,1293
12802,2026-02-11,TATA,TATANAGAR JN,78.0,1329
12802,2026-02-11,GTS,GHATSILA,87.0,1365
12802,2026-02-11,HIJ,HIJILLI,93.0,1463
12802,2026-02-11,BLS,BALASORE,89.0,1575
12802,2026-02-11,BHC,BHADRAKH,75.0,1637
12802,2026-02-11,JJKR,JAJPUR K ROAD,87.0,1681
12802,2026-02-11,CTC,CUTTACK,125.0,1753
12802,2026-02-11,BBS,BHUBANESWAR,124.0,1781
12802,2026-02-11,KUR,KHURDA ROAD JN,127.0,1800
12802,2026-02-11,PURI,PURI,96.0,1843
12802,2026-02-12,ANVT,ANAND VIHAR TRM,0.0,0
12802,2026-02-12,GOY,GOVINDPURI,7.0,424
12802,2026-02-12,FTP,FATEHPUR,34.0,504
12802,2026-02-12,PRYJ,PRAYAGRAJ JN,1.0,621
12802,2026-02-12,BDL,VINDHYACHAL,,702
12802,2026-02-12,MZP,MIRZAPUR,0.0,710
12802,2026-02-12,CAR,CHUNAR,23.0,741
12802,2026-02-12,DDU,PT DEEN DAYAL UPADHYAY JN,0.0,773
12802,2026-02-12,BBU,BHABUA ROAD,10.0,826
12802,2026-02-12,SSM,SASARAM,8.0,873
12802,2026-02-12,DOS,DEHRI ON SONE,11.0,891
12802,2026-02-12,AUBR,ANUGRAHA N ROAD,11.0,908
12802,2026-02-12,GAYA,GAYA JN,4.0,976
12802,2026-02-12,PRP,PAHARPUR,7.0,1008
12802,2026-02-12,KQR,KODERMA,28.0,1052
12802,2026-02-12,HZD,HAZARIBAGH RD,36.0,1101
12802,2026-02-12,PNME,PARASNATH,50.0,1128
12802,2026-02-12,GMO,NSC BOSE J GOMO,32.0,1146
12802,2026-02-12,CRP,CHANDRAPURA,31.0,1163
12802,2026-02-12,BKSC,BOKARO STL CITY,21.0,1178
12802,2026-02-12,PRR,PURULIA JN,50.0,1239
12802,2026-02-12,BBM,BARABHUM,56.0,1270
12802,2026-02-12,CNI,CHANDIL JN,50.0,1293
12802,2026-02-12,TATA,TATANAGAR JN,109.0,1329
12802,2026-02-12,GTS,GHATSILA,121.0,1365
12802,2026-02-12,HIJ,HIJILLI,117.0,1463
12802,2026-02-12,BLS,BALASORE,106.0,1575
12802,2026-02-12,BHC,BHADRAKH,116.0,1637
12802,2026-02-12,JJKR,JAJPUR K ROAD,130.0,1681
12802,2026-02-12,CTC,CUTTACK,159.0,1753
12802,2026-02-12,BBS,BHUBANESWAR,159.0,1781
12802,2026-02-12,KUR,KHURDA ROAD JN,169.0,1800
12802,2026-02-12,PURI,PURI,108.0,1843
12802,2026-02-13,ANVT,ANAND VIHAR TRM,1.0,0
12802,2026-02-13,GOY,GOVINDPURI,23.0,424
12802,2026-02-13,FTP,FATEHPUR,33.0,504
12802,2026-02-13,PRYJ,PRAYAGRAJ JN,1.0,621
12802,2026-02-13,BDL,VINDHYACHAL,,702
12802,2026-02-13,MZP,MIRZAPUR,19.0,710
12802,2026-02-13,CAR,CHUNAR,22.0,741
12802,2026-02-13,DDU,PT DEEN DAYAL UPADHYAY JN,0.0,773
12802,2026-02-13,BBU,BHABUA ROAD,14.0,826
12802,2026-02-13,SSM,SASARAM,15.0,873
12802,2026-02-13,DOS,DEHRI ON SONE,17.0,891
12802,2026-02-13,AUBR,ANUGRAHA N ROAD,19.0,908
12802,2026-02-13,GAYA,GAYA JN,20.0,976
12802,2026-02-13,PRP,PAHARPUR,4.0,1008
12802,2026-02-13,KQR,KODERMA,40.0,1052
12802,2026-02-13,HZD,HAZARIBAGH RD,55.0,1101
12802,2026-02-13,PNME,PARASNATH,53.0,1128
12802,2026-02-13,GMO,NSC BOSE J GOMO,49.0,1146
12802,2026-02-13,CRP,CHANDRAPURA,49.0,1163
12802,2026-02-13,BKSC,BOKARO STL CITY,43.0,1178
12802,2026-02-13,PRR,PURULIA JN,31.0,1239
12802,2026-02-13,BBM,BARABHUM,38.0,1270
12802,2026-02-13,CNI,CHANDIL JN,26.0,1293
12802,2026-02-13,TATA,TATANAGAR JN,10.0,1329
12802,2026-02-13,GTS,GHATSILA,34.0,1365
12802,2026-02-13,HIJ,HIJILLI,47.0,1463
12802,2026-02-13,BLS,BALASORE,23.0,1575
12802,2026-02-13,BHC,BHADRAKH,25.0,1637
12802,2026-02-13,JJKR,JAJPUR K ROAD,30.0,1681
12802,2026-02-13,CTC,CUTTACK,47.0,1753
12802,2026-02-13,BBS,BHUBANESWAR,51.0,1781
12802,2026-02-13,KUR,KHURDA ROAD JN,59.0,1800
12802,2026-02-13,PURI,PURI,4.0,1843
12802,2026-02-14,ANVT,ANAND VIHAR TRM,0.0,0
12802,2026-02-14,GOY,GOVINDPURI,1.0,424
12802,2026-02-14,FTP,FATEHPUR,25.0,504
12802,2026-02-14,PRYJ,PRAYAGRAJ JN,3.0,621
12802,2026-02-14,BDL,VINDHYACHAL,,702
12802,2026-02-14,MZP,MIRZAPUR,17.0,710
12802,2026-02-14,CAR,CHUNAR,26.0,741
12802,2026-02-14,DDU,PT DEEN DAYAL UPADHYAY JN,12.0,773
12802,2026-02-14,BBU,BHABUA ROAD,23.0,826
12802,2026-02-14,SSM,SASARAM,24.0,873
12802,2026-02-14,DOS,DEHRI ON SONE,29.0,891
12802,2026-02-14,AUBR,ANUGRAHA N ROAD,29.0,908
12802,2026-02-14,GAYA,GAYA JN,29.0,976
12802,2026-02-14,PRP,PAHARPUR,24.0,1008
12802,2026-02-14,KQR,KODERMA,29.0,1052
12802,2026-02-14,HZD,HAZARIBAGH RD,38.0,1101
12802,2026-02-14,PNME,PARASNATH,54.0,1128
12802,2026-02-14,GMO,NSC BOSE J GOMO,42.0,1146
12802,2026-02-14,CRP,CHANDRAPURA,47.0,1163
12802,2026-02-14,BKSC,BOKARO STL CITY,48.0,1178
12802,2026-02-14,PRR,PURULIA JN,37.0,1239
12802,2026-02-14,BBM,BARABHUM,38.0,1270
12802,2026-02-14,CNI,CHANDIL JN,31.0,1293
12802,2026-02-14,TATA,TATANAGAR JN,63.0,1329
12802,2026-02-14,GTS,GHATSILA,66.0,1365
12802,2026-02-14,HIJ,HIJILLI,68.0,1463
12802,2026-02-14,BLS,BALASORE,86.0,1575
12802,2026-02-14,BHC,BHADRAKH,95.0,1637
12802,2026-02-14,JJKR,JAJPUR K ROAD,102.0,1681
12802,2026-02-14,CTC,CUTTACK,166.0,1753
12802,2026-02-14,BBS,BHUBANESWAR,160.0,1781
12802,2026-02-14,KUR,KHURDA ROAD JN,182.0,1800
12802,2026-02-14,PURI,PURI,133.0,1843
12802,2026-02-15,ANVT,ANAND VIHAR TRM,0.0,0
12802,2026-02-15,GOY,GOVINDPURI,0.0,424
12802,2026-02-15,FTP,FATEHPUR,22.0,504
12802,2026-02-15,PRYJ,PRAYAGRAJ JN,0.0,621
12802,2026-02-15,BDL,VINDHYACHAL,,702
12802,2026-02-15,MZP,MIRZAPUR,1.0,710
12802,2026-02-15,CAR,CHUNAR,13.0,741
12802,2026-02-15,DDU,PT DEEN DAYAL UPADHYAY JN,0.0,773
12802,2026-02-15,BBU,BHABUA ROAD,11.0,826
12802,2026-02-15,SSM,SASARAM,12.0,873
12802,2026-02-15,DOS,DEHRI ON SONE,23.0,891
12802,2026-02-15,AUBR,ANUGRAHA N ROAD,23.0,908
12802,2026-02-15,GAYA,GAYA JN,32.0,976
12802,2026-02-15,PRP,PAHARPUR,34.0,1008
12802,2026-02-15,KQR,KODERMA,39.0,1052
12802,2026-02-15,HZD,HAZARIBAGH RD,51.0,1101
12802,2026-02-15,PNME,PARASNATH,57.0,1128
12802,2026-02-15,GMO,NSC BOSE J GOMO,41.0,1146
12802,2026-02-15,CRP,CHANDRAPURA,35.0,1163
12802,2026-02-15,BKSC,BOKARO STL CITY,33.0,1178
12802,2026-02-15,PRR,PURULIA JN,21.0,1239
12802,2026-02-15,BBM,BARABHUM,30.0,1270
12802,2026-02-15,CNI,CHANDIL JN,22.0,1293
12802,2026-02-15,TATA,TATANAGAR JN,2.0,1329
12802,2026-02-15,GTS,GHATSILA,25.0,1365
12802,2026-02-15,HIJ,HIJILLI,19.0,1463
12802,2026-02-15,BLS,BALASORE,52.0,1575
12802,2026-02-15,BHC,BHADRAKH,61.0,1637
12802,2026-02-15,JJKR,JAJPUR K ROAD,82.0,1681
12802,2026-02-15,CTC,CUTTACK,106.0,1753
12802,2026-02-15,BBS,BHUBANESWAR,119.0,1781
12802,2026-02-15,KUR,KHURDA ROAD JN,117.0,1800
12802,2026-02-15,PURI,PURI,50.0,1843
12802,2026-02-16,ANVT,ANAND VIHAR TRM,0.0,0
12802,2026-02-16,GOY,GOVINDPURI,2.0,424
12802,2026-02-16,FTP,FATEHPUR,26.0,504
12802,2026-02-16,PRYJ,PRAYAGRAJ JN,0.0,621
12802,2026-02-16,BDL,VINDHYACHAL,,702
12802,2026-02-16,MZP,MIRZAPUR,0.0,710
12802,2026-02-16,CAR,CHUNAR,1.0,741
12802,2026-02-16,DDU,PT DEEN DAYAL UPADHYAY JN,0.0,773
12802,2026-02-16,BBU,BHABUA ROAD,17.0,826
12802,2026-02-16,SSM,SASARAM,17.0,873
12802,2026-02-16,DOS,DEHRI ON SONE,22.0,891
12802,2026-02-16,AUBR,ANUGRAHA N ROAD,21.0,908
12802,2026-02-16,GAYA,GAYA JN,14.0,976
12802,2026-02-16,PRP,PAHARPUR,15.0,1008
12802,2026-02-16,KQR,KODERMA,24.0,1052
12802,2026-02-16,HZD,HAZARIBAGH RD,29.0,1101
12802,2026-02-16,PNME,PARASNATH,37.0,1128
12802,2026-02-16,GMO,NSC BOSE J GOMO,22.0,1146
12802,2026-02-16,CRP,CHANDRAPURA,21.0,1163
12802,2026-02-16,BKSC,BOKARO STL CITY,24.0,1178
12802,2026-02-16,PRR,PURULIA JN,38.0,1239
12802,2026-02-16,BBM,BARABHUM,42.0,1270
12802,2026-02-16,CNI,CHANDIL JN,31.0,1293
12802,2026-02-16,TATA,TATANAGAR JN,3.0,1329
12802,2026-02-16,GTS,GHATSILA,47.0,1365
12802,2026-02-16,HIJ,HIJILLI,62.0,1463
12802,2026-02-16,BLS,BALASORE,62.0,1575
12802,2026-02-16,BHC,BHADRAKH,52.0,1637
12802,2026-02-16,JJKR,JAJPUR K ROAD,54.0,1681
12802,2026-02-16,CTC,CUTTACK,96.0,1753
12802,2026-02-16,BBS,BHUBANESWAR,89.0,1781
12802,2026-02-16,KUR,KHURDA ROAD JN,89.0,1800
12802,2026-02-16,PURI,PURI,28.0,1843
12802,2026-02-17,ANVT,ANAND VIHAR TRM,0.0,0
12802,2026-02-17,GOY,GOVINDPURI,10.0,424
12802,2026-02-17,FTP,FATEHPUR,21.0,504
12802,2026-02-17,PRYJ,PRAYAGRAJ JN,3.0,621
12802,2026-02-17,BDL,VINDHYACHAL,,702
12802,2026-02-17,MZP,MIRZAPUR,12.0,710
12802,2026-02-17,CAR,CHUNAR,24.0,741
12802,2026-02-17,DDU,PT DEEN DAYAL UPADHYAY JN,1.0,773
12802,2026-02-17,BBU,BHABUA ROAD,10.0,826
12802,2026-02-17,SSM,SASARAM,26.0,873
12802,2026-02-17,DOS,DEHRI ON SONE,31.0,891
12802,2026-02-17,AUBR,ANUGRAHA N ROAD,31.0,908
12802,2026-02-17,GAYA,GAYA JN,26.0,976
12802,2026-02-17,PRP,PAHARPUR,21.0,1008
12802,2026-02-17,KQR,KODERMA,63.0,1052
12802,2026-02-17,HZD,HAZARIBAGH RD,66.0,1101
12802,2026-02-17,PNME,PARASNATH,72.0,1128
12802,2026-02-17,GMO,NSC BOSE J GOMO,53.0,1146
12802,2026-02-17,CRP,CHANDRAPURA,52.0,1163
12802,2026-02-17,BKSC,BOKARO STL CITY,37.0,1178
12802,2026-02-17,PRR,PURULIA JN,37.0,1239
12802,2026-02-17,BBM,BARABHUM,42.0,1270
12802,2026-02-17,CNI,CHANDIL JN,30.0,1293
12802,2026-02-17,TATA,TATANAGAR JN,71.0,1329
12802,2026-02-17,GTS,GHATSILA,78.0,1365
12802,2026-02-17,HIJ,HIJILLI,109.0,1463
12802,2026-02-17,BLS,BALASORE,90.0,1575
12802,2026-02-17,BHC,BHADRAKH,103.0,1637
12802,2026-02-17,JJKR,JAJPUR K ROAD,111.0,1681
12802,2026-02-17,CTC,CUTTACK,136.0,1753
12802,2026-02-17,BBS,BHUBANESWAR,147.0,1781
12802,2026-02-17,KUR,KHURDA ROAD JN,153.0,1800
12802,2026-02-17,PURI,PURI,95.0,1843
12802,2026-02-18,ANVT,ANAND VIHAR TRM,0.0,0
12802,2026-02-18,GOY,GOVINDPURI,20.0,424
12802,2026-02-18,FTP,FATEHPUR,34.0,504
12802,2026-02-18,PRYJ,PRAYAGRAJ JN,8.0,621
12802,2026-02-18,BDL,VINDHYACHAL,,702
12802,2026-02-18,MZP,MIRZAPUR,19.0,710
12802,2026-02-18,CAR,CHUNAR,23.0,741
12802,2026-02-18,DDU,PT DEEN DAYAL UPADHYAY JN,2.0,773
12802,2026-02-18,BBU,BHABUA ROAD,13.0,826
12802,2026-02-18,SSM,SASARAM,19.0,873
12802,2026-02-18,DOS,DEHRI ON SONE,40.0,891
12802,2026-02-18,AUBR,ANUGRAHA N ROAD,40.0,908
12802,2026-02-18,GAYA,GAYA JN,38.0,976
12802,2026-02-18,PRP,PAHARPUR,55.0,1008
12802,2026-02-18,KQR,KODERMA,60.0,1052
12802,2026-02-18,HZD,HAZARIBAGH RD,70.0,1101
12802,2026-02-18,PNME,PARASNATH,78.0,1128
12802,2026-02-18,GMO,NSC BOSE J GOMO,60.0,1146
12802,2026-02-18,CRP,CHANDRAPURA,61.0,1163
12802,2026-02-18,BKSC,BOKARO STL CITY,45.0,1178
12802,2026-02-18,PRR,PURULIA JN,44.0,1239
12802,2026-02-18,BBM,BARABHUM,49.0,1270
12802,2026-02-18,CNI,CHANDIL JN,45.0,1293
12802,2026-02-18,TATA,TATANAGAR JN,41.0,1329
12802,2026-02-18,GTS,GHATSILA,64.0,1365
12802,2026-02-18,HIJ,HIJILLI,60.0,1463
12802,2026-02-18,BLS,BALASORE,60.0,1575
12802,2026-02-18,BHC,BHADRAKH,49.0,1637
12802,2026-02-18,JJKR,JAJPUR K ROAD,59.0,1681
12802,2026-02-18,CTC,CUTTACK,94.0,1753
12802,2026-02-18,BBS,BHUBANESWAR,111.0,1781
12802,2026-02-18,KUR,KHURDA ROAD JN,121.0,1800
12802,2026-02-18,PURI,PURI,71.0,1843
12802,2026-02-19,ANVT,ANAND VIHAR TRM,0.0,0
12802,2026-02-19,GOY,GOVINDPURI,0.0,424
12802,2026-02-19,FTP,FATEHPUR,33.0,504
12802,2026-02-19,PRYJ,PRAYAGRAJ JN,4.0,621
12802,2026-02-19,BDL,VINDHYACHAL,,702
12802,2026-02-19,MZP,MIRZAPUR,15.0,710
12802,2026-02-19,CAR,CHUNAR,19.0,741
12802,2026-02-19,DDU,PT DEEN DAYAL UPADHYAY JN,1.0,773
12802,2026-02-19,BBU,BHABUA ROAD,12.0,826
12802,2026-02-19,SSM,SASARAM,16.0,873
12802,2026-02-19,DOS,DEHRI ON SONE,20.0,891
12802,2026-02-19,AUBR,ANUGRAHA N ROAD,19.0,908
12802,2026-02-19,GAYA,GAYA JN,18.0,976
12802,2026-02-19,PRP,PAHARPUR,18.0,1008
12802,2026-02-19,KQR,KODERMA,22.0,1052
12802,2026-02-19,HZD,HAZARIBAGH RD,25.0,1101
12802,2026-02-19,PNME,PARASNATH,34.0,1128
12802,2026-02-19,GMO,NSC BOSE J GOMO,15.0,1146
12802,2026-02-19,CRP,CHANDRAPURA,28.0,1163
12802,2026-02-19,BKSC,BOKARO STL CITY,13.0,1178
12802,2026-02-19,PRR,PURULIA JN,6.0,1239
12802,2026-02-19,BBM,BARABHUM,12.0,1270
12802,2026-02-19,CNI,CHANDIL JN,0.0,1293
12802,2026-02-19,TATA,TATANAGAR JN,112.0,1329
12802,2026-02-19,GTS,GHATSILA,129.0,1365
12802,2026-02-19,HIJ,HIJILLI,140.0,1463
12802,2026-02-19,BLS,BALASORE,138.0,1575
12802,2026-02-19,BHC,BHADRAKH,137.0,1637
12802,2026-02-19,JJKR,JAJPUR K ROAD,139.0,1681
12802,2026-02-19,CTC,CUTTACK,177.0,1753
12802,2026-02-19,BBS,BHUBANESWAR,180.0,1781
12802,2026-02-19,KUR,KHURDA ROAD JN,192.0,1800
12802,2026-02-19,PURI,PURI,130.0,1843
12802,2026-02-20,ANVT,ANAND VIHAR TRM,0.0,0
12802,2026-02-20,GOY,GOVINDPURI,29.0,424
12802,2026-02-20,FTP,FATEHPUR,37.0,504
12802,2026-02-20,PRYJ,PRAYAGRAJ JN,10.0,621
12802,2026-02-20,BDL,VINDHYACHAL,,702
12802,2026-02-20,MZP,MIRZAPUR,16.0,710
12802,2026-02-20,CAR,CHUNAR,22.0,741
12802,2026-02-20,DDU,PT DEEN DAYAL UPADHYAY JN,0.0,773
12802,2026-02-20,BBU,BHABUA ROAD,15.0,826
12802,2026-02-20,SSM,SASARAM,19.0,873
12802,2026-02-20,DOS,DEHRI ON SONE,22.0,891
12802,2026-02-20,AUBR,ANUGRAHA N ROAD,36.0,908
12802,2026-02-20,GAYA,GAYA JN,37.0,976
12802,2026-02-20,PRP,PAHARPUR,35.0,1008
12802,2026-02-20,KQR,KODERMA,38.0,1052
12802,2026-02-20,HZD,HAZARIBAGH RD,43.0,1101
12802,2026-02-20,PNME,PARASNATH,65.0,1128
12802,2026-02-20,GMO,NSC BOSE J GOMO,57.0,1146
12802,2026-02-20,CRP,CHANDRAPURA,57.0,1163
12802,2026-02-20,BKSC,BOKARO STL CITY,45.0,1178
12802,2026-02-20,PRR,PURULIA JN,33.0,1239
12802,2026-02-20,BBM,BARABHUM,42.0,1270
12802,2026-02-20,CNI,CHANDIL JN,38.0,1293
12802,2026-02-20,TATA,TATANAGAR JN,96.0,1329
12802,2026-02-20,GTS,GHATSILA,118.0,1365
12802,2026-02-20,HIJ,HIJILLI,115.0,1463
12802,2026-02-20,BLS,BALASORE,109.0,1575
12802,2026-02-20,BHC,BHADRAKH,98.0,1637
12802,2026-02-20,JJKR,JAJPUR K ROAD,109.0,1681
12802,2026-02-20,CTC,CUTTACK,157.0,1753
12802,2026-02-20,BBS,BHUBANESWAR,167.0,1781
12802,2026-02-20,KUR,KHURDA ROAD JN,176.0,1800
12802,2026-02-20,PURI,PURI,122.0,1843
12802,2026-02-21,ANVT,ANAND VIHAR TRM,1.0,0
12802,2026-02-21,GOY,GOVINDPURI,22.0,424
12802,2026-02-21,FTP,FATEHPUR,36.0,504
12802,2026-02-21,PRYJ,PRAYAGRAJ JN,5.0,621
12802,2026-02-21,BDL,VINDHYACHAL,,702
12802,2026-02-21,MZP,MIRZAPUR,2.0,710
12802,2026-02-21,CAR,CHUNAR,11.0,741
12802,2026-02-21,DDU,PT DEEN DAYAL UPADHYAY JN,0.0,773
12802,2026-02-21,BBU,BHABUA ROAD,14.0,826
12802,2026-02-21,SSM,SASARAM,14.0,873
12802,2026-02-21,DOS,DEHRI ON SONE,18.0,891
12802,2026-02-21,AUBR,ANUGRAHA N ROAD,15.0,908
12802,2026-02-21,GAYA,GAYA JN,15.0,976
12802,2026-02-21,PRP,PAHARPUR,12.0,1008
12802,2026-02-21,KQR,KODERMA,35.0,1052
12802,2026-02-21,HZD,HAZARIBAGH RD,47.0,1101
12802,2026-02-21,PNME,PARASNATH,46.0,1128
12802,2026-02-21,GMO,NSC BOSE J GOMO,30.0,1146
12802,2026-02-21,CRP,CHANDRAPURA,36.0,1163
12802,2026-02-21,BKSC,BOKARO STL CITY,31.0,1178
12802,2026-02-21,PRR,PURULIA JN,10.0,1239
12802,2026-02-21,BBM,BARABHUM,20.0,1270
12802,2026-02-21,CNI,CHANDIL JN,6.0,1293
12802,2026-02-21,TATA,TATANAGAR JN,97.0,1329
12802,2026-02-21,GTS,GHATSILA,77.0,1365
12802,2026-02-21,HIJ,HIJILLI,78.0,1463
12802,2026-02-21,BLS,BALASORE,89.0,1575
12802,2026-02-21,BHC,BHADRAKH,75.0,1637
12802,2026-02-21,JJKR,JAJPUR K ROAD,78.0,1681
12802,2026-02-21,CTC,CUTTACK,99.0,1753
12802,2026-02-21,BBS,BHUBANESWAR,98.0,1781
12802,2026-02-21,KUR,KHURDA ROAD JN,102.0,1800
12802,2026-02-21,PURI,PURI,58.0,1843
12802,2026-02-22,ANVT,ANAND VIHAR TRM,0.0,0
12802,2026-02-22,GOY,GOVINDPURI,4.0,424
12802,2026-02-22,FTP,FATEHPUR,43.0,504
12802,2026-02-22,PRYJ,PRAYAGRAJ JN,2.0,621
12802,2026-02-22,BDL,VINDHYACHAL,,702
12802,2026-02-22,MZP,MIRZAPUR,17.0,710
12802,2026-02-22,CAR,CHUNAR,26.0,741
12802,2026-02-22,DDU,PT DEEN DAYAL UPADHYAY JN,0.0,773
12802,2026-02-22,BBU,BHABUA ROAD,8.0,826
12802,2026-02-22,SSM,SASARAM,7.0,873
12802,2026-02-22,DOS,DEHRI ON SONE,8.0,891
12802,2026-02-22,AUBR,ANUGRAHA N ROAD,6.0,908
12802,2026-02-22,GAYA,GAYA JN,3.0,976
12802,2026-02-22,PRP,PAHARPUR,4.0,1008
12802,2026-02-22,KQR,KODERMA,13.0,1052
12802,2026-02-22,HZD,HAZARIBAGH RD,16.0,1101
12802,2026-02-22,PNME,PARASNATH,22.0,1128
12802,2026-02-22,GMO,NSC BOSE J GOMO,9.0,1146
12802,2026-02-22,CRP,CHANDRAPURA,7.0,1163
12802,2026-02-22,BKSC,BOKARO STL CITY,24.0,1178
12802,2026-02-22,PRR,PURULIA JN,20.0,1239
12802,2026-02-22,BBM,BARABHUM,31.0,1270
12802,2026-02-22,CNI,CHANDIL JN,24.0,1293
12802,2026-02-22,TATA,TATANAGAR JN,67.0,1329
12802,2026-02-22,GTS,GHATSILA,69.0,1365
12802,2026-02-22,HIJ,HIJILLI,55.0,1463
12802,2026-02-22,BLS,BALASORE,54.0,1575
12802,2026-02-22,BHC,BHADRAKH,39.0,1637
12802,2026-02-22,JJKR,JAJPUR K ROAD,46.0,1681
12802,2026-02-22,CTC,CUTTACK,76.0,1753
12802,2026-02-22,BBS,BHUBANESWAR,74.0,1781
12802,2026-02-22,KUR,KHURDA ROAD JN,76.0,1800
12802,2026-02-22,PURI,PURI,26.0,1843
12802,2026-02-23,ANVT,ANAND VIHAR TRM,0.0,0
12802,2026-02-23,GOY,GOVINDPURI,15.0,424
12802,2026-02-23,FTP,FATEHPUR,28.0,504
12802,2026-02-23,PRYJ,PRAYAGRAJ JN,4.0,621
12802,2026-02-23,BDL,VINDHYACHAL,,702
12802,2026-02-23,MZP,MIRZAPUR,37.0,710
12802,2026-02-23,CAR,CHUNAR,41.0,741
12802,2026-02-23,DDU,PT DEEN DAYAL UPADHYAY JN,6.0,773
12802,2026-02-23,BBU,BHABUA ROAD,23.0,826
12802,2026-02-23,SSM,SASARAM,24.0,873
12802,2026-02-23,DOS,DEHRI ON SONE,24.0,891
12802,2026-02-23,AUBR,ANUGRAHA N ROAD,22.0,908
12802,2026-02-23,GAYA,GAYA JN,15.0,976
12802,2026-02-23,PRP,PAHARPUR,10.0,1008
12802,2026-02-23,KQR,KODERMA,27.0,1052
12802,2026-02-23,HZD,HAZARIBAGH RD,19.0,1101
12802,2026-02-23,PNME,PARASNATH,31.0,1128
12802,2026-02-23,GMO,NSC BOSE J GOMO,21.0,1146
12802,2026-02-23,CRP,CHANDRAPURA,12.0,1163
12802,2026-02-23,BKSC,BOKARO STL CITY,9.0,1178
12802,2026-02-23,PRR,PURULIA JN,2.0,1239
12802,2026-02-23,BBM,BARABHUM,18.0,1270
12802,2026-02-23,CNI,CHANDIL JN,9.0,1293
12802,2026-02-23,TATA,TATANAGAR JN,0.0,1329
12802,2026-02-23,GTS,GHATSILA,0.0,1365
12802,2026-02-23,HIJ,HIJILLI,15.0,1463
12802,2026-02-23,BLS,BALASORE,7.0,1575
12802,2026-02-23,BHC,BHADRAKH,11.0,1637
12802,2026-02-23,JJKR,JAJPUR K ROAD,32.0,1681
12802,2026-02-23,CTC,CUTTACK,47.0,1753
12802,2026-02-23,BBS,BHUBANESWAR,50.0,1781
12802,2026-02-23,KUR,KHURDA ROAD JN,60.0,1800
12802,2026-02-23,PURI,PURI,0.0,1843
12802,2026-02-24,ANVT,ANAND VIHAR TRM,5.0,0
12802,2026-02-24,GOY,GOVINDPURI,13.0,424
12802,2026-02-24,FTP,FATEHPUR,44.0,504
12802,2026-02-24,PRYJ,PRAYAGRAJ JN,12.0,621
12802,2026-02-24,BDL,VINDHYACHAL,,702
12802,2026-02-24,MZP,MIRZAPUR,22.0,710
12802,2026-02-24,CAR,CHUNAR,25.0,741
12802,2026-02-24,DDU,PT DEEN DAYAL UPADHYAY JN,0.0,773
12802,2026-02-24,BBU,BHABUA ROAD,34.0,826
12802,2026-02-24,SSM,SASARAM,34.0,873
12802,2026-02-24,DOS,DEHRI ON SONE,36.0,891
12802,2026-02-24,AUBR,ANUGRAHA N ROAD,36.0,908
12802,2026-02-24,GAYA,GAYA JN,44.0,976
12802,2026-02-24,PRP,PAHARPUR,40.0,1008
12802,2026-02-24,KQR,KODERMA,49.0,1052
12802,2026-02-24,HZD,HAZARIBAGH RD,57.0,1101
12802,2026-02-24,PNME,PARASNATH,63.0,1128
12802,2026-02-24,GMO,NSC BOSE J GOMO,44.0,1146
12802,2026-02-24,CRP,CHANDRAPURA,48.0,1163
12802,2026-02-24,BKSC,BOKARO STL CITY,54.0,1178
12802,2026-02-24,PRR,PURULIA JN,38.0,1239
12802,2026-02-24,BBM,BARABHUM,43.0,1270
12802,2026-02-24,CNI,CHANDIL JN,29.0,1293
12802,2026-02-24,TATA,TATANAGAR JN,84.0,1329
12802,2026-02-24,GTS,GHATSILA,131.0,1365
12802,2026-02-24,HIJ,HIJILLI,121.0,1463
12802,2026-02-24,BLS,BALASORE,118.0,1575
12802,2026-02-24,BHC,BHADRAKH,116.0,1637
12802,2026-02-24,JJKR,JAJPUR K ROAD,120.0,1681
12802,2026-02-24,CTC,CUTTACK,172.0,1753
12802,2026-02-24,BBS,BHUBANESWAR,169.0,1781
12802,2026-02-24,KUR,KHURDA ROAD JN,173.0,1800
12802,2026-02-24,PURI,PURI,116.0,1843
12802,2026-02-25,ANVT,ANAND VIHAR TRM,0.0,0
12802,2026-02-25,GOY,GOVINDPURI,27.0,424
12802,2026-02-25,FTP,FATEHPUR,41.0,504
12802,2026-02-25,PRYJ,PRAYAGRAJ JN,15.0,621
12802,2026-02-25,BDL,VINDHYACHAL,,702
12802,2026-02-25,MZP,MIRZAPUR,13.0,710
12802,2026-02-25,CAR,CHUNAR,14.0,741
12802,2026-02-25,DDU,PT DEEN DAYAL UPADHYAY JN,0.0,773
12802,2026-02-25,BBU,BHABUA ROAD,12.0,826
12802,2026-02-25,SSM,SASARAM,12.0,873
12802,2026-02-25,DOS,DEHRI ON SONE,18.0,891
12802,2026-02-25,AUBR,ANUGRAHA N ROAD,18.0,908
12802,2026-02-25,GAYA,GAYA JN,17.0,976
12802,2026-02-25,PRP,PAHARPUR,11.0,1008
12802,2026-02-25,KQR,KODERMA,19.0,1052
12802,2026-02-25,HZD,HAZARIBAGH RD,12.0,1101
12802,2026-02-25,PNME,PARASNATH,24.0,1128
12802,2026-02-25,GMO,NSC BOSE J GOMO,16.0,1146
12802,2026-02-25,CRP,CHANDRAPURA,16.0,1163
12802,2026-02-25,BKSC,BOKARO STL CITY,30.0,1178
12802,2026-02-25,PRR,PURULIA JN,15.0,1239
12802,2026-02-25,BBM,BARABHUM,20.0,1270
12802,2026-02-25,CNI,CHANDIL JN,8.0,1293
12802,2026-02-25,TATA,TATANAGAR JN,3.0,1329
12802,2026-02-25,GTS,GHATSILA,19.0,1365
12802,2026-02-25,HIJ,HIJILLI,21.0,1463
12802,2026-02-25,BLS,BALASORE,80.0,1575
12802,2026-02-25,BHC,BHADRAKH,81.0,1637
12802,2026-02-25,JJKR,JAJPUR K ROAD,83.0,1681
12802,2026-02-25,CTC,CUTTACK,109.0,1753
12802,2026-02-25,BBS,BHUBANESWAR,115.0,1781
12802,2026-02-25,KUR,KHURDA ROAD JN,110.0,1800
12802,2026-02-25,PURI,PURI,60.0,1843
12802,2026-02-26,ANVT,ANAND VIHAR TRM,1.0,0
12802,2026-02-26,GOY,GOVINDPURI,1.0,424
12802,2026-02-26,FTP,FATEHPUR,9.0,504
12802,2026-02-26,PRYJ,PRAYAGRAJ JN,1.0,621
12802,2026-02-26,BDL,VINDHYACHAL,,702
12802,2026-02-26,MZP,MIRZAPUR,11.0,710
12802,2026-02-26,CAR,CHUNAR,18.0,741
12802,2026-02-26,DDU,PT DEEN DAYAL UPADHYAY JN,1.0,773
12802,2026-02-26,BBU,BHABUA ROAD,16.0,826
12802,2026-02-26,SSM,SASARAM,20.0,873
12802,2026-02-26,DOS,DEHRI ON SONE,20.0,891
12802,2026-02-26,AUBR,ANUGRAHA N ROAD,20.0,908
12802,2026-02-26,GAYA,GAYA JN,18.0,976
12802,2026-02-26,PRP,PAHARPUR,22.0,1008
12802,2026-02-26,KQR,KODERMA,32.0,1052
12802,2026-02-26,HZD,HAZARIBAGH RD,24.0,1101
12802,2026-02-26,PNME,PARASNATH,39.0,1128
12802,2026-02-26,GMO,NSC BOSE J GOMO,27.0,1146
12802,2026-02-26,CRP,CHANDRAPURA,21.0,1163
12802,2026-02-26,BKSC,BOKARO STL CITY,16.0,1178
12802,2026-02-26,PRR,PURULIA JN,1.0,1239
12802,2026-02-26,BBM,BARABHUM,7.0,1270
12802,2026-02-26,CNI,CHANDIL JN,1.0,1293
12802,2026-02-26,TATA,TATANAGAR JN,1.0,1329
12802,2026-02-26,GTS,GHATSILA,0.0,1365
12802,2026-02-26,HIJ,HIJILLI,96.0,1463
12802,2026-02-26,BLS,BALASORE,119.0,1575
12802,2026-02-26,BHC,BHADRAKH,145.0,1637
12802,2026-02-26,JJKR,JAJPUR K ROAD,162.0,1681
12802,2026-02-26,CTC,CUTTACK,209.0,1753
12802,2026-02-26,BBS,BHUBANESWAR,212.0,1781
12802,2026-02-26,KUR,KHURDA ROAD JN,204.0,1800
12802,2026-02-26,PURI,PURI,131.0,1843
12802,2026-02-27,ANVT,ANAND VIHAR TRM,0.0,0
12802,2026-02-27,GOY,GOVINDPURI,13.0,424
12802,2026-02-27,FTP,FATEHPUR,37.0,504
12802,2026-02-27,PRYJ,PRAYAGRAJ JN,31.0,621
12802,2026-02-27,BDL,VINDHYACHAL,,702
12802,2026-02-27,MZP,MIRZAPUR,23.0,710
12802,2026-02-27,CAR,CHUNAR,23.0,741
12802,2026-02-27,DDU,PT DEEN DAYAL UPADHYAY JN,0.0,773
12802,2026-02-27,BBU,BHABUA ROAD,8.0,826
12802,2026-02-27,SSM,SASARAM,8.0,873
12802,2026-02-27,DOS,DEHRI ON SONE,10.0,891
12802,2026-02-27,AUBR,ANUGRAHA N ROAD,9.0,908
12802,2026-02-27,GAYA,GAYA JN,10.0,976
12802,2026-02-27,PRP,PAHARPUR,14.0,1008
12802,2026-02-27,KQR,KODERMA,19.0,1052
12802,2026-02-27,HZD,HAZARIBAGH RD,22.0,1101
12802,2026-02-27,PNME,PARASNATH,33.0,1128
12802,2026-02-27,GMO,NSC BOSE J GOMO,17.0,1146
12802,2026-02-27,CRP,CHANDRAPURA,16.0,1163
12802,2026-02-27,BKSC,BOKARO STL CITY,5.0,1178
12802,2026-02-27,PRR,PURULIA JN,0.0,1239
12802,2026-02-27,BBM,BARABHUM,9.0,1270
12802,2026-02-27,CNI,CHANDIL JN,22.0,1293
12802,2026-02-27,TATA,TATANAGAR JN,67.0,1329
12802,2026-02-27,GTS,GHATSILA,98.0,1365
12802,2026-02-27,HIJ,HIJILLI,95.0,1463
12802,2026-02-27,BLS,BALASORE,94.0,1575
12802,2026-02-27,BHC,BHADRAKH,81.0,1637
12802,2026-02-27,JJKR,JAJPUR K ROAD,86.0,1681
12802,2026-02-27,CTC,CUTTACK,111.0,1753
12802,2026-02-27,BBS,BHUBANESWAR,109.0,1781
12802,2026-02-27,KUR,KHURDA ROAD JN,140.0,1800
12802,2026-02-27,PURI,PURI,84.0,1843
12802,2026-02-28,ANVT,ANAND VIHAR TRM,10.0,0
12802,2026-02-28,GOY,GOVINDPURI,10.0,424
12802,2026-02-28,FTP,FATEHPUR,35.0,504
12802,2026-02-28,PRYJ,PRAYAGRAJ JN,11.0,621
12802,2026-02-28,BDL,VINDHYACHAL,,702
12802,2026-02-28,MZP,MIRZAPUR,23.0,710
12802,2026-02-28,CAR,CHUNAR,31.0,741
12802,2026-02-28,DDU,PT DEEN DAYAL UPADHYAY JN,1.0,773
12802,2026-02-28,BBU,BHABUA ROAD,23.0,826
12802,2026-02-28,SSM,SASARAM,27.0,873
12802,2026-02-28,DOS,DEHRI ON SONE,27.0,891
12802,2026-02-28,AUBR,ANUGRAHA N ROAD,28.0,908
12802,2026-02-28,GAYA,GAYA JN,18.0,976
12802,2026-02-28,PRP,PAHARPUR,25.0,1008
12802,2026-02-28,KQR,KODERMA,39.0,1052
12802,2026-02-28,HZD,HAZARIBAGH RD,37.0,1101
12802,2026-02-28,PNME,PARASNATH,61.0,1128
12802,2026-02-28,GMO,NSC BOSE J GOMO,54.0,1146
12802,2026-02-28,CRP,CHANDRAPURA,53.0,1163
12802,2026-02-28,BKSC,BOKARO STL CITY,38.0,1178
12802,2026-02-28,PRR,PURULIA JN,18.0,1239
12802,2026-02-28,BBM,BARABHUM,27.0,1270
12802,2026-02-28,CNI,CHANDIL JN,18.0,1293
12802,2026-02-28,TATA,TATANAGAR JN,72.0,1329
12802,2026-02-28,GTS,GHATSILA,54.0,1365
12802,2026-02-28,HIJ,HIJILLI,79.0,1463
12802,2026-02-28,BLS,BALASORE,50.0,1575
12802,2026-02-28,BHC,BHADRAKH,63.0,1637
12802,2026-02-28,JJKR,JAJPUR K ROAD,65.0,1681
12802,2026-02-28,CTC,CUTTACK,72.0,1753
12802,2026-02-28,BBS,BHUBANESWAR,55.0,1781
12802,2026-02-28,KUR,KHURDA ROAD JN,63.0,1800
12802,2026-02-28,PURI,PURI,20.0,1843
12802,2026-03-01,ANVT,ANAND VIHAR TRM,0.0,0
12802,2026-03-01,GOY,GOVINDPURI,8.0,424
12802,2026-03-01,FTP,FATEHPUR,46.0,504
12802,2026-03-01,PRYJ,PRAYAGRAJ JN,8.0,621
12802,2026-03-01,BDL,VINDHYACHAL,,702
12802,2026-03-01,MZP,MIRZAPUR,16.0,710
12802,2026-03-01,CAR,CHUNAR,24.0,741
12802,2026-03-01,DDU,PT DEEN DAYAL UPADHYAY JN,1.0,773
12802,2026-03-01,BBU,BHABUA ROAD,12.0,826
12802,2026-03-01,SSM,SASARAM,14.0,873
12802,2026-03-01,DOS,DEHRI ON SONE,17.0,891
12802,2026-03-01,AUBR,ANUGRAHA N ROAD,17.0,908
12802,2026-03-01,GAYA,GAYA JN,25.0,976
12802,2026-03-01,PRP,PAHARPUR,18.0,1008
12802,2026-03-01,KQR,KODERMA,22.0,1052
12802,2026-03-01,HZD,HAZARIBAGH RD,24.0,1101
12802,2026-03-01,PNME,PARASNATH,36.0,1128
12802,2026-03-01,GMO,NSC BOSE J GOMO,37.0,1146
12802,2026-03-01,CRP,CHANDRAPURA,36.0,1163
12802,2026-03-01,BKSC,BOKARO STL CITY,27.0,1178
12802,2026-03-01,PRR,PURULIA JN,20.0,1239
12802,2026-03-01,BBM,BARABHUM,20.0,1270
12802,2026-03-01,CNI,CHANDIL JN,8.0,1293
12802,2026-03-01,TATA,TATANAGAR JN,48.0,1329
12802,2026-03-01,GTS,GHATSILA,55.0,1365
12802,2026-03-01,HIJ,HIJILLI,96.0,1463
12802,2026-03-01,BLS,BALASORE,122.0,1575
12802,2026-03-01,BHC,BHADRAKH,117.0,1637
12802,2026-03-01,JJKR,JAJPUR K ROAD,120.0,1681
12802,2026-03-01,CTC,CUTTACK,146.0,1753
12802,2026-03-01,BBS,BHUBANESWAR,144.0,1781
12802,2026-03-01,KUR,KHURDA ROAD JN,158.0,1800
12802,2026-03-01,PURI,PURI,107.0,1843
12802,2026-03-02,ANVT,ANAND VIHAR TRM,0.0,0
12802,2026-03-02,GOY,GOVINDPURI,91.0,424
12802,2026-03-02,FTP,FATEHPUR,91.0,504
12802,2026-03-02,PRYJ,PRAYAGRAJ JN,55.0,621
12802,2026-03-02,BDL,VINDHYACHAL,,702
12802,2026-03-02,MZP,MIRZAPUR,47.0,710
12802,2026-03-02,CAR,CHUNAR,47.0,741
12802,2026-03-02,DDU,PT DEEN DAYAL UPADHYAY JN,41.0,773
12802,2026-03-02,BBU,BHABUA ROAD,53.0,826
12802,2026-03-02,SSM,SASARAM,54.0,873
12802,2026-03-02,DOS,DEHRI ON SONE,56.0,891
12802,2026-03-02,AUBR,ANUGRAHA N ROAD,55.0,908
12802,2026-03-02,GAYA,GAYA JN,54.0,976
12802,2026-03-02,PRP,PAHARPUR,50.0,1008
12802,2026-03-02,KQR,KODERMA,57.0,1052
12802,2026-03-02,HZD,HAZARIBAGH RD,50.0,1101
12802,2026-03-02,PNME,PARASNATH,48.0,1128
12802,2026-03-02,GMO,NSC BOSE J GOMO,52.0,1146
12802,2026-03-02,CRP,CHANDRAPURA,49.0,1163
12802,2026-03-02,BKSC,BOKARO STL CITY,50.0,1178
12802,2026-03-02,PRR,PURULIA JN,33.0,1239
12802,2026-03-02,BBM,BARABHUM,36.0,1270
12802,2026-03-02,CNI,CHANDIL JN,40.0,1293
12802,2026-03-02,TATA,TATANAGAR JN,15.0,1329
12802,2026-03-02,GTS,GHATSILA,55.0,1365
12802,2026-03-02,HIJ,HIJILLI,85.0,1463
12802,2026-03-02,BLS,BALASORE,79.0,1575
12802,2026-03-02,BHC,BHADRAKH,74.0,1637
12802,2026-03-02,JJKR,JAJPUR K ROAD,86.0,1681
12802,2026-03-02,CTC,CUTTACK,120.0,1753
12802,2026-03-02,BBS,BHUBANESWAR,123.0,1781
12802,2026-03-02,KUR,KHURDA ROAD JN,120.0,1800
12802,2026-03-02,PURI,PURI,57.0,1843
12802,2026-03-03,ANVT,ANAND VIHAR TRM,2.0,0
12802,2026-03-03,GOY,GOVINDPURI,23.0,424
12802,2026-03-03,FTP,FATEHPUR,22.0,504
12802,2026-03-03,PRYJ,PRAYAGRAJ JN,1.0,621
12802,2026-03-03,BDL,VINDHYACHAL,,702
12802,2026-03-03,MZP,MIRZAPUR,5.0,710
12802,2026-03-03,CAR,CHUNAR,5.0,741
12802,2026-03-03,DDU,PT DEEN DAYAL UPADHYAY JN,0.0,773
12802,2026-03-03,BBU,BHABUA ROAD,11.0,826
12802,2026-03-03,SSM,SASARAM,11.0,873
12802,2026-03-03,DOS,DEHRI ON SONE,12.0,891
12802,2026-03-03,AUBR,ANUGRAHA N ROAD,11.0,908
12802,2026-03-03,GAYA,GAYA JN,10.0,976
12802,2026-03-03,PRP,PAHARPUR,2.0,1008
12802,2026-03-03,KQR,KODERMA,7.0,1052
12802,2026-03-03,HZD,HAZARIBAGH RD,12.0,1101
12802,2026-03-03,PNME,PARASNATH,17.0,1128
12802,2026-03-03,GMO,NSC BOSE J GOMO,2.0,1146
12802,2026-03-03,CRP,CHANDRAPURA,3.0,1163
12802,2026-03-03,BKSC,BOKARO STL CITY,2.0,1178
12802,2026-03-03,PRR,PURULIA JN,5.0,1239
12802,2026-03-03,BBM,BARABHUM,14.0,1270
12802,2026-03-03,CNI,CHANDIL JN,5.0,1293
12802,2026-03-03,TATA,TATANAGAR JN,59.0,1329
12802,2026-03-03,GTS,GHATSILA,61.0,1365
12802,2026-03-03,HIJ,HIJILLI,53.0,1463
12802,2026-03-03,BLS,BALASORE,47.0,1575
12802,2026-03-03,BHC,BHADRAKH,41.0,1637
12802,2026-03-03,JJKR,JAJPUR K ROAD,48.0,1681
12802,2026-03-03,CTC,CUTTACK,75.0,1753
12802,2026-03-03,BBS,BHUBANESWAR,71.0,1781
12802,2026-03-03,KUR,KHURDA ROAD JN,75.0,1800
12802,2026-03-03,PURI,PURI,19.0,1843
12802,2026-03-04,ANVT,ANAND VIHAR TRM,0.0,0
12802,2026-03-04,GOY,GOVINDPURI,4.0,424
12802,2026-03-04,FTP,FATEHPUR,10.0,504
12802,2026-03-04,PRYJ,PRAYAGRAJ JN,1.0,621
12802,2026-03-04,BDL,VINDHYACHAL,,702
12802,2026-03-04,MZP,MIRZAPUR,5.0,710
12802,2026-03-04,CAR,CHUNAR,5.0,741
12802,2026-03-04,DDU,PT DEEN DAYAL UPADHYAY JN,0.0,773
12802,2026-03-04,BBU,BHABUA ROAD,10.0,826
12802,2026-03-04,SSM,SASARAM,8.0,873
12802,2026-03-04,DOS,DEHRI ON SONE,12.0,891
12802,2026-03-04,AUBR,ANUGRAHA N ROAD,13.0,908
12802,2026-03-04,GAYA,GAYA JN,13.0,976
12802,2026-03-04,PRP,PAHARPUR,5.0,1008
12802,2026-03-04,KQR,KODERMA,13.0,1052
12802,2026-03-04,HZD,HAZARIBAGH RD,19.0,1101
12802,2026-03-04,PNME,PARASNATH,26.0,1128
12802,2026-03-04,GMO,NSC BOSE J GOMO,15.0,1146
12802,2026-03-04,CRP,CHANDRAPURA,16.0,1163
12802,2026-03-04,BKSC,BOKARO STL CITY,0.0,1178
12802,2026-03-04,PRR,PURULIA JN,1.0,1239
12802,2026-03-04,BBM,BARABHUM,5.0,1270
12802,2026-03-04,CNI,CHANDIL JN,0.0,1293
12802,2026-03-04,TATA,TATANAGAR JN,60.0,1329
12802,2026-03-04,GTS,GHATSILA,76.0,1365
12802,2026-03-04,HIJ,HIJILLI,71.0,1463
12802,2026-03-04,BLS,BALASORE,91.0,1575
12802,2026-03-04,BHC,BHADRAKH,88.0,1637
12802,2026-03-04,JJKR,JAJPUR K ROAD,96.0,1681
12802,2026-03-04,CTC,CUTTACK,121.0,1753
12802,2026-03-04,BBS,BHUBANESWAR,115.0,1781
12802,2026-03-04,KUR,KHURDA ROAD JN,120.0,1800
12802,2026-03-04,PURI,PURI,72.0,1843
12802,2026-03-05,ANVT,ANAND VIHAR TRM,0.0,0
12802,2026-03-05,GOY,GOVINDPURI,7.0,424
12802,2026-03-05,FTP,FATEHPUR,13.0,504
12802,2026-03-05,PRYJ,PRAYAGRAJ JN,1.0,621
12802,2026-03-05,BDL,VINDHYACHAL,,702
12802,2026-03-05,MZP,MIRZAPUR,5.0,710
12802,2026-03-05,CAR,CHUNAR,6.0,741
12802,2026-03-05,DDU,PT DEEN DAYAL UPADHYAY JN,0.0,773
12802,2026-03-05,BBU,BHABUA ROAD,10.0,826
12802,2026-03-05,SSM,SASARAM,10.0,873
12802,2026-03-05,DOS,DEHRI ON SONE,11.0,891
12802,2026-03-05,AUBR,ANUGRAHA N ROAD,10.0,908
12802,2026-03-05,GAYA,GAYA JN,17.0,976
12802,2026-03-05,PRP,PAHARPUR,10.0,1008
12802,2026-03-05,KQR,KODERMA,19.0,1052
12802,2026-03-05,HZD,HAZARIBAGH RD,12.0,1101
12802,2026-03-05,PNME,PARASNATH,21.0,1128
12802,2026-03-05,GMO,NSC BOSE J GOMO,14.0,1146
12802,2026-03-05,CRP,CHANDRAPURA,8.0,1163
12802,2026-03-05,BKSC,BOKARO STL CITY,13.0,1178
12802,2026-03-05,PRR,PURULIA JN,2.0,1239
12802,2026-03-05,BBM,BARABHUM,13.0,1270
12802,2026-03-05,CNI,CHANDIL JN,3.0,1293
12802,2026-03-05,TATA,TATANAGAR JN,139.0,1329
12802,2026-03-05,GTS,GHATSILA,137.0,1365
12802,2026-03-05,HIJ,HIJILLI,162.0,1463
12802,2026-03-05,BLS,BALASORE,133.0,1575
12802,2026-03-05,BHC,BHADRAKH,162.0,1637
12802,2026-03-05,JJKR,JAJPUR K ROAD,175.0,1681
12802,2026-03-05,CTC,CUTTACK,210.0,1753
12802,2026-03-05,BBS,BHUBANESWAR,216.0,1781
12802,2026-03-05,KUR,KHURDA ROAD JN,226.0,1800
12802,2026-03-05,PURI,PURI,171.0,1843
12802,2026-03-06,ANVT,ANAND VIHAR TRM,0.0,0
12802,2026-03-06,GOY,GOVINDPURI,0.0,424
12802,2026-03-06,FTP,FATEHPUR,58.0,504
12802,2026-03-06,PRYJ,PRAYAGRAJ JN,9.0,621
12802,2026-03-06,BDL,VINDHYACHAL,,702
12802,2026-03-06,MZP,MIRZAPUR,20.0,710
12802,2026-03-06,CAR,CHUNAR,19.0,741
12802,2026-03-06,DDU,PT DEEN DAYAL UPADHYAY JN,0.0,773
12802,2026-03-06,BBU,BHABUA ROAD,8.0,826
12802,2026-03-06,SSM,SASARAM,6.0,873
12802,2026-03-06,DOS,DEHRI ON SONE,12.0,891
12802,2026-03-06,AUBR,ANUGRAHA N ROAD,12.0,908
12802,2026-03-06,GAYA,GAYA JN,12.0,976
12802,2026-03-06,PRP,PAHARPUR,4.0,1008
12802,2026-03-06,KQR,KODERMA,8.0,1052
12802,2026-03-06,HZD,HAZARIBAGH RD,36.0,1101
12802,2026-03-06,PNME,PARASNATH,44.0,1128
12802,2026-03-06,GMO,NSC BOSE J GOMO,24.0,1146
12802,2026-03-06,CRP,CHANDRAPURA,22.0,1163
12802,2026-03-06,BKSC,BOKARO STL CITY,14.0,1178
12802,2026-03-06,PRR,PURULIA JN,2.0,1239
12802,2026-03-06,BBM,BARABHUM,2.0,1270
12802,2026-03-06,CNI,CHANDIL JN,1.0,1293
12802,2026-03-06,TATA,TATANAGAR JN,70.0,1329
12802,2026-03-06,GTS,GHATSILA,117.0,1365
12802,2026-03-06,HIJ,HIJILLI,140.0,1463
12802,2026-03-06,BLS,BALASORE,133.0,1575
12802,2026-03-06,BHC,BHADRAKH,127.0,1637
12802,2026-03-06,JJKR,JAJPUR K ROAD,130.0,1681
12802,2026-03-06,CTC,CUTTACK,159.0,1753
12802,2026-03-06,BBS,BHUBANESWAR,166.0,1781
12802,2026-03-06,KUR,KHURDA ROAD JN,184.0,1800
12802,2026-03-06,PURI,PURI,127.0,1843
12802,2026-03-07,ANVT,ANAND VIHAR TRM,0.0,0
12802,2026-03-07,GOY,GOVINDPURI,0.0,424
12802,2026-03-07,FTP,FATEHPUR,25.0,504
12802,2026-03-07,PRYJ,PRAYAGRAJ JN,3.0,621
12802,2026-03-07,BDL,VINDHYACHAL,,702
12802,2026-03-07,MZP,MIRZAPUR,14.0,710
12802,2026-03-07,CAR,CHUNAR,13.0,741
12802,2026-03-07,DDU,PT DEEN DAYAL UPADHYAY JN,1.0,773
12802,2026-03-07,BBU,BHABUA ROAD,10.0,826
12802,2026-03-07,SSM,SASARAM,7.0,873
12802,2026-03-07,DOS,DEHRI ON SONE,11.0,891
12802,2026-03-07,AUBR,ANUGRAHA N ROAD,12.0,908
12802,2026-03-07,GAYA,GAYA JN,11.0,976
12802,2026-03-07,PRP,PAHARPUR,6.0,1008
12802,2026-03-07,KQR,KODERMA,26.0,1052
12802,2026-03-07,HZD,HAZARIBAGH RD,29.0,1101
12802,2026-03-07,PNME,PARASNATH,36.0,1128
12802,2026-03-07,GMO,NSC BOSE J GOMO,17.0,1146
12802,2026-03-07,CRP,CHANDRAPURA,17.0,1163
12802,2026-03-07,BKSC,BOKARO STL CITY,4.0,1178
12802,2026-03-07,PRR,PURULIA JN,1.0,1239
12802,2026-03-07,BBM,BARABHUM,12.0,1270
12802,2026-03-07,CNI,CHANDIL JN,0.0,1293
12802,2026-03-07,TATA,TATANAGAR JN,112.0,1329
12802,2026-03-07,GTS,GHATSILA,120.0,1365
12802,2026-03-07,HIJ,HIJILLI,124.0,1463
12802,2026-03-07,BLS,BALASORE,121.0,1575
12802,2026-03-07,BHC,BHADRAKH,117.0,1637
12802,2026-03-07,JJKR,JAJPUR K ROAD,127.0,1681
12802,2026-03-07,CTC,CUTTACK,174.0,1753
12802,2026-03-07,BBS,BHUBANESWAR,176.0,1781
12802,2026-03-07,KUR,KHURDA ROAD JN,192.0,1800
12802,2026-03-07,PURI,PURI,192.0,1843
12802,2026-03-08,ANVT,ANAND VIHAR TRM,0.0,0
12802,2026-03-08,GOY,GOVINDPURI,0.0,424
12802,2026-03-08,FTP,FATEHPUR,17.0,504
12802,2026-03-08,PRYJ,PRAYAGRAJ JN,0.0,621
12802,2026-03-08,BDL,VINDHYACHAL,,702
12802,2026-03-08,MZP,MIRZAPUR,14.0,710
12802,2026-03-08,CAR,CHUNAR,15.0,741
12802,2026-03-08,DDU,PT DEEN DAYAL UPADHYAY JN,0.0,773
12802,2026-03-08,BBU,BHABUA ROAD,11.0,826
12802,2026-03-08,SSM,SASARAM,8.0,873
12802,2026-03-08,DOS,DEHRI ON SONE,10.0,891
12802,2026-03-08,AUBR,ANUGRAHA N ROAD,9.0,908
12802,2026-03-08,GAYA,GAYA JN,15.0,976
12802,2026-03-08,PRP,PAHARPUR,8.0,1008
12802,2026-03-08,KQR,KODERMA,14.0,1052
12802,2026-03-08,HZD,HAZARIBAGH RD,18.0,1101
12802,2026-03-08,PNME,PARASNATH,25.0,1128
12802,2026-03-08,GMO,NSC BOSE J GOMO,12.0,1146
12802,2026-03-08,CRP,CHANDRAPURA,13.0,1163
12802,2026-03-08,BKSC,BOKARO STL CITY,22.0,1178
12802,2026-03-08,PRR,PURULIA JN,20.0,1239
12802,2026-03-08,BBM,BARABHUM,41.0,1270
12802,2026-03-08,CNI,CHANDIL JN,31.0,1293
12802,2026-03-08,TATA,TATANAGAR JN,45.0,1329
12802,2026-03-08,GTS,GHATSILA,50.0,1365
12802,2026-03-08,HIJ,HIJILLI,47.0,1463
12802,2026-03-08,BLS,BALASORE,35.0,1575
12802,2026-03-08,BHC,BHADRAKH,27.0,1637
12802,2026-03-08,JJKR,JAJPUR K ROAD,30.0,1681
12802,2026-03-08,CTC,CUTTACK,59.0,1753
12802,2026-03-08,BBS,BHUBANESWAR,55.0,1781
12802,2026-03-08,KUR,KHURDA ROAD JN,59.0,1800
12802,2026-03-08,PURI,PURI,1.0,1843
12802,2026-03-09,ANVT,ANAND VIHAR TRM,0.0,0
12802,2026-03-09,GOY,GOVINDPURI,8.0,424
12802,2026-03-09,FTP,FATEHPUR,22.0,504
12802,2026-03-09,PRYJ,PRAYAGRAJ JN,16.0,621
12802,2026-03-09,BDL,VINDHYACHAL,,702
12802,2026-03-09,MZP,MIRZAPUR,43.0,710
12802,2026-03-09,CAR,CHUNAR,42.0,741
12802,2026-03-09,DDU,PT DEEN DAYAL UPADHYAY JN,7.0,773
12802,2026-03-09,BBU,BHABUA ROAD,21.0,826
12802,2026-03-09,SSM,SASARAM,18.0,873
12802,2026-03-09,DOS,DEHRI ON SONE,22.0,891
12802,2026-03-09,AUBR,ANUGRAHA N ROAD,22.0,908
12802,2026-03-09,GAYA,GAYA JN,24.0,976
12802,2026-03-09,PRP,PAHARPUR,17.0,1008
12802,2026-03-09,KQR,KODERMA,29.0,1052
12802,2026-03-09,HZD,HAZARIBAGH RD,32.0,1101
12802,2026-03-09,PNME,PARASNATH,39.0,1128
12802,2026-03-09,GMO,NSC BOSE J GOMO,25.0,1146
12802,2026-03-09,CRP,CHANDRAPURA,27.0,1163
12802,2026-03-09,BKSC,BOKARO STL CITY,20.0,1178
12802,2026-03-09,PRR,PURULIA JN,8.0,1239
12802,2026-03-09,BBM,BARABHUM,10.0,1270
12802,2026-03-09,CNI,CHANDIL JN,6.0,1293
12802,2026-03-09,TATA,TATANAGAR JN,83.0,1329
12802,2026-03-09,GTS,GHATSILA,101.0,1365
12802,2026-03-09,HIJ,HIJILLI,109.0,1463
12802,2026-03-09,BLS,BALASORE,99.0,1575
12802,2026-03-09,BHC,BHADRAKH,91.0,1637
12802,2026-03-09,JJKR,JAJPUR K ROAD,124.0,1681
12802,2026-03-09,CTC,CUTTACK,159.0,1753
12802,2026-03-09,BBS,BHUBANESWAR,159.0,1781
12802,2026-03-09,KUR,KHURDA ROAD JN,174.0,1800
12802,2026-03-09,PURI,PURI,115.0,1843
12802,2026-03-10,ANVT,ANAND VIHAR TRM,0.0,0
12802,2026-03-10,GOY,GOVINDPURI,4.0,424
12802,2026-03-10,FTP,FATEHPUR,85.0,504
12802,2026-03-10,PRYJ,PRAYAGRAJ JN,92.0,621
12802,2026-03-10,BDL,VINDHYACHAL,,702
12802,2026-03-10,MZP,MIRZAPUR,95.0,710
12802,2026-03-10,CAR,CHUNAR,96.0,741
12802,2026-03-10,DDU,PT DEEN DAYAL UPADHYAY JN,80.0,773
12802,2026-03-10,BBU,BHABUA ROAD,89.0,826
12802,2026-03-10,SSM,SASARAM,91.0,873
12802,2026-03-10,DOS,DEHRI ON SONE,99.0,891
12802,2026-03-10,AUBR,ANUGRAHA N ROAD,94.0,908
12802,2026-03-10,GAYA,GAYA JN,89.0,976
12802,2026-03-10,PRP,PAHARPUR,70.0,1008
12802,2026-03-10,KQR,KODERMA,109.0,1052
12802,2026-03-10,HZD,HAZARIBAGH RD,116.0,1101
12802,2026-03-10,PNME,PARASNATH,122.0,1128
12802,2026-03-10,GMO,NSC BOSE J GOMO,109.0,1146
12802,2026-03-10,CRP,CHANDRAPURA,103.0,1163
12802,2026-03-10,BKSC,BOKARO STL CITY,89.0,1178
12802,2026-03-10,PRR,PURULIA JN,70.0,1239
12802,2026-03-10,BBM,BARABHUM,68.0,1270
12802,2026-03-10,CNI,CHANDIL JN,59.0,1293
12802,2026-03-10,TATA,TATANAGAR JN,67.0,1329
12802,2026-03-10,GTS,GHATSILA,84.0,1365
12802,2026-03-10,HIJ,HIJILLI,89.0,1463
12802,2026-03-10,BLS,BALASORE,78.0,1575
12802,2026-03-10,BHC,BHADRAKH,117.0,1637
12802,2026-03-10,JJKR,JAJPUR K ROAD,140.0,1681
12802,2026-03-10,CTC,CUTTACK,172.0,1753
12802,2026-03-10,BBS,BHUBANESWAR,167.0,1781
12802,2026-03-10,KUR,KHURDA ROAD JN,189.0,1800
12802,2026-03-10,PURI,PURI,135.0,1843
12802,2026-03-11,ANVT,ANAND VIHAR TRM,0.0,0
12802,2026-03-11,GOY,GOVINDPURI,9.0,424
12802,2026-03-11,FTP,FATEHPUR,19.0,504
12802,2026-03-11,PRYJ,PRAYAGRAJ JN,1.0,621
12802,2026-03-11,BDL,VINDHYACHAL,,702
12802,2026-03-11,MZP,MIRZAPUR,6.0,710
12802,2026-03-11,CAR,CHUNAR,6.0,741
12802,2026-03-11,DDU,PT DEEN DAYAL UPADHYAY JN,0.0,773
12802,2026-03-11,BBU,BHABUA ROAD,8.0,826
12802,2026-03-11,SSM,SASARAM,5.0,873
12802,2026-03-11,DOS,DEHRI ON SONE,6.0,891
12802,2026-03-11,AUBR,ANUGRAHA N ROAD,6.0,908
12802,2026-03-11,GAYA,GAYA JN,8.0,976
12802,2026-03-11,PRP,PAHARPUR,3.0,1008
12802,2026-03-11,KQR,KODERMA,10.0,1052
12802,2026-03-11,HZD,HAZARIBAGH RD,13.0,1101
12802,2026-03-11,PNME,PARASNATH,19.0,1128
12802,2026-03-11,GMO,NSC BOSE J GOMO,11.0,1146
12802,2026-03-11,CRP,CHANDRAPURA,24.0,1163
12802,2026-03-11,BKSC,BOKARO STL CITY,14.0,1178
12802,2026-03-11,PRR,PURULIA JN,7.0,1239
12802,2026-03-11,BBM,BARABHUM,16.0,1270
12802,2026-03-11,CNI,CHANDIL JN,10.0,1293
12802,2026-03-11,TATA,TATANAGAR JN,40.0,1329
12802,2026-03-11,GTS,GHATSILA,54.0,1365
12802,2026-03-11,HIJ,HIJILLI,47.0,1463
12802,2026-03-11,BLS,BALASORE,35.0,1575
12802,2026-03-11,BHC,BHADRAKH,39.0,1637
12802,2026-03-11,JJKR,JAJPUR K ROAD,45.0,1681
12802,2026-03-11,CTC,CUTTACK,66.0,1753
12802,2026-03-11,BBS,BHUBANESWAR,60.0,1781
12802,2026-03-11,KUR,KHURDA ROAD JN,68.0,1800
12802,2026-03-11,PURI,PURI,9.0,1843
12802,2026-03-12,ANVT,ANAND VIHAR TRM,0.0,0
12802,2026-03-12,GOY,GOVINDPURI,5.0,424
12802,2026-03-12,FTP,FATEHPUR,17.0,504
12802,2026-03-12,PRYJ,PRAYAGRAJ JN,0.0,621
12802,2026-03-12,BDL,VINDHYACHAL,,702
12802,2026-03-12,MZP,MIRZAPUR,10.0,710
12802,2026-03-12,CAR,CHUNAR,11.0,741
12802,2026-03-12,DDU,PT DEEN DAYAL UPADHYAY JN,0.0,773
12802,2026-03-12,BBU,BHABUA ROAD,17.0,826
12802,2026-03-12,SSM,SASARAM,14.0,873
12802,2026-03-12,DOS,DEHRI ON SONE,19.0,891
12802,2026-03-12,AUBR,ANUGRAHA N ROAD,19.0,908
12802,2026-03-12,GAYA,GAYA JN,20.0,976
12802,2026-03-12,PRP,PAHARPUR,20.0,1008
12802,2026-03-12,KQR,KODERMA,26.0,1052
12802,2026-03-12,HZD,HAZARIBAGH RD,31.0,1101
12802,2026-03-12,PNME,PARASNATH,46.0,1128
12802,2026-03-12,GMO,NSC BOSE J GOMO,41.0,1146
12802,2026-03-12,CRP,CHANDRAPURA,41.0,1163
12802,2026-03-12,BKSC,BOKARO STL CITY,27.0,1178
12802,2026-03-12,PRR,PURULIA JN,20.0,1239
12802,2026-03-12,BBM,BARABHUM,26.0,1270
12802,2026-03-12,CNI,CHANDIL JN,19.0,1293
12802,2026-03-12,TATA,TATANAGAR JN,63.0,1329
12802,2026-03-12,GTS,GHATSILA,83.0,1365
12802,2026-03-12,HIJ,HIJILLI,88.0,1463
12802,2026-03-12,BLS,BALASORE,100.0,1575
12802,2026-03-12,BHC,BHADRAKH,104.0,1637
12802,2026-03-12,JJKR,JAJPUR K ROAD,115.0,1681
12802,2026-03-12,CTC,CUTTACK,137.0,1753
12802,2026-03-12,BBS,BHUBANESWAR,144.0,1781
12802,2026-03-12,KUR,KHURDA ROAD JN,164.0,1800
12802,2026-03-12,PURI,PURI,105.0,1843
12802,2026-03-13,ANVT,ANAND VIHAR TRM,0.0,0
12802,2026-03-13,GOY,GOVINDPURI,8.0,424
12802,2026-03-13,FTP,FATEHPUR,8.0,504
12802,2026-03-13,PRYJ,PRAYAGRAJ JN,0.0,621
12802,2026-03-13,BDL,VINDHYACHAL,,702
12802,2026-03-13,MZP,MIRZAPUR,4.0,710
12802,2026-03-13,CAR,CHUNAR,4.0,741
12802,2026-03-13,DDU,PT DEEN DAYAL UPADHYAY JN,0.0,773
12802,2026-03-13,BBU,BHABUA ROAD,9.0,826
12802,2026-03-13,SSM,SASARAM,5.0,873
12802,2026-03-13,DOS,DEHRI ON SONE,11.0,891
12802,2026-03-13,AUBR,ANUGRAHA N ROAD,11.0,908
12802,2026-03-13,GAYA,GAYA JN,18.0,976
12802,2026-03-13,PRP,PAHARPUR,9.0,1008
12802,2026-03-13,KQR,KODERMA,15.0,1052
12802,2026-03-13,HZD,HAZARIBAGH RD,18.0,1101
12802,2026-03-13,PNME,PARASNATH,27.0,1128
12802,2026-03-13,GMO,NSC BOSE J GOMO,11.0,1146
12802,2026-03-13,CRP,CHANDRAPURA,16.0,1163
12802,2026-03-13,BKSC,BOKARO STL CITY,9.0,1178
12802,2026-03-13,PRR,PURULIA JN,3.0,1239
12802,2026-03-13,BBM,BARABHUM,11.0,1270
12802,2026-03-13,CNI,CHANDIL JN,1.0,1293
12802,2026-03-13,TATA,TATANAGAR JN,95.0,1329
12802,2026-03-13,GTS,GHATSILA,107.0,1365
12802,2026-03-13,HIJ,HIJILLI,96.0,1463
12802,2026-03-13,BLS,BALASORE,86.0,1575
12802,2026-03-13,BHC,BHADRAKH,82.0,1637
12802,2026-03-13,JJKR,JAJPUR K ROAD,88.0,1681
12802,2026-03-13,CTC,CUTTACK,97.0,1753
12802,2026-03-13,BBS,BHUBANESWAR,98.0,1781
12802,2026-03-13,KUR,KHURDA ROAD JN,102.0,1800
12802,2026-03-13,PURI,PURI,47.0,1843
12802,2026-03-14,ANVT,ANAND VIHAR TRM,0.0,0
12802,2026-03-14,GOY,GOVINDPURI,17.0,424
12802,2026-03-14,FTP,FATEHPUR,26.0,504
12802,2026-03-14,PRYJ,PRAYAGRAJ JN,15.0,621
12802,2026-03-14,BDL,VINDHYACHAL,,702
12802,2026-03-14,MZP,MIRZAPUR,20.0,710
12802,2026-03-14,CAR,CHUNAR,19.0,741
12802,2026-03-14,DDU,PT DEEN DAYAL UPADHYAY JN,11.0,773
12802,2026-03-14,BBU,BHABUA ROAD,34.0,826
12802,2026-03-14,SSM,SASARAM,65.0,873
12802,2026-03-14,DOS,DEHRI ON SONE,89.0,891
12802,2026-03-14,AUBR,ANUGRAHA N ROAD,91.0,908
12802,2026-03-14,GAYA,GAYA JN,127.0,976
12802,2026-03-14,PRP,PAHARPUR,117.0,1008
12802,2026-03-14,KQR,KODERMA,121.0,1052
12802,2026-03-14,HZD,HAZARIBAGH RD,151.0,1101
12802,2026-03-14,PNME,PARASNATH,159.0,1128
12802,2026-03-14,GMO,NSC BOSE J GOMO,135.0,1146
12802,2026-03-14,CRP,CHANDRAPURA,127.0,1163
12802,2026-03-14,BKSC,BOKARO STL CITY,130.0,1178
12802,2026-03-14,PRR,PURULIA JN,107.0,1239
12802,2026-03-14,BBM,BARABHUM,109.0,1270
12802,2026-03-14,CNI,CHANDIL JN,100.0,1293
12802,2026-03-14,TATA,TATANAGAR JN,148.0,1329
12802,2026-03-14,GTS,GHATSILA,146.0,1365
12802,2026-03-14,HIJ,HIJILLI,181.0,1463
12802,2026-03-14,BLS,BALASORE,162.0,1575
12802,2026-03-14,BHC,BHADRAKH,182.0,1637
12802,2026-03-14,JJKR,JAJPUR K ROAD,189.0,1681
12802,2026-03-14,CTC,CUTTACK,224.0,1753
12802,2026-03-14,BBS,BHUBANESWAR,223.0,1781
12802,2026-03-14,KUR,KHURDA ROAD JN,222.0,1800
12802,2026-03-14,PURI,PURI,164.0,1843
12802,2026-03-15,ANVT,ANAND VIHAR TRM,1.0,0
12802,2026-03-15,GOY,GOVINDPURI,18.0,424
12802,2026-03-15,FTP,FATEHPUR,17.0,504
12802,2026-03-15,PRYJ,PRAYAGRAJ JN,0.0,621
12802,2026-03-15,BDL,VINDHYACHAL,,702
12802,2026-03-15,MZP,MIRZAPUR,18.0,710
12802,2026-03-15,CAR,CHUNAR,19.0,741
12802,2026-03-15,DDU,PT DEEN DAYAL UPADHYAY JN,0.0,773
12802,2026-03-15,BBU,BHABUA ROAD,54.0,826
12802,2026-03-15,SSM,SASARAM,74.0,873
12802,2026-03-15,DOS,DEHRI ON SONE,127.0,891
12802,2026-03-15,AUBR,ANUGRAHA N ROAD,161.0,908
12802,2026-03-15,GAYA,GAYA JN,178.0,976
12802,2026-03-15,PRP,PAHARPUR,180.0,1008
12802,2026-03-15,KQR,KODERMA,191.0,1052
12802,2026-03-15,HZD,HAZARIBAGH RD,199.0,1101
12802,2026-03-15,PNME,PARASNATH,205.0,1128
12802,2026-03-15,GMO,NSC BOSE J GOMO,186.0,1146
12802,2026-03-15,CRP,CHANDRAPURA,184.0,1163
12802,2026-03-15,BKSC,BOKARO STL CITY,169.0,1178
12802,2026-03-15,PRR,PURULIA JN,155.0,1239
12802,2026-03-15,BBM,BARABHUM,165.0,1270
12802,2026-03-15,CNI,CHANDIL JN,165.0,1293
12802,2026-03-15,TATA,TATANAGAR JN,217.0,1329
12802,2026-03-15,GTS,GHATSILA,239.0,1365
12802,2026-03-15,HIJ,HIJILLI,252.0,1463
12802,2026-03-15,BLS,BALASORE,259.0,1575
12802,2026-03-15,BHC,BHADRAKH,257.0,1637
12802,2026-03-15,JJKR,JAJPUR K ROAD,271.0,1681
12802,2026-03-15,CTC,CUTTACK,304.0,1753
12802,2026-03-15,BBS,BHUBANESWAR,335.0,1781
12802,2026-03-15,KUR,KHURDA ROAD JN,340.0,1800
12802,2026-03-15,PURI,PURI,292.0,1843
12802,2026-03-16,ANVT,ANAND VIHAR TRM,1.0,0
12802,2026-03-16,GOY,GOVINDPURI,74.0,424
12802,2026-03-16,FTP,FATEHPUR,88.0,504
12802,2026-03-16,PRYJ,PRAYAGRAJ JN,56.0,621
12802,2026-03-16,BDL,VINDHYACHAL,,702
12802,2026-03-16,MZP,MIRZAPUR,50.0,710
12802,2026-03-16,CAR,CHUNAR,51.0,741
12802,2026-03-16,DDU,PT DEEN DAYAL UPADHYAY JN,26.0,773
12802,2026-03-16,BBU,BHABUA ROAD,37.0,826
12802,2026-03-16,SSM,SASARAM,36.0,873
12802,2026-03-16,DOS,DEHRI ON SONE,43.0,891
12802,2026-03-16,AUBR,ANUGRAHA N ROAD,43.0,908
12802,2026-03-16,GAYA,GAYA JN,36.0,976
12802,2026-03-16,PRP,PAHARPUR,56.0,1008
12802,2026-03-16,KQR,KODERMA,65.0,1052
12802,2026-03-16,HZD,HAZARIBAGH RD,67.0,1101
12802,2026-03-16,PNME,PARASNATH,75.0,1128
12802,2026-03-16,GMO,NSC BOSE J GOMO,79.0,1146
12802,2026-03-16,CRP,CHANDRAPURA,77.0,1163
12802,2026-03-16,BKSC,BOKARO STL CITY,59.0,1178
12802,2026-03-16,PRR,PURULIA JN,42.0,1239
12802,2026-03-16,BBM,BARABHUM,46.0,1270
12802,2026-03-16,CNI,CHANDIL JN,33.0,1293
12802,2026-03-16,TATA,TATANAGAR JN,54.0,1329
12802,2026-03-16,GTS,GHATSILA,58.0,1365
12802,2026-03-16,HIJ,HIJILLI,55.0,1463
12802,2026-03-16,BLS,BALASORE,51.0,1575
12802,2026-03-16,BHC,BHADRAKH,47.0,1637
12802,2026-03-16,JJKR,JAJPUR K ROAD,55.0,1681
12802,2026-03-16,CTC,CUTTACK,65.0,1753
12802,2026-03-16,BBS,BHUBANESWAR,67.0,1781
12802,2026-03-16,KUR,KHURDA ROAD JN,81.0,1800
12802,2026-03-16,PURI,PURI,33.0,1843
12802,2026-03-17,ANVT,ANAND VIHAR TRM,4.0,0
12802,2026-03-17,GOY,GOVINDPURI,12.0,424
12802,2026-03-17,FTP,FATEHPUR,23.0,504
12802,2026-03-17,PRYJ,PRAYAGRAJ JN,6.0,621
12802,2026-03-17,BDL,VINDHYACHAL,,702
12802,2026-03-17,MZP,MIRZAPUR,13.0,710
12802,2026-03-17,CAR,CHUNAR,15.0,741
12802,2026-03-17,DDU,PT DEEN DAYAL UPADHYAY JN,0.0,773
12802,2026-03-17,BBU,BHABUA ROAD,9.0,826
12802,2026-03-17,SSM,SASARAM,6.0,873
12802,2026-03-17,DOS,DEHRI ON SONE,10.0,891
12802,2026-03-17,AUBR,ANUGRAHA N ROAD,10.0,908
12802,2026-03-17,GAYA,GAYA JN,7.0,976
12802,2026-03-17,PRP,PAHARPUR,13.0,1008
12802,2026-03-17,KQR,KODERMA,19.0,1052
12802,2026-03-17,HZD,HAZARIBAGH RD,11.0,1101
12802,2026-03-17,PNME,PARASNATH,19.0,1128
12802,2026-03-17,GMO,NSC BOSE J GOMO,9.0,1146
12802,2026-03-17,CRP,CHANDRAPURA,9.0,1163
12802,2026-03-17,BKSC,BOKARO STL CITY,4.0,1178
12802,2026-03-17,PRR,PURULIA JN,3.0,1239
12802,2026-03-17,BBM,BARABHUM,8.0,1270
12802,2026-03-17,CNI,CHANDIL JN,1.0,1293
12802,2026-03-17,TATA,TATANAGAR JN,1.0,1329
12802,2026-03-17,GTS,GHATSILA,33.0,1365
12802,2026-03-17,HIJ,HIJILLI,38.0,1463
12802,2026-03-17,BLS,BALASORE,49.0,1575
12802,2026-03-17,BHC,BHADRAKH,44.0,1637
12802,2026-03-17,JJKR,JAJPUR K ROAD,53.0,1681
12802,2026-03-17,CTC,CUTTACK,78.0,1753
12802,2026-03-17,BBS,BHUBANESWAR,83.0,1781
12802,2026-03-17,KUR,KHURDA ROAD JN,80.0,1800
12802,2026-03-17,PURI,PURI,17.0,1843
12802,2026-03-18,ANVT,ANAND VIHAR TRM,1.0,0
12802,2026-03-18,GOY,GOVINDPURI,2.0,424
12802,2026-03-18,FTP,FATEHPUR,10.0,504
12802,2026-03-18,PRYJ,PRAYAGRAJ JN,1.0,621
12802,2026-03-18,BDL,VINDHYACHAL,,702
12802,2026-03-18,MZP,MIRZAPUR,12.0,710
12802,2026-03-18,CAR,CHUNAR,10.0,741
12802,2026-03-18,DDU,PT DEEN DAYAL UPADHYAY JN,0.0,773
12802,2026-03-18,BBU,BHABUA ROAD,10.0,826
12802,2026-03-18,SSM,SASARAM,13.0,873
12802,2026-03-18,DOS,DEHRI ON SONE,24.0,891
12802,2026-03-18,AUBR,ANUGRAHA N ROAD,24.0,908
12802,2026-03-18,GAYA,GAYA JN,19.0,976
12802,2026-03-18,PRP,PAHARPUR,28.0,1008
12802,2026-03-18,KQR,KODERMA,42.0,1052
12802,2026-03-18,HZD,HAZARIBAGH RD,34.0,1101
12802,2026-03-18,PNME,PARASNATH,49.0,1128
12802,2026-03-18,GMO,NSC BOSE J GOMO,41.0,1146
12802,2026-03-18,CRP,CHANDRAPURA,38.0,1163
12802,2026-03-18,BKSC,BOKARO STL CITY,27.0,1178
12802,2026-03-18,PRR,PURULIA JN,15.0,1239
12802,2026-03-18,BBM,BARABHUM,21.0,1270
12802,2026-03-18,CNI,CHANDIL JN,38.0,1293
12802,2026-03-18,TATA,TATANAGAR JN,123.0,1329
12802,2026-03-18,GTS,GHATSILA,177.0,1365
12802,2026-03-18,HIJ,HIJILLI,189.0,1463
12802,2026-03-18,BLS,BALASORE,191.0,1575
12802,2026-03-18,BHC,BHADRAKH,199.0,1637
12802,2026-03-18,JJKR,JAJPUR K ROAD,207.0,1681
12802,2026-03-18,CTC,CUTTACK,226.0,1753
12802,2026-03-18,BBS,BHUBANESWAR,223.0,1781
12802,2026-03-18,KUR,KHURDA ROAD JN,230.0,1800
12802,2026-03-18,PURI,PURI,180.0,1843
12802,2026-03-19,ANVT,ANAND VIHAR TRM,0.0,0
12802,2026-03-19,GOY,GOVINDPURI,15.0,424
12802,2026-03-19,FTP,FATEHPUR,16.0,504
12802,2026-03-19,PRYJ,PRAYAGRAJ JN,1.0,621
12802,2026-03-19,BDL,VINDHYACHAL,,702
12802,2026-03-19,MZP,MIRZAPUR,15.0,710
12802,2026-03-19,CAR,CHUNAR,30.0,741
12802,2026-03-19,DDU,PT DEEN DAYAL UPADHYAY JN,1.0,773
12802,2026-03-19,BBU,BHABUA ROAD,12.0,826
12802,2026-03-19,SSM,SASARAM,14.0,873
12802,2026-03-19,DOS,DEHRI ON SONE,21.0,891
12802,2026-03-19,AUBR,ANUGRAHA N ROAD,21.0,908
12802,2026-03-19,GAYA,GAYA JN,14.0,976
12802,2026-03-19,PRP,PAHARPUR,0.0,1008
12802,2026-03-19,KQR,KODERMA,59.0,1052
12802,2026-03-19,HZD,HAZARIBAGH RD,51.0,1101
12802,2026-03-19,PNME,PARASNATH,59.0,1128
12802,2026-03-19,GMO,NSC BOSE J GOMO,50.0,1146
12802,2026-03-19,CRP,CHANDRAPURA,44.0,1163
12802,2026-03-19,BKSC,BOKARO STL CITY,56.0,1178
12802,2026-03-19,PRR,PURULIA JN,54.0,1239
12802,2026-03-19,BBM,BARABHUM,65.0,1270
12802,2026-03-19,CNI,CHANDIL JN,57.0,1293
12802,2026-03-19,TATA,TATANAGAR JN,98.0,1329
12802,2026-03-19,GTS,GHATSILA,133.0,1365
12802,2026-03-19,HIJ,HIJILLI,183.0,1463
12802,2026-03-19,BLS,BALASORE,198.0,1575
12802,2026-03-19,BHC,BHADRAKH,197.0,1637
12802,2026-03-19,JJKR,JAJPUR K ROAD,214.0,1681
12802,2026-03-19,CTC,CUTTACK,242.0,1753
12802,2026-03-19,BBS,BHUBANESWAR,242.0,1781
12802,2026-03-19,KUR,KHURDA ROAD JN,261.0,1800
12802,2026-03-19,PURI,PURI,211.0,1843
12802,2026-03-20,ANVT,ANAND VIHAR TRM,0.0,0
12802,2026-03-20,GOY,GOVINDPURI,52.0,424
12802,2026-03-20,FTP,FATEHPUR,59.0,504
12802,2026-03-20,PRYJ,PRAYAGRAJ JN,45.0,621
12802,2026-03-20,BDL,VINDHYACHAL,,702
12802,2026-03-20,MZP,MIRZAPUR,42.0,710
12802,2026-03-20,CAR,CHUNAR,43.0,741
12802,2026-03-20,DDU,PT DEEN DAYAL UPADHYAY JN,18.0,773
12802,2026-03-20,BBU,BHABUA ROAD,27.0,826
12802,2026-03-20,SSM,SASARAM,24.0,873
12802,2026-03-20,DOS,DEHRI ON SONE,31.0,891
12802,2026-03-20,AUBR,ANUGRAHA N ROAD,30.0,908
12802,2026-03-20,GAYA,GAYA JN,29.0,976
12802,2026-03-20,PRP,PAHARPUR,34.0,1008
12802,2026-03-20,KQR,KODERMA,46.0,1052
12802,2026-03-20,HZD,HAZARIBAGH RD,54.0,1101
12802,2026-03-20,PNME,PARASNATH,77.0,1128
12802,2026-03-20,GMO,NSC BOSE J GOMO,47.0,1146
12802,2026-03-20,CRP,CHANDRAPURA,39.0,1163
12802,2026-03-20,BKSC,BOKARO STL CITY,64.0,1178
12802,2026-03-20,PRR,PURULIA JN,52.0,1239
12802,2026-03-20,BBM,BARABHUM,51.0,1270
12802,2026-03-20,CNI,CHANDIL JN,37.0,1293
12802,2026-03-20,TATA,TATANAGAR JN,109.0,1329
12802,2026-03-20,GTS,GHATSILA,100.0,1365
12802,2026-03-20,HIJ,HIJILLI,111.0,1463
12802,2026-03-20,BLS,BALASORE,136.0,1575
12802,2026-03-20,BHC,BHADRAKH,126.0,1637
12802,2026-03-20,JJKR,JAJPUR K ROAD,147.0,1681
12802,2026-03-20,CTC,CUTTACK,183.0,1753
12802,2026-03-20,BBS,BHUBANESWAR,185.0,1781
12802,2026-03-20,KUR,KHURDA ROAD JN,185.0,1800
12802,2026-03-20,PURI,PURI,144.0,1843
12802,2026-03-21,ANVT,ANAND VIHAR TRM,1.0,0
12802,2026-03-21,GOY,GOVINDPURI,33.0,424
12802,2026-03-21,FTP,FATEHPUR,39.0,504
12802,2026-03-21,PRYJ,PRAYAGRAJ JN,1.0,621
12802,2026-03-21,BDL,VINDHYACHAL,,702
12802,2026-03-21,MZP,MIRZAPUR,14.0,710
12802,2026-03-21,CAR,CHUNAR,15.0,741
12802,2026-03-21,DDU,PT DEEN DAYAL UPADHYAY JN,1.0,773
12802,2026-03-21,BBU,BHABUA ROAD,13.0,826
12802,2026-03-21,SSM,SASARAM,13.0,873
12802,2026-03-21,DOS,DEHRI ON SONE,18.0,891
12802,2026-03-21,AUBR,ANUGRAHA N ROAD,18.0,908
12802,2026-03-21,GAYA,GAYA JN,16.0,976
12802,2026-03-21,PRP,PAHARPUR,5.0,1008
12802,2026-03-21,KQR,KODERMA,31.0,1052
12802,2026-03-21,HZD,HAZARIBAGH RD,29.0,1101
12802,2026-03-21,PNME,PARASNATH,37.0,1128
12802,2026-03-21,GMO,NSC BOSE J GOMO,27.0,1146
12802,2026-03-21,CRP,CHANDRAPURA,25.0,1163
12802,2026-03-21,BKSC,BOKARO STL CITY,12.0,1178
12802,2026-03-21,PRR,PURULIA JN,7.0,1239
12802,2026-03-21,BBM,BARABHUM,17.0,1270
12802,2026-03-21,CNI,CHANDIL JN,10.0,1293
12802,2026-03-21,TATA,TATANAGAR JN,86.0,1329
12802,2026-03-21,GTS,GHATSILA,107.0,1365
12802,2026-03-21,HIJ,HIJILLI,150.0,1463
12802,2026-03-21,BLS,BALASORE,131.0,1575
12802,2026-03-21,BHC,BHADRAKH,135.0,1637
12802,2026-03-21,JJKR,JAJPUR K ROAD,141.0,1681
12802,2026-03-21,CTC,CUTTACK,202.0,1753
12802,2026-03-21,BBS,BHUBANESWAR,207.0,1781
12802,2026-03-21,KUR,KHURDA ROAD JN,207.0,1800
12802,2026-03-21,PURI,PURI,156.0,1843
12802,2026-03-22,ANVT,ANAND VIHAR TRM,0.0,0
12802,2026-03-22,GOY,GOVINDPURI,22.0,424
12802,2026-03-22,FTP,FATEHPUR,20.0,504
12802,2026-03-22,PRYJ,PRAYAGRAJ JN,16.0,621
12802,2026-03-22,BDL,VINDHYACHAL,,702
12802,2026-03-22,MZP,MIRZAPUR,19.0,710
12802,2026-03-22,CAR,CHUNAR,21.0,741
12802,2026-03-22,DDU,PT DEEN DAYAL UPADHYAY JN,0.0,773
12802,2026-03-22,BBU,BHABUA ROAD,12.0,826
12802,2026-03-22,SSM,SASARAM,10.0,873
12802,2026-03-22,DOS,DEHRI ON SONE,18.0,891
12802,2026-03-22,AUBR,ANUGRAHA N ROAD,20.0,908
12802,2026-03-22,GAYA,GAYA JN,21.0,976
12802,2026-03-22,PRP,PAHARPUR,21.0,1008
12802,2026-03-22,KQR,KODERMA,36.0,1052
12802,2026-03-22,HZD,HAZARIBAGH RD,28.0,1101
12802,2026-03-22,PNME,PARASNATH,54.0,1128
12802,2026-03-22,GMO,NSC BOSE J GOMO,22.0,1146
12802,2026-03-22,CRP,CHANDRAPURA,15.0,1163
12802,2026-03-22,BKSC,BOKARO STL CITY,23.0,1178
12802,2026-03-22,PRR,PURULIA JN,15.0,1239
12802,2026-03-22,BBM,BARABHUM,26.0,1270
12802,2026-03-22,CNI,CHANDIL JN,13.0,1293
12802,2026-03-22,TATA,TATANAGAR JN,7.0,1329
12802,2026-03-22,GTS,GHATSILA,0.0,1365
12802,2026-03-22,HIJ,HIJILLI,27.0,1463
12802,2026-03-22,BLS,BALASORE,1.0,1575
12802,2026-03-22,BHC,BHADRAKH,26.0,1637
12802,2026-03-22,JJKR,JAJPUR K ROAD,32.0,1681
12802,2026-03-22,CTC,CUTTACK,74.0,1753
12802,2026-03-22,BBS,BHUBANESWAR,67.0,1781
12802,2026-03-22,KUR,KHURDA ROAD JN,61.0,1800
12802,2026-03-22,PURI,PURI,12.0,1843
12802,2026-03-23,ANVT,ANAND VIHAR TRM,1.0,0
12802,2026-03-23,GOY,GOVINDPURI,0.0,424
12802,2026-03-23,FTP,FATEHPUR,23.0,504
12802,2026-03-23,PRYJ,PRAYAGRAJ JN,1.0,621
12802,2026-03-23,BDL,VINDHYACHAL,,702
12802,2026-03-23,MZP,MIRZAPUR,30.0,710
12802,2026-03-23,CAR,CHUNAR,31.0,741
12802,2026-03-23,DDU,PT DEEN DAYAL UPADHYAY JN,1.0,773
12802,2026-03-23,BBU,BHABUA ROAD,0.0,826
12802,2026-03-23,SSM,SASARAM,9.0,873
12802,2026-03-23,DOS,DEHRI ON SONE,13.0,891
12802,2026-03-23,AUBR,ANUGRAHA N ROAD,14.0,908
12802,2026-03-23,GAYA,GAYA JN,10.0,976
12802,2026-03-23,PRP,PAHARPUR,0.0,1008
12802,2026-03-23,KQR,KODERMA,6.0,1052
12802,2026-03-23,HZD,HAZARIBAGH RD,57.0,1101
12802,2026-03-23,PNME,PARASNATH,55.0,1128
12802,2026-03-23,GMO,NSC BOSE J GOMO,75.0,1146
12802,2026-03-23,CRP,CHANDRAPURA,69.0,1163
12802,2026-03-23,BKSC,BOKARO STL CITY,67.0,1178
12802,2026-03-23,PRR,PURULIA JN,51.0,1239
12802,2026-03-23,BBM,BARABHUM,51.0,1270
12802,2026-03-23,CNI,CHANDIL JN,50.0,1293
12802,2026-03-23,TATA,TATANAGAR JN,127.0,1329
12802,2026-03-23,GTS,GHATSILA,148.0,1365
12802,2026-03-23,HIJ,HIJILLI,140.0,1463
12802,2026-03-23,BLS,BALASORE,125.0,1575
12802,2026-03-23,BHC,BHADRAKH,148.0,1637
12802,2026-03-23,JJKR,JAJPUR K ROAD,154.0,1681
12802,2026-03-23,CTC,CUTTACK,167.0,1753
12802,2026-03-23,BBS,BHUBANESWAR,155.0,1781
12802,2026-03-23,KUR,KHURDA ROAD JN,170.0,1800
12802,2026-03-23,PURI,PURI,125.0,1843
12802,2026-03-24,ANVT,ANAND VIHAR TRM,0.0,0
12802,2026-03-24,GOY,GOVINDPURI,25.0,424
12802,2026-03-24,FTP,FATEHPUR,45.0,504
12802,2026-03-24,PRYJ,PRAYAGRAJ JN,5.0,621
12802,2026-03-24,BDL,VINDHYACHAL,,702
12802,2026-03-24,MZP,MIRZAPUR,26.0,710
12802,2026-03-24,CAR,CHUNAR,26.0,741
12802,2026-03-24,DDU,PT DEEN DAYAL UPADHYAY JN,0.0,773
12802,2026-03-24,BBU,BHABUA ROAD,10.0,826
12802,2026-03-24,SSM,SASARAM,10.0,873
12802,2026-03-24,DOS,DEHRI ON SONE,16.0,891
12802,2026-03-24,AUBR,ANUGRAHA N ROAD,15.0,908
12802,2026-03-24,GAYA,GAYA JN,30.0,976
12802,2026-03-24,PRP,PAHARPUR,31.0,1008
12802,2026-03-24,KQR,KODERMA,52.0,1052
12802,2026-03-24,HZD,HAZARIBAGH RD,57.0,1101
12802,2026-03-24,PNME,PARASNATH,56.0,1128
12802,2026-03-24,GMO,NSC BOSE J GOMO,40.0,1146
12802,2026-03-24,CRP,CHANDRAPURA,30.0,1163
12802,2026-03-24,BKSC,BOKARO STL CITY,46.0,1178
12802,2026-03-24,PRR,PURULIA JN,34.0,1239
12802,2026-03-24,BBM,BARABHUM,33.0,1270
12802,2026-03-24,CNI,CHANDIL JN,20.0,1293
12802,2026-03-24,TATA,TATANAGAR JN,103.0,1329
12802,2026-03-24,GTS,GHATSILA,111.0,1365
12802,2026-03-24,HIJ,HIJILLI,116.0,1463
12802,2026-03-24,BLS,BALASORE,136.0,1575
12802,2026-03-24,BHC,BHADRAKH,124.0,1637
12802,2026-03-24,JJKR,JAJPUR K ROAD,131.0,1681
12802,2026-03-24,CTC,CUTTACK,151.0,1753
12802,2026-03-24,BBS,BHUBANESWAR,158.0,1781
12802,2026-03-24,KUR,KHURDA ROAD JN,165.0,1800
12802,2026-03-24,PURI,PURI,107.0,1843
12802,2026-03-25,ANVT,ANAND VIHAR TRM,1.0,0
12802,2026-03-25,GOY,GOVINDPURI,10.0,424
12802,2026-03-25,FTP,FATEHPUR,19.0,504
12802,2026-03-25,PRYJ,PRAYAGRAJ JN,0.0,621
12802,2026-03-25,BDL,VINDHYACHAL,,702
12802,2026-03-25,MZP,MIRZAPUR,34.0,710
12802,2026-03-25,CAR,CHUNAR,34.0,741
12802,2026-03-25,DDU,PT DEEN DAYAL UPADHYAY JN,0.0,773
12802,2026-03-25,BBU,BHABUA ROAD,10.0,826
12802,2026-03-25,SSM,SASARAM,7.0,873
12802,2026-03-25,DOS,DEHRI ON SONE,12.0,891
12802,2026-03-25,AUBR,ANUGRAHA N ROAD,13.0,908
12802,2026-03-25,GAYA,GAYA JN,11.0,976
12802,2026-03-25,PRP,PAHARPUR,0.0,1008
12802,2026-03-25,KQR,KODERMA,13.0,1052
12802,2026-03-25,HZD,HAZARIBAGH RD,17.0,1101
12802,2026-03-25,PNME,PARASNATH,24.0,1128
12802,2026-03-25,GMO,NSC BOSE J GOMO,21.0,1146
12802,2026-03-25,CRP,CHANDRAPURA,21.0,1163
12802,2026-03-25,BKSC,BOKARO STL CITY,9.0,1178
12802,2026-03-25,PRR,PURULIA JN,11.0,1239
12802,2026-03-25,BBM,BARABHUM,16.0,1270
12802,2026-03-25,CNI,CHANDIL JN,7.0,1293
12802,2026-03-25,TATA,TATANAGAR JN,46.0,1329
12802,2026-03-25,GTS,GHATSILA,83.0,1365
12802,2026-03-25,HIJ,HIJILLI,101.0,1463
12802,2026-03-25,BLS,BALASORE,140.0,1575
12802,2026-03-25,BHC,BHADRAKH,139.0,1637
12802,2026-03-25,JJKR,JAJPUR K ROAD,144.0,1681
12802,2026-03-25,CTC,CUTTACK,156.0,1753
12802,2026-03-25,BBS,BHUBANESWAR,170.0,1781
12802,2026-03-25,KUR,KHURDA ROAD JN,184.0,1800
12802,2026-03-25,PURI,PURI,131.0,1843
12802,2026-03-26,ANVT,ANAND VIHAR TRM,0.0,0
12802,2026-03-26,GOY,GOVINDPURI,20.0,424
12802,2026-03-26,FTP,FATEHPUR,30.0,504
12802,2026-03-26,PRYJ,PRAYAGRAJ JN,0.0,621
12802,2026-03-26,BDL,VINDHYACHAL,,702
12802,2026-03-26,MZP,MIRZAPUR,4.0,710
12802,2026-03-26,CAR,CHUNAR,7.0,741
12802,2026-03-26,DDU,PT DEEN DAYAL UPADHYAY JN,0.0,773
12802,2026-03-26,BBU,BHABUA ROAD,6.0,826
12802,2026-03-26,SSM,SASARAM,2.0,873
12802,2026-03-26,DOS,DEHRI ON SONE,6.0,891
12802,2026-03-26,AUBR,ANUGRAHA N ROAD,5.0,908
12802,2026-03-26,GAYA,GAYA JN,0.0,976
12802,2026-03-26,PRP,PAHARPUR,0.0,1008
12802,2026-03-26,KQR,KODERMA,12.0,1052
12802,2026-03-26,HZD,HAZARIBAGH RD,16.0,1101
12802,2026-03-26,PNME,PARASNATH,18.0,1128
12802,2026-03-26,GMO,NSC BOSE J GOMO,0.0,1146
12802,2026-03-26,CRP,CHANDRAPURA,0.0,1163
12802,2026-03-26,BKSC,BOKARO STL CITY,0.0,1178
12802,2026-03-26,PRR,PURULIA JN,0.0,1239
12802,2026-03-26,BBM,BARABHUM,8.0,1270
12802,2026-03-26,CNI,CHANDIL JN,0.0,1293
12802,2026-03-26,TATA,TATANAGAR JN,95.0,1329
12802,2026-03-26,GTS,GHATSILA,152.0,1365
12802,2026-03-26,HIJ,HIJILLI,176.0,1463
12802,2026-03-26,BLS,BALASORE,186.0,1575
12802,2026-03-26,BHC,BHADRAKH,187.0,1637
12802,2026-03-26,JJKR,JAJPUR K ROAD,208.0,1681
12802,2026-03-26,CTC,CUTTACK,282.0,1753
12802,2026-03-26,BBS,BHUBANESWAR,290.0,1781
12802,2026-03-26,KUR,KHURDA ROAD JN,304.0,1800
12802,2026-03-26,PURI,PURI,251.0,1843
12802,2026-03-27,ANVT,ANAND VIHAR TRM,6.0,0
12802,2026-03-27,GOY,GOVINDPURI,22.0,424
12802,2026-03-27,FTP,FATEHPUR,33.0,504
12802,2026-03-27,PRYJ,PRAYAGRAJ JN,1.0,621
12802,2026-03-27,BDL,VINDHYACHAL,,702
12802,2026-03-27,MZP,MIRZAPUR,6.0,710
12802,2026-03-27,CAR,CHUNAR,12.0,741
12802,2026-03-27,DDU,PT DEEN DAYAL UPADHYAY JN,0.0,773
12802,2026-03-27,BBU,BHABUA ROAD,8.0,826
12802,2026-03-27,SSM,SASARAM,4.0,873
12802,2026-03-27,DOS,DEHRI ON SONE,10.0,891
12802,2026-03-27,AUBR,ANUGRAHA N ROAD,9.0,908
12802,2026-03-27,GAYA,GAYA JN,4.0,976
12802,2026-03-27,PRP,PAHARPUR,10.0,1008
12802,2026-03-27,KQR,KODERMA,27.0,1052
12802,2026-03-27,HZD,HAZARIBAGH RD,32.0,1101
12802,2026-03-27,PNME,PARASNATH,34.0,1128
12802,2026-03-27,GMO,NSC BOSE J GOMO,23.0,1146
12802,2026-03-27,CRP,CHANDRAPURA,24.0,1163
12802,2026-03-27,BKSC,BOKARO STL CITY,19.0,1178
12802,2026-03-27,PRR,PURULIA JN,47.0,1239
12802,2026-03-27,BBM,BARABHUM,66.0,1270
12802,2026-03-27,CNI,CHANDIL JN,56.0,1293
12802,2026-03-27,TATA,TATANAGAR JN,150.0,1329
12802,2026-03-27,GTS,GHATSILA,180.0,1365
12802,2026-03-27,HIJ,HIJILLI,165.0,1463
12802,2026-03-27,BLS,BALASORE,145.0,1575
12802,2026-03-27,BHC,BHADRAKH,147.0,1637
12802,2026-03-27,JJKR,JAJPUR K ROAD,154.0,1681
12802,2026-03-27,CTC,CUTTACK,180.0,1753
12802,2026-03-27,BBS,BHUBANESWAR,175.0,1781
12802,2026-03-27,KUR,KHURDA ROAD JN,181.0,1800
12802,2026-03-27,PURI,PURI,140.0,1843
12802,2026-03-28,ANVT,ANAND VIHAR TRM,0.0,0
12802,2026-03-28,GOY,GOVINDPURI,4.0,424
12802,2026-03-28,FTP,FATEHPUR,23.0,504
12802,2026-03-28,PRYJ,PRAYAGRAJ JN,4.0,621
12802,2026-03-28,BDL,VINDHYACHAL,,702
12802,2026-03-28,MZP,MIRZAPUR,10.0,710
12802,2026-03-28,CAR,CHUNAR,17.0,741
12802,2026-03-28,DDU,PT DEEN DAYAL UPADHYAY JN,0.0,773
12802,2026-03-28,BBU,BHABUA ROAD,9.0,826
12802,2026-03-28,SSM,SASARAM,5.0,873
12802,2026-03-28,DOS,DEHRI ON SONE,11.0,891
12802,2026-03-28,AUBR,ANUGRAHA N ROAD,14.0,908
12802,2026-03-28,GAYA,GAYA JN,11.0,976
12802,2026-03-28,PRP,PAHARPUR,11.0,1008
12802,2026-03-28,KQR,KODERMA,18.0,1052
12802,2026-03-28,HZD,HAZARIBAGH RD,24.0,1101
12802,2026-03-28,PNME,PARASNATH,28.0,1128
12802,2026-03-28,GMO,NSC BOSE J GOMO,12.0,1146
12802,2026-03-28,CRP,CHANDRAPURA,11.0,1163
12802,2026-03-28,BKSC,BOKARO STL CITY,0.0,1178
12802,2026-03-28,PRR,PURULIA JN,26.0,1239
12802,2026-03-28,BBM,BARABHUM,36.0,1270
12802,2026-03-28,CNI,CHANDIL JN,33.0,1293
12802,2026-03-28,TATA,TATANAGAR JN,179.0,1329
12802,2026-03-28,GTS,GHATSILA,190.0,1365
12802,2026-03-28,HIJ,HIJILLI,201.0,1463
12802,2026-03-28,BLS,BALASORE,194.0,1575
12802,2026-03-28,BHC,BHADRAKH,184.0,1637
12802,2026-03-28,JJKR,JAJPUR K ROAD,188.0,1681
12802,2026-03-28,CTC,CUTTACK,232.0,1753
12802,2026-03-28,BBS,BHUBANESWAR,231.0,1781
12802,2026-03-28,KUR,KHURDA ROAD JN,234.0,1800
12802,2026-03-28,PURI,PURI,183.0,1843
12802,2026-03-29,ANVT,ANAND VIHAR TRM,1.0,0
12802,2026-03-29,GOY,GOVINDPURI,9.0,424
12802,2026-03-29,FTP,FATEHPUR,18.0,504
12802,2026-03-29,PRYJ,PRAYAGRAJ JN,5.0,621
12802,2026-03-29,BDL,VINDHYACHAL,,702
12802,2026-03-29,MZP,MIRZAPUR,18.0,710
12802,2026-03-29,CAR,CHUNAR,20.0,741
12802,2026-03-29,DDU,PT DEEN DAYAL UPADHYAY JN,0.0,773
12802,2026-03-29,BBU,BHABUA ROAD,15.0,826
12802,2026-03-29,SSM,SASARAM,18.0,873
12802,2026-03-29,DOS,DEHRI ON SONE,24.0,891
12802,2026-03-29,AUBR,ANUGRAHA N ROAD,26.0,908
12802,2026-03-29,GAYA,GAYA JN,38.0,976
12802,2026-03-29,PRP,PAHARPUR,38.0,1008
12802,2026-03-29,KQR,KODERMA,56.0,1052
12802,2026-03-29,HZD,HAZARIBAGH RD,61.0,1101
12802,2026-03-29,PNME,PARASNATH,63.0,1128
12802,2026-03-29,GMO,NSC BOSE J GOMO,51.0,1146
12802,2026-03-29,CRP,CHANDRAPURA,54.0,1163
12802,2026-03-29,BKSC,BOKARO STL CITY,46.0,1178
12802,2026-03-29,PRR,PURULIA JN,38.0,1239
12802,2026-03-29,BBM,BARABHUM,49.0,1270
12802,2026-03-29,CNI,CHANDIL JN,40.0,1293
12802,2026-03-29,TATA,TATANAGAR JN,45.0,1329
12802,2026-03-29,GTS,GHATSILA,112.0,1365
12802,2026-03-29,HIJ,HIJILLI,114.0,1463
12802,2026-03-29,BLS,BALASORE,114.0,1575
12802,2026-03-29,BHC,BHADRAKH,113.0,1637
12802,2026-03-29,JJKR,JAJPUR K ROAD,117.0,1681
12802,2026-03-29,CTC,CUTTACK,134.0,1753
12802,2026-03-29,BBS,BHUBANESWAR,144.0,1781
12802,2026-03-29,KUR,KHURDA ROAD JN,147.0,1800
12802,2026-03-29,PURI,PURI,95.0,1843
12802,2026-03-30,ANVT,ANAND VIHAR TRM,9.0,0
12802,2026-03-30,GOY,GOVINDPURI,28.0,424
12802,2026-03-30,FTP,FATEHPUR,32.0,504
12802,2026-03-30,PRYJ,PRAYAGRAJ JN,6.0,621
12802,2026-03-30,BDL,VINDHYACHAL,,702
12802,2026-03-30,MZP,MIRZAPUR,9.0,710
12802,2026-03-30,CAR,CHUNAR,11.0,741
12802,2026-03-30,DDU,PT DEEN DAYAL UPADHYAY JN,0.0,773
12802,2026-03-30,BBU,BHABUA ROAD,9.0,826
12802,2026-03-30,SSM,SASARAM,8.0,873
12802,2026-03-30,DOS,DEHRI ON SONE,24.0,891
12802,2026-03-30,AUBR,ANUGRAHA N ROAD,26.0,908
12802,2026-03-30,GAYA,GAYA JN,27.0,976
12802,2026-03-30,PRP,PAHARPUR,21.0,1008
12802,2026-03-30,KQR,KODERMA,42.0,1052
12802,2026-03-30,HZD,HAZARIBAGH RD,63.0,1101
12802,2026-03-30,PNME,PARASNATH,69.0,1128
12802,2026-03-30,GMO,NSC BOSE J GOMO,60.0,1146
12802,2026-03-30,CRP,CHANDRAPURA,60.0,1163
12802,2026-03-30,BKSC,BOKARO STL CITY,46.0,1178
12802,2026-03-30,PRR,PURULIA JN,46.0,1239
12802,2026-03-30,BBM,BARABHUM,58.0,1270
12802,2026-03-30,CNI,CHANDIL JN,49.0,1293
12802,2026-03-30,TATA,TATANAGAR JN,134.0,1329
12802,2026-03-30,GTS,GHATSILA,161.0,1365
12802,2026-03-30,HIJ,HIJILLI,183.0,1463
12802,2026-03-30,BLS,BALASORE,181.0,1575
12802,2026-03-30,BHC,BHADRAKH,171.0,1637
12802,2026-03-30,JJKR,JAJPUR K ROAD,175.0,1681
12802,2026-03-30,CTC,CUTTACK,204.0,1753
12802,2026-03-30,BBS,BHUBANESWAR,204.0,1781
12802,2026-03-30,KUR,KHURDA ROAD JN,218.0,1800
12802,2026-03-30,PURI,PURI,171.0,1843
12802,2026-03-31,ANVT,ANAND VIHAR TRM,0.0,0
12802,2026-03-31,GOY,GOVINDPURI,65.0,424
12802,2026-03-31,FTP,FATEHPUR,75.0,504
12802,2026-03-31,PRYJ,PRAYAGRAJ JN,37.0,621
12802,2026-03-31,BDL,VINDHYACHAL,,702
12802,2026-03-31,MZP,MIRZAPUR,46.0,710
12802,2026-03-31,CAR,CHUNAR,46.0,741
12802,2026-03-31,DDU,PT DEEN DAYAL UPADHYAY JN,9.0,773
12802,2026-03-31,BBU,BHABUA ROAD,18.0,826
12802,2026-03-31,SSM,SASARAM,17.0,873
12802,2026-03-31,DOS,DEHRI ON SONE,22.0,891
12802,2026-03-31,AUBR,ANUGRAHA N ROAD,24.0,908
12802,2026-03-31,GAYA,GAYA JN,22.0,976
12802,2026-03-31,PRP,PAHARPUR,24.0,1008
12802,2026-03-31,KQR,KODERMA,71.0,1052
12802,2026-03-31,HZD,HAZARIBAGH RD,76.0,1101
12802,2026-03-31,PNME,PARASNATH,78.0,1128
12802,2026-03-31,GMO,NSC BOSE J GOMO,60.0,1146
12802,2026-03-31,CRP,CHANDRAPURA,62.0,1163
12802,2026-03-31,BKSC,BOKARO STL CITY,49.0,1178
12802,2026-03-31,PRR,PURULIA JN,43.0,1239
12802,2026-03-31,BBM,BARABHUM,55.0,1270
12802,2026-03-31,CNI,CHANDIL JN,44.0,1293
12802,2026-03-31,TATA,TATANAGAR JN,99.0,1329
12802,2026-03-31,GTS,GHATSILA,164.0,1365
12802,2026-03-31,HIJ,HIJILLI,193.0,1463
12802,2026-03-31,BLS,BALASORE,188.0,1575
12802,2026-03-31,BHC,BHADRAKH,180.0,1637
12802,2026-03-31,JJKR,JAJPUR K ROAD,185.0,1681
12802,2026-03-31,CTC,CUTTACK,212.0,1753
12802,2026-03-31,BBS,BHUBANESWAR,214.0,1781
12802,2026-03-31,KUR,KHURDA ROAD JN,217.0,1800
12802,2026-03-31,PURI,PURI,163.0,1843
12802,2026-04-01,ANVT,ANAND VIHAR TRM,2.0,0
12802,2026-04-01,GOY,GOVINDPURI,17.0,424
12802,2026-04-01,FTP,FATEHPUR,35.0,504
12802,2026-04-01,PRYJ,PRAYAGRAJ JN,0.0,621
12802,2026-04-01,BDL,VINDHYACHAL,,702
12802,2026-04-01,MZP,MIRZAPUR,23.0,710
12802,2026-04-01,CAR,CHUNAR,25.0,741
12802,2026-04-01,DDU,PT DEEN DAYAL UPADHYAY JN,0.0,773
12802,2026-04-01,BBU,BHABUA ROAD,7.0,826
12802,2026-04-01,SSM,SASARAM,10.0,873
12802,2026-04-01,DOS,DEHRI ON SONE,21.0,891
12802,2026-04-01,AUBR,ANUGRAHA N ROAD,26.0,908
12802,2026-04-01,GAYA,GAYA JN,37.0,976
12802,2026-04-01,PRP,PAHARPUR,21.0,1008
12802,2026-04-01,KQR,KODERMA,55.0,1052
12802,2026-04-01,HZD,HAZARIBAGH RD,51.0,1101
12802,2026-04-01,PNME,PARASNATH,53.0,1128
12802,2026-04-01,GMO,NSC BOSE J GOMO,54.0,1146
12802,2026-04-01,CRP,CHANDRAPURA,45.0,1163
12802,2026-04-01,BKSC,BOKARO STL CITY,46.0,1178
12802,2026-04-01,PRR,PURULIA JN,54.0,1239
12802,2026-04-01,BBM,BARABHUM,55.0,1270
12802,2026-04-01,CNI,CHANDIL JN,42.0,1293
12802,2026-04-01,TATA,TATANAGAR JN,125.0,1329
12802,2026-04-01,GTS,GHATSILA,131.0,1365
12802,2026-04-01,HIJ,HIJILLI,148.0,1463
12802,2026-04-01,BLS,BALASORE,146.0,1575
12802,2026-04-01,BHC,BHADRAKH,143.0,1637
12802,2026-04-01,JJKR,JAJPUR K ROAD,150.0,1681
12802,2026-04-01,CTC,CUTTACK,178.0,1753
12802,2026-04-01,BBS,BHUBANESWAR,189.0,1781
12802,2026-04-01,KUR,KHURDA ROAD JN,183.0,1800
12802,2026-04-01,PURI,PURI,115.0,1843
12802,2026-04-02,ANVT,ANAND VIHAR TRM,1.0,0
12802,2026-04-02,GOY,GOVINDPURI,12.0,424
12802,2026-04-02,FTP,FATEHPUR,24.0,504
12802,2026-04-02,PRYJ,PRAYAGRAJ JN,1.0,621
12802,2026-04-02,BDL,VINDHYACHAL,,702
12802,2026-04-02,MZP,MIRZAPUR,10.0,710
12802,2026-04-02,CAR,CHUNAR,8.0,741
12802,2026-04-02,DDU,PT DEEN DAYAL UPADHYAY JN,0.0,773
12802,2026-04-02,BBU,BHABUA ROAD,6.0,826
12802,2026-04-02,SSM,SASARAM,5.0,873
12802,2026-04-02,DOS,DEHRI ON SONE,11.0,891
12802,2026-04-02,AUBR,ANUGRAHA N ROAD,11.0,908
12802,2026-04-02,GAYA,GAYA JN,4.0,976
12802,2026-04-02,PRP,PAHARPUR,2.0,1008
12802,2026-04-02,KQR,KODERMA,28.0,1052
12802,2026-04-02,HZD,HAZARIBAGH RD,32.0,1101
12802,2026-04-02,PNME,PARASNATH,33.0,1128
12802,2026-04-02,GMO,NSC BOSE J GOMO,18.0,1146
12802,2026-04-02,CRP,CHANDRAPURA,17.0,1163
12802,2026-04-02,BKSC,BOKARO STL CITY,2.0,1178
12802,2026-04-02,PRR,PURULIA JN,15.0,1239
12802,2026-04-02,BBM,BARABHUM,26.0,1270
12802,2026-04-02,CNI,CHANDIL JN,14.0,1293
12802,2026-04-02,TATA,TATANAGAR JN,88.0,1329
12802,2026-04-02,GTS,GHATSILA,158.0,1365
12802,2026-04-02,HIJ,HIJILLI,148.0,1463
12802,2026-04-02,BLS,BALASORE,139.0,1575
12802,2026-04-02,BHC,BHADRAKH,133.0,1637
12802,2026-04-02,JJKR,JAJPUR K ROAD,140.0,1681
12802,2026-04-02,CTC,CUTTACK,185.0,1753
12802,2026-04-02,BBS,BHUBANESWAR,191.0,1781
12802,2026-04-02,KUR,KHURDA ROAD JN,202.0,1800
12802,2026-04-02,PURI,PURI,160.0,1843
12802,2026-04-03,ANVT,ANAND VIHAR TRM,0.0,0
12802,2026-04-03,GOY,GOVINDPURI,10.0,424
12802,2026-04-03,FTP,FATEHPUR,18.0,504
12802,2026-04-03,PRYJ,PRAYAGRAJ JN,1.0,621
12802,2026-04-03,BDL,VINDHYACHAL,,702
12802,2026-04-03,MZP,MIRZAPUR,17.0,710
12802,2026-04-03,CAR,CHUNAR,18.0,741
12802,2026-04-03,DDU,PT DEEN DAYAL UPADHYAY JN,0.0,773
12802,2026-04-03,BBU,BHABUA ROAD,8.0,826
12802,2026-04-03,SSM,SASARAM,16.0,873
12802,2026-04-03,DOS,DEHRI ON SONE,20.0,891
12802,2026-04-03,AUBR,ANUGRAHA N ROAD,21.0,908
12802,2026-04-03,GAYA,GAYA JN,13.0,976
12802,2026-04-03,PRP,PAHARPUR,8.0,1008
12802,2026-04-03,KQR,KODERMA,41.0,1052
12802,2026-04-03,HZD,HAZARIBAGH RD,36.0,1101
12802,2026-04-03,PNME,PARASNATH,41.0,1128
12802,2026-04-03,GMO,NSC BOSE J GOMO,29.0,1146
12802,2026-04-03,CRP,CHANDRAPURA,23.0,1163
12802,2026-04-03,BKSC,BOKARO STL CITY,30.0,1178
12802,2026-04-03,PRR,PURULIA JN,14.0,1239
12802,2026-04-03,BBM,BARABHUM,33.0,1270
12802,2026-04-03,CNI,CHANDIL JN,20.0,1293
12802,2026-04-03,TATA,TATANAGAR JN,67.0,1329
12802,2026-04-03,GTS,GHATSILA,62.0,1365
12802,2026-04-03,HIJ,HIJILLI,85.0,1463
12802,2026-04-03,BLS,BALASORE,64.0,1575
12802,2026-04-03,BHC,BHADRAKH,60.0,1637
12802,2026-04-03,JJKR,JAJPUR K ROAD,63.0,1681
12802,2026-04-03,CTC,CUTTACK,115.0,1753
12802,2026-04-03,BBS,BHUBANESWAR,91.0,1781
12802,2026-04-03,KUR,KHURDA ROAD JN,82.0,1800
12802,2026-04-03,PURI,PURI,45.0,1843
12802,2026-04-04,ANVT,ANAND VIHAR TRM,10.0,0
12802,2026-04-04,GOY,GOVINDPURI,2.0,424
12802,2026-04-04,FTP,FATEHPUR,17.0,504
12802,2026-04-04,PRYJ,PRAYAGRAJ JN,0.0,621
12802,2026-04-04,BDL,VINDHYACHAL,,702
12802,2026-04-04,MZP,MIRZAPUR,13.0,710
12802,2026-04-04,CAR,CHUNAR,14.0,741
12802,2026-04-04,DDU,PT DEEN DAYAL UPADHYAY JN,8.0,773
12802,2026-04-04,BBU,BHABUA ROAD,15.0,826
12802,2026-04-04,SSM,SASARAM,16.0,873
12802,2026-04-04,DOS,DEHRI ON SONE,22.0,891
12802,2026-04-04,AUBR,ANUGRAHA N ROAD,24.0,908
12802,2026-04-04,GAYA,GAYA JN,19.0,976
12802,2026-04-04,PRP,PAHARPUR,11.0,1008
12802,2026-04-04,KQR,KODERMA,27.0,1052
12802,2026-04-04,HZD,HAZARIBAGH RD,43.0,1101
12802,2026-04-04,PNME,PARASNATH,46.0,1128
12802,2026-04-04,GMO,NSC BOSE J GOMO,42.0,1146
12802,2026-04-04,CRP,CHANDRAPURA,33.0,1163
12802,2026-04-04,BKSC,BOKARO STL CITY,39.0,1178
12802,2026-04-04,PRR,PURULIA JN,29.0,1239
12802,2026-04-04,BBM,BARABHUM,40.0,1270
12802,2026-04-04,CNI,CHANDIL JN,33.0,1293
12802,2026-04-04,TATA,TATANAGAR JN,51.0,1329
12802,2026-04-04,GTS,GHATSILA,101.0,1365
12802,2026-04-04,HIJ,HIJILLI,96.0,1463
12802,2026-04-04,BLS,BALASORE,111.0,1575
12802,2026-04-04,BHC,BHADRAKH,100.0,1637
12802,2026-04-04,JJKR,JAJPUR K ROAD,109.0,1681
12802,2026-04-04,CTC,CUTTACK,137.0,1753
12802,2026-04-04,BBS,BHUBANESWAR,136.0,1781
12802,2026-04-04,KUR,KHURDA ROAD JN,142.0,1800
12802,2026-04-04,PURI,PURI,86.0,1843
12802,2026-04-05,ANVT,ANAND VIHAR TRM,0.0,0
12802,2026-04-05,GOY,GOVINDPURI,9.0,424
12802,2026-04-05,FTP,FATEHPUR,38.0,504
12802,2026-04-05,PRYJ,PRAYAGRAJ JN,3.0,621
12802,2026-04-05,BDL,VINDHYACHAL,,702
12802,2026-04-05,MZP,MIRZAPUR,13.0,710
12802,2026-04-05,CAR,CHUNAR,11.0,741
12802,2026-04-05,DDU,PT DEEN DAYAL UPADHYAY JN,0.0,773
12802,2026-04-05,BBU,BHABUA ROAD,10.0,826
12802,2026-04-05,SSM,SASARAM,10.0,873
12802,2026-04-05,DOS,DEHRI ON SONE,24.0,891
12802,2026-04-05,AUBR,ANUGRAHA N ROAD,25.0,908
12802,2026-04-05,GAYA,GAYA JN,20.0,976
12802,2026-04-05,PRP,PAHARPUR,0.0,1008
12802,2026-04-05,KQR,KODERMA,29.0,1052
12802,2026-04-05,HZD,HAZARIBAGH RD,27.0,1101
12802,2026-04-05,PNME,PARASNATH,25.0,1128
12802,2026-04-05,GMO,NSC BOSE J GOMO,60.0,1146
12802,2026-04-05,CRP,CHANDRAPURA,54.0,1163
12802,2026-04-05,BKSC,BOKARO STL CITY,52.0,1178
12802,2026-04-05,PRR,PURULIA JN,39.0,1239
12802,2026-04-05,BBM,BARABHUM,51.0,1270
12802,2026-04-05,CNI,CHANDIL JN,51.0,1293
12802,2026-04-05,TATA,TATANAGAR JN,136.0,1329
12802,2026-04-05,GTS,GHATSILA,139.0,1365
12802,2026-04-05,HIJ,HIJILLI,178.0,1463
12802,2026-04-05,BLS,BALASORE,194.0,1575
12802,2026-04-05,BHC,BHADRAKH,199.0,1637
12802,2026-04-05,JJKR,JAJPUR K ROAD,197.0,1681
12802,2026-04-05,CTC,CUTTACK,170.0,1753
12802,2026-04-05,BBS,BHUBANESWAR,199.0,1781
12802,2026-04-05,KUR,KHURDA ROAD JN,880.0,1800
12802,2026-04-05,PURI,PURI,1060.0,1843
12802,2026-04-06,ANVT,ANAND VIHAR TRM,0.0,0
12802,2026-04-06,GOY,GOVINDPURI,11.0,424
12802,2026-04-06,FTP,FATEHPUR,26.0,504
12802,2026-04-06,PRYJ,PRAYAGRAJ JN,0.0,621
12802,2026-04-06,BDL,VINDHYACHAL,,702
12802,2026-04-06,MZP,MIRZAPUR,26.0,710
12802,2026-04-06,CAR,CHUNAR,34.0,741
12802,2026-04-06,DDU,PT DEEN DAYAL UPADHYAY JN,1.0,773
12802,2026-04-06,BBU,BHABUA ROAD,10.0,826
12802,2026-04-06,SSM,SASARAM,10.0,873
12802,2026-04-06,DOS,DEHRI ON SONE,17.0,891
12802,2026-04-06,AUBR,ANUGRAHA N ROAD,17.0,908
12802,2026-04-06,GAYA,GAYA JN,13.0,976
12802,2026-04-06,PRP,PAHARPUR,11.0,1008
12802,2026-04-06,KQR,KODERMA,36.0,1052
12802,2026-04-06,HZD,HAZARIBAGH RD,40.0,1101
12802,2026-04-06,PNME,PARASNATH,51.0,1128
12802,2026-04-06,GMO,NSC BOSE J GOMO,40.0,1146
12802,2026-04-06,CRP,CHANDRAPURA,39.0,1163
12802,2026-04-06,BKSC,BOKARO STL CITY,39.0,1178
12802,2026-04-06,PRR,PURULIA JN,40.0,1239
12802,2026-04-06,BBM,BARABHUM,56.0,1270
12802,2026-04-06,CNI,CHANDIL JN,49.0,1293
12802,2026-04-06,TATA,TATANAGAR JN,45.0,1329
12802,2026-04-06,GTS,GHATSILA,27.0,1365
12802,2026-04-06,HIJ,HIJILLI,38.0,1463
12802,2026-04-06,BLS,BALASORE,39.0,1575
12802,2026-04-06,BHC,BHADRAKH,28.0,1637
12802,2026-04-06,JJKR,JAJPUR K ROAD,41.0,1681
12802,2026-04-06,CTC,CUTTACK,52.0,1753
12802,2026-04-06,BBS,BHUBANESWAR,63.0,1781
12802,2026-04-06,KUR,KHURDA ROAD JN,67.0,1800
12802,2026-04-06,PURI,PURI,10.0,1843
12802,2026-04-07,ANVT,ANAND VIHAR TRM,1.0,0
12802,2026-04-07,GOY,GOVINDPURI,9.0,424
12802,2026-04-07,FTP,FATEHPUR,25.0,504
12802,2026-04-07,PRYJ,PRAYAGRAJ JN,1.0,621
12802,2026-04-07,BDL,VINDHYACHAL,,702
12802,2026-04-07,MZP,MIRZAPUR,3.0,710
12802,2026-04-07,CAR,CHUNAR,7.0,741
12802,2026-04-07,DDU,PT DEEN DAYAL UPADHYAY JN,0.0,773
12802,2026-04-07,BBU,BHABUA ROAD,8.0,826
12802,2026-04-07,SSM,SASARAM,10.0,873
12802,2026-04-07,DOS,DEHRI ON SONE,18.0,891
12802,2026-04-07,AUBR,ANUGRAHA N ROAD,18.0,908
12802,2026-04-07,GAYA,GAYA JN,12.0,976
12802,2026-04-07,PRP,PAHARPUR,9.0,1008
12802,2026-04-07,KQR,KODERMA,42.0,1052
12802,2026-04-07,HZD,HAZARIBAGH RD,47.0,1101
12802,2026-04-07,PNME,PARASNATH,57.0,1128
12802,2026-04-07,GMO,NSC BOSE J GOMO,64.0,1146
12802,2026-04-07,CRP,CHANDRAPURA,58.0,1163
12802,2026-04-07,BKSC,BOKARO STL CITY,44.0,1178
12802,2026-04-07,PRR,PURULIA JN,35.0,1239
12802,2026-04-07,BBM,BARABHUM,41.0,1270
12802,2026-04-07,CNI,CHANDIL JN,28.0,1293
12802,2026-04-07,TATA,TATANAGAR JN,25.0,1329
12802,2026-04-07,GTS,GHATSILA,33.0,1365
12802,2026-04-07,HIJ,HIJILLI,50.0,1463
12802,2026-04-07,BLS,BALASORE,37.0,1575
12802,2026-04-07,BHC,BHADRAKH,28.0,1637
12802,2026-04-07,JJKR,JAJPUR K ROAD,33.0,1681
12802,2026-04-07,CTC,CUTTACK,45.0,1753
12802,2026-04-07,BBS,BHUBANESWAR,33.0,1781
12802,2026-04-07,KUR,KHURDA ROAD JN,40.0,1800
12802,2026-04-07,PURI,PURI,12.0,1843
12802,2026-04-08,ANVT,ANAND VIHAR TRM,2.0,0
12802,2026-04-08,GOY,GOVINDPURI,6.0,424
12802,2026-04-08,FTP,FATEHPUR,6.0,504
12802,2026-04-08,PRYJ,PRAYAGRAJ JN,0.0,621
12802,2026-04-08,BDL,VINDHYACHAL,,702
12802,2026-04-08,MZP,MIRZAPUR,10.0,710
12802,2026-04-08,CAR,CHUNAR,11.0,741
12802,2026-04-08,DDU,PT DEEN DAYAL UPADHYAY JN,1.0,773
12802,2026-04-08,BBU,BHABUA ROAD,7.0,826
12802,2026-04-08,SSM,SASARAM,7.0,873
12802,2026-04-08,DOS,DEHRI ON SONE,15.0,891
12802,2026-04-08,AUBR,ANUGRAHA N ROAD,16.0,908
12802,2026-04-08,GAYA,GAYA JN,11.0,976
12802,2026-04-08,PRP,PAHARPUR,4.0,1008
12802,2026-04-08,KQR,KODERMA,13.0,1052
12802,2026-04-08,HZD,HAZARIBAGH RD,99.0,1101
12802,2026-04-08,PNME,PARASNATH,102.0,1128
12802,2026-04-08,GMO,NSC BOSE J GOMO,82.0,1146
12802,2026-04-08,CRP,CHANDRAPURA,86.0,1163
12802,2026-04-08,BKSC,BOKARO STL CITY,71.0,1178
12802,2026-04-08,PRR,PURULIA JN,77.0,1239
12802,2026-04-08,BBM,BARABHUM,87.0,1270
12802,2026-04-08,CNI,CHANDIL JN,75.0,1293
12802,2026-04-08,TATA,TATANAGAR JN,148.0,1329
12802,2026-04-08,GTS,GHATSILA,167.0,1365
12802,2026-04-08,HIJ,HIJILLI,169.0,1463
12802,2026-04-08,BLS,BALASORE,160.0,1575
12802,2026-04-08,BHC,BHADRAKH,150.0,1637
12802,2026-04-08,JJKR,JAJPUR K ROAD,156.0,1681
12802,2026-04-08,CTC,CUTTACK,211.0,1753
12802,2026-04-08,BBS,BHUBANESWAR,215.0,1781
12802,2026-04-08,KUR,KHURDA ROAD JN,234.0,1800
12802,2026-04-08,PURI,PURI,179.0,1843
12802,2026-04-09,ANVT,ANAND VIHAR TRM,1.0,0
12802,2026-04-09,GOY,GOVINDPURI,0.0,424
12802,2026-04-09,FTP,FATEHPUR,12.0,504
12802,2026-04-09,PRYJ,PRAYAGRAJ JN,0.0,621
12802,2026-04-09,BDL,VINDHYACHAL,,702
12802,2026-04-09,MZP,MIRZAPUR,12.0,710
12802,2026-04-09,CAR,CHUNAR,13.0,741
12802,2026-04-09,DDU,PT DEEN DAYAL UPADHYAY JN,5.0,773
12802,2026-04-09,BBU,BHABUA ROAD,11.0,826
12802,2026-04-09,SSM,SASARAM,8.0,873
12802,2026-04-09,DOS,DEHRI ON SONE,13.0,891
12802,2026-04-09,AUBR,ANUGRAHA N ROAD,59.0,908
12802,2026-04-09,GAYA,GAYA JN,56.0,976
12802,2026-04-09,PRP,PAHARPUR,36.0,1008
12802,2026-04-09,KQR,KODERMA,51.0,1052
12802,2026-04-09,HZD,HAZARIBAGH RD,56.0,1101
12802,2026-04-09,PNME,PARASNATH,59.0,1128
12802,2026-04-09,GMO,NSC BOSE J GOMO,66.0,1146
12802,2026-04-09,CRP,CHANDRAPURA,67.0,1163
12802,2026-04-09,BKSC,BOKARO STL CITY,58.0,1178
12802,2026-04-09,PRR,PURULIA JN,60.0,1239
12802,2026-04-09,BBM,BARABHUM,73.0,1270
12802,2026-04-09,CNI,CHANDIL JN,64.0,1293
12802,2026-04-09,TATA,TATANAGAR JN,89.0,1329
12802,2026-04-09,GTS,GHATSILA,134.0,1365
12802,2026-04-09,HIJ,HIJILLI,127.0,1463
12802,2026-04-09,BLS,BALASORE,124.0,1575
12802,2026-04-09,BHC,BHADRAKH,115.0,1637
12802,2026-04-09,JJKR,JAJPUR K ROAD,122.0,1681
12802,2026-04-09,CTC,CUTTACK,172.0,1753
12802,2026-04-09,BBS,BHUBANESWAR,174.0,1781
12802,2026-04-09,KUR,KHURDA ROAD JN,181.0,1800
12802,2026-04-09,PURI,PURI,126.0,1843
12802,2026-04-10,ANVT,ANAND VIHAR TRM,0.0,0
12802,2026-04-10,GOY,GOVINDPURI,25.0,424
12802,2026-04-10,FTP,FATEHPUR,39.0,504
12802,2026-04-10,PRYJ,PRAYAGRAJ JN,0.0,621
12802,2026-04-10,BDL,VINDHYACHAL,,702
12802,2026-04-10,MZP,MIRZAPUR,11.0,710
12802,2026-04-10,CAR,CHUNAR,16.0,741
12802,2026-04-10,DDU,PT DEEN DAYAL UPADHYAY JN,0.0,773
12802,2026-04-10,BBU,BHABUA ROAD,9.0,826
12802,2026-04-10,SSM,SASARAM,11.0,873
12802,2026-04-10,DOS,DEHRI ON SONE,15.0,891
12802,2026-04-10,AUBR,ANUGRAHA N ROAD,24.0,908
12802,2026-04-10,GAYA,GAYA JN,18.0,976
12802,2026-04-10,PRP,PAHARPUR,19.0,1008
12802,2026-04-10,KQR,KODERMA,58.0,1052
12802,2026-04-10,HZD,HAZARIBAGH RD,65.0,1101
12802,2026-04-10,PNME,PARASNATH,76.0,1128
12802,2026-04-10,GMO,NSC BOSE J GOMO,68.0,1146
12802,2026-04-10,CRP,CHANDRAPURA,62.0,1163
12802,2026-04-10,BKSC,BOKARO STL CITY,63.0,1178
12802,2026-04-10,PRR,PURULIA JN,66.0,1239
12802,2026-04-10,BBM,BARABHUM,65.0,1270
12802,2026-04-10,CNI,CHANDIL JN,58.0,1293
12802,2026-04-10,TATA,TATANAGAR JN,75.0,1329
12802,2026-04-10,GTS,GHATSILA,62.0,1365
12802,2026-04-10,HIJ,HIJILLI,101.0,1463
12802,2026-04-10,BLS,BALASORE,138.0,1575
12802,2026-04-10,BHC,BHADRAKH,82.0,1637
12802,2026-04-10,JJKR,JAJPUR K ROAD,101.0,1681
12802,2026-04-10,CTC,CUTTACK,120.0,1753
12802,2026-04-10,BBS,BHUBANESWAR,129.0,1781
12802,2026-04-10,KUR,KHURDA ROAD JN,122.0,1800
12802,2026-04-10,PURI,PURI,62.0,1843
12802,2026-04-11,ANVT,ANAND VIHAR TRM,0.0,0
12802,2026-04-11,GOY,GOVINDPURI,4.0,424
12802,2026-04-11,FTP,FATEHPUR,11.0,504
12802,2026-04-11,PRYJ,PRAYAGRAJ JN,0.0,621
12802,2026-04-11,BDL,VINDHYACHAL,,702
12802,2026-04-11,MZP,MIRZAPUR,16.0,710
12802,2026-04-11,CAR,CHUNAR,15.0,741
12802,2026-04-11,DDU,PT DEEN DAYAL UPADHYAY JN,0.0,773
12802,2026-04-11,BBU,BHABUA ROAD,7.0,826
12802,2026-04-11,SSM,SASARAM,3.0,873
12802,2026-04-11,DOS,DEHRI ON SONE,10.0,891
12802,2026-04-11,AUBR,ANUGRAHA N ROAD,10.0,908
12802,2026-04-11,GAYA,GAYA JN,2.0,976
12802,2026-04-11,PRP,PAHARPUR,0.0,1008
12802,2026-04-11,KQR,KODERMA,15.0,1052
12802,2026-04-11,HZD,HAZARIBAGH RD,20.0,1101
12802,2026-04-11,PNME,PARASNATH,22.0,1128
12802,2026-04-11,GMO,NSC BOSE J GOMO,11.0,1146
12802,2026-04-11,CRP,CHANDRAPURA,9.0,1163
12802,2026-04-11,BKSC,BOKARO STL CITY,2.0,1178
12802,2026-04-11,PRR,PURULIA JN,90.0,1239
12802,2026-04-11,BBM,BARABHUM,94.0,1270
12802,2026-04-11,CNI,CHANDIL JN,81.0,1293
12802,2026-04-11,TATA,TATANAGAR JN,75.0,1329
12802,2026-04-11,GTS,GHATSILA,108.0,1365
12802,2026-04-11,HIJ,HIJILLI,100.0,1463
12802,2026-04-11,BLS,BALASORE,98.0,1575
12802,2026-04-11,BHC,BHADRAKH,88.0,1637
12802,2026-04-11,JJKR,JAJPUR K ROAD,102.0,1681
12802,2026-04-11,CTC,CUTTACK,144.0,1753
12802,2026-04-11,BBS,BHUBANESWAR,142.0,1781
12802,2026-04-11,KUR,KHURDA ROAD JN,150.0,1800
12802,2026-04-11,PURI,PURI,92.0,1843
12802,2026-04-12,ANVT,ANAND VIHAR TRM,5.0,0
12802,2026-04-12,GOY,GOVINDPURI,14.0,424
12802,2026-04-12,FTP,FATEHPUR,33.0,504
12802,2026-04-12,PRYJ,PRAYAGRAJ JN,1.0,621
12802,2026-04-12,BDL,VINDHYACHAL,,702
12802,2026-04-12,MZP,MIRZAPUR,18.0,710
12802,2026-04-12,CAR,CHUNAR,17.0,741
12802,2026-04-12,DDU,PT DEEN DAYAL UPADHYAY JN,0.0,773
12802,2026-04-12,BBU,BHABUA ROAD,11.0,826
12802,2026-04-12,SSM,SASARAM,9.0,873
12802,2026-04-12,DOS,DEHRI ON SONE,13.0,891
12802,2026-04-12,AUBR,ANUGRAHA N ROAD,14.0,908
12802,2026-04-12,GAYA,GAYA JN,13.0,976
12802,2026-04-12,PRP,PAHARPUR,9.0,1008
12802,2026-04-12,KQR,KODERMA,15.0,1052
12802,2026-04-12,HZD,HAZARIBAGH RD,25.0,1101
12802,2026-04-12,PNME,PARASNATH,31.0,1128
12802,2026-04-12,GMO,NSC BOSE J GOMO,14.0,1146
12802,2026-04-12,CRP,CHANDRAPURA,14.0,1163
12802,2026-04-12,BKSC,BOKARO STL CITY,1.0,1178
12802,2026-04-12,PRR,PURULIA JN,0.0,1239
12802,2026-04-12,BBM,BARABHUM,6.0,1270
12802,2026-04-12,CNI,CHANDIL JN,10.0,1293
12802,2026-04-12,TATA,TATANAGAR JN,42.0,1329
12802,2026-04-12,GTS,GHATSILA,48.0,1365
12802,2026-04-12,HIJ,HIJILLI,86.0,1463
12802,2026-04-12,BLS,BALASORE,94.0,1575
12802,2026-04-12,BHC,BHADRAKH,93.0,1637
12802,2026-04-12,JJKR,JAJPUR K ROAD,100.0,1681
12802,2026-04-12,CTC,CUTTACK,141.0,1753
12802,2026-04-12,BBS,BHUBANESWAR,139.0,1781
12802,2026-04-12,KUR,KHURDA ROAD JN,146.0,1800
12802,2026-04-12,PURI,PURI,89.0,1843
12802,2026-04-13,ANVT,ANAND VIHAR TRM,0.0,0
12802,2026-04-13,GOY,GOVINDPURI,50.0,424
12802,2026-04-13,FTP,FATEHPUR,57.0,504
12802,2026-04-13,PRYJ,PRAYAGRAJ JN,34.0,621
12802,2026-04-13,BDL,VINDHYACHAL,,702
12802,2026-04-13,MZP,MIRZAPUR,36.0,710
12802,2026-04-13,CAR,CHUNAR,33.0,741
12802,2026-04-13,DDU,PT DEEN DAYAL UPADHYAY JN,3.0,773
12802,2026-04-13,BBU,BHABUA ROAD,15.0,826
12802,2026-04-13,SSM,SASARAM,20.0,873
12802,2026-04-13,DOS,DEHRI ON SONE,26.0,891
12802,2026-04-13,AUBR,ANUGRAHA N ROAD,27.0,908
12802,2026-04-13,GAYA,GAYA JN,34.0,976
12802,2026-04-13,PRP,PAHARPUR,28.0,1008
12802,2026-04-13,KQR,KODERMA,57.0,1052
12802,2026-04-13,HZD,HAZARIBAGH RD,51.0,1101
12802,2026-04-13,PNME,PARASNATH,58.0,1128
12802,2026-04-13,GMO,NSC BOSE J GOMO,48.0,1146
12802,2026-04-13,CRP,CHANDRAPURA,46.0,1163
12802,2026-04-13,BKSC,BOKARO STL CITY,43.0,1178
12802,2026-04-13,PRR,PURULIA JN,32.0,1239
12802,2026-04-13,BBM,BARABHUM,37.0,1270
12802,2026-04-13,CNI,CHANDIL JN,76.0,1293
12802,2026-04-13,TATA,TATANAGAR JN,54.0,1329
12802,2026-04-13,GTS,GHATSILA,65.0,1365
12802,2026-04-13,HIJ,HIJILLI,90.0,1463
12802,2026-04-13,BLS,BALASORE,63.0,1575
12802,2026-04-13,BHC,BHADRAKH,71.0,1637
12802,2026-04-13,JJKR,JAJPUR K ROAD,77.0,1681
12802,2026-04-13,CTC,CUTTACK,85.0,1753
12802,2026-04-13,BBS,BHUBANESWAR,101.0,1781
12802,2026-04-13,KUR,KHURDA ROAD JN,100.0,1800
12802,2026-04-13,PURI,PURI,53.0,1843
12802,2026-04-14,ANVT,ANAND VIHAR TRM,0.0,0
12802,2026-04-14,GOY,GOVINDPURI,130.0,424
12802,2026-04-14,FTP,FATEHPUR,130.0,504
12802,2026-04-14,PRYJ,PRAYAGRAJ JN,106.0,621
12802,2026-04-14,BDL,VINDHYACHAL,,702
12802,2026-04-14,MZP,MIRZAPUR,109.0,710
12802,2026-04-14,CAR,CHUNAR,112.0,741
12802,2026-04-14,DDU,PT DEEN DAYAL UPADHYAY JN,82.0,773
12802,2026-04-14,BBU,BHABUA ROAD,92.0,826
12802,2026-04-14,SSM,SASARAM,90.0,873
12802,2026-04-14,DOS,DEHRI ON SONE,95.0,891
12802,2026-04-14,AUBR,ANUGRAHA N ROAD,98.0,908
12802,2026-04-14,GAYA,GAYA JN,93.0,976
12802,2026-04-14,PRP,PAHARPUR,86.0,1008
12802,2026-04-14,KQR,KODERMA,101.0,1052
12802,2026-04-14,HZD,HAZARIBAGH RD,105.0,1101
12802,2026-04-14,PNME,PARASNATH,110.0,1128
12802,2026-04-14,GMO,NSC BOSE J GOMO,103.0,1146
12802,2026-04-14,CRP,CHANDRAPURA,103.0,1163
12802,2026-04-14,BKSC,BOKARO STL CITY,86.0,1178
12802,2026-04-14,PRR,PURULIA JN,84.0,1239
12802,2026-04-14,BBM,BARABHUM,88.0,1270
12802,2026-04-14,CNI,CHANDIL JN,83.0,1293
12802,2026-04-14,TATA,TATANAGAR JN,100.0,1329
12802,2026-04-14,GTS,GHATSILA,109.0,1365
12802,2026-04-14,HIJ,HIJILLI,106.0,1463
12802,2026-04-14,BLS,BALASORE,111.0,1575
12802,2026-04-14,BHC,BHADRAKH,111.0,1637
12802,2026-04-14,JJKR,JAJPUR K ROAD,116.0,1681
12802,2026-04-14,CTC,CUTTACK,153.0,1753
12802,2026-04-14,BBS,BHUBANESWAR,156.0,1781
12802,2026-04-14,KUR,KHURDA ROAD JN,159.0,1800
12802,2026-04-14,PURI,PURI,121.0,1843
12802,2026-04-15,ANVT,ANAND VIHAR TRM,0.0,0
12802,2026-04-15,GOY,GOVINDPURI,9.0,424
12802,2026-04-15,FTP,FATEHPUR,16.0,504
12802,2026-04-15,PRYJ,PRAYAGRAJ JN,1.0,621
12802,2026-04-15,BDL,VINDHYACHAL,,702
12802,2026-04-15,MZP,MIRZAPUR,13.0,710
12802,2026-04-15,CAR,CHUNAR,15.0,741
12802,2026-04-15,DDU,PT DEEN DAYAL UPADHYAY JN,0.0,773
12802,2026-04-15,BBU,BHABUA ROAD,14.0,826
12802,2026-04-15,SSM,SASARAM,10.0,873
12802,2026-04-15,DOS,DEHRI ON SONE,17.0,891
12802,2026-04-15,AUBR,ANUGRAHA N ROAD,19.0,908
12802,2026-04-15,GAYA,GAYA JN,13.0,976
12802,2026-04-15,PRP,PAHARPUR,11.0,1008
12802,2026-04-15,KQR,KODERMA,20.0,1052
12802,2026-04-15,HZD,HAZARIBAGH RD,25.0,1101
12802,2026-04-15,PNME,PARASNATH,28.0,1128
12802,2026-04-15,GMO,NSC BOSE J GOMO,9.0,1146
12802,2026-04-15,CRP,CHANDRAPURA,16.0,1163
12802,2026-04-15,BKSC,BOKARO STL CITY,14.0,1178
12802,2026-04-15,PRR,PURULIA JN,24.0,1239
12802,2026-04-15,BBM,BARABHUM,34.0,1270
12802,2026-04-15,CNI,CHANDIL JN,26.0,1293
12802,2026-04-15,TATA,TATANAGAR JN,18.0,1329
12802,2026-04-15,GTS,GHATSILA,50.0,1365
12802,2026-04-15,HIJ,HIJILLI,48.0,1463
12802,2026-04-15,BLS,BALASORE,45.0,1575
12802,2026-04-15,BHC,BHADRAKH,36.0,1637
12802,2026-04-15,JJKR,JAJPUR K ROAD,38.0,1681
12802,2026-04-15,CTC,CUTTACK,66.0,1753
12802,2026-04-15,BBS,BHUBANESWAR,70.0,1781
12802,2026-04-15,KUR,KHURDA ROAD JN,77.0,1800
12802,2026-04-15,PURI,PURI,22.0,1843
12802,2026-04-16,ANVT,ANAND VIHAR TRM,1.0,0
12802,2026-04-16,GOY,GOVINDPURI,15.0,424
12802,2026-04-16,FTP,FATEHPUR,29.0,504
12802,2026-04-16,PRYJ,PRAYAGRAJ JN,7.0,621
12802,2026-04-16,BDL,VINDHYACHAL,,702
12802,2026-04-16,MZP,MIRZAPUR,18.0,710
12802,2026-04-16,CAR,CHUNAR,15.0,741
12802,2026-04-16,DDU,PT DEEN DAYAL UPADHYAY JN,0.0,773
12802,2026-04-16,BBU,BHABUA ROAD,8.0,826
12802,2026-04-16,SSM,SASARAM,4.0,873
12802,2026-04-16,DOS,DEHRI ON SONE,8.0,891
12802,2026-04-16,AUBR,ANUGRAHA N ROAD,7.0,908
12802,2026-04-16,GAYA,GAYA JN,7.0,976
12802,2026-04-16,PRP,PAHARPUR,7.0,1008
12802,2026-04-16,KQR,KODERMA,14.0,1052
12802,2026-04-16,HZD,HAZARIBAGH RD,16.0,1101
12802,2026-04-16,PNME,PARASNATH,20.0,1128
12802,2026-04-16,GMO,NSC BOSE J GOMO,3.0,1146
12802,2026-04-16,CRP,CHANDRAPURA,3.0,1163
12802,2026-04-16,BKSC,BOKARO STL CITY,0.0,1178
12802,2026-04-16,PRR,PURULIA JN,4.0,1239
12802,2026-04-16,BBM,BARABHUM,11.0,1270
12802,2026-04-16,CNI,CHANDIL JN,5.0,1293
12802,2026-04-16,TATA,TATANAGAR JN,95.0,1329
12802,2026-04-16,GTS,GHATSILA,93.0,1365
12802,2026-04-16,HIJ,HIJILLI,112.0,1463
12802,2026-04-16,BLS,BALASORE,112.0,1575
12802,2026-04-16,BHC,BHADRAKH,120.0,1637
12802,2026-04-16,JJKR,JAJPUR K ROAD,160.0,1681
12802,2026-04-16,CTC,CUTTACK,198.0,1753
12802,2026-04-16,BBS,BHUBANESWAR,219.0,1781
12802,2026-04-16,KUR,KHURDA ROAD JN,224.0,1800
12802,2026-04-16,PURI,PURI,169.0,1843
12802,2026-04-17,ANVT,ANAND VIHAR TRM,8.0,0
12802,2026-04-17,GOY,GOVINDPURI,43.0,424
12802,2026-04-17,FTP,FATEHPUR,55.0,504
12802,2026-04-17,PRYJ,PRAYAGRAJ JN,14.0,621
12802,2026-04-17,BDL,VINDHYACHAL,,702
12802,2026-04-17,MZP,MIRZAPUR,27.0,710
12802,2026-04-17,CAR,CHUNAR,28.0,741
12802,2026-04-17,DDU,PT DEEN DAYAL UPADHYAY JN,8.0,773
12802,2026-04-17,BBU,BHABUA ROAD,15.0,826
12802,2026-04-17,SSM,SASARAM,19.0,873
12802,2026-04-17,DOS,DEHRI ON SONE,23.0,891
12802,2026-04-17,AUBR,ANUGRAHA N ROAD,22.0,908
12802,2026-04-17,GAYA,GAYA JN,15.0,976
12802,2026-04-17,PRP,PAHARPUR,1.0,1008
12802,2026-04-17,KQR,KODERMA,20.0,1052
12802,2026-04-17,HZD,HAZARIBAGH RD,34.0,1101
12802,2026-04-17,PNME,PARASNATH,39.0,1128
12802,2026-04-17,GMO,NSC BOSE J GOMO,27.0,1146
12802,2026-04-17,CRP,CHANDRAPURA,21.0,1163
12802,2026-04-17,BKSC,BOKARO STL CITY,25.0,1178
12802,2026-04-17,PRR,PURULIA JN,27.0,1239
12802,2026-04-17,BBM,BARABHUM,29.0,1270
12802,2026-04-17,CNI,CHANDIL JN,22.0,1293
12802,2026-04-17,TATA,TATANAGAR JN,78.0,1329
12802,2026-04-17,GTS,GHATSILA,77.0,1365
12802,2026-04-17,HIJ,HIJILLI,109.0,1463
12802,2026-04-17,BLS,BALASORE,80.0,1575
12802,2026-04-17,BHC,BHADRAKH,92.0,1637
12802,2026-04-17,JJKR,JAJPUR K ROAD,101.0,1681
12802,2026-04-17,CTC,CUTTACK,124.0,1753
12802,2026-04-17,BBS,BHUBANESWAR,128.0,1781
12802,2026-04-17,KUR,KHURDA ROAD JN,137.0,1800
12802,2026-04-17,PURI,PURI,90.0,1843
12802,2026-04-18,ANVT,ANAND VIHAR TRM,0.0,0
12802,2026-04-18,GOY,GOVINDPURI,5.0,424
12802,2026-04-18,FTP,FATEHPUR,33.0,504
12802,2026-04-18,PRYJ,PRAYAGRAJ JN,1.0,621
12802,2026-04-18,BDL,VINDHYACHAL,,702
12802,2026-04-18,MZP,MIRZAPUR,14.0,710
12802,2026-04-18,CAR,CHUNAR,14.0,741
12802,2026-04-18,DDU,PT DEEN DAYAL UPADHYAY JN,1.0,773
12802,2026-04-18,BBU,BHABUA ROAD,11.0,826
12802,2026-04-18,SSM,SASARAM,14.0,873
12802,2026-04-18,DOS,DEHRI ON SONE,19.0,891
12802,2026-04-18,AUBR,ANUGRAHA N ROAD,19.0,908
12802,2026-04-18,GAYA,GAYA JN,13.0,976
12802,2026-04-18,PRP,PAHARPUR,8.0,1008
12802,2026-04-18,KQR,KODERMA,22.0,1052
12802,2026-04-18,HZD,HAZARIBAGH RD,32.0,1101
12802,2026-04-18,PNME,PARASNATH,33.0,1128
12802,2026-04-18,GMO,NSC BOSE J GOMO,21.0,1146
12802,2026-04-18,CRP,CHANDRAPURA,21.0,1163
12802,2026-04-18,BKSC,BOKARO STL CITY,14.0,1178
12802,2026-04-18,PRR,PURULIA JN,28.0,1239
12802,2026-04-18,BBM,BARABHUM,40.0,1270
12802,2026-04-18,CNI,CHANDIL JN,39.0,1293
12802,2026-04-18,TATA,TATANAGAR JN,33.0,1329
12802,2026-04-18,GTS,GHATSILA,75.0,1365
12802,2026-04-18,HIJ,HIJILLI,81.0,1463
12802,2026-04-18,BLS,BALASORE,74.0,1575
12802,2026-04-18,BHC,BHADRAKH,65.0,1637
12802,2026-04-18,JJKR,JAJPUR K ROAD,69.0,1681
12802,2026-04-18,CTC,CUTTACK,93.0,1753
12802,2026-04-18,BBS,BHUBANESWAR,92.0,1781
12802,2026-04-18,KUR,KHURDA ROAD JN,96.0,1800
12802,2026-04-18,PURI,PURI,42.0,1843
12802,2026-04-19,ANVT,ANAND VIHAR TRM,0.0,0
12802,2026-04-19,GOY,GOVINDPURI,0.0,424
12802,2026-04-19,FTP,FATEHPUR,27.0,504
12802,2026-04-19,PRYJ,PRAYAGRAJ JN,24.0,621
12802,2026-04-19,BDL,VINDHYACHAL,,702
12802,2026-04-19,MZP,MIRZAPUR,32.0,710
12802,2026-04-19,CAR,CHUNAR,29.0,741
12802,2026-04-19,DDU,PT DEEN DAYAL UPADHYAY JN,0.0,773
12802,2026-04-19,BBU,BHABUA ROAD,11.0,826
12802,2026-04-19,SSM,SASARAM,13.0,873
12802,2026-04-19,DOS,DEHRI ON SONE,17.0,891
12802,2026-04-19,AUBR,ANUGRAHA N ROAD,18.0,908
12802,2026-04-19,GAYA,GAYA JN,13.0,976
12802,2026-04-19,PRP,PAHARPUR,1.0,1008
12802,2026-04-19,KQR,KODERMA,13.0,1052
12802,2026-04-19,HZD,HAZARIBAGH RD,15.0,1101
12802,2026-04-19,PNME,PARASNATH,17.0,1128
12802,2026-04-19,GMO,NSC BOSE J GOMO,5.0,1146
12802,2026-04-19,CRP,CHANDRAPURA,4.0,1163
12802,2026-04-19,BKSC,BOKARO STL CITY,0.0,1178
12802,2026-04-19,PRR,PURULIA JN,0.0,1239
12802,2026-04-19,BBM,BARABHUM,5.0,1270
12802,2026-04-19,CNI,CHANDIL JN,12.0,1293
12802,2026-04-19,TATA,TATANAGAR JN,18.0,1329
12802,2026-04-19,GTS,GHATSILA,24.0,1365
12802,2026-04-19,HIJ,HIJILLI,41.0,1463
12802,2026-04-19,BLS,BALASORE,14.0,1575
12802,2026-04-19,BHC,BHADRAKH,17.0,1637
12802,2026-04-19,JJKR,JAJPUR K ROAD,26.0,1681
12802,2026-04-19,CTC,CUTTACK,59.0,1753
12802,2026-04-19,BBS,BHUBANESWAR,59.0,1781
12802,2026-04-19,KUR,KHURDA ROAD JN,80.0,1800
12802,2026-04-19,PURI,PURI,43.0,1843
12802,2026-04-20,ANVT,ANAND VIHAR TRM,0.0,0
12802,2026-04-20,GOY,GOVINDPURI,15.0,424
12802,2026-04-20,FTP,FATEHPUR,32.0,504
12802,2026-04-20,PRYJ,PRAYAGRAJ JN,0.0,621
12802,2026-04-20,BDL,VINDHYACHAL,,702
12802,2026-04-20,MZP,MIRZAPUR,10.0,710
12802,2026-04-20,CAR,CHUNAR,10.0,741
12802,2026-04-20,DDU,PT DEEN DAYAL UPADHYAY JN,0.0,773
12802,2026-04-20,BBU,BHABUA ROAD,11.0,826
12802,2026-04-20,SSM,SASARAM,14.0,873
12802,2026-04-20,DOS,DEHRI ON SONE,18.0,891
12802,2026-04-20,AUBR,ANUGRAHA N ROAD,18.0,908
12802,2026-04-20,GAYA,GAYA JN,14.0,976
12802,2026-04-20,PRP,PAHARPUR,10.0,1008
12802,2026-04-20,KQR,KODERMA,21.0,1052
12802,2026-04-20,HZD,HAZARIBAGH RD,33.0,1101
12802,2026-04-20,PNME,PARASNATH,39.0,1128
12802,2026-04-20,GMO,NSC BOSE J GOMO,22.0,1146
12802,2026-04-20,CRP,CHANDRAPURA,26.0,1163
12802,2026-04-20,BKSC,BOKARO STL CITY,23.0,1178
12802,2026-04-20,PRR,PURULIA JN,14.0,1239
12802,2026-04-20,BBM,BARABHUM,22.0,1270
12802,2026-04-20,CNI,CHANDIL JN,29.0,1293
12802,2026-04-20,TATA,TATANAGAR JN,51.0,1329
12802,2026-04-20,GTS,GHATSILA,66.0,1365
12802,2026-04-20,HIJ,HIJILLI,62.0,1463
12802,2026-04-20,BLS,BALASORE,54.0,1575
12802,2026-04-20,BHC,BHADRAKH,54.0,1637
12802,2026-04-20,JJKR,JAJPUR K ROAD,59.0,1681
12802,2026-04-20,CTC,CUTTACK,99.0,1753
12802,2026-04-20,BBS,BHUBANESWAR,92.0,1781
12802,2026-04-20,KUR,KHURDA ROAD JN,97.0,1800
12802,2026-04-20,PURI,PURI,36.0,1843
12802,2026-04-21,ANVT,ANAND VIHAR TRM,7.0,0
12802,2026-04-21,GOY,GOVINDPURI,19.0,424
12802,2026-04-21,FTP,FATEHPUR,44.0,504
12802,2026-04-21,PRYJ,PRAYAGRAJ JN,33.0,621
12802,2026-04-21,BDL,VINDHYACHAL,,702
12802,2026-04-21,MZP,MIRZAPUR,38.0,710
12802,2026-04-21,CAR,CHUNAR,39.0,741
12802,2026-04-21,DDU,PT DEEN DAYAL UPADHYAY JN,10.0,773
12802,2026-04-21,BBU,BHABUA ROAD,21.0,826
12802,2026-04-21,SSM,SASARAM,18.0,873
12802,2026-04-21,DOS,DEHRI ON SONE,23.0,891
12802,2026-04-21,AUBR,ANUGRAHA N ROAD,23.0,908
12802,2026-04-21,GAYA,GAYA JN,16.0,976
12802,2026-04-21,PRP,PAHARPUR,17.0,1008
12802,2026-04-21,KQR,KODERMA,27.0,1052
12802,2026-04-21,HZD,HAZARIBAGH RD,31.0,1101
12802,2026-04-21,PNME,PARASNATH,32.0,1128
12802,2026-04-21,GMO,NSC BOSE J GOMO,17.0,1146
12802,2026-04-21,CRP,CHANDRAPURA,15.0,1163
12802,2026-04-21,BKSC,BOKARO STL CITY,6.0,1178
12802,2026-04-21,PRR,PURULIA JN,21.0,1239
12802,2026-04-21,BBM,BARABHUM,36.0,1270
12802,2026-04-21,CNI,CHANDIL JN,32.0,1293
12802,2026-04-21,TATA,TATANAGAR JN,55.0,1329
12802,2026-04-21,GTS,GHATSILA,65.0,1365
12802,2026-04-21,HIJ,HIJILLI,60.0,1463
12802,2026-04-21,BLS,BALASORE,54.0,1575
12802,2026-04-21,BHC,BHADRAKH,44.0,1637
12802,2026-04-21,JJKR,JAJPUR K ROAD,51.0,1681
12802,2026-04-21,CTC,CUTTACK,83.0,1753
12802,2026-04-21,BBS,BHUBANESWAR,86.0,1781
12802,2026-04-21,KUR,KHURDA ROAD JN,89.0,1800
12802,2026-04-21,PURI,PURI,29.0,1843
12802,2026-04-22,ANVT,ANAND VIHAR TRM,1.0,0
12802,2026-04-22,GOY,GOVINDPURI,12.0,424
12802,2026-04-22,FTP,FATEHPUR,93.0,504
12802,2026-04-22,PRYJ,PRAYAGRAJ JN,63.0,621
12802,2026-04-22,BDL,VINDHYACHAL,,702
12802,2026-04-22,MZP,MIRZAPUR,77.0,710
12802,2026-04-22,CAR,CHUNAR,107.0,741
12802,2026-04-22,DDU,PT DEEN DAYAL UPADHYAY JN,133.0,773
12802,2026-04-22,BBU,BHABUA ROAD,145.0,826
12802,2026-04-22,SSM,SASARAM,147.0,873
12802,2026-04-22,DOS,DEHRI ON SONE,150.0,891
12802,2026-04-22,AUBR,ANUGRAHA N ROAD,151.0,908
12802,2026-04-22,GAYA,GAYA JN,164.0,976
12802,2026-04-22,PRP,PAHARPUR,148.0,1008
12802,2026-04-22,KQR,KODERMA,188.0,1052
12802,2026-04-22,HZD,HAZARIBAGH RD,180.0,1101
12802,2026-04-22,PNME,PARASNATH,190.0,1128
12802,2026-04-22,GMO,NSC BOSE J GOMO,183.0,1146
12802,2026-04-22,CRP,CHANDRAPURA,177.0,1163
12802,2026-04-22,BKSC,BOKARO STL CITY,169.0,1178
12802,2026-04-22,PRR,PURULIA JN,161.0,1239
12802,2026-04-22,BBM,BARABHUM,165.0,1270
12802,2026-04-22,CNI,CHANDIL JN,161.0,1293
12802,2026-04-22,TATA,TATANAGAR JN,229.0,1329
12802,2026-04-22,GTS,GHATSILA,214.0,1365
12802,2026-04-22,HIJ,HIJILLI,235.0,1463
12802,2026-04-22,BLS,BALASORE,213.0,1575
12802,2026-04-22,BHC,BHADRAKH,236.0,1637
12802,2026-04-22,JJKR,JAJPUR K ROAD,241.0,1681
12802,2026-04-22,CTC,CUTTACK,266.0,1753
12802,2026-04-22,BBS,BHUBANESWAR,249.0,1781
12802,2026-04-22,KUR,KHURDA ROAD JN,250.0,1800
12802,2026-04-22,PURI,PURI,197.0,1843
12802,2026-04-23,ANVT,ANAND VIHAR TRM,5.0,0
12802,2026-04-23,GOY,GOVINDPURI,40.0,424
12802,2026-04-23,FTP,FATEHPUR,47.0,504
12802,2026-04-23,PRYJ,PRAYAGRAJ JN,10.0,621
12802,2026-04-23,BDL,VINDHYACHAL,,702
12802,2026-04-23,MZP,MIRZAPUR,11.0,710
12802,2026-04-23,CAR,CHUNAR,16.0,741
12802,2026-04-23,DDU,PT DEEN DAYAL UPADHYAY JN,12.0,773
12802,2026-04-23,BBU,BHABUA ROAD,24.0,826
12802,2026-04-23,SSM,SASARAM,21.0,873
12802,2026-04-23,DOS,DEHRI ON SONE,26.0,891
12802,2026-04-23,AUBR,ANUGRAHA N ROAD,26.0,908
12802,2026-04-23,GAYA,GAYA JN,51.0,976
12802,2026-04-23,PRP,PAHARPUR,48.0,1008
12802,2026-04-23,KQR,KODERMA,54.0,1052
12802,2026-04-23,HZD,HAZARIBAGH RD,66.0,1101
12802,2026-04-23,PNME,PARASNATH,67.0,1128
12802,2026-04-23,GMO,NSC BOSE J GOMO,54.0,1146
12802,2026-04-23,CRP,CHANDRAPURA,66.0,1163
12802,2026-04-23,BKSC,BOKARO STL CITY,70.0,1178
12802,2026-04-23,PRR,PURULIA JN,59.0,1239
12802,2026-04-23,BBM,BARABHUM,29.0,1270
12802,2026-04-23,CNI,CHANDIL JN,62.0,1293
12802,2026-04-23,TATA,TATANAGAR JN,78.0,1329
12802,2026-04-23,GTS,GHATSILA,105.0,1365
12802,2026-04-23,HIJ,HIJILLI,66.0,1463
12802,2026-04-23,BLS,BALASORE,103.0,1575
12802,2026-04-23,BHC,BHADRAKH,106.0,1637
12802,2026-04-23,JJKR,JAJPUR K ROAD,116.0,1681
12802,2026-04-23,CTC,CUTTACK,157.0,1753
12802,2026-04-23,BBS,BHUBANESWAR,173.0,1781
12802,2026-04-23,KUR,KHURDA ROAD JN,180.0,1800
12802,2026-04-23,PURI,PURI,125.0,1843
12802,2026-04-24,ANVT,ANAND VIHAR TRM,0.0,0
12802,2026-04-24,GOY,GOVINDPURI,41.0,424
12802,2026-04-24,FTP,FATEHPUR,56.0,504
12802,2026-04-24,PRYJ,PRAYAGRAJ JN,18.0,621
12802,2026-04-24,BDL,VINDHYACHAL,,702
12802,2026-04-24,MZP,MIRZAPUR,65.0,710
12802,2026-04-24,CAR,CHUNAR,67.0,741
12802,2026-04-24,DDU,PT DEEN DAYAL UPADHYAY JN,51.0,773
12802,2026-04-24,BBU,BHABUA ROAD,61.0,826
12802,2026-04-24,SSM,SASARAM,58.0,873
12802,2026-04-24,DOS,DEHRI ON SONE,69.0,891
12802,2026-04-24,AUBR,ANUGRAHA N ROAD,68.0,908
12802,2026-04-24,GAYA,GAYA JN,67.0,976
12802,2026-04-24,PRP,PAHARPUR,57.0,1008
12802,2026-04-24,KQR,KODERMA,68.0,1052
12802,2026-04-24,HZD,HAZARIBAGH RD,74.0,1101
12802,2026-04-24,PNME,PARASNATH,76.0,1128
12802,2026-04-24,GMO,NSC BOSE J GOMO,59.0,1146
12802,2026-04-24,CRP,CHANDRAPURA,62.0,1163
12802,2026-04-24,BKSC,BOKARO STL CITY,47.0,1178
12802,2026-04-24,PRR,PURULIA JN,44.0,1239
12802,2026-04-24,BBM,BARABHUM,49.0,1270
12802,2026-04-24,CNI,CHANDIL JN,54.0,1293
12802,2026-04-24,TATA,TATANAGAR JN,85.0,1329
12802,2026-04-24,GTS,GHATSILA,95.0,1365
12802,2026-04-24,HIJ,HIJILLI,86.0,1463
12802,2026-04-24,BLS,BALASORE,78.0,1575
12802,2026-04-24,BHC,BHADRAKH,72.0,1637
12802,2026-04-24,JJKR,JAJPUR K ROAD,77.0,1681
12802,2026-04-24,CTC,CUTTACK,107.0,1753
12802,2026-04-24,BBS,BHUBANESWAR,101.0,1781
12802,2026-04-24,KUR,KHURDA ROAD JN,107.0,1800
12802,2026-04-24,PURI,PURI,41.0,1843
12802,2026-04-25,ANVT,ANAND VIHAR TRM,0.0,0
12802,2026-04-25,GOY,GOVINDPURI,6.0,424
12802,2026-04-25,FTP,FATEHPUR,31.0,504
12802,2026-04-25,PRYJ,PRAYAGRAJ JN,1.0,621
12802,2026-04-25,BDL,VINDHYACHAL,,702
12802,2026-04-25,MZP,MIRZAPUR,10.0,710
12802,2026-04-25,CAR,CHUNAR,9.0,741
12802,2026-04-25,DDU,PT DEEN DAYAL UPADHYAY JN,0.0,773
12802,2026-04-25,BBU,BHABUA ROAD,11.0,826
12802,2026-04-25,SSM,SASARAM,9.0,873
12802,2026-04-25,DOS,DEHRI ON SONE,15.0,891
12802,2026-04-25,AUBR,ANUGRAHA N ROAD,16.0,908
12802,2026-04-25,GAYA,GAYA JN,21.0,976
12802,2026-04-25,PRP,PAHARPUR,20.0,1008
12802,2026-04-25,KQR,KODERMA,30.0,1052
12802,2026-04-25,HZD,HAZARIBAGH RD,39.0,1101
12802,2026-04-25,PNME,PARASNATH,48.0,1128
12802,2026-04-25,GMO,NSC BOSE J GOMO,31.0,1146
12802,2026-04-25,CRP,CHANDRAPURA,29.0,1163
12802,2026-04-25,BKSC,BOKARO STL CITY,15.0,1178
12802,2026-04-25,PRR,PURULIA JN,3.0,1239
12802,2026-04-25,BBM,BARABHUM,4.0,1270
12802,2026-04-25,CNI,CHANDIL JN,11.0,1293
12802,2026-04-25,TATA,TATANAGAR JN,56.0,1329
12802,2026-04-25,GTS,GHATSILA,80.0,1365
12802,2026-04-25,HIJ,HIJILLI,89.0,1463
12802,2026-04-25,BLS,BALASORE,81.0,1575
12802,2026-04-25,BHC,BHADRAKH,70.0,1637
12802,2026-04-25,JJKR,JAJPUR K ROAD,81.0,1681
12802,2026-04-25,CTC,CUTTACK,115.0,1753
12802,2026-04-25,BBS,BHUBANESWAR,128.0,1781
12802,2026-04-25,KUR,KHURDA ROAD JN,127.0,1800
12802,2026-04-25,PURI,PURI,82.0,1843
12802,2026-04-26,ANVT,ANAND VIHAR TRM,0.0,0
12802,2026-04-26,GOY,GOVINDPURI,15.0,424
12802,2026-04-26,FTP,FATEHPUR,40.0,504
12802,2026-04-26,PRYJ,PRAYAGRAJ JN,1.0,621
12802,2026-04-26,BDL,VINDHYACHAL,,702
12802,2026-04-26,MZP,MIRZAPUR,24.0,710
12802,2026-04-26,CAR,CHUNAR,34.0,741
12802,2026-04-26,DDU,PT DEEN DAYAL UPADHYAY JN,0.0,773
12802,2026-04-26,BBU,BHABUA ROAD,13.0,826
12802,2026-04-26,SSM,SASARAM,12.0,873
12802,2026-04-26,DOS,DEHRI ON SONE,13.0,891
12802,2026-04-26,AUBR,ANUGRAHA N ROAD,12.0,908
12802,2026-04-26,GAYA,GAYA JN,16.0,976
12802,2026-04-26,PRP,PAHARPUR,3.0,1008
12802,2026-04-26,KQR,KODERMA,25.0,1052
12802,2026-04-26,HZD,HAZARIBAGH RD,17.0,1101
12802,2026-04-26,PNME,PARASNATH,15.0,1128
12802,2026-04-26,GMO,NSC BOSE J GOMO,13.0,1146
12802,2026-04-26,CRP,CHANDRAPURA,7.0,1163
12802,2026-04-26,BKSC,BOKARO STL CITY,4.0,1178
12802,2026-04-26,PRR,PURULIA JN,7.0,1239
12802,2026-04-26,BBM,BARABHUM,7.0,1270
12802,2026-04-26,CNI,CHANDIL JN,3.0,1293
12802,2026-04-26,TATA,TATANAGAR JN,20.0,1329
12802,2026-04-26,GTS,GHATSILA,27.0,1365
12802,2026-04-26,HIJ,HIJILLI,71.0,1463
12802,2026-04-26,BLS,BALASORE,45.0,1575
12802,2026-04-26,BHC,BHADRAKH,52.0,1637
12802,2026-04-26,JJKR,JAJPUR K ROAD,60.0,1681
12802,2026-04-26,CTC,CUTTACK,76.0,1753
12802,2026-04-26,BBS,BHUBANESWAR,58.0,1781
12802,2026-04-26,KUR,KHURDA ROAD JN,59.0,1800
12802,2026-04-26,PURI,PURI,35.0,1843
12802,2026-04-27,ANVT,ANAND VIHAR TRM,0.0,0
12802,2026-04-27,GOY,GOVINDPURI,5.0,424
12802,2026-04-27,FTP,FATEHPUR,16.0,504
12802,2026-04-27,PRYJ,PRAYAGRAJ JN,25.0,621
12802,2026-04-27,BDL,VINDHYACHAL,,702
12802,2026-04-27,MZP,MIRZAPUR,18.0,710
12802,2026-04-27,CAR,CHUNAR,18.0,741
12802,2026-04-27,DDU,PT DEEN DAYAL UPADHYAY JN,1.0,773
12802,2026-04-27,BBU,BHABUA ROAD,12.0,826
12802,2026-04-27,SSM,SASARAM,19.0,873
12802,2026-04-27,DOS,DEHRI ON SONE,21.0,891
12802,2026-04-27,AUBR,ANUGRAHA N ROAD,20.0,908
12802,2026-04-27,GAYA,GAYA JN,16.0,976
12802,2026-04-27,PRP,PAHARPUR,19.0,1008
12802,2026-04-27,KQR,KODERMA,27.0,1052
12802,2026-04-27,HZD,HAZARIBAGH RD,20.0,1101
12802,2026-04-27,PNME,PARASNATH,26.0,1128
12802,2026-04-27,GMO,NSC BOSE J GOMO,15.0,1146
12802,2026-04-27,CRP,CHANDRAPURA,9.0,1163
12802,2026-04-27,BKSC,BOKARO STL CITY,0.0,1178
12802,2026-04-27,PRR,PURULIA JN,1.0,1239
12802,2026-04-27,BBM,BARABHUM,7.0,1270
12802,2026-04-27,CNI,CHANDIL JN,1.0,1293
12802,2026-04-27,TATA,TATANAGAR JN,8.0,1329
12802,2026-04-27,GTS,GHATSILA,17.0,1365
12802,2026-04-27,HIJ,HIJILLI,33.0,1463
12802,2026-04-27,BLS,BALASORE,24.0,1575
12802,2026-04-27,BHC,BHADRAKH,25.0,1637
12802,2026-04-27,JJKR,JAJPUR K ROAD,32.0,1681
12802,2026-04-27,CTC,CUTTACK,34.0,1753
12802,2026-04-27,BBS,BHUBANESWAR,37.0,1781
12802,2026-04-27,KUR,KHURDA ROAD JN,38.0,1800
12802,2026-04-27,PURI,PURI,-16.0,1843
12802,2026-04-28,ANVT,ANAND VIHAR TRM,1.0,0
12802,2026-04-28,GOY,GOVINDPURI,25.0,424
12802,2026-04-28,FTP,FATEHPUR,37.0,504
12802,2026-04-28,PRYJ,PRAYAGRAJ JN,21.0,621
12802,2026-04-28,BDL,VINDHYACHAL,,702
12802,2026-04-28,MZP,MIRZAPUR,30.0,710
12802,2026-04-28,CAR,CHUNAR,32.0,741
12802,2026-04-28,DDU,PT DEEN DAYAL UPADHYAY JN,0.0,773
12802,2026-04-28,BBU,BHABUA ROAD,13.0,826
12802,2026-04-28,SSM,SASARAM,10.0,873
12802,2026-04-28,DOS,DEHRI ON SONE,12.0,891
12802,2026-04-28,AUBR,ANUGRAHA N ROAD,17.0,908
12802,2026-04-28,GAYA,GAYA JN,53.0,976
12802,2026-04-28,PRP,PAHARPUR,50.0,1008
12802,2026-04-28,KQR,KODERMA,58.0,1052
12802,2026-04-28,HZD,HAZARIBAGH RD,68.0,1101
12802,2026-04-28,PNME,PARASNATH,210.0,1128
12802,2026-04-28,GMO,NSC BOSE J GOMO,203.0,1146
12802,2026-04-28,CRP,CHANDRAPURA,197.0,1163
12802,2026-04-28,BKSC,BOKARO STL CITY,191.0,1178
12802,2026-04-28,PRR,PURULIA JN,182.0,1239
12802,2026-04-28,BBM,BARABHUM,177.0,1270
12802,2026-04-28,CNI,CHANDIL JN,186.0,1293
12802,2026-04-28,TATA,TATANAGAR JN,249.0,1329
12802,2026-04-28,GTS,GHATSILA,268.0,1365
12802,2026-04-28,HIJ,HIJILLI,265.0,1463
12802,2026-04-28,BLS,BALASORE,269.0,1575
12802,2026-04-28,BHC,BHADRAKH,264.0,1637
12802,2026-04-28,JJKR,JAJPUR K ROAD,271.0,1681
12802,2026-04-28,CTC,CUTTACK,330.0,1753
12802,2026-04-28,BBS,BHUBANESWAR,339.0,1781
12802,2026-04-28,KUR,KHURDA ROAD JN,352.0,1800
12802,2026-04-28,PURI,PURI,345.0,1843
12802,2026-04-29,ANVT,ANAND VIHAR TRM,1.0,0
12802,2026-04-29,GOY,GOVINDPURI,27.0,424
12802,2026-04-29,FTP,FATEHPUR,35.0,504
12802,2026-04-29,PRYJ,PRAYAGRAJ JN,3.0,621
12802,2026-04-29,BDL,VINDHYACHAL,,702
12802,2026-04-29,MZP,MIRZAPUR,20.0,710
12802,2026-04-29,CAR,CHUNAR,20.0,741
12802,2026-04-29,DDU,PT DEEN DAYAL UPADHYAY JN,0.0,773
12802,2026-04-29,BBU,BHABUA ROAD,10.0,826
12802,2026-04-29,SSM,SASARAM,10.0,873
12802,2026-04-29,DOS,DEHRI ON SONE,13.0,891
12802,2026-04-29,AUBR,ANUGRAHA N ROAD,12.0,908
12802,2026-04-29,GAYA,GAYA JN,18.0,976
12802,2026-04-29,PRP,PAHARPUR,14.0,1008
12802,2026-04-29,KQR,KODERMA,23.0,1052
12802,2026-04-29,HZD,HAZARIBAGH RD,31.0,1101
12802,2026-04-29,PNME,PARASNATH,38.0,1128
12802,2026-04-29,GMO,NSC BOSE J GOMO,22.0,1146
12802,2026-04-29,CRP,CHANDRAPURA,33.0,1163
12802,2026-04-29,BKSC,BOKARO STL CITY,28.0,1178
12802,2026-04-29,PRR,PURULIA JN,21.0,1239
12802,2026-04-29,BBM,BARABHUM,27.0,1270
12802,2026-04-29,CNI,CHANDIL JN,24.0,1293
12802,2026-04-29,TATA,TATANAGAR JN,25.0,1329
12802,2026-04-29,GTS,GHATSILA,62.0,1365
12802,2026-04-29,HIJ,HIJILLI,64.0,1463
12802,2026-04-29,BLS,BALASORE,64.0,1575
12802,2026-04-29,BHC,BHADRAKH,76.0,1637
12802,2026-04-29,JJKR,JAJPUR K ROAD,83.0,1681
12802,2026-04-29,CTC,CUTTACK,117.0,1753
12802,2026-04-29,BBS,BHUBANESWAR,112.0,1781
12802,2026-04-29,KUR,KHURDA ROAD JN,116.0,1800
12802,2026-04-29,PURI,PURI,70.0,1843
12802,2026-04-30,ANVT,ANAND VIHAR TRM,1.0,0
12802,2026-04-30,GOY,GOVINDPURI,20.0,424
12802,2026-04-30,FTP,FATEHPUR,25.0,504
12802,2026-04-30,PRYJ,PRAYAGRAJ JN,9.0,621
12802,2026-04-30,BDL,VINDHYACHAL,,702
12802,2026-04-30,MZP,MIRZAPUR,34.0,710
12802,2026-04-30,CAR,CHUNAR,38.0,741
12802,2026-04-30,DDU,PT DEEN DAYAL UPADHYAY JN,3.0,773
12802,2026-04-30,BBU,BHABUA ROAD,12.0,826
12802,2026-04-30,SSM,SASARAM,12.0,873
12802,2026-04-30,DOS,DEHRI ON SONE,22.0,891
12802,2026-04-30,AUBR,ANUGRAHA N ROAD,23.0,908
12802,2026-04-30,GAYA,GAYA JN,16.0,976
12802,2026-04-30,PRP,PAHARPUR,28.0,1008
12802,2026-04-30,KQR,KODERMA,44.0,1052
12802,2026-04-30,HZD,HAZARIBAGH RD,42.0,1101
12802,2026-04-30,PNME,PARASNATH,40.0,1128
12802,2026-04-30,GMO,NSC BOSE J GOMO,43.0,1146
12802,2026-04-30,CRP,CHANDRAPURA,37.0,1163
12802,2026-04-30,BKSC,BOKARO STL CITY,29.0,1178
12802,2026-04-30,PRR,PURULIA JN,10.0,1239
12802,2026-04-30,BBM,BARABHUM,12.0,1270
12802,2026-04-30,CNI,CHANDIL JN,5.0,1293
12802,2026-04-30,TATA,TATANAGAR JN,23.0,1329
12802,2026-04-30,GTS,GHATSILA,10.0,1365
12802,2026-04-30,HIJ,HIJILLI,76.0,1463
12802,2026-04-30,BLS,BALASORE,75.0,1575
12802,2026-04-30,BHC,BHADRAKH,79.0,1637
12802,2026-04-30,JJKR,JAJPUR K ROAD,85.0,1681
12802,2026-04-30,CTC,CUTTACK,120.0,1753
12802,2026-04-30,BBS,BHUBANESWAR,118.0,1781
12802,2026-04-30,KUR,KHURDA ROAD JN,126.0,1800
12802,2026-04-30,PURI,PURI,66.0,1843
12802,2026-05-01,ANVT,ANAND VIHAR TRM,3.0,0
12802,2026-05-01,GOY,GOVINDPURI,0.0,424
12802,2026-05-01,FTP,FATEHPUR,25.0,504
12802,2026-05-01,PRYJ,PRAYAGRAJ JN,1.0,621
12802,2026-05-01,BDL,VINDHYACHAL,,702
12802,2026-05-01,MZP,MIRZAPUR,13.0,710
12802,2026-05-01,CAR,CHUNAR,14.0,741
12802,2026-05-01,DDU,PT DEEN DAYAL UPADHYAY JN,0.0,773
12802,2026-05-01,BBU,BHABUA ROAD,14.0,826
12802,2026-05-01,SSM,SASARAM,17.0,873
12802,2026-05-01,DOS,DEHRI ON SONE,22.0,891
12802,2026-05-01,AUBR,ANUGRAHA N ROAD,27.0,908
12802,2026-05-01,GAYA,GAYA JN,39.0,976
12802,2026-05-01,PRP,PAHARPUR,42.0,1008
12802,2026-05-01,KQR,KODERMA,76.0,1052
12802,2026-05-01,HZD,HAZARIBAGH RD,94.0,1101
12802,2026-05-01,PNME,PARASNATH,98.0,1128
12802,2026-05-01,GMO,NSC BOSE J GOMO,85.0,1146
12802,2026-05-01,CRP,CHANDRAPURA,101.0,1163
12802,2026-05-01,BKSC,BOKARO STL CITY,101.0,1178
12802,2026-05-01,PRR,PURULIA JN,86.0,1239
12802,2026-05-01,BBM,BARABHUM,85.0,1270
12802,2026-05-01,CNI,CHANDIL JN,74.0,1293
12802,2026-05-01,TATA,TATANAGAR JN,106.0,1329
12802,2026-05-01,GTS,GHATSILA,123.0,1365
12802,2026-05-01,HIJ,HIJILLI,108.0,1463
12802,2026-05-01,BLS,BALASORE,102.0,1575
12802,2026-05-01,BHC,BHADRAKH,93.0,1637
12802,2026-05-01,JJKR,JAJPUR K ROAD,100.0,1681
12802,2026-05-01,CTC,CUTTACK,121.0,1753
12802,2026-05-01,BBS,BHUBANESWAR,118.0,1781
12802,2026-05-01,KUR,KHURDA ROAD JN,121.0,1800
12802,2026-05-01,PURI,PURI,61.0,1843
12802,2026-05-02,ANVT,ANAND VIHAR TRM,0.0,0
12802,2026-05-02,GOY,GOVINDPURI,0.0,424
12802,2026-05-02,FTP,FATEHPUR,22.0,504
12802,2026-05-02,PRYJ,PRAYAGRAJ JN,0.0,621
12802,2026-05-02,BDL,VINDHYACHAL,,702
12802,2026-05-02,MZP,MIRZAPUR,7.0,710
12802,2026-05-02,CAR,CHUNAR,7.0,741
12802,2026-05-02,DDU,PT DEEN DAYAL UPADHYAY JN,0.0,773
12802,2026-05-02,BBU,BHABUA ROAD,9.0,826
12802,2026-05-02,SSM,SASARAM,10.0,873
12802,2026-05-02,DOS,DEHRI ON SONE,12.0,891
12802,2026-05-02,AUBR,ANUGRAHA N ROAD,18.0,908
12802,2026-05-02,GAYA,GAYA JN,9.0,976
12802,2026-05-02,PRP,PAHARPUR,10.0,1008
12802,2026-05-02,KQR,KODERMA,16.0,1052
12802,2026-05-02,HZD,HAZARIBAGH RD,22.0,1101
12802,2026-05-02,PNME,PARASNATH,26.0,1128
12802,2026-05-02,GMO,NSC BOSE J GOMO,8.0,1146
12802,2026-05-02,CRP,CHANDRAPURA,6.0,1163
12802,2026-05-02,BKSC,BOKARO STL CITY,23.0,1178
12802,2026-05-02,PRR,PURULIA JN,31.0,1239
12802,2026-05-02,BBM,BARABHUM,32.0,1270
12802,2026-05-02,CNI,CHANDIL JN,30.0,1293
12802,2026-05-02,TATA,TATANAGAR JN,36.0,1329
12802,2026-05-02,GTS,GHATSILA,44.0,1365
12802,2026-05-02,HIJ,HIJILLI,39.0,1463
12802,2026-05-02,BLS,BALASORE,28.0,1575
12802,2026-05-02,BHC,BHADRAKH,19.0,1637
12802,2026-05-02,JJKR,JAJPUR K ROAD,29.0,1681
12802,2026-05-02,CTC,CUTTACK,60.0,1753
12802,2026-05-02,BBS,BHUBANESWAR,76.0,1781
12802,2026-05-02,KUR,KHURDA ROAD JN,80.0,1800
12802,2026-05-02,PURI,PURI,32.0,1843
12802,2026-05-03,ANVT,ANAND VIHAR TRM,2.0,0
12802,2026-05-03,GOY,GOVINDPURI,55.0,424
12802,2026-05-03,FTP,FATEHPUR,67.0,504
12802,2026-05-03,PRYJ,PRAYAGRAJ JN,23.0,621
12802,2026-05-03,BDL,VINDHYACHAL,,702
12802,2026-05-03,MZP,MIRZAPUR,19.0,710
12802,2026-05-03,CAR,CHUNAR,26.0,741
12802,2026-05-03,DDU,PT DEEN DAYAL UPADHYAY JN,0.0,773
12802,2026-05-03,BBU,BHABUA ROAD,8.0,826
12802,2026-05-03,SSM,SASARAM,9.0,873
12802,2026-05-03,DOS,DEHRI ON SONE,12.0,891
12802,2026-05-03,AUBR,ANUGRAHA N ROAD,10.0,908
12802,2026-05-03,GAYA,GAYA JN,9.0,976
12802,2026-05-03,PRP,PAHARPUR,11.0,1008
12802,2026-05-03,KQR,KODERMA,21.0,1052
12802,2026-05-03,HZD,HAZARIBAGH RD,26.0,1101
12802,2026-05-03,PNME,PARASNATH,29.0,1128
12802,2026-05-03,GMO,NSC BOSE J GOMO,9.0,1146
12802,2026-05-03,CRP,CHANDRAPURA,10.0,1163
12802,2026-05-03,BKSC,BOKARO STL CITY,6.0,1178
12802,2026-05-03,PRR,PURULIA JN,0.0,1239
12802,2026-05-03,BBM,BARABHUM,8.0,1270
12802,2026-05-03,CNI,CHANDIL JN,4.0,1293
12802,2026-05-03,TATA,TATANAGAR JN,1.0,1329
12802,2026-05-03,GTS,GHATSILA,21.0,1365
12802,2026-05-03,HIJ,HIJILLI,18.0,1463
12802,2026-05-03,BLS,BALASORE,8.0,1575
12802,2026-05-03,BHC,BHADRAKH,1.0,1637
12802,2026-05-03,JJKR,JAJPUR K ROAD,7.0,1681
12802,2026-05-03,CTC,CUTTACK,43.0,1753
12802,2026-05-03,BBS,BHUBANESWAR,41.0,1781
12802,2026-05-03,KUR,KHURDA ROAD JN,44.0,1800
12802,2026-05-03,PURI,PURI,15.0,1843
12802,2026-05-04,ANVT,ANAND VIHAR TRM,1.0,0
12802,2026-05-04,GOY,GOVINDPURI,9.0,424
12802,2026-05-04,FTP,FATEHPUR,12.0,504
12802,2026-05-04,PRYJ,PRAYAGRAJ JN,0.0,621
12802,2026-05-04,BDL,VINDHYACHAL,,702
12802,2026-05-04,MZP,MIRZAPUR,13.0,710
12802,2026-05-04,CAR,CHUNAR,12.0,741
12802,2026-05-04,DDU,PT DEEN DAYAL UPADHYAY JN,0.0,773
12802,2026-05-04,BBU,BHABUA ROAD,11.0,826
12802,2026-05-04,SSM,SASARAM,14.0,873
12802,2026-05-04,DOS,DEHRI ON SONE,17.0,891
12802,2026-05-04,AUBR,ANUGRAHA N ROAD,18.0,908
12802,2026-05-04,GAYA,GAYA JN,21.0,976
12802,2026-05-04,PRP,PAHARPUR,17.0,1008
12802,2026-05-04,KQR,KODERMA,25.0,1052
12802,2026-05-04,HZD,HAZARIBAGH RD,64.0,1101
12802,2026-05-04,PNME,PARASNATH,71.0,1128
12802,2026-05-04,GMO,NSC BOSE J GOMO,55.0,1146
12802,2026-05-04,CRP,CHANDRAPURA,56.0,1163
12802,2026-05-04,BKSC,BOKARO STL CITY,51.0,1178
12802,2026-05-04,PRR,PURULIA JN,50.0,1239
12802,2026-05-04,BBM,BARABHUM,55.0,1270
12802,2026-05-04,CNI,CHANDIL JN,47.0,1293
12802,2026-05-04,TATA,TATANAGAR JN,85.0,1329
12802,2026-05-04,GTS,GHATSILA,105.0,1365
12802,2026-05-04,HIJ,HIJILLI,103.0,1463
12802,2026-05-04,BLS,BALASORE,91.0,1575
12802,2026-05-04,BHC,BHADRAKH,107.0,1637
12802,2026-05-04,JJKR,JAJPUR K ROAD,113.0,1681
12802,2026-05-04,CTC,CUTTACK,130.0,1753
12802,2026-05-04,BBS,BHUBANESWAR,129.0,1781
12802,2026-05-04,KUR,KHURDA ROAD JN,158.0,1800
12802,2026-05-04,PURI,PURI,98.0,1843
12802,2026-05-05,ANVT,ANAND VIHAR TRM,0.0,0
12802,2026-05-05,GOY,GOVINDPURI,40.0,424
12802,2026-05-05,FTP,FATEHPUR,49.0,504
12802,2026-05-05,PRYJ,PRAYAGRAJ JN,10.0,621
12802,2026-05-05,BDL,VINDHYACHAL,,702
12802,2026-05-05,MZP,MIRZAPUR,27.0,710
12802,2026-05-05,CAR,CHUNAR,27.0,741
12802,2026-05-05,DDU,PT DEEN DAYAL UPADHYAY JN,5.0,773
12802,2026-05-05,BBU,BHABUA ROAD,19.0,826
12802,2026-05-05,SSM,SASARAM,19.0,873
12802,2026-05-05,DOS,DEHRI ON SONE,26.0,891
12802,2026-05-05,AUBR,ANUGRAHA N ROAD,25.0,908
12802,2026-05-05,GAYA,GAYA JN,15.0,976
12802,2026-05-05,PRP,PAHARPUR,8.0,1008
12802,2026-05-05,KQR,KODERMA,18.0,1052
12802,2026-05-05,HZD,HAZARIBAGH RD,25.0,1101
12802,2026-05-05,PNME,PARASNATH,28.0,1128
12802,2026-05-05,GMO,NSC BOSE J GOMO,31.0,1146
12802,2026-05-05,CRP,CHANDRAPURA,33.0,1163
12802,2026-05-05,BKSC,BOKARO STL CITY,17.0,1178
12802,2026-05-05,PRR,PURULIA JN,18.0,1239
12802,2026-05-05,BBM,BARABHUM,22.0,1270
12802,2026-05-05,CNI,CHANDIL JN,17.0,1293
12802,2026-05-05,TATA,TATANAGAR JN,33.0,1329
12802,2026-05-05,GTS,GHATSILA,39.0,1365
12802,2026-05-05,HIJ,HIJILLI,33.0,1463
12802,2026-05-05,BLS,BALASORE,7.0,1575
12802,2026-05-05,BHC,BHADRAKH,8.0,1637
12802,2026-05-05,JJKR,JAJPUR K ROAD,12.0,1681
12802,2026-05-05,CTC,CUTTACK,52.0,1753
12802,2026-05-05,BBS,BHUBANESWAR,48.0,1781
12802,2026-05-05,KUR,KHURDA ROAD JN,53.0,1800
12802,2026-05-05,PURI,PURI,-9.0,1843
12802,2026-05-06,ANVT,ANAND VIHAR TRM,0.0,0
12802,2026-05-06,GOY,GOVINDPURI,25.0,424
12802,2026-05-06,FTP,FATEHPUR,39.0,504
12802,2026-05-06,PRYJ,PRAYAGRAJ JN,6.0,621
12802,2026-05-06,BDL,VINDHYACHAL,,702
12802,2026-05-06,MZP,MIRZAPUR,4.0,710
12802,2026-05-06,CAR,CHUNAR,6.0,741
12802,2026-05-06,DDU,PT DEEN DAYAL UPADHYAY JN,0.0,773
12802,2026-05-06,BBU,BHABUA ROAD,8.0,826
12802,2026-05-06,SSM,SASARAM,8.0,873
12802,2026-05-06,DOS,DEHRI ON SONE,13.0,891
12802,2026-05-06,AUBR,ANUGRAHA N ROAD,13.0,908
12802,2026-05-06,GAYA,GAYA JN,17.0,976
12802,2026-05-06,PRP,PAHARPUR,6.0,1008
12802,2026-05-06,KQR,KODERMA,26.0,1052
12802,2026-05-06,HZD,HAZARIBAGH RD,30.0,1101
12802,2026-05-06,PNME,PARASNATH,37.0,1128
12802,2026-05-06,GMO,NSC BOSE J GOMO,20.0,1146
12802,2026-05-06,CRP,CHANDRAPURA,23.0,1163
12802,2026-05-06,BKSC,BOKARO STL CITY,12.0,1178
12802,2026-05-06,PRR,PURULIA JN,1.0,1239
12802,2026-05-06,BBM,BARABHUM,3.0,1270
12802,2026-05-06,CNI,CHANDIL JN,9.0,1293
12802,2026-05-06,TATA,TATANAGAR JN,1.0,1329
12802,2026-05-06,GTS,GHATSILA,8.0,1365
12802,2026-05-06,HIJ,HIJILLI,0.0,1463
12802,2026-05-06,BLS,BALASORE,0.0,1575
12802,2026-05-06,BHC,BHADRAKH,0.0,1637
12802,2026-05-06,JJKR,JAJPUR K ROAD,5.0,1681
12802,2026-05-06,CTC,CUTTACK,43.0,1753
12802,2026-05-06,BBS,BHUBANESWAR,38.0,1781
12802,2026-05-06,KUR,KHURDA ROAD JN,44.0,1800
12802,2026-05-06,PURI,PURI,-16.0,1843
12802,2026-05-07,ANVT,ANAND VIHAR TRM,0.0,0
12802,2026-05-07,GOY,GOVINDPURI,0.0,424
12802,2026-05-07,FTP,FATEHPUR,1.0,504
12802,2026-05-07,PRYJ,PRAYAGRAJ JN,0.0,621
12802,2026-05-07,BDL,VINDHYACHAL,,702
12802,2026-05-07,MZP,MIRZAPUR,5.0,710
12802,2026-05-07,CAR,CHUNAR,4.0,741
12802,2026-05-07,DDU,PT DEEN DAYAL UPADHYAY JN,0.0,773
12802,2026-05-07,BBU,BHABUA ROAD,13.0,826
12802,2026-05-07,SSM,SASARAM,14.0,873
12802,2026-05-07,DOS,DEHRI ON SONE,16.0,891
12802,2026-05-07,AUBR,ANUGRAHA N ROAD,14.0,908
12802,2026-05-07,GAYA,GAYA JN,15.0,976
12802,2026-05-07,PRP,PAHARPUR,12.0,1008
12802,2026-05-07,KQR,KODERMA,22.0,1052
12802,2026-05-07,HZD,HAZARIBAGH RD,17.0,1101
12802,2026-05-07,PNME,PARASNATH,35.0,1128
12802,2026-05-07,GMO,NSC BOSE J GOMO,20.0,1146
12802,2026-05-07,CRP,CHANDRAPURA,20.0,1163
12802,2026-05-07,BKSC,BOKARO STL CITY,16.0,1178
12802,2026-05-07,PRR,PURULIA JN,15.0,1239
12802,2026-05-07,BBM,BARABHUM,20.0,1270
12802,2026-05-07,CNI,CHANDIL JN,15.0,1293
12802,2026-05-07,TATA,TATANAGAR JN,15.0,1329
12802,2026-05-07,GTS,GHATSILA,35.0,1365
12802,2026-05-07,HIJ,HIJILLI,80.0,1463
12802,2026-05-07,BLS,BALASORE,62.0,1575
12802,2026-05-07,BHC,BHADRAKH,65.0,1637
12802,2026-05-07,JJKR,JAJPUR K ROAD,74.0,1681
12802,2026-05-07,CTC,CUTTACK,113.0,1753
12802,2026-05-07,BBS,BHUBANESWAR,110.0,1781
12802,2026-05-07,KUR,KHURDA ROAD JN,114.0,1800
12802,2026-05-07,PURI,PURI,59.0,1843
12802,2026-05-08,ANVT,ANAND VIHAR TRM,0.0,0
12802,2026-05-08,GOY,GOVINDPURI,28.0,424
12802,2026-05-08,FTP,FATEHPUR,60.0,504
12802,2026-05-08,PRYJ,PRAYAGRAJ JN,22.0,621
12802,2026-05-08,BDL,VINDHYACHAL,,702
12802,2026-05-08,MZP,MIRZAPUR,26.0,710
12802,2026-05-08,CAR,CHUNAR,25.0,741
12802,2026-05-08,DDU,PT DEEN DAYAL UPADHYAY JN,0.0,773
12802,2026-05-08,BBU,BHABUA ROAD,9.0,826
12802,2026-05-08,SSM,SASARAM,10.0,873
12802,2026-05-08,DOS,DEHRI ON SONE,11.0,891
12802,2026-05-08,AUBR,ANUGRAHA N ROAD,11.0,908
12802,2026-05-08,GAYA,GAYA JN,11.0,976
12802,2026-05-08,PRP,PAHARPUR,20.0,1008
12802,2026-05-08,KQR,KODERMA,29.0,1052
12802,2026-05-08,HZD,HAZARIBAGH RD,45.0,1101
12802,2026-05-08,PNME,PARASNATH,47.0,1128
12802,2026-05-08,GMO,NSC BOSE J GOMO,44.0,1146
12802,2026-05-08,CRP,CHANDRAPURA,41.0,1163
12802,2026-05-08,BKSC,BOKARO STL CITY,30.0,1178
12802,2026-05-08,PRR,PURULIA JN,23.0,1239
12802,2026-05-08,BBM,BARABHUM,25.0,1270
12802,2026-05-08,CNI,CHANDIL JN,25.0,1293
12802,2026-05-08,TATA,TATANAGAR JN,49.0,1329
12802,2026-05-08,GTS,GHATSILA,56.0,1365
12802,2026-05-08,HIJ,HIJILLI,51.0,1463
12802,2026-05-08,BLS,BALASORE,36.0,1575
12802,2026-05-08,BHC,BHADRAKH,41.0,1637
12802,2026-05-08,JJKR,JAJPUR K ROAD,54.0,1681
12802,2026-05-08,CTC,CUTTACK,70.0,1753
12802,2026-05-08,BBS,BHUBANESWAR,81.0,1781
12802,2026-05-08,KUR,KHURDA ROAD JN,78.0,1800
12802,2026-05-08,PURI,PURI,15.0,1843
12802,2026-05-09,ANVT,ANAND VIHAR TRM,0.0,0
12802,2026-05-09,GOY,GOVINDPURI,1.0,424
12802,2026-05-09,FTP,FATEHPUR,13.0,504
12802,2026-05-09,PRYJ,PRAYAGRAJ JN,4.0,621
12802,2026-05-09,BDL,VINDHYACHAL,,702
12802,2026-05-09,MZP,MIRZAPUR,6.0,710
12802,2026-05-09,CAR,CHUNAR,7.0,741
12802,2026-05-09,DDU,PT DEEN DAYAL UPADHYAY JN,3.0,773
12802,2026-05-09,BBU,BHABUA ROAD,11.0,826
12802,2026-05-09,SSM,SASARAM,11.0,873
12802,2026-05-09,DOS,DEHRI ON SONE,16.0,891
12802,2026-05-09,AUBR,ANUGRAHA N ROAD,15.0,908
12802,2026-05-09,GAYA,GAYA JN,13.0,976
12802,2026-05-09,PRP,PAHARPUR,17.0,1008
12802,2026-05-09,KQR,KODERMA,31.0,1052
12802,2026-05-09,HZD,HAZARIBAGH RD,38.0,1101
12802,2026-05-09,PNME,PARASNATH,41.0,1128
12802,2026-05-09,GMO,NSC BOSE J GOMO,23.0,1146
12802,2026-05-09,CRP,CHANDRAPURA,22.0,1163
12802,2026-05-09,BKSC,BOKARO STL CITY,7.0,1178
12802,2026-05-09,PRR,PURULIA JN,17.0,1239
12802,2026-05-09,BBM,BARABHUM,28.0,1270
12802,2026-05-09,CNI,CHANDIL JN,21.0,1293
12802,2026-05-09,TATA,TATANAGAR JN,18.0,1329
12802,2026-05-09,GTS,GHATSILA,46.0,1365
12802,2026-05-09,HIJ,HIJILLI,32.0,1463
12802,2026-05-09,BLS,BALASORE,34.0,1575
12802,2026-05-09,BHC,BHADRAKH,24.0,1637
12802,2026-05-09,JJKR,JAJPUR K ROAD,44.0,1681
12802,2026-05-09,CTC,CUTTACK,99.0,1753
12802,2026-05-09,BBS,BHUBANESWAR,93.0,1781
12802,2026-05-09,KUR,KHURDA ROAD JN,104.0,1800
12802,2026-05-09,PURI,PURI,60.0,1843
12802,2026-05-10,ANVT,ANAND VIHAR TRM,0.0,0
12802,2026-05-10,GOY,GOVINDPURI,5.0,424
12802,2026-05-10,FTP,FATEHPUR,17.0,504
12802,2026-05-10,PRYJ,PRAYAGRAJ JN,1.0,621
12802,2026-05-10,BDL,VINDHYACHAL,,702
12802,2026-05-10,MZP,MIRZAPUR,7.0,710
12802,2026-05-10,CAR,CHUNAR,10.0,741
12802,2026-05-10,DDU,PT DEEN DAYAL UPADHYAY JN,1.0,773
12802,2026-05-10,BBU,BHABUA ROAD,13.0,826
12802,2026-05-10,SSM,SASARAM,15.0,873
12802,2026-05-10,DOS,DEHRI ON SONE,25.0,891
12802,2026-05-10,AUBR,ANUGRAHA N ROAD,24.0,908
12802,2026-05-10,GAYA,GAYA JN,21.0,976
12802,2026-05-10,PRP,PAHARPUR,17.0,1008
12802,2026-05-10,KQR,KODERMA,43.0,1052
12802,2026-05-10,HZD,HAZARIBAGH RD,48.0,1101
12802,2026-05-10,PNME,PARASNATH,49.0,1128
12802,2026-05-10,GMO,NSC BOSE J GOMO,29.0,1146
12802,2026-05-10,CRP,CHANDRAPURA,28.0,1163
12802,2026-05-10,BKSC,BOKARO STL CITY,17.0,1178
12802,2026-05-10,PRR,PURULIA JN,14.0,1239
12802,2026-05-10,BBM,BARABHUM,17.0,1270
12802,2026-05-10,CNI,CHANDIL JN,6.0,1293
12802,2026-05-10,TATA,TATANAGAR JN,2.0,1329
12802,2026-05-10,GTS,GHATSILA,10.0,1365
12802,2026-05-10,HIJ,HIJILLI,7.0,1463
12802,2026-05-10,BLS,BALASORE,1.0,1575
12802,2026-05-10,BHC,BHADRAKH,0.0,1637
12802,2026-05-10,JJKR,JAJPUR K ROAD,12.0,1681
12802,2026-05-10,CTC,CUTTACK,61.0,1753
12802,2026-05-10,BBS,BHUBANESWAR,62.0,1781
12802,2026-05-10,KUR,KHURDA ROAD JN,65.0,1800
12802,2026-05-10,PURI,PURI,7.0,1843
12802,2026-05-11,ANVT,ANAND VIHAR TRM,0.0,0
12802,2026-05-11,GOY,GOVINDPURI,13.0,424
12802,2026-05-11,FTP,FATEHPUR,24.0,504
12802,2026-05-11,PRYJ,PRAYAGRAJ JN,0.0,621
12802,2026-05-11,BDL,VINDHYACHAL,,702
12802,2026-05-11,MZP,MIRZAPUR,3.0,710
12802,2026-05-11,CAR,CHUNAR,2.0,741
12802,2026-05-11,DDU,PT DEEN DAYAL UPADHYAY JN,0.0,773
12802,2026-05-11,BBU,BHABUA ROAD,10.0,826
12802,2026-05-11,SSM,SASARAM,15.0,873
12802,2026-05-11,DOS,DEHRI ON SONE,15.0,891
12802,2026-05-11,AUBR,ANUGRAHA N ROAD,14.0,908
12802,2026-05-11,GAYA,GAYA JN,22.0,976
12802,2026-05-11,PRP,PAHARPUR,7.0,1008
12802,2026-05-11,KQR,KODERMA,29.0,1052
12802,2026-05-11,HZD,HAZARIBAGH RD,49.0,1101
12802,2026-05-11,PNME,PARASNATH,51.0,1128
12802,2026-05-11,GMO,NSC BOSE J GOMO,34.0,1146
12802,2026-05-11,CRP,CHANDRAPURA,34.0,1163
12802,2026-05-11,BKSC,BOKARO STL CITY,23.0,1178
12802,2026-05-11,PRR,PURULIA JN,11.0,1239
12802,2026-05-11,BBM,BARABHUM,24.0,1270
12802,2026-05-11,CNI,CHANDIL JN,16.0,1293
12802,2026-05-11,TATA,TATANAGAR JN,50.0,1329
12802,2026-05-11,GTS,GHATSILA,67.0,1365
12802,2026-05-11,HIJ,HIJILLI,64.0,1463
12802,2026-05-11,BLS,BALASORE,65.0,1575
12802,2026-05-11,BHC,BHADRAKH,63.0,1637
12802,2026-05-11,JJKR,JAJPUR K ROAD,71.0,1681
12802,2026-05-11,CTC,CUTTACK,116.0,1753
12802,2026-05-11,BBS,BHUBANESWAR,113.0,1781
12802,2026-05-11,KUR,KHURDA ROAD JN,119.0,1800
12802,2026-05-11,PURI,PURI,68.0,1843
12802,2026-05-12,ANVT,ANAND VIHAR TRM,4.0,0
12802,2026-05-12,GOY,GOVINDPURI,35.0,424
12802,2026-05-12,FTP,FATEHPUR,59.0,504
12802,2026-05-12,PRYJ,PRAYAGRAJ JN,16.0,621
12802,2026-05-12,BDL,VINDHYACHAL,,702
12802,2026-05-12,MZP,MIRZAPUR,22.0,710
12802,2026-05-12,CAR,CHUNAR,21.0,741
12802,2026-05-12,DDU,PT DEEN DAYAL UPADHYAY JN,2.0,773
12802,2026-05-12,BBU,BHABUA ROAD,17.0,826
12802,2026-05-12,SSM,SASARAM,23.0,873
12802,2026-05-12,DOS,DEHRI ON SONE,23.0,891
12802,2026-05-12,AUBR,ANUGRAHA N ROAD,23.0,908
12802,2026-05-12,GAYA,GAYA JN,20.0,976
12802,2026-05-12,PRP,PAHARPUR,8.0,1008
12802,2026-05-12,KQR,KODERMA,36.0,1052
12802,2026-05-12,HZD,HAZARIBAGH RD,42.0,1101
12802,2026-05-12,PNME,PARASNATH,35.0,1128
12802,2026-05-12,GMO,NSC BOSE J GOMO,29.0,1146
12802,2026-05-12,CRP,CHANDRAPURA,29.0,1163
12802,2026-05-12,BKSC,BOKARO STL CITY,31.0,1178
12802,2026-05-12,PRR,PURULIA JN,26.0,1239
12802,2026-05-12,BBM,BARABHUM,0.0,1270
12802,2026-05-12,CNI,CHANDIL JN,22.0,1293
12802,2026-05-12,TATA,TATANAGAR JN,38.0,1329
12802,2026-05-12,GTS,GHATSILA,52.0,1365
12802,2026-05-12,HIJ,HIJILLI,56.0,1463
12802,2026-05-12,BLS,BALASORE,37.0,1575
12802,2026-05-12,BHC,BHADRAKH,37.0,1637
12802,2026-05-12,JJKR,JAJPUR K ROAD,40.0,1681
12802,2026-05-12,CTC,CUTTACK,89.0,1753
12802,2026-05-12,BBS,BHUBANESWAR,87.0,1781
12802,2026-05-12,KUR,KHURDA ROAD JN,91.0,1800
12802,2026-05-12,PURI,PURI,32.0,1843
12802,2026-05-13,ANVT,ANAND VIHAR TRM,1.0,0
12802,2026-05-13,GOY,GOVINDPURI,14.0,424
12802,2026-05-13,FTP,FATEHPUR,31.0,504
12802,2026-05-13,PRYJ,PRAYAGRAJ JN,3.0,621
12802,2026-05-13,BDL,VINDHYACHAL,,702
12802,2026-05-13,MZP,MIRZAPUR,13.0,710
12802,2026-05-13,CAR,CHUNAR,23.0,741
12802,2026-05-13,DDU,PT DEEN DAYAL UPADHYAY JN,0.0,773
12802,2026-05-13,BBU,BHABUA ROAD,12.0,826
12802,2026-05-13,SSM,SASARAM,14.0,873
12802,2026-05-13,DOS,DEHRI ON SONE,16.0,891
12802,2026-05-13,AUBR,ANUGRAHA N ROAD,15.0,908
12802,2026-05-13,GAYA,GAYA JN,15.0,976
12802,2026-05-13,PRP,PAHARPUR,31.0,1008
12802,2026-05-13,KQR,KODERMA,45.0,1052
12802,2026-05-13,HZD,HAZARIBAGH RD,56.0,1101
12802,2026-05-13,PNME,PARASNATH,56.0,1128
12802,2026-05-13,GMO,NSC BOSE J GOMO,38.0,1146
12802,2026-05-13,CRP,CHANDRAPURA,38.0,1163
12802,2026-05-13,BKSC,BOKARO STL CITY,25.0,1178
12802,2026-05-13,PRR,PURULIA JN,24.0,1239
12802,2026-05-13,BBM,BARABHUM,29.0,1270
12802,2026-05-13,CNI,CHANDIL JN,20.0,1293
12802,2026-05-13,TATA,TATANAGAR JN,27.0,1329
12802,2026-05-13,GTS,GHATSILA,37.0,1365
12802,2026-05-13,HIJ,HIJILLI,32.0,1463
12802,2026-05-13,BLS,BALASORE,17.0,1575
12802,2026-05-13,BHC,BHADRAKH,3.0,1637
12802,2026-05-13,JJKR,JAJPUR K ROAD,7.0,1681
12802,2026-05-13,CTC,CUTTACK,37.0,1753
12802,2026-05-13,BBS,BHUBANESWAR,33.0,1781
12802,2026-05-13,KUR,KHURDA ROAD JN,35.0,1800
12802,2026-05-13,PURI,PURI,-7.0,1843
12802,2026-05-14,ANVT,ANAND VIHAR TRM,0.0,0
12802,2026-05-14,GOY,GOVINDPURI,10.0,424
12802,2026-05-14,FTP,FATEHPUR,20.0,504
12802,2026-05-14,PRYJ,PRAYAGRAJ JN,6.0,621
12802,2026-05-14,BDL,VINDHYACHAL,,702
12802,2026-05-14,MZP,MIRZAPUR,10.0,710
12802,2026-05-14,CAR,CHUNAR,10.0,741
12802,2026-05-14,DDU,PT DEEN DAYAL UPADHYAY JN,1.0,773
12802,2026-05-14,BBU,BHABUA ROAD,16.0,826
12802,2026-05-14,SSM,SASARAM,18.0,873
12802,2026-05-14,DOS,DEHRI ON SONE,21.0,891
12802,2026-05-14,AUBR,ANUGRAHA N ROAD,20.0,908
12802,2026-05-14,GAYA,GAYA JN,14.0,976
12802,2026-05-14,PRP,PAHARPUR,8.0,1008
12802,2026-05-14,KQR,KODERMA,29.0,1052
12802,2026-05-14,HZD,HAZARIBAGH RD,21.0,1101
12802,2026-05-14,PNME,PARASNATH,31.0,1128
12802,2026-05-14,GMO,NSC BOSE J GOMO,19.0,1146
12802,2026-05-14,CRP,CHANDRAPURA,20.0,1163
12802,2026-05-14,BKSC,BOKARO STL CITY,27.0,1178
12802,2026-05-14,PRR,PURULIA JN,26.0,1239
12802,2026-05-14,BBM,BARABHUM,29.0,1270
12802,2026-05-14,CNI,CHANDIL JN,22.0,1293
12802,2026-05-14,TATA,TATANAGAR JN,59.0,1329
12802,2026-05-14,GTS,GHATSILA,80.0,1365
12802,2026-05-14,HIJ,HIJILLI,83.0,1463
12802,2026-05-14,BLS,BALASORE,72.0,1575
12802,2026-05-14,BHC,BHADRAKH,59.0,1637
12802,2026-05-14,JJKR,JAJPUR K ROAD,71.0,1681
12802,2026-05-14,CTC,CUTTACK,108.0,1753
12802,2026-05-14,BBS,BHUBANESWAR,113.0,1781
12802,2026-05-14,KUR,KHURDA ROAD JN,98.0,1800
12802,2026-05-14,PURI,PURI,61.0,1843
12802,2026-05-15,ANVT,ANAND VIHAR TRM,0.0,0
12802,2026-05-15,GOY,GOVINDPURI,19.0,424
12802,2026-05-15,FTP,FATEHPUR,22.0,504
12802,2026-05-15,PRYJ,PRAYAGRAJ JN,7.0,621
12802,2026-05-15,BDL,VINDHYACHAL,,702
12802,2026-05-15,MZP,MIRZAPUR,10.0,710
12802,2026-05-15,CAR,CHUNAR,9.0,741
12802,2026-05-15,DDU,PT DEEN DAYAL UPADHYAY JN,0.0,773
12802,2026-05-15,BBU,BHABUA ROAD,9.0,826
12802,2026-05-15,SSM,SASARAM,11.0,873
12802,2026-05-15,DOS,DEHRI ON SONE,11.0,891
12802,2026-05-15,AUBR,ANUGRAHA N ROAD,10.0,908
12802,2026-05-15,GAYA,GAYA JN,10.0,976
12802,2026-05-15,PRP,PAHARPUR,20.0,1008
12802,2026-05-15,KQR,KODERMA,39.0,1052
12802,2026-05-15,HZD,HAZARIBAGH RD,46.0,1101
12802,2026-05-15,PNME,PARASNATH,48.0,1128
12802,2026-05-15,GMO,NSC BOSE J GOMO,31.0,1146
12802,2026-05-15,CRP,CHANDRAPURA,28.0,1163
12802,2026-05-15,BKSC,BOKARO STL CITY,19.0,1178
12802,2026-05-15,PRR,PURULIA JN,14.0,1239
12802,2026-05-15,BBM,BARABHUM,14.0,1270
12802,2026-05-15,CNI,CHANDIL JN,2.0,1293
12802,2026-05-15,TATA,TATANAGAR JN,43.0,1329
12802,2026-05-15,GTS,GHATSILA,55.0,1365
12802,2026-05-15,HIJ,HIJILLI,43.0,1463
12802,2026-05-15,BLS,BALASORE,31.0,1575
12802,2026-05-15,BHC,BHADRAKH,26.0,1637
12802,2026-05-15,JJKR,JAJPUR K ROAD,35.0,1681
12802,2026-05-15,CTC,CUTTACK,81.0,1753
12802,2026-05-15,BBS,BHUBANESWAR,83.0,1781
12802,2026-05-15,KUR,KHURDA ROAD JN,92.0,1800
12802,2026-05-15,PURI,PURI,30.0,1843
12802,2026-05-16,ANVT,ANAND VIHAR TRM,0.0,0
12802,2026-05-16,GOY,GOVINDPURI,34.0,424
12802,2026-05-16,FTP,FATEHPUR,39.0,504
12802,2026-05-16,PRYJ,PRAYAGRAJ JN,21.0,621
12802,2026-05-16,BDL,VINDHYACHAL,,702
12802,2026-05-16,MZP,MIRZAPUR,26.0,710
12802,2026-05-16,CAR,CHUNAR,25.0,741
12802,2026-05-16,DDU,PT DEEN DAYAL UPADHYAY JN,0.0,773
12802,2026-05-16,BBU,BHABUA ROAD,9.0,826
12802,2026-05-16,SSM,SASARAM,13.0,873
12802,2026-05-16,DOS,DEHRI ON SONE,14.0,891
12802,2026-05-16,AUBR,ANUGRAHA N ROAD,15.0,908
12802,2026-05-16,GAYA,GAYA JN,6.0,976
12802,2026-05-16,PRP,PAHARPUR,7.0,1008
12802,2026-05-16,KQR,KODERMA,32.0,1052
12802,2026-05-16,HZD,HAZARIBAGH RD,39.0,1101
12802,2026-05-16,PNME,PARASNATH,55.0,1128
12802,2026-05-16,GMO,NSC BOSE J GOMO,45.0,1146
12802,2026-05-16,CRP,CHANDRAPURA,35.0,1163
12802,2026-05-16,BKSC,BOKARO STL CITY,46.0,1178
12802,2026-05-16,PRR,PURULIA JN,35.0,1239
12802,2026-05-16,BBM,BARABHUM,51.0,1270
12802,2026-05-16,CNI,CHANDIL JN,38.0,1293
12802,2026-05-16,TATA,TATANAGAR JN,39.0,1329
12802,2026-05-16,GTS,GHATSILA,53.0,1365
12802,2026-05-16,HIJ,HIJILLI,57.0,1463
12802,2026-05-16,BLS,BALASORE,46.0,1575
12802,2026-05-16,BHC,BHADRAKH,35.0,1637
12802,2026-05-16,JJKR,JAJPUR K ROAD,40.0,1681
12802,2026-05-16,CTC,CUTTACK,66.0,1753
12802,2026-05-16,BBS,BHUBANESWAR,65.0,1781
12802,2026-05-16,KUR,KHURDA ROAD JN,67.0,1800
12802,2026-05-16,PURI,PURI,7.0,1843
12802,2026-05-17,ANVT,ANAND VIHAR TRM,1.0,0
12802,2026-05-17,GOY,GOVINDPURI,2.0,424
12802,2026-05-17,FTP,FATEHPUR,0.0,504
12802,2026-05-17,PRYJ,PRAYAGRAJ JN,7.0,621
12802,2026-05-17,BDL,VINDHYACHAL,,702
12802,2026-05-17,MZP,MIRZAPUR,28.0,710
12802,2026-05-17,CAR,CHUNAR,28.0,741
12802,2026-05-17,DDU,PT DEEN DAYAL UPADHYAY JN,1.0,773
12802,2026-05-17,BBU,BHABUA ROAD,17.0,826
12802,2026-05-17,SSM,SASARAM,13.0,873
12802,2026-05-17,DOS,DEHRI ON SONE,27.0,891
12802,2026-05-17,AUBR,ANUGRAHA N ROAD,27.0,908
12802,2026-05-17,GAYA,GAYA JN,20.0,976
12802,2026-05-17,PRP,PAHARPUR,21.0,1008
12802,2026-05-17,KQR,KODERMA,30.0,1052
12802,2026-05-17,HZD,HAZARIBAGH RD,38.0,1101
12802,2026-05-17,PNME,PARASNATH,35.0,1128
12802,2026-05-17,GMO,NSC BOSE J GOMO,36.0,1146
12802,2026-05-17,CRP,CHANDRAPURA,30.0,1163
12802,2026-05-17,BKSC,BOKARO STL CITY,40.0,1178
12802,2026-05-17,PRR,PURULIA JN,60.0,1239
12802,2026-05-17,BBM,BARABHUM,53.0,1270
12802,2026-05-17,CNI,CHANDIL JN,70.0,1293
12802,2026-05-17,TATA,TATANAGAR JN,81.0,1329
12802,2026-05-17,GTS,GHATSILA,63.0,1365
12802,2026-05-17,HIJ,HIJILLI,85.0,1463
12802,2026-05-17,BLS,BALASORE,74.0,1575
12802,2026-05-17,BHC,BHADRAKH,77.0,1637
12802,2026-05-17,JJKR,JAJPUR K ROAD,89.0,1681
12802,2026-05-17,CTC,CUTTACK,111.0,1753
12802,2026-05-17,BBS,BHUBANESWAR,129.0,1781
12802,2026-05-17,KUR,KHURDA ROAD JN,119.0,1800
12802,2026-05-17,PURI,PURI,55.0,1843
12802,2026-05-18,ANVT,ANAND VIHAR TRM,0.0,0
12802,2026-05-18,GOY,GOVINDPURI,0.0,424
12802,2026-05-18,FTP,FATEHPUR,19.0,504
12802,2026-05-18,PRYJ,PRAYAGRAJ JN,2.0,621
12802,2026-05-18,BDL,VINDHYACHAL,,702
12802,2026-05-18,MZP,MIRZAPUR,5.0,710
12802,2026-05-18,CAR,CHUNAR,6.0,741
12802,2026-05-18,DDU,PT DEEN DAYAL UPADHYAY JN,1.0,773
12802,2026-05-18,BBU,BHABUA ROAD,14.0,826
12802,2026-05-18,SSM,SASARAM,17.0,873
12802,2026-05-18,DOS,DEHRI ON SONE,18.0,891
12802,2026-05-18,AUBR,ANUGRAHA N ROAD,18.0,908
12802,2026-05-18,GAYA,GAYA JN,9.0,976
12802,2026-05-18,PRP,PAHARPUR,10.0,1008
12802,2026-05-18,KQR,KODERMA,22.0,1052
12802,2026-05-18,HZD,HAZARIBAGH RD,26.0,1101
12802,2026-05-18,PNME,PARASNATH,34.0,1128
12802,2026-05-18,GMO,NSC BOSE J GOMO,14.0,1146
12802,2026-05-18,CRP,CHANDRAPURA,7.0,1163
12802,2026-05-18,BKSC,BOKARO STL CITY,27.0,1178
12802,2026-05-18,PRR,PURULIA JN,48.0,1239
12802,2026-05-18,BBM,BARABHUM,52.0,1270
12802,2026-05-18,CNI,CHANDIL JN,66.0,1293
12802,2026-05-18,TATA,TATANAGAR JN,75.0,1329
12802,2026-05-18,GTS,GHATSILA,59.0,1365
12802,2026-05-18,HIJ,HIJILLI,75.0,1463
12802,2026-05-18,BLS,BALASORE,41.0,1575
12802,2026-05-18,BHC,BHADRAKH,67.0,1637
12802,2026-05-18,JJKR,JAJPUR K ROAD,75.0,1681
12802,2026-05-18,CTC,CUTTACK,89.0,1753
12802,2026-05-18,BBS,BHUBANESWAR,75.0,1781
12802,2026-05-18,KUR,KHURDA ROAD JN,85.0,1800
12802,2026-05-18,PURI,PURI,31.0,1843
12802,2026-05-19,ANVT,ANAND VIHAR TRM,11.0,0
12802,2026-05-19,GOY,GOVINDPURI,5.0,424
12802,2026-05-19,FTP,FATEHPUR,17.0,504
12802,2026-05-19,PRYJ,PRAYAGRAJ JN,0.0,621
12802,2026-05-19,BDL,VINDHYACHAL,,702
12802,2026-05-19,MZP,MIRZAPUR,2.0,710
12802,2026-05-19,CAR,CHUNAR,3.0,741
12802,2026-05-19,DDU,PT DEEN DAYAL UPADHYAY JN,7.0,773
12802,2026-05-19,BBU,BHABUA ROAD,19.0,826
12802,2026-05-19,SSM,SASARAM,22.0,873
12802,2026-05-19,DOS,DEHRI ON SONE,23.0,891
12802,2026-05-19,AUBR,ANUGRAHA N ROAD,23.0,908
12802,2026-05-19,GAYA,GAYA JN,14.0,976
12802,2026-05-19,PRP,PAHARPUR,5.0,1008
12802,2026-05-19,KQR,KODERMA,23.0,1052
12802,2026-05-19,HZD,HAZARIBAGH RD,28.0,1101
12802,2026-05-19,PNME,PARASNATH,32.0,1128
12802,2026-05-19,GMO,NSC BOSE J GOMO,17.0,1146
12802,2026-05-19,CRP,CHANDRAPURA,24.0,1163
12802,2026-05-19,BKSC,BOKARO STL CITY,22.0,1178
12802,2026-05-19,PRR,PURULIA JN,43.0,1239
12802,2026-05-19,BBM,BARABHUM,50.0,1270
12802,2026-05-19,CNI,CHANDIL JN,42.0,1293
12802,2026-05-19,TATA,TATANAGAR JN,54.0,1329
12802,2026-05-19,GTS,GHATSILA,67.0,1365
12802,2026-05-19,HIJ,HIJILLI,65.0,1463
12802,2026-05-19,BLS,BALASORE,49.0,1575
12802,2026-05-19,BHC,BHADRAKH,61.0,1637
12802,2026-05-19,JJKR,JAJPUR K ROAD,65.0,1681
12802,2026-05-19,CTC,CUTTACK,92.0,1753
12802,2026-05-19,BBS,BHUBANESWAR,90.0,1781
12802,2026-05-19,KUR,KHURDA ROAD JN,95.0,1800
12802,2026-05-19,PURI,PURI,32.0,1843
12802,2026-05-20,ANVT,ANAND VIHAR TRM,8.0,0
12802,2026-05-20,GOY,GOVINDPURI,15.0,424
12802,2026-05-20,FTP,FATEHPUR,28.0,504
12802,2026-05-20,PRYJ,PRAYAGRAJ JN,3.0,621
12802,2026-05-20,BDL,VINDHYACHAL,,702
12802,2026-05-20,MZP,MIRZAPUR,0.0,710
12802,2026-05-20,CAR,CHUNAR,1.0,741
12802,2026-05-20,DDU,PT DEEN DAYAL UPADHYAY JN,0.0,773
12802,2026-05-20,BBU,BHABUA ROAD,11.0,826
12802,2026-05-20,SSM,SASARAM,19.0,873
12802,2026-05-20,DOS,DEHRI ON SONE,20.0,891
12802,2026-05-20,AUBR,ANUGRAHA N ROAD,21.0,908
12802,2026-05-20,GAYA,GAYA JN,16.0,976
12802,2026-05-20,PRP,PAHARPUR,6.0,1008
12802,2026-05-20,KQR,KODERMA,14.0,1052
12802,2026-05-20,HZD,HAZARIBAGH RD,21.0,1101
12802,2026-05-20,PNME,PARASNATH,26.0,1128
12802,2026-05-20,GMO,NSC BOSE J GOMO,9.0,1146
12802,2026-05-20,CRP,CHANDRAPURA,7.0,1163
12802,2026-05-20,BKSC,BOKARO STL CITY,1.0,1178
12802,2026-05-20,PRR,PURULIA JN,0.0,1239
12802,2026-05-20,BBM,BARABHUM,5.0,1270
12802,2026-05-20,CNI,CHANDIL JN,0.0,1293
12802,2026-05-20,TATA,TATANAGAR JN,10.0,1329
12802,2026-05-20,GTS,GHATSILA,26.0,1365
12802,2026-05-20,HIJ,HIJILLI,6.0,1463
12802,2026-05-20,BLS,BALASORE,21.0,1575
12802,2026-05-20,BHC,BHADRAKH,13.0,1637
12802,2026-05-20,JJKR,JAJPUR K ROAD,18.0,1681
12802,2026-05-20,CTC,CUTTACK,48.0,1753
12802,2026-05-20,BBS,BHUBANESWAR,45.0,1781
12802,2026-05-20,KUR,KHURDA ROAD JN,49.0,1800
12802,2026-05-20,PURI,PURI,-10.0,1843
12802,2026-05-21,ANVT,ANAND VIHAR TRM,0.0,0
12802,2026-05-21,GOY,GOVINDPURI,2.0,424
12802,2026-05-21,FTP,FATEHPUR,32.0,504
12802,2026-05-21,PRYJ,PRAYAGRAJ JN,15.0,621
12802,2026-05-21,BDL,VINDHYACHAL,,702
12802,2026-05-21,MZP,MIRZAPUR,30.0,710
12802,2026-05-21,CAR,CHUNAR,31.0,741
12802,2026-05-21,DDU,PT DEEN DAYAL UPADHYAY JN,7.0,773
12802,2026-05-21,BBU,BHABUA ROAD,13.0,826
12802,2026-05-21,SSM,SASARAM,17.0,873
12802,2026-05-21,DOS,DEHRI ON SONE,20.0,891
12802,2026-05-21,AUBR,ANUGRAHA N ROAD,26.0,908
12802,2026-05-21,GAYA,GAYA JN,20.0,976
12802,2026-05-21,PRP,PAHARPUR,14.0,1008
12802,2026-05-21,KQR,KODERMA,24.0,1052
12802,2026-05-21,HZD,HAZARIBAGH RD,33.0,1101
12802,2026-05-21,PNME,PARASNATH,36.0,1128
12802,2026-05-21,GMO,NSC BOSE J GOMO,19.0,1146
12802,2026-05-21,CRP,CHANDRAPURA,18.0,1163
12802,2026-05-21,BKSC,BOKARO STL CITY,27.0,1178
12802,2026-05-21,PRR,PURULIA JN,7.0,1239
12802,2026-05-21,BBM,BARABHUM,10.0,1270
12802,2026-05-21,CNI,CHANDIL JN,2.0,1293
12802,2026-05-21,TATA,TATANAGAR JN,83.0,1329
12802,2026-05-21,GTS,GHATSILA,99.0,1365
12802,2026-05-21,HIJ,HIJILLI,95.0,1463
12802,2026-05-21,BLS,BALASORE,67.0,1575
12802,2026-05-21,BHC,BHADRAKH,70.0,1637
12802,2026-05-21,JJKR,JAJPUR K ROAD,81.0,1681
12802,2026-05-21,CTC,CUTTACK,113.0,1753
12802,2026-05-21,BBS,BHUBANESWAR,108.0,1781
12802,2026-05-21,KUR,KHURDA ROAD JN,123.0,1800
12802,2026-05-21,PURI,PURI,61.0,1843
12802,2026-05-22,ANVT,ANAND VIHAR TRM,1.0,0
12802,2026-05-22,GOY,GOVINDPURI,27.0,424
12802,2026-05-22,FTP,FATEHPUR,45.0,504
12802,2026-05-22,PRYJ,PRAYAGRAJ JN,5.0,621
12802,2026-05-22,BDL,VINDHYACHAL,,702
12802,2026-05-22,MZP,MIRZAPUR,9.0,710
12802,2026-05-22,CAR,CHUNAR,8.0,741
12802,2026-05-22,DDU,PT DEEN DAYAL UPADHYAY JN,5.0,773
12802,2026-05-22,BBU,BHABUA ROAD,15.0,826
12802,2026-05-22,SSM,SASARAM,18.0,873
12802,2026-05-22,DOS,DEHRI ON SONE,21.0,891
12802,2026-05-22,AUBR,ANUGRAHA N ROAD,20.0,908
12802,2026-05-22,GAYA,GAYA JN,11.0,976
12802,2026-05-22,PRP,PAHARPUR,4.0,1008
12802,2026-05-22,KQR,KODERMA,14.0,1052
12802,2026-05-22,HZD,HAZARIBAGH RD,21.0,1101
12802,2026-05-22,PNME,PARASNATH,22.0,1128
12802,2026-05-22,GMO,NSC BOSE J GOMO,11.0,1146
12802,2026-05-22,CRP,CHANDRAPURA,17.0,1163
12802,2026-05-22,BKSC,BOKARO STL CITY,17.0,1178
12802,2026-05-22,PRR,PURULIA JN,11.0,1239
12802,2026-05-22,BBM,BARABHUM,13.0,1270
12802,2026-05-22,CNI,CHANDIL JN,10.0,1293
12802,2026-05-22,TATA,TATANAGAR JN,19.0,1329
12802,2026-05-22,GTS,GHATSILA,20.0,1365
12802,2026-05-22,HIJ,HIJILLI,30.0,1463
12802,2026-05-22,BLS,BALASORE,16.0,1575
12802,2026-05-22,BHC,BHADRAKH,7.0,1637
12802,2026-05-22,JJKR,JAJPUR K ROAD,22.0,1681
12802,2026-05-22,CTC,CUTTACK,40.0,1753
12802,2026-05-22,BBS,BHUBANESWAR,36.0,1781
12802,2026-05-22,KUR,KHURDA ROAD JN,41.0,1800
12802,2026-05-22,PURI,PURI,-13.0,1843
12802,2026-05-23,ANVT,ANAND VIHAR TRM,0.0,0
12802,2026-05-23,GOY,GOVINDPURI,10.0,424
12802,2026-05-23,FTP,FATEHPUR,23.0,504
12802,2026-05-23,PRYJ,PRAYAGRAJ JN,31.0,621
12802,2026-05-23,BDL,VINDHYACHAL,,702
12802,2026-05-23,MZP,MIRZAPUR,28.0,710
12802,2026-05-23,CAR,CHUNAR,28.0,741
12802,2026-05-23,DDU,PT DEEN DAYAL UPADHYAY JN,0.0,773
12802,2026-05-23,BBU,BHABUA ROAD,29.0,826
12802,2026-05-23,SSM,SASARAM,31.0,873
12802,2026-05-23,DOS,DEHRI ON SONE,31.0,891
12802,2026-05-23,AUBR,ANUGRAHA N ROAD,30.0,908
12802,2026-05-23,GAYA,GAYA JN,15.0,976
12802,2026-05-23,PRP,PAHARPUR,0.0,1008
12802,2026-05-23,KQR,KODERMA,41.0,1052
12802,2026-05-23,HZD,HAZARIBAGH RD,33.0,1101
12802,2026-05-23,PNME,PARASNATH,40.0,1128
12802,2026-05-23,GMO,NSC BOSE J GOMO,32.0,1146
12802,2026-05-23,CRP,CHANDRAPURA,33.0,1163
12802,2026-05-23,BKSC,BOKARO STL CITY,18.0,1178
12802,2026-05-23,PRR,PURULIA JN,9.0,1239
12802,2026-05-23,BBM,BARABHUM,19.0,1270
12802,2026-05-23,CNI,CHANDIL JN,10.0,1293
12802,2026-05-23,TATA,TATANAGAR JN,6.0,1329
12802,2026-05-23,GTS,GHATSILA,26.0,1365
12802,2026-05-23,HIJ,HIJILLI,29.0,1463
12802,2026-05-23,BLS,BALASORE,17.0,1575
12802,2026-05-23,BHC,BHADRAKH,14.0,1637
12802,2026-05-23,JJKR,JAJPUR K ROAD,20.0,1681
12802,2026-05-23,CTC,CUTTACK,56.0,1753
12802,2026-05-23,BBS,BHUBANESWAR,62.0,1781
12802,2026-05-23,KUR,KHURDA ROAD JN,67.0,1800
12802,2026-05-23,PURI,PURI,4.0,1843
12802,2026-05-24,ANVT,ANAND VIHAR TRM,1.0,0
12802,2026-05-24,GOY,GOVINDPURI,0.0,424
12802,2026-05-24,FTP,FATEHPUR,9.0,504
12802,2026-05-24,PRYJ,PRAYAGRAJ JN,3.0,621
12802,2026-05-24,BDL,VINDHYACHAL,,702
12802,2026-05-24,MZP,MIRZAPUR,10.0,710
12802,2026-05-24,CAR,CHUNAR,11.0,741
12802,2026-05-24,DDU,PT DEEN DAYAL UPADHYAY JN,0.0,773
12802,2026-05-24,BBU,BHABUA ROAD,8.0,826
12802,2026-05-24,SSM,SASARAM,10.0,873
12802,2026-05-24,DOS,DEHRI ON SONE,10.0,891
12802,2026-05-24,AUBR,ANUGRAHA N ROAD,10.0,908
12802,2026-05-24,GAYA,GAYA JN,2.0,976
12802,2026-05-24,PRP,PAHARPUR,0.0,1008
12802,2026-05-24,KQR,KODERMA,8.0,1052
12802,2026-05-24,HZD,HAZARIBAGH RD,9.0,1101
12802,2026-05-24,PNME,PARASNATH,12.0,1128
12802,2026-05-24,GMO,NSC BOSE J GOMO,5.0,1146
12802,2026-05-24,CRP,CHANDRAPURA,0.0,1163
12802,2026-05-24,BKSC,BOKARO STL CITY,0.0,1178
12802,2026-05-24,PRR,PURULIA JN,1.0,1239
12802,2026-05-24,BBM,BARABHUM,1.0,1270
12802,2026-05-24,CNI,CHANDIL JN,1.0,1293
12802,2026-05-24,TATA,TATANAGAR JN,14.0,1329
12802,2026-05-24,GTS,GHATSILA,8.0,1365
12802,2026-05-24,HIJ,HIJILLI,39.0,1463
12802,2026-05-24,BLS,BALASORE,25.0,1575
12802,2026-05-24,BHC,BHADRAKH,36.0,1637
12802,2026-05-24,JJKR,JAJPUR K ROAD,41.0,1681
12802,2026-05-24,CTC,CUTTACK,69.0,1753
12802,2026-05-24,BBS,BHUBANESWAR,67.0,1781
12802,2026-05-24,KUR,KHURDA ROAD JN,65.0,1800
12802,2026-05-24,PURI,PURI,5.0,1843
12802,2026-05-25,ANVT,ANAND VIHAR TRM,0.0,0
12802,2026-05-25,GOY,GOVINDPURI,0.0,424
12802,2026-05-25,FTP,FATEHPUR,2.0,504
12802,2026-05-25,PRYJ,PRAYAGRAJ JN,0.0,621
12802,2026-05-25,BDL,VINDHYACHAL,,702
12802,2026-05-25,MZP,MIRZAPUR,49.0,710
12802,2026-05-25,CAR,CHUNAR,49.0,741
12802,2026-05-25,DDU,PT DEEN DAYAL UPADHYAY JN,34.0,773
12802,2026-05-25,BBU,BHABUA ROAD,46.0,826
12802,2026-05-25,SSM,SASARAM,46.0,873
12802,2026-05-25,DOS,DEHRI ON SONE,50.0,891
12802,2026-05-25,AUBR,ANUGRAHA N ROAD,49.0,908
12802,2026-05-25,GAYA,GAYA JN,41.0,976
12802,2026-05-25,PRP,PAHARPUR,32.0,1008
12802,2026-05-25,KQR,KODERMA,38.0,1052
12802,2026-05-25,HZD,HAZARIBAGH RD,42.0,1101
12802,2026-05-25,PNME,PARASNATH,44.0,1128
12802,2026-05-25,GMO,NSC BOSE J GOMO,27.0,1146
12802,2026-05-25,CRP,CHANDRAPURA,34.0,1163
12802,2026-05-25,BKSC,BOKARO STL CITY,30.0,1178
12802,2026-05-25,PRR,PURULIA JN,16.0,1239
12802,2026-05-25,BBM,BARABHUM,27.0,1270
12802,2026-05-25,CNI,CHANDIL JN,16.0,1293
12802,2026-05-25,TATA,TATANAGAR JN,9.0,1329
12802,2026-05-25,GTS,GHATSILA,11.0,1365
12802,2026-05-25,HIJ,HIJILLI,27.0,1463
12802,2026-05-25,BLS,BALASORE,30.0,1575
12802,2026-05-25,BHC,BHADRAKH,22.0,1637
12802,2026-05-25,JJKR,JAJPUR K ROAD,34.0,1681
12802,2026-05-25,CTC,CUTTACK,52.0,1753
12802,2026-05-25,BBS,BHUBANESWAR,49.0,1781
12802,2026-05-25,KUR,KHURDA ROAD JN,55.0,1800
12802,2026-05-25,PURI,PURI,-6.0,1843
12802,2026-05-26,ANVT,ANAND VIHAR TRM,0.0,0
12802,2026-05-26,GOY,GOVINDPURI,45.0,424
12802,2026-05-26,FTP,FATEHPUR,63.0,504
12802,2026-05-26,PRYJ,PRAYAGRAJ JN,22.0,621
12802,2026-05-26,BDL,VINDHYACHAL,,702
12802,2026-05-26,MZP,MIRZAPUR,25.0,710
12802,2026-05-26,CAR,CHUNAR,34.0,741
12802,2026-05-26,DDU,PT DEEN DAYAL UPADHYAY JN,0.0,773
12802,2026-05-26,BBU,BHABUA ROAD,9.0,826
12802,2026-05-26,SSM,SASARAM,9.0,873
12802,2026-05-26,DOS,DEHRI ON SONE,11.0,891
12802,2026-05-26,AUBR,ANUGRAHA N ROAD,10.0,908
12802,2026-05-26,GAYA,GAYA JN,12.0,976
12802,2026-05-26,PRP,PAHARPUR,8.0,1008
12802,2026-05-26,KQR,KODERMA,24.0,1052
12802,2026-05-26,HZD,HAZARIBAGH RD,27.0,1101
12802,2026-05-26,PNME,PARASNATH,32.0,1128
12802,2026-05-26,GMO,NSC BOSE J GOMO,15.0,1146
12802,2026-05-26,CRP,CHANDRAPURA,15.0,1163
12802,2026-05-26,BKSC,BOKARO STL CITY,2.0,1178
12802,2026-05-26,PRR,PURULIA JN,19.0,1239
12802,2026-05-26,BBM,BARABHUM,26.0,1270
12802,2026-05-26,CNI,CHANDIL JN,16.0,1293
12802,2026-05-26,TATA,TATANAGAR JN,14.0,1329
12802,2026-05-26,GTS,GHATSILA,39.0,1365
12802,2026-05-26,HIJ,HIJILLI,54.0,1463
12802,2026-05-26,BLS,BALASORE,69.0,1575
12802,2026-05-26,BHC,BHADRAKH,69.0,1637
12802,2026-05-26,JJKR,JAJPUR K ROAD,72.0,1681
12802,2026-05-26,CTC,CUTTACK,100.0,1753
12802,2026-05-26,BBS,BHUBANESWAR,96.0,1781
12802,2026-05-26,KUR,KHURDA ROAD JN,99.0,1800
12802,2026-05-26,PURI,PURI,51.0,1843
12802,2026-05-27,ANVT,ANAND VIHAR TRM,0.0,0
12802,2026-05-27,GOY,GOVINDPURI,50.0,424
12802,2026-05-27,FTP,FATEHPUR,50.0,504
12802,2026-05-27,PRYJ,PRAYAGRAJ JN,31.0,621
12802,2026-05-27,BDL,VINDHYACHAL,,702
12802,2026-05-27,MZP,MIRZAPUR,26.0,710
12802,2026-05-27,CAR,CHUNAR,33.0,741
12802,2026-05-27,DDU,PT DEEN DAYAL UPADHYAY JN,1.0,773
12802,2026-05-27,BBU,BHABUA ROAD,12.0,826
12802,2026-05-27,SSM,SASARAM,11.0,873
12802,2026-05-27,DOS,DEHRI ON SONE,12.0,891
12802,2026-05-27,AUBR,ANUGRAHA N ROAD,13.0,908
12802,2026-05-27,GAYA,GAYA JN,9.0,976
12802,2026-05-27,PRP,PAHARPUR,8.0,1008
12802,2026-05-27,KQR,KODERMA,12.0,1052
12802,2026-05-27,HZD,HAZARIBAGH RD,34.0,1101
12802,2026-05-27,PNME,PARASNATH,35.0,1128
12802,2026-05-27,GMO,NSC BOSE J GOMO,20.0,1146
12802,2026-05-27,CRP,CHANDRAPURA,36.0,1163
12802,2026-05-27,BKSC,BOKARO STL CITY,19.0,1178
12802,2026-05-27,PRR,PURULIA JN,31.0,1239
12802,2026-05-27,BBM,BARABHUM,0.0,1270
12802,2026-05-27,CNI,CHANDIL JN,50.0,1293
12802,2026-05-27,TATA,TATANAGAR JN,17.0,1329
12802,2026-05-27,GTS,GHATSILA,30.0,1365
12802,2026-05-27,HIJ,HIJILLI,37.0,1463
12802,2026-05-27,BLS,BALASORE,23.0,1575
12802,2026-05-27,BHC,BHADRAKH,15.0,1637
12802,2026-05-27,JJKR,JAJPUR K ROAD,25.0,1681
12802,2026-05-27,CTC,CUTTACK,53.0,1753
12802,2026-05-27,BBS,BHUBANESWAR,34.0,1781
12802,2026-05-27,KUR,KHURDA ROAD JN,49.0,1800
12802,2026-05-27,PURI,PURI,-1.0,1843
12802,2026-05-28,ANVT,ANAND VIHAR TRM,1.0,0
12802,2026-05-28,GOY,GOVINDPURI,67.0,424
12802,2026-05-28,FTP,FATEHPUR,74.0,504
12802,2026-05-28,PRYJ,PRAYAGRAJ JN,49.0,621
12802,2026-05-28,BDL,VINDHYACHAL,,702
12802,2026-05-28,MZP,MIRZAPUR,47.0,710
12802,2026-05-28,CAR,CHUNAR,47.0,741
12802,2026-05-28,DDU,PT DEEN DAYAL UPADHYAY JN,16.0,773
12802,2026-05-28,BBU,BHABUA ROAD,14.0,826
12802,2026-05-28,SSM,SASARAM,15.0,873
12802,2026-05-28,DOS,DEHRI ON SONE,28.0,891
12802,2026-05-28,AUBR,ANUGRAHA N ROAD,21.0,908
12802,2026-05-28,GAYA,GAYA JN,26.0,976
12802,2026-05-28,PRP,PAHARPUR,22.0,1008
12802,2026-05-28,KQR,KODERMA,42.0,1052
12802,2026-05-28,HZD,HAZARIBAGH RD,33.0,1101
12802,2026-05-28,PNME,PARASNATH,50.0,1128
12802,2026-05-28,GMO,NSC BOSE J GOMO,32.0,1146
12802,2026-05-28,CRP,CHANDRAPURA,29.0,1163
12802,2026-05-28,BKSC,BOKARO STL CITY,16.0,1178
12802,2026-05-28,PRR,PURULIA JN,11.0,1239
12802,2026-05-28,BBM,BARABHUM,10.0,1270
12802,2026-05-28,CNI,CHANDIL JN,22.0,1293
12802,2026-05-28,TATA,TATANAGAR JN,46.0,1329
12802,2026-05-28,GTS,GHATSILA,33.0,1365
12802,2026-05-28,HIJ,HIJILLI,86.0,1463
12802,2026-05-28,BLS,BALASORE,65.0,1575
12802,2026-05-28,BHC,BHADRAKH,84.0,1637
12802,2026-05-28,JJKR,JAJPUR K ROAD,94.0,1681
12802,2026-05-28,CTC,CUTTACK,133.0,1753
12802,2026-05-28,BBS,BHUBANESWAR,148.0,1781
12802,2026-05-28,KUR,KHURDA ROAD JN,137.0,1800
12802,2026-05-28,PURI,PURI,65.0,1843
12802,2026-05-29,ANVT,ANAND VIHAR TRM,0.0,0
12802,2026-05-29,GOY,GOVINDPURI,44.0,424
12802,2026-05-29,FTP,FATEHPUR,47.0,504
12802,2026-05-29,PRYJ,PRAYAGRAJ JN,8.0,621
12802,2026-05-29,BDL,VINDHYACHAL,,702
12802,2026-05-29,MZP,MIRZAPUR,10.0,710
12802,2026-05-29,CAR,CHUNAR,10.0,741
12802,2026-05-29,DDU,PT DEEN DAYAL UPADHYAY JN,0.0,773
12802,2026-05-29,BBU,BHABUA ROAD,15.0,826
12802,2026-05-29,SSM,SASARAM,16.0,873
12802,2026-05-29,DOS,DEHRI ON SONE,18.0,891
12802,2026-05-29,AUBR,ANUGRAHA N ROAD,18.0,908
12802,2026-05-29,GAYA,GAYA JN,12.0,976
12802,2026-05-29,PRP,PAHARPUR,12.0,1008
12802,2026-05-29,KQR,KODERMA,23.0,1052
12802,2026-05-29,HZD,HAZARIBAGH RD,26.0,1101
12802,2026-05-29,PNME,PARASNATH,28.0,1128
12802,2026-05-29,GMO,NSC BOSE J GOMO,10.0,1146
12802,2026-05-29,CRP,CHANDRAPURA,8.0,1163
12802,2026-05-29,BKSC,BOKARO STL CITY,1.0,1178
12802,2026-05-29,PRR,PURULIA JN,0.0,1239
12802,2026-05-29,BBM,BARABHUM,7.0,1270
12802,2026-05-29,CNI,CHANDIL JN,1.0,1293
12802,2026-05-29,TATA,TATANAGAR JN,15.0,1329
12802,2026-05-29,GTS,GHATSILA,0.0,1365
12802,2026-05-29,HIJ,HIJILLI,38.0,1463
12802,2026-05-29,BLS,BALASORE,32.0,1575
12802,2026-05-29,BHC,BHADRAKH,41.0,1637
12802,2026-05-29,JJKR,JAJPUR K ROAD,43.0,1681
12802,2026-05-29,CTC,CUTTACK,82.0,1753
12802,2026-05-29,BBS,BHUBANESWAR,80.0,1781
12802,2026-05-29,KUR,KHURDA ROAD JN,82.0,1800
12802,2026-05-29,PURI,PURI,29.0,1843
12802,2026-05-30,ANVT,ANAND VIHAR TRM,0.0,0
12802,2026-05-30,GOY,GOVINDPURI,7.0,424
12802,2026-05-30,FTP,FATEHPUR,10.0,504
12802,2026-05-30,PRYJ,PRAYAGRAJ JN,22.0,621
12802,2026-05-30,BDL,VINDHYACHAL,,702
12802,2026-05-30,MZP,MIRZAPUR,38.0,710
12802,2026-05-30,CAR,CHUNAR,42.0,741
12802,2026-05-30,DDU,PT DEEN DAYAL UPADHYAY JN,18.0,773
12802,2026-05-30,BBU,BHABUA ROAD,34.0,826
12802,2026-05-30,SSM,SASARAM,39.0,873
12802,2026-05-30,DOS,DEHRI ON SONE,43.0,891
12802,2026-05-30,AUBR,ANUGRAHA N ROAD,43.0,908
12802,2026-05-30,GAYA,GAYA JN,59.0,976
12802,2026-05-30,PRP,PAHARPUR,57.0,1008
12802,2026-05-30,KQR,KODERMA,63.0,1052
12802,2026-05-30,HZD,HAZARIBAGH RD,72.0,1101
12802,2026-05-30,PNME,PARASNATH,79.0,1128
12802,2026-05-30,GMO,NSC BOSE J GOMO,64.0,1146
12802,2026-05-30,CRP,CHANDRAPURA,77.0,1163
12802,2026-05-30,BKSC,BOKARO STL CITY,61.0,1178
12802,2026-05-30,PRR,PURULIA JN,46.0,1239
12802,2026-05-30,BBM,BARABHUM,60.0,1270
12802,2026-05-30,CNI,CHANDIL JN,53.0,1293
12802,2026-05-30,TATA,TATANAGAR JN,44.0,1329
12802,2026-05-30,GTS,GHATSILA,26.0,1365
12802,2026-05-30,HIJ,HIJILLI,58.0,1463
12802,2026-05-30,BLS,BALASORE,67.0,1575
12802,2026-05-30,BHC,BHADRAKH,68.0,1637
12802,2026-05-30,JJKR,JAJPUR K ROAD,75.0,1681
12802,2026-05-30,CTC,CUTTACK,109.0,1753
12802,2026-05-30,BBS,BHUBANESWAR,104.0,1781
12802,2026-05-30,KUR,KHURDA ROAD JN,108.0,1800
12802,2026-05-30,PURI,PURI,52.0,1843
12802,2026-05-31,ANVT,ANAND VIHAR TRM,22.0,0
12802,2026-05-31,GOY,GOVINDPURI,24.0,424
12802,2026-05-31,FTP,FATEHPUR,39.0,504
12802,2026-05-31,PRYJ,PRAYAGRAJ JN,6.0,621
12802,2026-05-31,BDL,VINDHYACHAL,,702
12802,2026-05-31,MZP,MIRZAPUR,18.0,710
12802,2026-05-31,CAR,CHUNAR,22.0,741
12802,2026-05-31,DDU,PT DEEN DAYAL UPADHYAY JN,0.0,773
12802,2026-05-31,BBU,BHABUA ROAD,8.0,826
12802,2026-05-31,SSM,SASARAM,11.0,873
12802,2026-05-31,DOS,DEHRI ON SONE,13.0,891
12802,2026-05-31,AUBR,ANUGRAHA N ROAD,12.0,908
12802,2026-05-31,GAYA,GAYA JN,6.0,976
12802,2026-05-31,PRP,PAHARPUR,6.0,1008
12802,2026-05-31,KQR,KODERMA,22.0,1052
12802,2026-05-31,HZD,HAZARIBAGH RD,31.0,1101
12802,2026-05-31,PNME,PARASNATH,33.0,1128
12802,2026-05-31,GMO,NSC BOSE J GOMO,14.0,1146
12802,2026-05-31,CRP,CHANDRAPURA,8.0,1163
12802,2026-05-31,BKSC,BOKARO STL CITY,19.0,1178
12802,2026-05-31,PRR,PURULIA JN,16.0,1239
12802,2026-05-31,BBM,BARABHUM,10.0,1270
12802,2026-05-31,CNI,CHANDIL JN,19.0,1293
12802,2026-05-31,TATA,TATANAGAR JN,12.0,1329
12802,2026-05-31,GTS,GHATSILA,17.0,1365
12802,2026-05-31,HIJ,HIJILLI,10.0,1463
12802,2026-05-31,BLS,BALASORE,0.0,1575
12802,2026-05-31,BHC,BHADRAKH,55.0,1637
12802,2026-05-31,JJKR,JAJPUR K ROAD,70.0,1681
12802,2026-05-31,CTC,CUTTACK,84.0,1753
12802,2026-05-31,BBS,BHUBANESWAR,68.0,1781
12802,2026-05-31,KUR,KHURDA ROAD JN,75.0,1800
12802,2026-05-31,PURI,PURI,43.0,1843
12802,2026-06-01,ANVT,ANAND VIHAR TRM,76.0,0
12802,2026-06-01,GOY,GOVINDPURI,135.0,424
12802,2026-06-01,FTP,FATEHPUR,142.0,504
12802,2026-06-01,PRYJ,PRAYAGRAJ JN,104.0,621
12802,2026-06-01,BDL,VINDHYACHAL,,702
12802,2026-06-01,MZP,MIRZAPUR,113.0,710
12802,2026-06-01,CAR,CHUNAR,115.0,741
12802,2026-06-01,DDU,PT DEEN DAYAL UPADHYAY JN,92.0,773
12802,2026-06-01,BBU,BHABUA ROAD,100.0,826
12802,2026-06-01,SSM,SASARAM,104.0,873
12802,2026-06-01,DOS,DEHRI ON SONE,105.0,891
12802,2026-06-01,AUBR,ANUGRAHA N ROAD,104.0,908
12802,2026-06-01,GAYA,GAYA JN,111.0,976
12802,2026-06-01,PRP,PAHARPUR,102.0,1008
12802,2026-06-01,KQR,KODERMA,105.0,1052
12802,2026-06-01,HZD,HAZARIBAGH RD,106.0,1101
12802,2026-06-01,PNME,PARASNATH,110.0,1128
12802,2026-06-01,GMO,NSC BOSE J GOMO,93.0,1146
12802,2026-06-01,CRP,CHANDRAPURA,94.0,1163
12802,2026-06-01,BKSC,BOKARO STL CITY,89.0,1178
12802,2026-06-01,PRR,PURULIA JN,78.0,1239
12802,2026-06-01,BBM,BARABHUM,78.0,1270
12802,2026-06-01,CNI,CHANDIL JN,69.0,1293
12802,2026-06-01,TATA,TATANAGAR JN,67.0,1329
12802,2026-06-01,GTS,GHATSILA,50.0,1365
12802,2026-06-01,HIJ,HIJILLI,82.0,1463
12802,2026-06-01,BLS,BALASORE,68.0,1575
12802,2026-06-01,BHC,BHADRAKH,73.0,1637
12802,2026-06-01,JJKR,JAJPUR K ROAD,79.0,1681
12802,2026-06-01,CTC,CUTTACK,102.0,1753
12802,2026-06-01,BBS,BHUBANESWAR,97.0,1781
12802,2026-06-01,KUR,KHURDA ROAD JN,100.0,1800
12802,2026-06-01,PURI,PURI,37.0,1843
12802,2026-06-02,ANVT,ANAND VIHAR TRM,0.0,0
12802,2026-06-02,GOY,GOVINDPURI,22.0,424
12802,2026-06-02,FTP,FATEHPUR,28.0,504
12802,2026-06-02,PRYJ,PRAYAGRAJ JN,20.0,621
12802,2026-06-02,BDL,VINDHYACHAL,,702
12802,2026-06-02,MZP,MIRZAPUR,16.0,710
12802,2026-06-02,CAR,CHUNAR,15.0,741
12802,2026-06-02,DDU,PT DEEN DAYAL UPADHYAY JN,0.0,773
12802,2026-06-02,BBU,BHABUA ROAD,11.0,826
12802,2026-06-02,SSM,SASARAM,15.0,873
12802,2026-06-02,DOS,DEHRI ON SONE,17.0,891
12802,2026-06-02,AUBR,ANUGRAHA N ROAD,17.0,908
12802,2026-06-02,GAYA,GAYA JN,12.0,976
12802,2026-06-02,PRP,PAHARPUR,8.0,1008
12802,2026-06-02,KQR,KODERMA,22.0,1052
12802,2026-06-02,HZD,HAZARIBAGH RD,35.0,1101
12802,2026-06-02,PNME,PARASNATH,41.0,1128
12802,2026-06-02,GMO,NSC BOSE J GOMO,43.0,1146
12802,2026-06-02,CRP,CHANDRAPURA,41.0,1163
12802,2026-06-02,BKSC,BOKARO STL CITY,27.0,1178
12802,2026-06-02,PRR,PURULIA JN,13.0,1239
12802,2026-06-02,BBM,BARABHUM,28.0,1270
12802,2026-06-02,CNI,CHANDIL JN,28.0,1293
12802,2026-06-02,TATA,TATANAGAR JN,23.0,1329
12802,2026-06-02,GTS,GHATSILA,11.0,1365
12802,2026-06-02,HIJ,HIJILLI,0.0,1463
12802,2026-06-02,BLS,BALASORE,28.0,1575
12802,2026-06-02,BHC,BHADRAKH,42.0,1637
12802,2026-06-02,JJKR,JAJPUR K ROAD,44.0,1681
12802,2026-06-02,CTC,CUTTACK,77.0,1753
12802,2026-06-02,BBS,BHUBANESWAR,74.0,1781
12802,2026-06-02,KUR,KHURDA ROAD JN,78.0,1800
12802,2026-06-02,PURI,PURI,19.0,1843
12802,2026-06-03,ANVT,ANAND VIHAR TRM,0.0,0
12802,2026-06-03,GOY,GOVINDPURI,14.0,424
12802,2026-06-03,FTP,FATEHPUR,37.0,504
12802,2026-06-03,PRYJ,PRAYAGRAJ JN,1.0,621
12802,2026-06-03,BDL,VINDHYACHAL,,702
12802,2026-06-03,MZP,MIRZAPUR,21.0,710
12802,2026-06-03,CAR,CHUNAR,21.0,741
12802,2026-06-03,DDU,PT DEEN DAYAL UPADHYAY JN,0.0,773
12802,2026-06-03,BBU,BHABUA ROAD,15.0,826
12802,2026-06-03,SSM,SASARAM,18.0,873
12802,2026-06-03,DOS,DEHRI ON SONE,21.0,891
12802,2026-06-03,AUBR,ANUGRAHA N ROAD,21.0,908
12802,2026-06-03,GAYA,GAYA JN,19.0,976
12802,2026-06-03,PRP,PAHARPUR,0.0,1008
12802,2026-06-03,KQR,KODERMA,20.0,1052
12802,2026-06-03,HZD,HAZARIBAGH RD,18.0,1101
12802,2026-06-03,PNME,PARASNATH,16.0,1128
12802,2026-06-03,GMO,NSC BOSE J GOMO,39.0,1146
12802,2026-06-03,CRP,CHANDRAPURA,38.0,1163
12802,2026-06-03,BKSC,BOKARO STL CITY,23.0,1178
12802,2026-06-03,PRR,PURULIA JN,20.0,1239
12802,2026-06-03,BBM,BARABHUM,24.0,1270
12802,2026-06-03,CNI,CHANDIL JN,22.0,1293
12802,2026-06-03,TATA,TATANAGAR JN,17.0,1329
12802,2026-06-03,GTS,GHATSILA,6.0,1365
12802,2026-06-03,HIJ,HIJILLI,15.0,1463
12802,2026-06-03,BLS,BALASORE,20.0,1575
12802,2026-06-03,BHC,BHADRAKH,19.0,1637
12802,2026-06-03,JJKR,JAJPUR K ROAD,22.0,1681
12802,2026-06-03,CTC,CUTTACK,55.0,1753
12802,2026-06-03,BBS,BHUBANESWAR,58.0,1781
12802,2026-06-03,KUR,KHURDA ROAD JN,60.0,1800
12802,2026-06-03,PURI,PURI,14.0,1843
12802,2026-06-04,ANVT,ANAND VIHAR TRM,0.0,0
12802,2026-06-04,GOY,GOVINDPURI,23.0,424
12802,2026-06-04,FTP,FATEHPUR,49.0,504
12802,2026-06-04,PRYJ,PRAYAGRAJ JN,11.0,621
12802,2026-06-04,BDL,VINDHYACHAL,,702
12802,2026-06-04,MZP,MIRZAPUR,29.0,710
12802,2026-06-04,CAR,CHUNAR,41.0,741
12802,2026-06-04,DDU,PT DEEN DAYAL UPADHYAY JN,7.0,773
12802,2026-06-04,BBU,BHABUA ROAD,19.0,826
12802,2026-06-04,SSM,SASARAM,22.0,873
12802,2026-06-04,DOS,DEHRI ON SONE,23.0,891
12802,2026-06-04,AUBR,ANUGRAHA N ROAD,29.0,908
12802,2026-06-04,GAYA,GAYA JN,15.0,976
12802,2026-06-04,PRP,PAHARPUR,1.0,1008
12802,2026-06-04,KQR,KODERMA,17.0,1052
12802,2026-06-04,HZD,HAZARIBAGH RD,21.0,1101
12802,2026-06-04,PNME,PARASNATH,24.0,1128
12802,2026-06-04,GMO,NSC BOSE J GOMO,23.0,1146
12802,2026-06-04,CRP,CHANDRAPURA,25.0,1163
12802,2026-06-04,BKSC,BOKARO STL CITY,17.0,1178
12802,2026-06-04,PRR,PURULIA JN,14.0,1239
12802,2026-06-04,BBM,BARABHUM,26.0,1270
12802,2026-06-04,CNI,CHANDIL JN,18.0,1293
12802,2026-06-04,TATA,TATANAGAR JN,13.0,1329
12802,2026-06-04,GTS,GHATSILA,0.0,1365
12802,2026-06-04,HIJ,HIJILLI,38.0,1463
12802,2026-06-04,BLS,BALASORE,35.0,1575
12802,2026-06-04,BHC,BHADRAKH,35.0,1637
12802,2026-06-04,JJKR,JAJPUR K ROAD,39.0,1681
12802,2026-06-04,CTC,CUTTACK,63.0,1753
12802,2026-06-04,BBS,BHUBANESWAR,74.0,1781
12802,2026-06-04,KUR,KHURDA ROAD JN,83.0,1800
12802,2026-06-04,PURI,PURI,24.0,1843
12802,2026-06-05,ANVT,ANAND VIHAR TRM,0.0,0
12802,2026-06-05,GOY,GOVINDPURI,40.0,424
12802,2026-06-05,FTP,FATEHPUR,64.0,504
12802,2026-06-05,PRYJ,PRAYAGRAJ JN,44.0,621
12802,2026-06-05,BDL,VINDHYACHAL,,702
12802,2026-06-05,MZP,MIRZAPUR,51.0,710
12802,2026-06-05,CAR,CHUNAR,51.0,741
12802,2026-06-05,DDU,PT DEEN DAYAL UPADHYAY JN,18.0,773
12802,2026-06-05,BBU,BHABUA ROAD,26.0,826
12802,2026-06-05,SSM,SASARAM,29.0,873
12802,2026-06-05,DOS,DEHRI ON SONE,30.0,891
12802,2026-06-05,AUBR,ANUGRAHA N ROAD,30.0,908
12802,2026-06-05,GAYA,GAYA JN,20.0,976
12802,2026-06-05,PRP,PAHARPUR,23.0,1008
12802,2026-06-05,KQR,KODERMA,35.0,1052
12802,2026-06-05,HZD,HAZARIBAGH RD,40.0,1101
12802,2026-06-05,PNME,PARASNATH,44.0,1128
12802,2026-06-05,GMO,NSC BOSE J GOMO,26.0,1146
12802,2026-06-05,CRP,CHANDRAPURA,24.0,1163
12802,2026-06-05,BKSC,BOKARO STL CITY,8.0,1178
12802,2026-06-05,PRR,PURULIA JN,5.0,1239
12802,2026-06-05,BBM,BARABHUM,18.0,1270
12802,2026-06-05,CNI,CHANDIL JN,10.0,1293
12802,2026-06-05,TATA,TATANAGAR JN,5.0,1329
12802,2026-06-05,GTS,GHATSILA,16.0,1365
12802,2026-06-05,HIJ,HIJILLI,36.0,1463
12802,2026-06-05,BLS,BALASORE,33.0,1575
12802,2026-06-05,BHC,BHADRAKH,31.0,1637
12802,2026-06-05,JJKR,JAJPUR K ROAD,42.0,1681
12802,2026-06-05,CTC,CUTTACK,71.0,1753
12802,2026-06-05,BBS,BHUBANESWAR,77.0,1781
12802,2026-06-05,KUR,KHURDA ROAD JN,83.0,1800
12802,2026-06-05,PURI,PURI,22.0,1843
12802,2026-06-06,ANVT,ANAND VIHAR TRM,5.0,0
12802,2026-06-06,GOY,GOVINDPURI,2.0,424
12802,2026-06-06,FTP,FATEHPUR,26.0,504
12802,2026-06-06,PRYJ,PRAYAGRAJ JN,0.0,621
12802,2026-06-06,BDL,VINDHYACHAL,,702
12802,2026-06-06,MZP,MIRZAPUR,8.0,710
12802,2026-06-06,CAR,CHUNAR,17.0,741
12802,2026-06-06,DDU,PT DEEN DAYAL UPADHYAY JN,0.0,773
12802,2026-06-06,BBU,BHABUA ROAD,10.0,826
12802,2026-06-06,SSM,SASARAM,10.0,873
12802,2026-06-06,DOS,DEHRI ON SONE,17.0,891
12802,2026-06-06,AUBR,ANUGRAHA N ROAD,19.0,908
12802,2026-06-06,GAYA,GAYA JN,15.0,976
12802,2026-06-06,PRP,PAHARPUR,19.0,1008
12802,2026-06-06,KQR,KODERMA,38.0,1052
12802,2026-06-06,HZD,HAZARIBAGH RD,46.0,1101
12802,2026-06-06,PNME,PARASNATH,50.0,1128
12802,2026-06-06,GMO,NSC BOSE J GOMO,33.0,1146
12802,2026-06-06,CRP,CHANDRAPURA,33.0,1163
12802,2026-06-06,BKSC,BOKARO STL CITY,18.0,1178
12802,2026-06-06,PRR,PURULIA JN,1.0,1239
12802,2026-06-06,BBM,BARABHUM,11.0,1270
12802,2026-06-06,CNI,CHANDIL JN,10.0,1293
12802,2026-06-06,TATA,TATANAGAR JN,16.0,1329
12802,2026-06-06,GTS,GHATSILA,0.0,1365
12802,2026-06-06,HIJ,HIJILLI,27.0,1463
12802,2026-06-06,BLS,BALASORE,136.0,1575
12802,2026-06-06,BHC,BHADRAKH,133.0,1637
12802,2026-06-06,JJKR,JAJPUR K ROAD,141.0,1681
12802,2026-06-06,CTC,CUTTACK,166.0,1753
12802,2026-06-06,BBS,BHUBANESWAR,163.0,1781
12802,2026-06-06,KUR,KHURDA ROAD JN,168.0,1800
12802,2026-06-06,PURI,PURI,112.0,1843
12802,2026-06-07,ANVT,ANAND VIHAR TRM,1.0,0
12802,2026-06-07,GOY,GOVINDPURI,33.0,424
12802,2026-06-07,FTP,FATEHPUR,54.0,504
12802,2026-06-07,PRYJ,PRAYAGRAJ JN,18.0,621
12802,2026-06-07,BDL,VINDHYACHAL,,702
12802,2026-06-07,MZP,MIRZAPUR,23.0,710
12802,2026-06-07,CAR,CHUNAR,21.0,741
12802,2026-06-07,DDU,PT DEEN DAYAL UPADHYAY JN,1.0,773
12802,2026-06-07,BBU,BHABUA ROAD,12.0,826
12802,2026-06-07,SSM,SASARAM,15.0,873
12802,2026-06-07,DOS,DEHRI ON SONE,19.0,891
12802,2026-06-07,AUBR,ANUGRAHA N ROAD,20.0,908
12802,2026-06-07,GAYA,GAYA JN,17.0,976
12802,2026-06-07,PRP,PAHARPUR,16.0,1008
12802,2026-06-07,KQR,KODERMA,23.0,1052
12802,2026-06-07,HZD,HAZARIBAGH RD,37.0,1101
12802,2026-06-07,PNME,PARASNATH,68.0,1128
12802,2026-06-07,GMO,NSC BOSE J GOMO,50.0,1146
12802,2026-06-07,CRP,CHANDRAPURA,64.0,1163
12802,2026-06-07,BKSC,BOKARO STL CITY,45.0,1178
12802,2026-06-07,PRR,PURULIA JN,120.0,1239
12802,2026-06-07,BBM,BARABHUM,126.0,1270
12802,2026-06-07,CNI,CHANDIL JN,120.0,1293
12802,2026-06-07,TATA,TATANAGAR JN,102.0,1329
12802,2026-06-07,GTS,GHATSILA,110.0,1365
12802,2026-06-07,HIJ,HIJILLI,140.0,1463
12802,2026-06-07,BLS,BALASORE,223.0,1575
12802,2026-06-07,BHC,BHADRAKH,231.0,1637
12802,2026-06-07,JJKR,JAJPUR K ROAD,234.0,1681
12802,2026-06-07,CTC,CUTTACK,253.0,1753
12802,2026-06-07,BBS,BHUBANESWAR,280.0,1781
12802,2026-06-07,KUR,KHURDA ROAD JN,310.0,1800
12802,2026-06-07,PURI,PURI,274.0,1843
12802,2026-06-08,ANVT,ANAND VIHAR TRM,0.0,0
12802,2026-06-08,GOY,GOVINDPURI,0.0,424
12802,2026-06-08,FTP,FATEHPUR,51.0,504
12802,2026-06-08,PRYJ,PRAYAGRAJ JN,24.0,621
12802,2026-06-08,BDL,VINDHYACHAL,,702
12802,2026-06-08,MZP,MIRZAPUR,38.0,710
12802,2026-06-08,CAR,CHUNAR,38.0,741
12802,2026-06-08,DDU,PT DEEN DAYAL UPADHYAY JN,5.0,773
12802,2026-06-08,BBU,BHABUA ROAD,15.0,826
12802,2026-06-08,SSM,SASARAM,16.0,873
12802,2026-06-08,DOS,DEHRI ON SONE,18.0,891
12802,2026-06-08,AUBR,ANUGRAHA N ROAD,22.0,908
12802,2026-06-08,GAYA,GAYA JN,17.0,976
12802,2026-06-08,PRP,PAHARPUR,19.0,1008
12802,2026-06-08,KQR,KODERMA,49.0,1052
12802,2026-06-08,HZD,HAZARIBAGH RD,57.0,1101
12802,2026-06-08,PNME,PARASNATH,61.0,1128
12802,2026-06-08,GMO,NSC BOSE J GOMO,49.0,1146
12802,2026-06-08,CRP,CHANDRAPURA,55.0,1163
12802,2026-06-08,BKSC,BOKARO STL CITY,47.0,1178
12802,2026-06-08,PRR,PURULIA JN,32.0,1239
12802,2026-06-08,BBM,BARABHUM,37.0,1270
12802,2026-06-08,CNI,CHANDIL JN,31.0,1293
12802,2026-06-08,TATA,TATANAGAR JN,51.0,1329
12802,2026-06-08,GTS,GHATSILA,70.0,1365
12802,2026-06-08,HIJ,HIJILLI,56.0,1463
12802,2026-06-08,BLS,BALASORE,52.0,1575
12802,2026-06-08,BHC,BHADRAKH,45.0,1637
12802,2026-06-08,JJKR,JAJPUR K ROAD,53.0,1681
12802,2026-06-08,CTC,CUTTACK,85.0,1753
12802,2026-06-08,BBS,BHUBANESWAR,87.0,1781
12802,2026-06-08,KUR,KHURDA ROAD JN,92.0,1800
12802,2026-06-08,PURI,PURI,185.0,1843
12802,2026-06-09,ANVT,ANAND VIHAR TRM,11.0,0
12802,2026-06-09,GOY,GOVINDPURI,15.0,424
12802,2026-06-09,FTP,FATEHPUR,44.0,504
12802,2026-06-09,PRYJ,PRAYAGRAJ JN,6.0,621
12802,2026-06-09,BDL,VINDHYACHAL,,702
12802,2026-06-09,MZP,MIRZAPUR,24.0,710
12802,2026-06-09,CAR,CHUNAR,23.0,741
12802,2026-06-09,DDU,PT DEEN DAYAL UPADHYAY JN,0.0,773
12802,2026-06-09,BBU,BHABUA ROAD,8.0,826
12802,2026-06-09,SSM,SASARAM,8.0,873
12802,2026-06-09,DOS,DEHRI ON SONE,12.0,891
12802,2026-06-09,AUBR,ANUGRAHA N ROAD,11.0,908
12802,2026-06-09,GAYA,GAYA JN,23.0,976
12802,2026-06-09,PRP,PAHARPUR,12.0,1008
12802,2026-06-09,KQR,KODERMA,26.0,1052
12802,2026-06-09,HZD,HAZARIBAGH RD,39.0,1101
12802,2026-06-09,PNME,PARASNATH,62.0,1128
12802,2026-06-09,GMO,NSC BOSE J GOMO,46.0,1146
12802,2026-06-09,CRP,CHANDRAPURA,48.0,1163
12802,2026-06-09,BKSC,BOKARO STL CITY,39.0,1178
12802,2026-06-09,PRR,PURULIA JN,32.0,1239
12802,2026-06-09,BBM,BARABHUM,36.0,1270
12802,2026-06-09,CNI,CHANDIL JN,29.0,1293
12802,2026-06-09,TATA,TATANAGAR JN,42.0,1329
12802,2026-06-09,GTS,GHATSILA,71.0,1365
12802,2026-06-09,HIJ,HIJILLI,69.0,1463
12802,2026-06-09,BLS,BALASORE,117.0,1575
12802,2026-06-09,BHC,BHADRAKH,154.0,1637
12802,2026-06-09,JJKR,JAJPUR K ROAD,162.0,1681
12802,2026-06-09,CTC,CUTTACK,199.0,1753
12802,2026-06-09,BBS,BHUBANESWAR,193.0,1781
12802,2026-06-09,KUR,KHURDA ROAD JN,195.0,1800
12802,2026-06-09,PURI,PURI,171.0,1843
12802,2026-06-10,ANVT,ANAND VIHAR TRM,1.0,0
12802,2026-06-10,GOY,GOVINDPURI,44.0,424
12802,2026-06-10,FTP,FATEHPUR,54.0,504
12802,2026-06-10,PRYJ,PRAYAGRAJ JN,20.0,621
12802,2026-06-10,BDL,VINDHYACHAL,,702
12802,2026-06-10,MZP,MIRZAPUR,48.0,710
12802,2026-06-10,CAR,CHUNAR,38.0,741
12802,2026-06-10,DDU,PT DEEN DAYAL UPADHYAY JN,13.0,773
12802,2026-06-10,BBU,BHABUA ROAD,23.0,826
12802,2026-06-10,SSM,SASARAM,23.0,873
12802,2026-06-10,DOS,DEHRI ON SONE,23.0,891
12802,2026-06-10,AUBR,ANUGRAHA N ROAD,22.0,908
12802,2026-06-10,GAYA,GAYA JN,25.0,976
12802,2026-06-10,PRP,PAHARPUR,0.0,1008
12802,2026-06-10,KQR,KODERMA,18.0,1052
12802,2026-06-10,HZD,HAZARIBAGH RD,27.0,1101
12802,2026-06-10,PNME,PARASNATH,37.0,1128
12802,2026-06-10,GMO,NSC BOSE J GOMO,23.0,1146
12802,2026-06-10,CRP,CHANDRAPURA,25.0,1163
12802,2026-06-10,BKSC,BOKARO STL CITY,11.0,1178
12802,2026-06-10,PRR,PURULIA JN,9.0,1239
12802,2026-06-10,BBM,BARABHUM,17.0,1270
12802,2026-06-10,CNI,CHANDIL JN,12.0,1293
12802,2026-06-10,TATA,TATANAGAR JN,4.0,1329
12802,2026-06-10,GTS,GHATSILA,37.0,1365
12802,2026-06-10,HIJ,HIJILLI,25.0,1463
12802,2026-06-10,BLS,BALASORE,70.0,1575
12802,2026-06-10,BHC,BHADRAKH,77.0,1637
12802,2026-06-10,JJKR,JAJPUR K ROAD,84.0,1681
12802,2026-06-10,CTC,CUTTACK,107.0,1753
12802,2026-06-10,BBS,BHUBANESWAR,108.0,1781
12802,2026-06-10,KUR,KHURDA ROAD JN,117.0,1800
12802,2026-06-10,PURI,PURI,54.0,1843
12802,2026-06-11,ANVT,ANAND VIHAR TRM,13.0,0
12802,2026-06-11,GOY,GOVINDPURI,14.0,424
12802,2026-06-11,FTP,FATEHPUR,20.0,504
12802,2026-06-11,PRYJ,PRAYAGRAJ JN,4.0,621
12802,2026-06-11,BDL,VINDHYACHAL,,702
12802,2026-06-11,MZP,MIRZAPUR,22.0,710
12802,2026-06-11,CAR,CHUNAR,25.0,741
12802,2026-06-11,DDU,PT DEEN DAYAL UPADHYAY JN,4.0,773
12802,2026-06-11,BBU,BHABUA ROAD,14.0,826
12802,2026-06-11,SSM,SASARAM,17.0,873
12802,2026-06-11,DOS,DEHRI ON SONE,17.0,891
12802,2026-06-11,AUBR,ANUGRAHA N ROAD,17.0,908
12802,2026-06-11,GAYA,GAYA JN,18.0,976
12802,2026-06-11,PRP,PAHARPUR,16.0,1008
12802,2026-06-11,KQR,KODERMA,40.0,1052
12802,2026-06-11,HZD,HAZARIBAGH RD,48.0,1101
12802,2026-06-11,PNME,PARASNATH,55.0,1128
12802,2026-06-11,GMO,NSC BOSE J GOMO,39.0,1146
12802,2026-06-11,CRP,CHANDRAPURA,37.0,1163
12802,2026-06-11,BKSC,BOKARO STL CITY,29.0,1178
12802,2026-06-11,PRR,PURULIA JN,24.0,1239
12802,2026-06-11,BBM,BARABHUM,36.0,1270
12802,2026-06-11,CNI,CHANDIL JN,30.0,1293
12802,2026-06-11,TATA,TATANAGAR JN,21.0,1329
12802,2026-06-11,GTS,GHATSILA,5.0,1365
12802,2026-06-11,HIJ,HIJILLI,22.0,1463
12802,2026-06-11,BLS,BALASORE,15.0,1575
12802,2026-06-11,BHC,BHADRAKH,30.0,1637
12802,2026-06-11,JJKR,JAJPUR K ROAD,36.0,1681
12802,2026-06-11,CTC,CUTTACK,37.0,1753
12802,2026-06-11,BBS,BHUBANESWAR,49.0,1781
12802,2026-06-11,KUR,KHURDA ROAD JN,61.0,1800
12802,2026-06-11,PURI,PURI,18.0,1843
12802,2026-06-12,ANVT,ANAND VIHAR TRM,36.0,0
12802,2026-06-12,GOY,GOVINDPURI,54.0,424
12802,2026-06-12,FTP,FATEHPUR,60.0,504
12802,2026-06-12,PRYJ,PRAYAGRAJ JN,55.0,621
12802,2026-06-12,BDL,VINDHYACHAL,,702
12802,2026-06-12,MZP,MIRZAPUR,61.0,710
12802,2026-06-12,CAR,CHUNAR,79.0,741
12802,2026-06-12,DDU,PT DEEN DAYAL UPADHYAY JN,47.0,773
12802,2026-06-12,BBU,BHABUA ROAD,55.0,826
12802,2026-06-12,SSM,SASARAM,56.0,873
12802,2026-06-12,DOS,DEHRI ON SONE,58.0,891
12802,2026-06-12,AUBR,ANUGRAHA N ROAD,59.0,908
12802,2026-06-12,GAYA,GAYA JN,57.0,976
12802,2026-06-12,PRP,PAHARPUR,53.0,1008
12802,2026-06-12,KQR,KODERMA,59.0,1052
12802,2026-06-12,HZD,HAZARIBAGH RD,65.0,1101
12802,2026-06-12,PNME,PARASNATH,67.0,1128
12802,2026-06-12,GMO,NSC BOSE J GOMO,54.0,1146
12802,2026-06-12,CRP,CHANDRAPURA,56.0,1163
12802,2026-06-12,BKSC,BOKARO STL CITY,47.0,1178
12802,2026-06-12,PRR,PURULIA JN,34.0,1239
12802,2026-06-12,BBM,BARABHUM,42.0,1270
12802,2026-06-12,CNI,CHANDIL JN,33.0,1293
12802,2026-06-12,TATA,TATANAGAR JN,34.0,1329
12802,2026-06-12,GTS,GHATSILA,39.0,1365
12802,2026-06-12,HIJ,HIJILLI,79.0,1463
12802,2026-06-12,BLS,BALASORE,80.0,1575
12802,2026-06-12,BHC,BHADRAKH,83.0,1637
12802,2026-06-12,JJKR,JAJPUR K ROAD,85.0,1681
12802,2026-06-12,CTC,CUTTACK,123.0,1753
12802,2026-06-12,BBS,BHUBANESWAR,132.0,1781
12802,2026-06-12,KUR,KHURDA ROAD JN,141.0,1800
12802,2026-06-12,PURI,PURI,83.0,1843
12802,2026-06-13,ANVT,ANAND VIHAR TRM,9.0,0
12802,2026-06-13,GOY,GOVINDPURI,16.0,424
12802,2026-06-13,FTP,FATEHPUR,45.0,504
12802,2026-06-13,PRYJ,PRAYAGRAJ JN,6.0,621
12802,2026-06-13,BDL,VINDHYACHAL,,702
12802,2026-06-13,MZP,MIRZAPUR,19.0,710
12802,2026-06-13,CAR,CHUNAR,19.0,741
12802,2026-06-13,DDU,PT DEEN DAYAL UPADHYAY JN,3.0,773
12802,2026-06-13,BBU,BHABUA ROAD,11.0,826
12802,2026-06-13,SSM,SASARAM,14.0,873
12802,2026-06-13,DOS,DEHRI ON SONE,15.0,891
12802,2026-06-13,AUBR,ANUGRAHA N ROAD,14.0,908
12802,2026-06-13,GAYA,GAYA JN,16.0,976
12802,2026-06-13,PRP,PAHARPUR,16.0,1008
12802,2026-06-13,KQR,KODERMA,31.0,1052
12802,2026-06-13,HZD,HAZARIBAGH RD,37.0,1101
12802,2026-06-13,PNME,PARASNATH,41.0,1128
12802,2026-06-13,GMO,NSC BOSE J GOMO,21.0,1146
12802,2026-06-13,CRP,CHANDRAPURA,24.0,1163
12802,2026-06-13,BKSC,BOKARO STL CITY,12.0,1178
12802,2026-06-13,PRR,PURULIA JN,8.0,1239
12802,2026-06-13,BBM,BARABHUM,22.0,1270
12802,2026-06-13,CNI,CHANDIL JN,22.0,1293
12802,2026-06-13,TATA,TATANAGAR JN,17.0,1329
12802,2026-06-13,GTS,GHATSILA,13.0,1365
12802,2026-06-13,HIJ,HIJILLI,41.0,1463
12802,2026-06-13,BLS,BALASORE,20.0,1575
12802,2026-06-13,BHC,BHADRAKH,26.0,1637
12802,2026-06-13,JJKR,JAJPUR K ROAD,39.0,1681
12802,2026-06-13,CTC,CUTTACK,67.0,1753
12802,2026-06-13,BBS,BHUBANESWAR,54.0,1781
12802,2026-06-13,KUR,KHURDA ROAD JN,57.0,1800
12802,2026-06-13,PURI,PURI,-5.0,1843
12802,2026-06-14,ANVT,ANAND VIHAR TRM,46.0,0
12802,2026-06-14,GOY,GOVINDPURI,66.0,424
12802,2026-06-14,FTP,FATEHPUR,90.0,504
12802,2026-06-14,PRYJ,PRAYAGRAJ JN,52.0,621
12802,2026-06-14,BDL,VINDHYACHAL,,702
12802,2026-06-14,MZP,MIRZAPUR,41.0,710
12802,2026-06-14,CAR,CHUNAR,41.0,741
12802,2026-06-14,DDU,PT DEEN DAYAL UPADHYAY JN,7.0,773
12802,2026-06-14,BBU,BHABUA ROAD,17.0,826
12802,2026-06-14,SSM,SASARAM,13.0,873
12802,2026-06-14,DOS,DEHRI ON SONE,15.0,891
12802,2026-06-14,AUBR,ANUGRAHA N ROAD,15.0,908
12802,2026-06-14,GAYA,GAYA JN,16.0,976
12802,2026-06-14,PRP,PAHARPUR,5.0,1008
12802,2026-06-14,KQR,KODERMA,22.0,1052
12802,2026-06-14,HZD,HAZARIBAGH RD,66.0,1101
12802,2026-06-14,PNME,PARASNATH,73.0,1128
12802,2026-06-14,GMO,NSC BOSE J GOMO,59.0,1146
12802,2026-06-14,CRP,CHANDRAPURA,57.0,1163
12802,2026-06-14,BKSC,BOKARO STL CITY,51.0,1178
12802,2026-06-14,PRR,PURULIA JN,37.0,1239
12802,2026-06-14,BBM,BARABHUM,42.0,1270
12802,2026-06-14,CNI,CHANDIL JN,30.0,1293
12802,2026-06-14,TATA,TATANAGAR JN,26.0,1329
12802,2026-06-14,GTS,GHATSILA,8.0,1365
12802,2026-06-14,HIJ,HIJILLI,31.0,1463
12802,2026-06-14,BLS,BALASORE,20.0,1575
12802,2026-06-14,BHC,BHADRAKH,12.0,1637
12802,2026-06-14,JJKR,JAJPUR K ROAD,15.0,1681
12802,2026-06-14,CTC,CUTTACK,47.0,1753
12802,2026-06-14,BBS,BHUBANESWAR,44.0,1781
12802,2026-06-14,KUR,KHURDA ROAD JN,45.0,1800
12802,2026-06-14,PURI,PURI,114.0,1843
12802,2026-06-15,ANVT,ANAND VIHAR TRM,3.0,0
12802,2026-06-15,GOY,GOVINDPURI,8.0,424
12802,2026-06-15,FTP,FATEHPUR,23.0,504
12802,2026-06-15,PRYJ,PRAYAGRAJ JN,0.0,621
12802,2026-06-15,BDL,VINDHYACHAL,,702
12802,2026-06-15,MZP,MIRZAPUR,9.0,710
12802,2026-06-15,CAR,CHUNAR,10.0,741
12802,2026-06-15,DDU,PT DEEN DAYAL UPADHYAY JN,0.0,773
12802,2026-06-15,BBU,BHABUA ROAD,9.0,826
12802,2026-06-15,SSM,SASARAM,7.0,873
12802,2026-06-15,DOS,DEHRI ON SONE,10.0,891
12802,2026-06-15,AUBR,ANUGRAHA N ROAD,9.0,908
12802,2026-06-15,GAYA,GAYA JN,17.0,976
12802,2026-06-15,PRP,PAHARPUR,19.0,1008
12802,2026-06-15,KQR,KODERMA,34.0,1052
12802,2026-06-15,HZD,HAZARIBAGH RD,47.0,1101
12802,2026-06-15,PNME,PARASNATH,53.0,1128
12802,2026-06-15,GMO,NSC BOSE J GOMO,40.0,1146
12802,2026-06-15,CRP,CHANDRAPURA,34.0,1163
12802,2026-06-15,BKSC,BOKARO STL CITY,17.0,1178
12802,2026-06-15,PRR,PURULIA JN,32.0,1239
12802,2026-06-15,BBM,BARABHUM,40.0,1270
12802,2026-06-15,CNI,CHANDIL JN,33.0,1293
12802,2026-06-15,TATA,TATANAGAR JN,20.0,1329
12802,2026-06-15,GTS,GHATSILA,6.0,1365
12802,2026-06-15,HIJ,HIJILLI,50.0,1463
12802,2026-06-15,BLS,BALASORE,54.0,1575
12802,2026-06-15,BHC,BHADRAKH,76.0,1637
12802,2026-06-15,JJKR,JAJPUR K ROAD,82.0,1681
12802,2026-06-15,CTC,CUTTACK,103.0,1753
12802,2026-06-15,BBS,BHUBANESWAR,100.0,1781
12802,2026-06-15,KUR,KHURDA ROAD JN,143.0,1800
12802,2026-06-15,PURI,PURI,460.0,1843
12802,2026-06-16,ANVT,ANAND VIHAR TRM,2.0,0
12802,2026-06-16,GOY,GOVINDPURI,48.0,424
12802,2026-06-16,FTP,FATEHPUR,65.0,504
12802,2026-06-16,PRYJ,PRAYAGRAJ JN,23.0,621
12802,2026-06-16,BDL,VINDHYACHAL,,702
12802,2026-06-16,MZP,MIRZAPUR,18.0,710
12802,2026-06-16,CAR,CHUNAR,21.0,741
12802,2026-06-16,DDU,PT DEEN DAYAL UPADHYAY JN,0.0,773
12802,2026-06-16,BBU,BHABUA ROAD,11.0,826
12802,2026-06-16,SSM,SASARAM,19.0,873
12802,2026-06-16,DOS,DEHRI ON SONE,20.0,891
12802,2026-06-16,AUBR,ANUGRAHA N ROAD,27.0,908
12802,2026-06-16,GAYA,GAYA JN,37.0,976
12802,2026-06-16,PRP,PAHARPUR,27.0,1008
12802,2026-06-16,KQR,KODERMA,37.0,1052
12802,2026-06-16,HZD,HAZARIBAGH RD,51.0,1101
12802,2026-06-16,PNME,PARASNATH,47.0,1128
12802,2026-06-16,GMO,NSC BOSE J GOMO,47.0,1146
12802,2026-06-16,CRP,CHANDRAPURA,50.0,1163
12802,2026-06-16,BKSC,BOKARO STL CITY,38.0,1178
12802,2026-06-16,PRR,PURULIA JN,28.0,1239
12802,2026-06-16,BBM,BARABHUM,24.0,1270
12802,2026-06-16,CNI,CHANDIL JN,34.0,1293
12802,2026-06-16,TATA,TATANAGAR JN,56.0,1329
12802,2026-06-16,GTS,GHATSILA,40.0,1365
12802,2026-06-16,HIJ,HIJILLI,32.0,1463
12802,2026-06-16,BLS,BALASORE,38.0,1575
12802,2026-06-16,BHC,BHADRAKH,55.0,1637
12802,2026-06-16,JJKR,JAJPUR K ROAD,67.0,1681
12802,2026-06-16,CTC,CUTTACK,101.0,1753
12802,2026-06-16,BBS,BHUBANESWAR,114.0,1781
12802,2026-06-16,KUR,KHURDA ROAD JN,130.0,1800
12802,2026-06-16,PURI,PURI,370.0,1843
12802,2026-06-17,ANVT,ANAND VIHAR TRM,0.0,0
12802,2026-06-17,GOY,GOVINDPURI,17.0,424
12802,2026-06-17,FTP,FATEHPUR,32.0,504
12802,2026-06-17,PRYJ,PRAYAGRAJ JN,0.0,621
12802,2026-06-17,BDL,VINDHYACHAL,,702
12802,2026-06-17,MZP,MIRZAPUR,11.0,710
12802,2026-06-17,CAR,CHUNAR,9.0,741
12802,2026-06-17,DDU,PT DEEN DAYAL UPADHYAY JN,0.0,773
12802,2026-06-17,BBU,BHABUA ROAD,8.0,826
12802,2026-06-17,SSM,SASARAM,4.0,873
12802,2026-06-17,DOS,DEHRI ON SONE,5.0,891
12802,2026-06-17,AUBR,ANUGRAHA N ROAD,10.0,908
12802,2026-06-17,GAYA,GAYA JN,9.0,976
12802,2026-06-17,PRP,PAHARPUR,0.0,1008
12802,2026-06-17,KQR,KODERMA,26.0,1052
12802,2026-06-17,HZD,HAZARIBAGH RD,28.0,1101
12802,2026-06-17,PNME,PARASNATH,31.0,1128
12802,2026-06-17,GMO,NSC BOSE J GOMO,19.0,1146
12802,2026-06-17,CRP,CHANDRAPURA,34.0,1163
12802,2026-06-17,BKSC,BOKARO STL CITY,19.0,1178
12802,2026-06-17,PRR,PURULIA JN,9.0,1239
12802,2026-06-17,BBM,BARABHUM,24.0,1270
12802,2026-06-17,CNI,CHANDIL JN,23.0,1293
12802,2026-06-17,TATA,TATANAGAR JN,48.0,1329
12802,2026-06-17,GTS,GHATSILA,61.0,1365
12802,2026-06-17,HIJ,HIJILLI,55.0,1463
12802,2026-06-17,BLS,BALASORE,49.0,1575
12802,2026-06-17,BHC,BHADRAKH,41.0,1637
12802,2026-06-17,JJKR,JAJPUR K ROAD,43.0,1681
12802,2026-06-17,CTC,CUTTACK,65.0,1753
12802,2026-06-17,BBS,BHUBANESWAR,60.0,1781
12802,2026-06-17,KUR,KHURDA ROAD JN,65.0,1800
12802,2026-06-17,PURI,PURI,40.0,1843
12802,2026-06-18,ANVT,ANAND VIHAR TRM,3.0,0
12802,2026-06-18,GOY,GOVINDPURI,0.0,424
12802,2026-06-18,FTP,FATEHPUR,5.0,504
12802,2026-06-18,PRYJ,PRAYAGRAJ JN,1.0,621
12802,2026-06-18,BDL,VINDHYACHAL,,702
12802,2026-06-18,MZP,MIRZAPUR,12.0,710
12802,2026-06-18,CAR,CHUNAR,11.0,741
12802,2026-06-18,DDU,PT DEEN DAYAL UPADHYAY JN,13.0,773
12802,2026-06-18,BBU,BHABUA ROAD,19.0,826
12802,2026-06-18,SSM,SASARAM,15.0,873
12802,2026-06-18,DOS,DEHRI ON SONE,16.0,891
12802,2026-06-18,AUBR,ANUGRAHA N ROAD,18.0,908
12802,2026-06-18,GAYA,GAYA JN,16.0,976
12802,2026-06-18,PRP,PAHARPUR,15.0,1008
12802,2026-06-18,KQR,KODERMA,22.0,1052
12802,2026-06-18,HZD,HAZARIBAGH RD,20.0,1101
12802,2026-06-18,PNME,PARASNATH,18.0,1128
12802,2026-06-18,GMO,NSC BOSE J GOMO,59.0,1146
12802,2026-06-18,CRP,CHANDRAPURA,53.0,1163
12802,2026-06-18,BKSC,BOKARO STL CITY,75.0,1178
12802,2026-06-18,PRR,PURULIA JN,32.0,1239
12802,2026-06-18,BBM,BARABHUM,27.0,1270
12802,2026-06-18,CNI,CHANDIL JN,23.0,1293
12802,2026-06-18,TATA,TATANAGAR JN,95.0,1329
12802,2026-06-18,GTS,GHATSILA,77.0,1365
12802,2026-06-18,HIJ,HIJILLI,63.0,1463
12802,2026-06-18,BLS,BALASORE,65.0,1575
12802,2026-06-18,BHC,BHADRAKH,80.0,1637
12802,2026-06-18,JJKR,JAJPUR K ROAD,90.0,1681
12802,2026-06-18,CTC,CUTTACK,114.0,1753
12802,2026-06-18,BBS,BHUBANESWAR,106.0,1781
12802,2026-06-18,KUR,KHURDA ROAD JN,107.0,1800
12802,2026-06-18,PURI,PURI,44.0,1843
12802,2026-06-19,ANVT,ANAND VIHAR TRM,0.0,0
12802,2026-06-19,GOY,GOVINDPURI,25.0,424
12802,2026-06-19,FTP,FATEHPUR,59.0,504
12802,2026-06-19,PRYJ,PRAYAGRAJ JN,26.0,621
12802,2026-06-19,BDL,VINDHYACHAL,,702
12802,2026-06-19,MZP,MIRZAPUR,24.0,710
12802,2026-06-19,CAR,CHUNAR,24.0,741
12802,2026-06-19,DDU,PT DEEN DAYAL UPADHYAY JN,0.0,773
12802,2026-06-19,BBU,BHABUA ROAD,5.0,826
12802,2026-06-19,SSM,SASARAM,4.0,873
12802,2026-06-19,DOS,DEHRI ON SONE,6.0,891
12802,2026-06-19,AUBR,ANUGRAHA N ROAD,7.0,908
12802,2026-06-19,GAYA,GAYA JN,0.0,976
12802,2026-06-19,PRP,PAHARPUR,0.0,1008
12802,2026-06-19,KQR,KODERMA,19.0,1052
12802,2026-06-19,HZD,HAZARIBAGH RD,36.0,1101
12802,2026-06-19,PNME,PARASNATH,39.0,1128
12802,2026-06-19,GMO,NSC BOSE J GOMO,21.0,1146
12802,2026-06-19,CRP,CHANDRAPURA,20.0,1163
12802,2026-06-19,BKSC,BOKARO STL CITY,6.0,1178
12802,2026-06-19,PRR,PURULIA JN,0.0,1239
12802,2026-06-19,BBM,BARABHUM,7.0,1270
12802,2026-06-19,CNI,CHANDIL JN,0.0,1293
12802,2026-06-19,TATA,TATANAGAR JN,4.0,1329
12802,2026-06-19,GTS,GHATSILA,21.0,1365
12802,2026-06-19,HIJ,HIJILLI,10.0,1463
12802,2026-06-19,BLS,BALASORE,1.0,1575
12802,2026-06-19,BHC,BHADRAKH,1.0,1637
12802,2026-06-19,JJKR,JAJPUR K ROAD,10.0,1681
12802,2026-06-19,CTC,CUTTACK,30.0,1753
12802,2026-06-19,BBS,BHUBANESWAR,30.0,1781
12802,2026-06-19,KUR,KHURDA ROAD JN,32.0,1800
12802,2026-06-19,PURI,PURI,-30.0,1843
12802,2026-06-20,ANVT,ANAND VIHAR TRM,0.0,0
12802,2026-06-20,GOY,GOVINDPURI,12.0,424
12802,2026-06-20,FTP,FATEHPUR,21.0,504
12802,2026-06-20,PRYJ,PRAYAGRAJ JN,13.0,621
12802,2026-06-20,BDL,VINDHYACHAL,,702
12802,2026-06-20,MZP,MIRZAPUR,8.0,710
12802,2026-06-20,CAR,CHUNAR,7.0,741
12802,2026-06-20,DDU,PT DEEN DAYAL UPADHYAY JN,3.0,773
12802,2026-06-20,BBU,BHABUA ROAD,18.0,826
12802,2026-06-20,SSM,SASARAM,19.0,873
12802,2026-06-20,DOS,DEHRI ON SONE,22.0,891
12802,2026-06-20,AUBR,ANUGRAHA N ROAD,24.0,908
12802,2026-06-20,GAYA,GAYA JN,19.0,976
12802,2026-06-20,PRP,PAHARPUR,32.0,1008
12802,2026-06-20,KQR,KODERMA,57.0,1052
12802,2026-06-20,HZD,HAZARIBAGH RD,62.0,1101
12802,2026-06-20,PNME,PARASNATH,67.0,1128
12802,2026-06-20,GMO,NSC BOSE J GOMO,51.0,1146
12802,2026-06-20,CRP,CHANDRAPURA,50.0,1163
12802,2026-06-20,BKSC,BOKARO STL CITY,34.0,1178
12802,2026-06-20,PRR,PURULIA JN,9.0,1239
12802,2026-06-20,BBM,BARABHUM,12.0,1270
12802,2026-06-20,CNI,CHANDIL JN,3.0,1293
12802,2026-06-20,TATA,TATANAGAR JN,35.0,1329
12802,2026-06-20,GTS,GHATSILA,43.0,1365
12802,2026-06-20,HIJ,HIJILLI,22.0,1463
12802,2026-06-20,BLS,BALASORE,16.0,1575
12802,2026-06-20,BHC,BHADRAKH,9.0,1637
12802,2026-06-20,JJKR,JAJPUR K ROAD,11.0,1681
12802,2026-06-20,CTC,CUTTACK,44.0,1753
12802,2026-06-20,BBS,BHUBANESWAR,46.0,1781
12802,2026-06-20,KUR,KHURDA ROAD JN,51.0,1800
12802,2026-06-20,PURI,PURI,-5.0,1843
12802,2026-06-21,ANVT,ANAND VIHAR TRM,0.0,0
12802,2026-06-21,GOY,GOVINDPURI,2.0,424
12802,2026-06-21,FTP,FATEHPUR,8.0,504
12802,2026-06-21,PRYJ,PRAYAGRAJ JN,5.0,621
12802,2026-06-21,BDL,VINDHYACHAL,,702
12802,2026-06-21,MZP,MIRZAPUR,30.0,710
12802,2026-06-21,CAR,CHUNAR,32.0,741
12802,2026-06-21,DDU,PT DEEN DAYAL UPADHYAY JN,6.0,773
12802,2026-06-21,BBU,BHABUA ROAD,10.0,826
12802,2026-06-21,SSM,SASARAM,17.0,873
12802,2026-06-21,DOS,DEHRI ON SONE,19.0,891
12802,2026-06-21,AUBR,ANUGRAHA N ROAD,22.0,908
12802,2026-06-21,GAYA,GAYA JN,17.0,976
12802,2026-06-21,PRP,PAHARPUR,25.0,1008
12802,2026-06-21,KQR,KODERMA,69.0,1052
12802,2026-06-21,HZD,HAZARIBAGH RD,72.0,1101
12802,2026-06-21,PNME,PARASNATH,70.0,1128
12802,2026-06-21,GMO,NSC BOSE J GOMO,60.0,1146
12802,2026-06-21,CRP,CHANDRAPURA,54.0,1163
12802,2026-06-21,BKSC,BOKARO STL CITY,57.0,1178
12802,2026-06-21,PRR,PURULIA JN,36.0,1239
12802,2026-06-21,BBM,BARABHUM,41.0,1270
12802,2026-06-21,CNI,CHANDIL JN,32.0,1293
12802,2026-06-21,TATA,TATANAGAR JN,37.0,1329
12802,2026-06-21,GTS,GHATSILA,21.0,1365
12802,2026-06-21,HIJ,HIJILLI,58.0,1463
12802,2026-06-21,BLS,BALASORE,42.0,1575
12802,2026-06-21,BHC,BHADRAKH,34.0,1637
12802,2026-06-21,JJKR,JAJPUR K ROAD,41.0,1681
12802,2026-06-21,CTC,CUTTACK,70.0,1753
12802,2026-06-21,BBS,BHUBANESWAR,57.0,1781
12802,2026-06-21,KUR,KHURDA ROAD JN,61.0,1800
12802,2026-06-21,PURI,PURI,9.0,1843
12802,2026-06-22,ANVT,ANAND VIHAR TRM,0.0,0
12802,2026-06-22,GOY,GOVINDPURI,10.0,424
12802,2026-06-22,FTP,FATEHPUR,17.0,504
12802,2026-06-22,PRYJ,PRAYAGRAJ JN,3.0,621
12802,2026-06-22,BDL,VINDHYACHAL,,702
12802,2026-06-22,MZP,MIRZAPUR,26.0,710
12802,2026-06-22,CAR,CHUNAR,35.0,741
12802,2026-06-22,DDU,PT DEEN DAYAL UPADHYAY JN,0.0,773
12802,2026-06-22,BBU,BHABUA ROAD,5.0,826
12802,2026-06-22,SSM,SASARAM,9.0,873
12802,2026-06-22,DOS,DEHRI ON SONE,9.0,891
12802,2026-06-22,AUBR,ANUGRAHA N ROAD,12.0,908
12802,2026-06-22,GAYA,GAYA JN,8.0,976
12802,2026-06-22,PRP,PAHARPUR,2.0,1008
12802,2026-06-22,KQR,KODERMA,6.0,1052
12802,2026-06-22,HZD,HAZARIBAGH RD,18.0,1101
12802,2026-06-22,PNME,PARASNATH,29.0,1128
12802,2026-06-22,GMO,NSC BOSE J GOMO,16.0,1146
12802,2026-06-22,CRP,CHANDRAPURA,18.0,1163
12802,2026-06-22,BKSC,BOKARO STL CITY,14.0,1178
12802,2026-06-22,PRR,PURULIA JN,1.0,1239
12802,2026-06-22,BBM,BARABHUM,6.0,1270
12802,2026-06-22,CNI,CHANDIL JN,0.0,1293
12802,2026-06-22,TATA,TATANAGAR JN,58.0,1329
12802,2026-06-22,GTS,GHATSILA,67.0,1365
12802,2026-06-22,HIJ,HIJILLI,59.0,1463
12802,2026-06-22,BLS,BALASORE,45.0,1575
12802,2026-06-22,BHC,BHADRAKH,40.0,1637
12802,2026-06-22,JJKR,JAJPUR K ROAD,42.0,1681
12802,2026-06-22,CTC,CUTTACK,57.0,1753
12802,2026-06-22,BBS,BHUBANESWAR,57.0,1781
12802,2026-06-22,KUR,KHURDA ROAD JN,62.0,1800
12802,2026-06-22,PURI,PURI,-1.0,1843
12802,2026-06-23,ANVT,ANAND VIHAR TRM,3.0,0
12802,2026-06-23,GOY,GOVINDPURI,22.0,424
12802,2026-06-23,FTP,FATEHPUR,16.0,504
12802,2026-06-23,PRYJ,PRAYAGRAJ JN,1.0,621
12802,2026-06-23,BDL,VINDHYACHAL,,702
12802,2026-06-23,MZP,MIRZAPUR,0.0,710
12802,2026-06-23,CAR,CHUNAR,18.0,741
12802,2026-06-23,DDU,PT DEEN DAYAL UPADHYAY JN,1.0,773
12802,2026-06-23,BBU,BHABUA ROAD,14.0,826
12802,2026-06-23,SSM,SASARAM,15.0,873
12802,2026-06-23,DOS,DEHRI ON SONE,16.0,891
12802,2026-06-23,AUBR,ANUGRAHA N ROAD,19.0,908
12802,2026-06-23,GAYA,GAYA JN,15.0,976
12802,2026-06-23,PRP,PAHARPUR,8.0,1008
12802,2026-06-23,KQR,KODERMA,16.0,1052
12802,2026-06-23,HZD,HAZARIBAGH RD,14.0,1101
12802,2026-06-23,PNME,PARASNATH,15.0,1128
12802,2026-06-23,GMO,NSC BOSE J GOMO,7.0,1146
12802,2026-06-23,CRP,CHANDRAPURA,0.0,1163
12802,2026-06-23,BKSC,BOKARO STL CITY,19.0,1178
12802,2026-06-23,PRR,PURULIA JN,20.0,1239
12802,2026-06-23,BBM,BARABHUM,29.0,1270
12802,2026-06-23,CNI,CHANDIL JN,21.0,1293
12802,2026-06-23,TATA,TATANAGAR JN,24.0,1329
12802,2026-06-23,GTS,GHATSILA,22.0,1365
12802,2026-06-23,HIJ,HIJILLI,38.0,1463
12802,2026-06-23,BLS,BALASORE,25.0,1575
12802,2026-06-23,BHC,BHADRAKH,24.0,1637
12802,2026-06-23,JJKR,JAJPUR K ROAD,30.0,1681
12802,2026-06-23,CTC,CUTTACK,47.0,1753
12802,2026-06-23,BBS,BHUBANESWAR,38.0,1781
12802,2026-06-23,KUR,KHURDA ROAD JN,45.0,1800
12802,2026-06-23,PURI,PURI,-2.0,1843
12802,2026-06-24,ANVT,ANAND VIHAR TRM,26.0,0
12802,2026-06-24,GOY,GOVINDPURI,5.0,424
12802,2026-06-24,FTP,FATEHPUR,18.0,504
12802,2026-06-24,PRYJ,PRAYAGRAJ JN,3.0,621
12802,2026-06-24,BDL,VINDHYACHAL,,702
12802,2026-06-24,MZP,MIRZAPUR,12.0,710
12802,2026-06-24,CAR,CHUNAR,31.0,741
12802,2026-06-24,DDU,PT DEEN DAYAL UPADHYAY JN,3.0,773
12802,2026-06-24,BBU,BHABUA ROAD,16.0,826
12802,2026-06-24,SSM,SASARAM,18.0,873
12802,2026-06-24,DOS,DEHRI ON SONE,21.0,891
12802,2026-06-24,AUBR,ANUGRAHA N ROAD,23.0,908
12802,2026-06-24,GAYA,GAYA JN,17.0,976
12802,2026-06-24,PRP,PAHARPUR,35.0,1008
12802,2026-06-24,KQR,KODERMA,30.0,1052
12802,2026-06-24,HZD,HAZARIBAGH RD,40.0,1101
12802,2026-06-24,PNME,PARASNATH,45.0,1128
12802,2026-06-24,GMO,NSC BOSE J GOMO,74.0,1146
12802,2026-06-24,CRP,CHANDRAPURA,68.0,1163
12802,2026-06-24,BKSC,BOKARO STL CITY,32.0,1178
12802,2026-06-24,PRR,PURULIA JN,42.0,1239
12802,2026-06-24,BBM,BARABHUM,49.0,1270
12802,2026-06-24,CNI,CHANDIL JN,42.0,1293
12802,2026-06-24,TATA,TATANAGAR JN,39.0,1329
12802,2026-06-24,GTS,GHATSILA,51.0,1365
12802,2026-06-24,HIJ,HIJILLI,39.0,1463
12802,2026-06-24,BLS,BALASORE,60.0,1575
12802,2026-06-24,BHC,BHADRAKH,53.0,1637
12802,2026-06-24,JJKR,JAJPUR K ROAD,57.0,1681
12802,2026-06-24,CTC,CUTTACK,81.0,1753
12802,2026-06-24,BBS,BHUBANESWAR,81.0,1781
12802,2026-06-24,KUR,KHURDA ROAD JN,83.0,1800
12802,2026-06-24,PURI,PURI,29.0,1843
12802,2026-06-25,ANVT,ANAND VIHAR TRM,0.0,0
12802,2026-06-25,GOY,GOVINDPURI,123.0,424
12802,2026-06-25,FTP,FATEHPUR,130.0,504
12802,2026-06-25,PRYJ,PRAYAGRAJ JN,106.0,621
12802,2026-06-25,BDL,VINDHYACHAL,,702
12802,2026-06-25,MZP,MIRZAPUR,124.0,710
12802,2026-06-25,CAR,CHUNAR,125.0,741
12802,2026-06-25,DDU,PT DEEN DAYAL UPADHYAY JN,93.0,773
12802,2026-06-25,BBU,BHABUA ROAD,102.0,826
12802,2026-06-25,SSM,SASARAM,105.0,873
12802,2026-06-25,DOS,DEHRI ON SONE,107.0,891
12802,2026-06-25,AUBR,ANUGRAHA N ROAD,109.0,908
12802,2026-06-25,GAYA,GAYA JN,116.0,976
12802,2026-06-25,PRP,PAHARPUR,114.0,1008
12802,2026-06-25,KQR,KODERMA,120.0,1052
12802,2026-06-25,HZD,HAZARIBAGH RD,112.0,1101
12802,2026-06-25,PNME,PARASNATH,131.0,1128
12802,2026-06-25,GMO,NSC BOSE J GOMO,121.0,1146
12802,2026-06-25,CRP,CHANDRAPURA,125.0,1163
12802,2026-06-25,BKSC,BOKARO STL CITY,83.0,1178
12802,2026-06-25,PRR,PURULIA JN,100.0,1239
12802,2026-06-25,BBM,BARABHUM,107.0,1270
12802,2026-06-25,CNI,CHANDIL JN,111.0,1293
12802,2026-06-25,TATA,TATANAGAR JN,123.0,1329
12802,2026-06-25,GTS,GHATSILA,140.0,1365
12802,2026-06-25,HIJ,HIJILLI,147.0,1463
12802,2026-06-25,BLS,BALASORE,125.0,1575
12802,2026-06-25,BHC,BHADRAKH,175.0,1637
12802,2026-06-25,JJKR,JAJPUR K ROAD,183.0,1681
12802,2026-06-25,CTC,CUTTACK,212.0,1753
12802,2026-06-25,BBS,BHUBANESWAR,225.0,1781
12802,2026-06-25,KUR,KHURDA ROAD JN,229.0,1800
12802,2026-06-25,PURI,PURI,176.0,1843
12802,2026-06-26,ANVT,ANAND VIHAR TRM,0.0,0
12802,2026-06-26,GOY,GOVINDPURI,51.0,424
12802,2026-06-26,FTP,FATEHPUR,66.0,504
12802,2026-06-26,PRYJ,PRAYAGRAJ JN,34.0,621
12802,2026-06-26,BDL,VINDHYACHAL,,702
12802,2026-06-26,MZP,MIRZAPUR,40.0,710
12802,2026-06-26,CAR,CHUNAR,41.0,741
12802,2026-06-26,DDU,PT DEEN DAYAL UPADHYAY JN,5.0,773
12802,2026-06-26,BBU,BHABUA ROAD,13.0,826
12802,2026-06-26,SSM,SASARAM,25.0,873
12802,2026-06-26,DOS,DEHRI ON SONE,27.0,891
12802,2026-06-26,AUBR,ANUGRAHA N ROAD,28.0,908
12802,2026-06-26,GAYA,GAYA JN,20.0,976
12802,2026-06-26,PRP,PAHARPUR,0.0,1008
12802,2026-06-26,KQR,KODERMA,0.0,1052
12802,2026-06-26,HZD,HAZARIBAGH RD,70.0,1101
12802,2026-06-26,PNME,PARASNATH,107.0,1128
12802,2026-06-26,GMO,NSC BOSE J GOMO,94.0,1146
12802,2026-06-26,CRP,CHANDRAPURA,101.0,1163
12802,2026-06-26,BKSC,BOKARO STL CITY,88.0,1178
12802,2026-06-26,PRR,PURULIA JN,77.0,1239
12802,2026-06-26,BBM,BARABHUM,80.0,1270
12802,2026-06-26,CNI,CHANDIL JN,74.0,1293
12802,2026-06-26,TATA,TATANAGAR JN,46.0,1329
12802,2026-06-26,GTS,GHATSILA,72.0,1365
12802,2026-06-26,HIJ,HIJILLI,115.0,1463
12802,2026-06-26,BLS,BALASORE,92.0,1575
12802,2026-06-26,BHC,BHADRAKH,89.0,1637
12802,2026-06-26,JJKR,JAJPUR K ROAD,104.0,1681
12802,2026-06-26,CTC,CUTTACK,123.0,1753
12802,2026-06-26,BBS,BHUBANESWAR,153.0,1781
12802,2026-06-26,KUR,KHURDA ROAD JN,134.0,1800
12802,2026-06-26,PURI,PURI,120.0,1843
12802,2026-06-27,ANVT,ANAND VIHAR TRM,0.0,0
12802,2026-06-27,GOY,GOVINDPURI,5.0,424
12802,2026-06-27,FTP,FATEHPUR,22.0,504
12802,2026-06-27,PRYJ,PRAYAGRAJ JN,3.0,621
12802,2026-06-27,BDL,VINDHYACHAL,,702
12802,2026-06-27,MZP,MIRZAPUR,11.0,710
12802,2026-06-27,CAR,CHUNAR,11.0,741
12802,2026-06-27,DDU,PT DEEN DAYAL UPADHYAY JN,0.0,773
12802,2026-06-27,BBU,BHABUA ROAD,10.0,826
12802,2026-06-27,SSM,SASARAM,17.0,873
12802,2026-06-27,DOS,DEHRI ON SONE,19.0,891
12802,2026-06-27,AUBR,ANUGRAHA N ROAD,20.0,908
12802,2026-06-27,GAYA,GAYA JN,20.0,976
12802,2026-06-27,PRP,PAHARPUR,0.0,1008
12802,2026-06-27,KQR,KODERMA,28.0,1052
12802,2026-06-27,HZD,HAZARIBAGH RD,34.0,1101
12802,2026-06-27,PNME,PARASNATH,39.0,1128
12802,2026-06-27,GMO,NSC BOSE J GOMO,23.0,1146
12802,2026-06-27,CRP,CHANDRAPURA,21.0,1163
12802,2026-06-27,BKSC,BOKARO STL CITY,23.0,1178
12802,2026-06-27,PRR,PURULIA JN,1.0,1239
12802,2026-06-27,BBM,BARABHUM,10.0,1270
12802,2026-06-27,CNI,CHANDIL JN,9.0,1293
12802,2026-06-27,TATA,TATANAGAR JN,92.0,1329
12802,2026-06-27,GTS,GHATSILA,101.0,1365
12802,2026-06-27,HIJ,HIJILLI,83.0,1463
12802,2026-06-27,BLS,BALASORE,77.0,1575
12802,2026-06-27,BHC,BHADRAKH,70.0,1637
12802,2026-06-27,JJKR,JAJPUR K ROAD,79.0,1681
12802,2026-06-27,CTC,CUTTACK,103.0,1753
12802,2026-06-27,BBS,BHUBANESWAR,100.0,1781
12802,2026-06-27,KUR,KHURDA ROAD JN,103.0,1800
12802,2026-06-27,PURI,PURI,42.0,1843
12802,2026-06-28,ANVT,ANAND VIHAR TRM,4.0,0
12802,2026-06-28,GOY,GOVINDPURI,73.0,424
12802,2026-06-28,FTP,FATEHPUR,75.0,504
12802,2026-06-28,PRYJ,PRAYAGRAJ JN,49.0,621
12802,2026-06-28,BDL,VINDHYACHAL,,702
12802,2026-06-28,MZP,MIRZAPUR,50.0,710
12802,2026-06-28,CAR,CHUNAR,48.0,741
12802,2026-06-28,DDU,PT DEEN DAYAL UPADHYAY JN,10.0,773
12802,2026-06-28,BBU,BHABUA ROAD,16.0,826
12802,2026-06-28,SSM,SASARAM,23.0,873
12802,2026-06-28,DOS,DEHRI ON SONE,27.0,891
12802,2026-06-28,AUBR,ANUGRAHA N ROAD,29.0,908
12802,2026-06-28,GAYA,GAYA JN,28.0,976
12802,2026-06-28,PRP,PAHARPUR,19.0,1008
12802,2026-06-28,KQR,KODERMA,22.0,1052
12802,2026-06-28,HZD,HAZARIBAGH RD,36.0,1101
12802,2026-06-28,PNME,PARASNATH,43.0,1128
12802,2026-06-28,GMO,NSC BOSE J GOMO,36.0,1146
12802,2026-06-28,CRP,CHANDRAPURA,35.0,1163
12802,2026-06-28,BKSC,BOKARO STL CITY,30.0,1178
12802,2026-06-28,PRR,PURULIA JN,11.0,1239
12802,2026-06-28,BBM,BARABHUM,26.0,1270
12802,2026-06-28,CNI,CHANDIL JN,15.0,1293
12802,2026-06-28,TATA,TATANAGAR JN,38.0,1329
12802,2026-06-28,GTS,GHATSILA,51.0,1365
12802,2026-06-28,HIJ,HIJILLI,74.0,1463
12802,2026-06-28,BLS,BALASORE,63.0,1575
12802,2026-06-28,BHC,BHADRAKH,59.0,1637
12802,2026-06-28,JJKR,JAJPUR K ROAD,66.0,1681
12802,2026-06-28,CTC,CUTTACK,152.0,1753
12802,2026-06-28,BBS,BHUBANESWAR,168.0,1781
12802,2026-06-28,KUR,KHURDA ROAD JN,226.0,1800
12802,2026-06-28,PURI,PURI,184.0,1843
12802,2026-06-29,ANVT,ANAND VIHAR TRM,1.0,0
12802,2026-06-29,GOY,GOVINDPURI,0.0,424
12802,2026-06-29,FTP,FATEHPUR,19.0,504
12802,2026-06-29,PRYJ,PRAYAGRAJ JN,4.0,621
12802,2026-06-29,BDL,VINDHYACHAL,,702
12802,2026-06-29,MZP,MIRZAPUR,22.0,710
12802,2026-06-29,CAR,CHUNAR,20.0,741
12802,2026-06-29,DDU,PT DEEN DAYAL UPADHYAY JN,0.0,773
12802,2026-06-29,BBU,BHABUA ROAD,0.0,826
12802,2026-06-29,SSM,SASARAM,13.0,873
12802,2026-06-29,DOS,DEHRI ON SONE,13.0,891
12802,2026-06-29,AUBR,ANUGRAHA N ROAD,12.0,908
12802,2026-06-29,GAYA,GAYA JN,11.0,976
12802,2026-06-29,PRP,PAHARPUR,0.0,1008
12802,2026-06-29,KQR,KODERMA,5.0,1052
12802,2026-06-29,HZD,HAZARIBAGH RD,0.0,1101
12802,2026-06-29,PNME,PARASNATH,19.0,1128
12802,2026-06-29,GMO,NSC BOSE J GOMO,16.0,1146
12802,2026-06-29,CRP,CHANDRAPURA,10.0,1163
12802,2026-06-29,BKSC,BOKARO STL CITY,3.0,1178
12802,2026-06-29,PRR,PURULIA JN,5.0,1239
12802,2026-06-29,BBM,BARABHUM,9.0,1270
12802,2026-06-29,CNI,CHANDIL JN,6.0,1293
12802,2026-06-29,TATA,TATANAGAR JN,17.0,1329
12802,2026-06-29,GTS,GHATSILA,24.0,1365
12802,2026-06-29,HIJ,HIJILLI,0.0,1463
12802,2026-06-29,BLS,BALASORE,1.0,1575
12802,2026-06-29,BHC,BHADRAKH,12.0,1637
12802,2026-06-29,JJKR,JAJPUR K ROAD,50.0,1681
12802,2026-06-29,CTC,CUTTACK,70.0,1753
12802,2026-06-29,BBS,BHUBANESWAR,41.0,1781
12802,2026-06-29,KUR,KHURDA ROAD JN,60.0,1800
12802,2026-06-29,PURI,PURI,9.0,1843
12802,2026-06-30,ANVT,ANAND VIHAR TRM,21.0,0
12802,2026-06-30,GOY,GOVINDPURI,34.0,424
12802,2026-06-30,FTP,FATEHPUR,43.0,504
12802,2026-06-30,PRYJ,PRAYAGRAJ JN,3.0,621
12802,2026-06-30,BDL,VINDHYACHAL,,702
12802,2026-06-30,MZP,MIRZAPUR,16.0,710
12802,2026-06-30,CAR,CHUNAR,17.0,741
12802,2026-06-30,DDU,PT DEEN DAYAL UPADHYAY JN,0.0,773
12802,2026-06-30,BBU,BHABUA ROAD,6.0,826
12802,2026-06-30,SSM,SASARAM,8.0,873
12802,2026-06-30,DOS,DEHRI ON SONE,10.0,891
12802,2026-06-30,AUBR,ANUGRAHA N ROAD,10.0,908
12802,2026-06-30,GAYA,GAYA JN,17.0,976
12802,2026-06-30,PRP,PAHARPUR,5.0,1008
12802,2026-06-30,KQR,KODERMA,18.0,1052
12802,2026-06-30,HZD,HAZARIBAGH RD,27.0,1101
12802,2026-06-30,PNME,PARASNATH,37.0,1128
12802,2026-06-30,GMO,NSC BOSE J GOMO,25.0,1146
12802,2026-06-30,CRP,CHANDRAPURA,40.0,1163
12802,2026-06-30,BKSC,BOKARO STL CITY,31.0,1178
12802,2026-06-30,PRR,PURULIA JN,20.0,1239
12802,2026-06-30,BBM,BARABHUM,31.0,1270
12802,2026-06-30,CNI,CHANDIL JN,27.0,1293
12802,2026-06-30,TATA,TATANAGAR JN,14.0,1329
12802,2026-06-30,GTS,GHATSILA,10.0,1365
12802,2026-06-30,HIJ,HIJILLI,36.0,1463
12802,2026-06-30,BLS,BALASORE,33.0,1575
12802,2026-06-30,BHC,BHADRAKH,26.0,1637
12802,2026-06-30,JJKR,JAJPUR K ROAD,29.0,1681
12802,2026-06-30,CTC,CUTTACK,55.0,1753
12802,2026-06-30,BBS,BHUBANESWAR,61.0,1781
12802,2026-06-30,KUR,KHURDA ROAD JN,68.0,1800
12802,2026-06-30,PURI,PURI,20.0,1843
12802,2026-07-01,ANVT,ANAND VIHAR TRM,50.0,0
12802,2026-07-01,GOY,GOVINDPURI,70.0,424
12802,2026-07-01,FTP,FATEHPUR,94.0,504
12802,2026-07-01,PRYJ,PRAYAGRAJ JN,62.0,621
12802,2026-07-01,BDL,VINDHYACHAL,,702
12802,2026-07-01,MZP,MIRZAPUR,62.0,710
12802,2026-07-01,CAR,CHUNAR,79.0,741
12802,2026-07-01,DDU,PT DEEN DAYAL UPADHYAY JN,43.0,773
12802,2026-07-01,BBU,BHABUA ROAD,52.0,826
12802,2026-07-01,SSM,SASARAM,55.0,873
12802,2026-07-01,DOS,DEHRI ON SONE,58.0,891
12802,2026-07-01,AUBR,ANUGRAHA N ROAD,58.0,908
12802,2026-07-01,GAYA,GAYA JN,58.0,976
12802,2026-07-01,PRP,PAHARPUR,53.0,1008
12802,2026-07-01,KQR,KODERMA,57.0,1052
12802,2026-07-01,HZD,HAZARIBAGH RD,73.0,1101
12802,2026-07-01,PNME,PARASNATH,77.0,1128
12802,2026-07-01,GMO,NSC BOSE J GOMO,60.0,1146
12802,2026-07-01,CRP,CHANDRAPURA,62.0,1163
12802,2026-07-01,BKSC,BOKARO STL CITY,52.0,1178
12802,2026-07-01,PRR,PURULIA JN,31.0,1239
12802,2026-07-01,BBM,BARABHUM,41.0,1270
12802,2026-07-01,CNI,CHANDIL JN,37.0,1293
12802,2026-07-01,TATA,TATANAGAR JN,40.0,1329
12802,2026-07-01,GTS,GHATSILA,25.0,1365
12802,2026-07-01,HIJ,HIJILLI,47.0,1463
12802,2026-07-01,BLS,BALASORE,43.0,1575
12802,2026-07-01,BHC,BHADRAKH,37.0,1637
12802,2026-07-01,JJKR,JAJPUR K ROAD,39.0,1681
12802,2026-07-01,CTC,CUTTACK,67.0,1753
12802,2026-07-01,BBS,BHUBANESWAR,63.0,1781
12802,2026-07-01,KUR,KHURDA ROAD JN,68.0,1800
12802,2026-07-01,PURI,PURI,36.0,1843
12802,2026-07-02,ANVT,ANAND VIHAR TRM,1.0,0
12802,2026-07-02,GOY,GOVINDPURI,0.0,424
12802,2026-07-02,FTP,FATEHPUR,17.0,504
12802,2026-07-02,PRYJ,PRAYAGRAJ JN,1.0,621
12802,2026-07-02,BDL,VINDHYACHAL,,702
12802,2026-07-02,MZP,MIRZAPUR,6.0,710
12802,2026-07-02,CAR,CHUNAR,15.0,741
12802,2026-07-02,DDU,PT DEEN DAYAL UPADHYAY JN,7.0,773
12802,2026-07-02,BBU,BHABUA ROAD,0.0,826
12802,2026-07-02,SSM,SASARAM,13.0,873
12802,2026-07-02,DOS,DEHRI ON SONE,13.0,891
12802,2026-07-02,AUBR,ANUGRAHA N ROAD,16.0,908
12802,2026-07-02,GAYA,GAYA JN,13.0,976
12802,2026-07-02,PRP,PAHARPUR,4.0,1008
12802,2026-07-02,KQR,KODERMA,11.0,1052
12802,2026-07-02,HZD,HAZARIBAGH RD,13.0,1101
12802,2026-07-02,PNME,PARASNATH,18.0,1128
12802,2026-07-02,GMO,NSC BOSE J GOMO,20.0,1146
12802,2026-07-02,CRP,CHANDRAPURA,28.0,1163
12802,2026-07-02,BKSC,BOKARO STL CITY,14.0,1178
12802,2026-07-02,PRR,PURULIA JN,3.0,1239
12802,2026-07-02,BBM,BARABHUM,15.0,1270
12802,2026-07-02,CNI,CHANDIL JN,11.0,1293
12802,2026-07-02,TATA,TATANAGAR JN,29.0,1329
12802,2026-07-02,GTS,GHATSILA,15.0,1365
12802,2026-07-02,HIJ,HIJILLI,40.0,1463
12802,2026-07-02,BLS,BALASORE,11.0,1575
12802,2026-07-02,BHC,BHADRAKH,72.0,1637
12802,2026-07-02,JJKR,JAJPUR K ROAD,78.0,1681
12802,2026-07-02,CTC,CUTTACK,98.0,1753
12802,2026-07-02,BBS,BHUBANESWAR,117.0,1781
12802,2026-07-02,KUR,KHURDA ROAD JN,115.0,1800
12802,2026-07-02,PURI,PURI,56.0,1843
12802,2026-07-03,ANVT,ANAND VIHAR TRM,0.0,0
12802,2026-07-03,GOY,GOVINDPURI,0.0,424
12802,2026-07-03,FTP,FATEHPUR,14.0,504
12802,2026-07-03,PRYJ,PRAYAGRAJ JN,5.0,621
12802,2026-07-03,BDL,VINDHYACHAL,,702
12802,2026-07-03,MZP,MIRZAPUR,14.0,710
12802,2026-07-03,CAR,CHUNAR,15.0,741
12802,2026-07-03,DDU,PT DEEN DAYAL UPADHYAY JN,0.0,773
12802,2026-07-03,BBU,BHABUA ROAD,7.0,826
12802,2026-07-03,SSM,SASARAM,10.0,873
12802,2026-07-03,DOS,DEHRI ON SONE,12.0,891
12802,2026-07-03,AUBR,ANUGRAHA N ROAD,11.0,908
12802,2026-07-03,GAYA,GAYA JN,11.0,976
12802,2026-07-03,PRP,PAHARPUR,6.0,1008
12802,2026-07-03,KQR,KODERMA,21.0,1052
12802,2026-07-03,HZD,HAZARIBAGH RD,32.0,1101
12802,2026-07-03,PNME,PARASNATH,48.0,1128
12802,2026-07-03,GMO,NSC BOSE J GOMO,31.0,1146
12802,2026-07-03,CRP,CHANDRAPURA,28.0,1163
12802,2026-07-03,BKSC,BOKARO STL CITY,15.0,1178
12802,2026-07-03,PRR,PURULIA JN,3.0,1239
12802,2026-07-03,BBM,BARABHUM,16.0,1270
12802,2026-07-03,CNI,CHANDIL JN,7.0,1293
12802,2026-07-03,TATA,TATANAGAR JN,0.0,1329
12802,2026-07-03,GTS,GHATSILA,15.0,1365
12802,2026-07-03,HIJ,HIJILLI,0.0,1463
12802,2026-07-03,BLS,BALASORE,17.0,1575
12802,2026-07-03,BHC,BHADRAKH,14.0,1637
12802,2026-07-03,JJKR,JAJPUR K ROAD,44.0,1681
12802,2026-07-03,CTC,CUTTACK,109.0,1753
12802,2026-07-03,BBS,BHUBANESWAR,163.0,1781
12802,2026-07-03,KUR,KHURDA ROAD JN,168.0,1800
12802,2026-07-03,PURI,PURI,127.0,1843
12802,2026-07-04,ANVT,ANAND VIHAR TRM,1.0,0
12802,2026-07-04,GOY,GOVINDPURI,2.0,424
12802,2026-07-04,FTP,FATEHPUR,30.0,504
12802,2026-07-04,PRYJ,PRAYAGRAJ JN,1.0,621
12802,2026-07-04,BDL,VINDHYACHAL,,702
12802,2026-07-04,MZP,MIRZAPUR,4.0,710
12802,2026-07-04,CAR,CHUNAR,11.0,741
12802,2026-07-04,DDU,PT DEEN DAYAL UPADHYAY JN,0.0,773
12802,2026-07-04,BBU,BHABUA ROAD,7.0,826
12802,2026-07-04,SSM,SASARAM,10.0,873
12802,2026-07-04,DOS,DEHRI ON SONE,12.0,891
12802,2026-07-04,AUBR,ANUGRAHA N ROAD,12.0,908
12802,2026-07-04,GAYA,GAYA JN,11.0,976
12802,2026-07-04,PRP,PAHARPUR,9.0,1008
12802,2026-07-04,KQR,KODERMA,13.0,1052
12802,2026-07-04,HZD,HAZARIBAGH RD,15.0,1101
12802,2026-07-04,PNME,PARASNATH,68.0,1128
12802,2026-07-04,GMO,NSC BOSE J GOMO,51.0,1146
12802,2026-07-04,CRP,CHANDRAPURA,45.0,1163
12802,2026-07-04,BKSC,BOKARO STL CITY,35.0,1178
12802,2026-07-04,PRR,PURULIA JN,17.0,1239
12802,2026-07-04,BBM,BARABHUM,23.0,1270
12802,2026-07-04,CNI,CHANDIL JN,14.0,1293
12802,2026-07-04,TATA,TATANAGAR JN,6.0,1329
12802,2026-07-04,GTS,GHATSILA,0.0,1365
12802,2026-07-04,HIJ,HIJILLI,24.0,1463
12802,2026-07-04,BLS,BALASORE,10.0,1575
12802,2026-07-04,BHC,BHADRAKH,21.0,1637
12802,2026-07-04,JJKR,JAJPUR K ROAD,38.0,1681
12802,2026-07-04,CTC,CUTTACK,70.0,1753
12802,2026-07-04,BBS,BHUBANESWAR,57.0,1781
12802,2026-07-04,KUR,KHURDA ROAD JN,56.0,1800
12802,2026-07-04,PURI,PURI,13.0,1843
12802,2026-07-05,ANVT,ANAND VIHAR TRM,6.0,0
12802,2026-07-05,GOY,GOVINDPURI,8.0,424
12802,2026-07-05,FTP,FATEHPUR,35.0,504
12802,2026-07-05,PRYJ,PRAYAGRAJ JN,12.0,621
12802,2026-07-05,BDL,VINDHYACHAL,,702
12802,2026-07-05,MZP,MIRZAPUR,6.0,710
12802,2026-07-05,CAR,CHUNAR,6.0,741
12802,2026-07-05,DDU,PT DEEN DAYAL UPADHYAY JN,3.0,773
12802,2026-07-05,BBU,BHABUA ROAD,8.0,826
12802,2026-07-05,SSM,SASARAM,14.0,873
12802,2026-07-05,DOS,DEHRI ON SONE,14.0,891
12802,2026-07-05,AUBR,ANUGRAHA N ROAD,14.0,908
12802,2026-07-05,GAYA,GAYA JN,12.0,976
12802,2026-07-05,PRP,PAHARPUR,0.0,1008
12802,2026-07-05,KQR,KODERMA,22.0,1052
12802,2026-07-05,HZD,HAZARIBAGH RD,36.0,1101
12802,2026-07-05,PNME,PARASNATH,43.0,1128
12802,2026-07-05,GMO,NSC BOSE J GOMO,31.0,1146
12802,2026-07-05,CRP,CHANDRAPURA,32.0,1163
12802,2026-07-05,BKSC,BOKARO STL CITY,20.0,1178
12802,2026-07-05,PRR,PURULIA JN,3.0,1239
12802,2026-07-05,BBM,BARABHUM,11.0,1270
12802,2026-07-05,CNI,CHANDIL JN,6.0,1293
12802,2026-07-05,TATA,TATANAGAR JN,7.0,1329
12802,2026-07-05,GTS,GHATSILA,0.0,1365
12802,2026-07-05,HIJ,HIJILLI,13.0,1463
12802,2026-07-05,BLS,BALASORE,5.0,1575
12802,2026-07-05,BHC,BHADRAKH,0.0,1637
12802,2026-07-05,JJKR,JAJPUR K ROAD,2.0,1681
12802,2026-07-05,CTC,CUTTACK,77.0,1753
12802,2026-07-05,BBS,BHUBANESWAR,79.0,1781
12802,2026-07-05,KUR,KHURDA ROAD JN,137.0,1800
12802,2026-07-05,PURI,PURI,225.0,1843
12802,2026-07-06,ANVT,ANAND VIHAR TRM,4.0,0
12802,2026-07-06,GOY,GOVINDPURI,43.0,424
12802,2026-07-06,FTP,FATEHPUR,64.0,504
12802,2026-07-06,PRYJ,PRAYAGRAJ JN,33.0,621
12802,2026-07-06,BDL,VINDHYACHAL,,702
12802,2026-07-06,MZP,MIRZAPUR,29.0,710
12802,2026-07-06,CAR,CHUNAR,29.0,741
12802,2026-07-06,DDU,PT DEEN DAYAL UPADHYAY JN,0.0,773
12802,2026-07-06,BBU,BHABUA ROAD,0.0,826
12802,2026-07-06,SSM,SASARAM,15.0,873
12802,2026-07-06,DOS,DEHRI ON SONE,18.0,891
12802,2026-07-06,AUBR,ANUGRAHA N ROAD,20.0,908
12802,2026-07-06,GAYA,GAYA JN,14.0,976
12802,2026-07-06,PRP,PAHARPUR,10.0,1008
12802,2026-07-06,KQR,KODERMA,21.0,1052
12802,2026-07-06,HZD,HAZARIBAGH RD,26.0,1101
12802,2026-07-06,PNME,PARASNATH,31.0,1128
12802,2026-07-06,GMO,NSC BOSE J GOMO,17.0,1146
12802,2026-07-06,CRP,CHANDRAPURA,18.0,1163
12802,2026-07-06,BKSC,BOKARO STL CITY,16.0,1178
12802,2026-07-06,PRR,PURULIA JN,1.0,1239
12802,2026-07-06,BBM,BARABHUM,0.0,1270
12802,2026-07-06,CNI,CHANDIL JN,5.0,1293
12802,2026-07-06,TATA,TATANAGAR JN,3.0,1329
12802,2026-07-06,GTS,GHATSILA,7.0,1365
12802,2026-07-06,HIJ,HIJILLI,16.0,1463
12802,2026-07-06,BLS,BALASORE,13.0,1575
12802,2026-07-06,BHC,BHADRAKH,2.0,1637
12802,2026-07-06,JJKR,JAJPUR K ROAD,5.0,1681
12802,2026-07-06,CTC,CUTTACK,28.0,1753
12802,2026-07-06,BBS,BHUBANESWAR,8.0,1781
12802,2026-07-06,KUR,KHURDA ROAD JN,8.0,1800
12802,2026-07-06,PURI,PURI,-9.0,1843
12802,2026-07-07,ANVT,ANAND VIHAR TRM,0.0,0
12802,2026-07-07,GOY,GOVINDPURI,0.0,424
12802,2026-07-07,FTP,FATEHPUR,11.0,504
12802,2026-07-07,PRYJ,PRAYAGRAJ JN,0.0,621
12802,2026-07-07,BDL,VINDHYACHAL,,702
12802,2026-07-07,MZP,MIRZAPUR,4.0,710
12802,2026-07-07,CAR,CHUNAR,8.0,741
12802,2026-07-07,DDU,PT DEEN DAYAL UPADHYAY JN,0.0,773
12802,2026-07-07,BBU,BHABUA ROAD,8.0,826
12802,2026-07-07,SSM,SASARAM,8.0,873
12802,2026-07-07,DOS,DEHRI ON SONE,9.0,891
12802,2026-07-07,AUBR,ANUGRAHA N ROAD,9.0,908
12802,2026-07-07,GAYA,GAYA JN,17.0,976
12802,2026-07-07,PRP,PAHARPUR,0.0,1008
12802,2026-07-07,KQR,KODERMA,32.0,1052
12802,2026-07-07,HZD,HAZARIBAGH RD,42.0,1101
12802,2026-07-07,PNME,PARASNATH,56.0,1128
12802,2026-07-07,GMO,NSC BOSE J GOMO,39.0,1146
12802,2026-07-07,CRP,CHANDRAPURA,38.0,1163
12802,2026-07-07,BKSC,BOKARO STL CITY,35.0,1178
12802,2026-07-07,PRR,PURULIA JN,26.0,1239
12802,2026-07-07,BBM,BARABHUM,34.0,1270
12802,2026-07-07,CNI,CHANDIL JN,21.0,1293
12802,2026-07-07,TATA,TATANAGAR JN,17.0,1329
12802,2026-07-07,GTS,GHATSILA,0.0,1365
12802,2026-07-07,HIJ,HIJILLI,28.0,1463
12802,2026-07-07,BLS,BALASORE,34.0,1575
12802,2026-07-07,BHC,BHADRAKH,37.0,1637
12802,2026-07-07,JJKR,JAJPUR K ROAD,40.0,1681
12802,2026-07-07,CTC,CUTTACK,83.0,1753
12802,2026-07-07,BBS,BHUBANESWAR,82.0,1781
12802,2026-07-07,KUR,KHURDA ROAD JN,86.0,1800
12802,2026-07-07,PURI,PURI,28.0,1843
12802,2026-07-08,ANVT,ANAND VIHAR TRM,0.0,0
12802,2026-07-08,GOY,GOVINDPURI,6.0,424
12802,2026-07-08,FTP,FATEHPUR,19.0,504
12802,2026-07-08,PRYJ,PRAYAGRAJ JN,0.0,621
12802,2026-07-08,BDL,VINDHYACHAL,,702
12802,2026-07-08,MZP,MIRZAPUR,4.0,710
12802,2026-07-08,CAR,CHUNAR,5.0,741
12802,2026-07-08,DDU,PT DEEN DAYAL UPADHYAY JN,0.0,773
12802,2026-07-08,BBU,BHABUA ROAD,9.0,826
12802,2026-07-08,SSM,SASARAM,9.0,873
12802,2026-07-08,DOS,DEHRI ON SONE,14.0,891
12802,2026-07-08,AUBR,ANUGRAHA N ROAD,13.0,908
12802,2026-07-08,GAYA,GAYA JN,7.0,976
12802,2026-07-08,PRP,PAHARPUR,15.0,1008
12802,2026-07-08,KQR,KODERMA,26.0,1052
12802,2026-07-08,HZD,HAZARIBAGH RD,31.0,1101
12802,2026-07-08,PNME,PARASNATH,37.0,1128
12802,2026-07-08,GMO,NSC BOSE J GOMO,21.0,1146
12802,2026-07-08,CRP,CHANDRAPURA,40.0,1163
12802,2026-07-08,BKSC,BOKARO STL CITY,31.0,1178
12802,2026-07-08,PRR,PURULIA JN,12.0,1239
12802,2026-07-08,BBM,BARABHUM,23.0,1270
12802,2026-07-08,CNI,CHANDIL JN,12.0,1293
12802,2026-07-08,TATA,TATANAGAR JN,6.0,1329
12802,2026-07-08,GTS,GHATSILA,23.0,1365
12802,2026-07-08,HIJ,HIJILLI,12.0,1463
12802,2026-07-08,BLS,BALASORE,12.0,1575
12802,2026-07-08,BHC,BHADRAKH,10.0,1637
12802,2026-07-08,JJKR,JAJPUR K ROAD,15.0,1681
12802,2026-07-08,CTC,CUTTACK,64.0,1753
12802,2026-07-08,BBS,BHUBANESWAR,60.0,1781
12802,2026-07-08,KUR,KHURDA ROAD JN,66.0,1800
12802,2026-07-08,PURI,PURI,4.0,1843
12802,2026-07-09,ANVT,ANAND VIHAR TRM,0.0,0
12802,2026-07-09,GOY,GOVINDPURI,14.0,424
12802,2026-07-09,FTP,FATEHPUR,20.0,504
12802,2026-07-09,PRYJ,PRAYAGRAJ JN,20.0,621
12802,2026-07-09,BDL,VINDHYACHAL,,702
12802,2026-07-09,MZP,MIRZAPUR,17.0,710
12802,2026-07-09,CAR,CHUNAR,16.0,741
12802,2026-07-09,DDU,PT DEEN DAYAL UPADHYAY JN,1.0,773
12802,2026-07-09,BBU,BHABUA ROAD,11.0,826
12802,2026-07-09,SSM,SASARAM,13.0,873
12802,2026-07-09,DOS,DEHRI ON SONE,20.0,891
12802,2026-07-09,AUBR,ANUGRAHA N ROAD,20.0,908
12802,2026-07-09,GAYA,GAYA JN,12.0,976
12802,2026-07-09,PRP,PAHARPUR,5.0,1008
12802,2026-07-09,KQR,KODERMA,18.0,1052
12802,2026-07-09,HZD,HAZARIBAGH RD,20.0,1101
12802,2026-07-09,PNME,PARASNATH,23.0,1128
12802,2026-07-09,GMO,NSC BOSE J GOMO,4.0,1146
12802,2026-07-09,CRP,CHANDRAPURA,26.0,1163
12802,2026-07-09,BKSC,BOKARO STL CITY,26.0,1178
12802,2026-07-09,PRR,PURULIA JN,24.0,1239
12802,2026-07-09,BBM,BARABHUM,30.0,1270
12802,2026-07-09,CNI,CHANDIL JN,23.0,1293
12802,2026-07-09,TATA,TATANAGAR JN,21.0,1329
12802,2026-07-09,GTS,GHATSILA,37.0,1365
12802,2026-07-09,HIJ,HIJILLI,28.0,1463
12802,2026-07-09,BLS,BALASORE,22.0,1575
12802,2026-07-09,BHC,BHADRAKH,16.0,1637
12802,2026-07-09,JJKR,JAJPUR K ROAD,29.0,1681
12802,2026-07-09,CTC,CUTTACK,75.0,1753
12802,2026-07-09,BBS,BHUBANESWAR,72.0,1781
12802,2026-07-09,KUR,KHURDA ROAD JN,75.0,1800
12802,2026-07-09,PURI,PURI,16.0,1843
12802,2026-07-10,ANVT,ANAND VIHAR TRM,0.0,0
12802,2026-07-10,GOY,GOVINDPURI,11.0,424
12802,2026-07-10,FTP,FATEHPUR,22.0,504
12802,2026-07-10,PRYJ,PRAYAGRAJ JN,4.0,621
12802,2026-07-10,BDL,VINDHYACHAL,,702
12802,2026-07-10,MZP,MIRZAPUR,30.0,710
12802,2026-07-10,CAR,CHUNAR,30.0,741
12802,2026-07-10,DDU,PT DEEN DAYAL UPADHYAY JN,4.0,773
12802,2026-07-10,BBU,BHABUA ROAD,14.0,826
12802,2026-07-10,SSM,SASARAM,14.0,873
12802,2026-07-10,DOS,DEHRI ON SONE,20.0,891
12802,2026-07-10,AUBR,ANUGRAHA N ROAD,20.0,908
12802,2026-07-10,GAYA,GAYA JN,12.0,976
12802,2026-07-10,PRP,PAHARPUR,18.0,1008
12802,2026-07-10,KQR,KODERMA,40.0,1052
12802,2026-07-10,HZD,HAZARIBAGH RD,55.0,1101
12802,2026-07-10,PNME,PARASNATH,58.0,1128
12802,2026-07-10,GMO,NSC BOSE J GOMO,44.0,1146
12802,2026-07-10,CRP,CHANDRAPURA,42.0,1163
12802,2026-07-10,BKSC,BOKARO STL CITY,34.0,1178
12802,2026-07-10,PRR,PURULIA JN,12.0,1239
12802,2026-07-10,BBM,BARABHUM,15.0,1270
12802,2026-07-10,CNI,CHANDIL JN,2.0,1293
12802,2026-07-10,TATA,TATANAGAR JN,0.0,1329
12802,2026-07-10,GTS,GHATSILA,10.0,1365
12802,2026-07-10,HIJ,HIJILLI,0.0,1463
12802,2026-07-10,BLS,BALASORE,20.0,1575
12802,2026-07-10,BHC,BHADRAKH,17.0,1637
12802,2026-07-10,JJKR,JAJPUR K ROAD,19.0,1681
12802,2026-07-10,CTC,CUTTACK,92.0,1753
12802,2026-07-10,BBS,BHUBANESWAR,90.0,1781
12802,2026-07-10,KUR,KHURDA ROAD JN,97.0,1800
12802,2026-07-10,PURI,PURI,34.0,1843
12802,2026-07-11,ANVT,ANAND VIHAR TRM,1.0,0
12802,2026-07-11,GOY,GOVINDPURI,16.0,424
12802,2026-07-11,FTP,FATEHPUR,30.0,504
12802,2026-07-11,PRYJ,PRAYAGRAJ JN,17.0,621
12802,2026-07-11,BDL,VINDHYACHAL,,702
12802,2026-07-11,MZP,MIRZAPUR,13.0,710
12802,2026-07-11,CAR,CHUNAR,15.0,741
12802,2026-07-11,DDU,PT DEEN DAYAL UPADHYAY JN,0.0,773
12802,2026-07-11,BBU,BHABUA ROAD,8.0,826
12802,2026-07-11,SSM,SASARAM,9.0,873
12802,2026-07-11,DOS,DEHRI ON SONE,14.0,891
12802,2026-07-11,AUBR,ANUGRAHA N ROAD,12.0,908
12802,2026-07-11,GAYA,GAYA JN,15.0,976
12802,2026-07-11,PRP,PAHARPUR,9.0,1008
12802,2026-07-11,KQR,KODERMA,23.0,1052
12802,2026-07-11,HZD,HAZARIBAGH RD,25.0,1101
12802,2026-07-11,PNME,PARASNATH,38.0,1128
12802,2026-07-11,GMO,NSC BOSE J GOMO,20.0,1146
12802,2026-07-11,CRP,CHANDRAPURA,13.0,1163
12802,2026-07-11,BKSC,BOKARO STL CITY,21.0,1178
12802,2026-07-11,PRR,PURULIA JN,1.0,1239
12802,2026-07-11,BBM,BARABHUM,9.0,1270
12802,2026-07-11,CNI,CHANDIL JN,6.0,1293
12802,2026-07-11,TATA,TATANAGAR JN,3.0,1329
12802,2026-07-11,GTS,GHATSILA,0.0,1365
12802,2026-07-11,HIJ,HIJILLI,5.0,1463
12802,2026-07-11,BLS,BALASORE,0.0,1575
12802,2026-07-11,BHC,BHADRAKH,5.0,1637
12802,2026-07-11,JJKR,JAJPUR K ROAD,10.0,1681
12802,2026-07-11,CTC,CUTTACK,27.0,1753
12802,2026-07-11,BBS,BHUBANESWAR,14.0,1781
12802,2026-07-11,KUR,KHURDA ROAD JN,23.0,1800
12802,2026-07-11,PURI,PURI,-7.0,1843
12802,2026-07-12,ANVT,ANAND VIHAR TRM,0.0,0
12802,2026-07-12,GOY,GOVINDPURI,51.0,424
12802,2026-07-12,FTP,FATEHPUR,65.0,504
12802,2026-07-12,PRYJ,PRAYAGRAJ JN,28.0,621
12802,2026-07-12,BDL,VINDHYACHAL,,702
12802,2026-07-12,MZP,MIRZAPUR,24.0,710
12802,2026-07-12,CAR,CHUNAR,27.0,741
12802,2026-07-12,DDU,PT DEEN DAYAL UPADHYAY JN,0.0,773
12802,2026-07-12,BBU,BHABUA ROAD,10.0,826
12802,2026-07-12,SSM,SASARAM,16.0,873
12802,2026-07-12,DOS,DEHRI ON SONE,22.0,891
12802,2026-07-12,AUBR,ANUGRAHA N ROAD,33.0,908
12802,2026-07-12,GAYA,GAYA JN,15.0,976
12802,2026-07-12,PRP,PAHARPUR,5.0,1008
12802,2026-07-12,KQR,KODERMA,21.0,1052
12802,2026-07-12,HZD,HAZARIBAGH RD,39.0,1101
12802,2026-07-12,PNME,PARASNATH,47.0,1128
12802,2026-07-12,GMO,NSC BOSE J GOMO,38.0,1146
12802,2026-07-12,CRP,CHANDRAPURA,29.0,1163
12802,2026-07-12,BKSC,BOKARO STL CITY,36.0,1178
12802,2026-07-12,PRR,PURULIA JN,22.0,1239
12802,2026-07-12,BBM,BARABHUM,14.0,1270
12802,2026-07-12,CNI,CHANDIL JN,19.0,1293
12802,2026-07-12,TATA,TATANAGAR JN,17.0,1329
12802,2026-07-12,GTS,GHATSILA,0.0,1365
12802,2026-07-12,HIJ,HIJILLI,0.0,1463
12802,2026-07-12,BLS,BALASORE,0.0,1575
12802,2026-07-12,BHC,BHADRAKH,26.0,1637
12802,2026-07-12,JJKR,JAJPUR K ROAD,31.0,1681
12802,2026-07-12,CTC,CUTTACK,101.0,1753
12802,2026-07-12,BBS,BHUBANESWAR,123.0,1781
12802,2026-07-12,KUR,KHURDA ROAD JN,144.0,1800
12802,2026-07-12,PURI,PURI,96.0,1843
12802,2026-07-13,ANVT,ANAND VIHAR TRM,0.0,0
12802,2026-07-13,GOY,GOVINDPURI,29.0,424
12802,2026-07-13,FTP,FATEHPUR,37.0,504
12802,2026-07-13,PRYJ,PRAYAGRAJ JN,0.0,621
12802,2026-07-13,BDL,VINDHYACHAL,,702
12802,2026-07-13,MZP,MIRZAPUR,5.0,710
12802,2026-07-13,CAR,CHUNAR,4.0,741
12802,2026-07-13,DDU,PT DEEN DAYAL UPADHYAY JN,91.0,773
12802,2026-07-13,BBU,BHABUA ROAD,106.0,826
12802,2026-07-13,SSM,SASARAM,106.0,873
12802,2026-07-13,DOS,DEHRI ON SONE,119.0,891
12802,2026-07-13,AUBR,ANUGRAHA N ROAD,122.0,908
12802,2026-07-13,GAYA,GAYA JN,118.0,976
12802,2026-07-13,PRP,PAHARPUR,107.0,1008
12802,2026-07-13,KQR,KODERMA,120.0,1052
12802,2026-07-13,HZD,HAZARIBAGH RD,131.0,1101
12802,2026-07-13,PNME,PARASNATH,135.0,1128
12802,2026-07-13,GMO,NSC BOSE J GOMO,127.0,1146
12802,2026-07-13,CRP,CHANDRAPURA,135.0,1163
12802,2026-07-13,BKSC,BOKARO STL CITY,128.0,1178
12802,2026-07-13,PRR,PURULIA JN,110.0,1239
12802,2026-07-13,BBM,BARABHUM,114.0,1270
12802,2026-07-13,CNI,CHANDIL JN,101.0,1293
12802,2026-07-13,TATA,TATANAGAR JN,116.0,1329
12802,2026-07-13,GTS,GHATSILA,136.0,1365
12802,2026-07-13,HIJ,HIJILLI,120.0,1463
12802,2026-07-13,BLS,BALASORE,136.0,1575
12802,2026-07-13,BHC,BHADRAKH,139.0,1637
12802,2026-07-13,JJKR,JAJPUR K ROAD,147.0,1681
12802,2026-07-13,CTC,CUTTACK,169.0,1753
12802,2026-07-13,BBS,BHUBANESWAR,176.0,1781
12802,2026-07-13,KUR,KHURDA ROAD JN,187.0,1800
12802,2026-07-13,PURI,PURI,152.0,1843
12802,2026-07-14,ANVT,ANAND VIHAR TRM,21.0,0
12802,2026-07-14,GOY,GOVINDPURI,97.0,424
12802,2026-07-14,FTP,FATEHPUR,81.0,504
12802,2026-07-14,PRYJ,PRAYAGRAJ JN,17.0,621
12802,2026-07-14,BDL,VINDHYACHAL,,702
12802,2026-07-14,MZP,MIRZAPUR,15.0,710
12802,2026-07-14,CAR,CHUNAR,11.0,741
12802,2026-07-14,DDU,PT DEEN DAYAL UPADHYAY JN,1.0,773
12802,2026-07-14,BBU,BHABUA ROAD,12.0,826
12802,2026-07-14,SSM,SASARAM,18.0,873
12802,2026-07-14,DOS,DEHRI ON SONE,23.0,891
12802,2026-07-14,AUBR,ANUGRAHA N ROAD,22.0,908
12802,2026-07-14,GAYA,GAYA JN,13.0,976
12802,2026-07-14,PRP,PAHARPUR,0.0,1008
12802,2026-07-14,KQR,KODERMA,2.0,1052
12802,2026-07-14,HZD,HAZARIBAGH RD,19.0,1101
12802,2026-07-14,PNME,PARASNATH,28.0,1128
12802,2026-07-14,GMO,NSC BOSE J GOMO,19.0,1146
12802,2026-07-14,CRP,CHANDRAPURA,22.0,1163
12802,2026-07-14,BKSC,BOKARO STL CITY,30.0,1178
12802,2026-07-14,PRR,PURULIA JN,18.0,1239
12802,2026-07-14,BBM,BARABHUM,25.0,1270
12802,2026-07-14,CNI,CHANDIL JN,22.0,1293
12802,2026-07-14,TATA,TATANAGAR JN,16.0,1329
12802,2026-07-14,GTS,GHATSILA,0.0,1365
12802,2026-07-14,HIJ,HIJILLI,34.0,1463
12802,2026-07-14,BLS,BALASORE,5.0,1575
12802,2026-07-14,BHC,BHADRAKH,37.0,1637
12802,2026-07-14,JJKR,JAJPUR K ROAD,44.0,1681
12802,2026-07-14,CTC,CUTTACK,137.0,1753
12802,2026-07-14,BBS,BHUBANESWAR,148.0,1781
12802,2026-07-14,KUR,KHURDA ROAD JN,163.0,1800
12802,2026-07-14,PURI,PURI,135.0,1843
12802,2026-07-15,ANVT,ANAND VIHAR TRM,0.0,0
12802,2026-07-15,GOY,GOVINDPURI,28.0,424
12802,2026-07-15,FTP,FATEHPUR,54.0,504
12802,2026-07-15,PRYJ,PRAYAGRAJ JN,12.0,621
12802,2026-07-15,BDL,VINDHYACHAL,,702
12802,2026-07-15,MZP,MIRZAPUR,15.0,710
12802,2026-07-15,CAR,CHUNAR,21.0,741
12802,2026-07-15,DDU,PT DEEN DAYAL UPADHYAY JN,0.0,773
12802,2026-07-15,BBU,BHABUA ROAD,18.0,826
12802,2026-07-15,SSM,SASARAM,18.0,873
12802,2026-07-15,DOS,DEHRI ON SONE,26.0,891
12802,2026-07-15,AUBR,ANUGRAHA N ROAD,42.0,908
12802,2026-07-15,GAYA,GAYA JN,11.0,976
12802,2026-07-15,PRP,PAHARPUR,20.0,1008
12802,2026-07-15,KQR,KODERMA,57.0,1052
12802,2026-07-15,HZD,HAZARIBAGH RD,61.0,1101
12802,2026-07-15,PNME,PARASNATH,61.0,1128
12802,2026-07-15,GMO,NSC BOSE J GOMO,55.0,1146
12802,2026-07-15,CRP,CHANDRAPURA,65.0,1163
12802,2026-07-15,BKSC,BOKARO STL CITY,65.0,1178
12802,2026-07-15,PRR,PURULIA JN,48.0,1239
12802,2026-07-15,BBM,BARABHUM,57.0,1270
12802,2026-07-15,CNI,CHANDIL JN,54.0,1293
12802,2026-07-15,TATA,TATANAGAR JN,45.0,1329
12802,2026-07-15,GTS,GHATSILA,28.0,1365
12802,2026-07-15,HIJ,HIJILLI,43.0,1463
12802,2026-07-15,BLS,BALASORE,36.0,1575
12802,2026-07-15,BHC,BHADRAKH,32.0,1637
12802,2026-07-15,JJKR,JAJPUR K ROAD,35.0,1681
12802,2026-07-15,CTC,CUTTACK,62.0,1753
12802,2026-07-15,BBS,BHUBANESWAR,82.0,1781
12802,2026-07-15,KUR,KHURDA ROAD JN,91.0,1800
12802,2026-07-15,PURI,PURI,248.0,1843
12802,2026-07-16,ANVT,ANAND VIHAR TRM,0.0,0
12802,2026-07-16,GOY,GOVINDPURI,1.0,424
12802,2026-07-16,FTP,FATEHPUR,19.0,504
12802,2026-07-16,PRYJ,PRAYAGRAJ JN,0.0,621
12802,2026-07-16,BDL,VINDHYACHAL,,702
12802,2026-07-16,MZP,MIRZAPUR,19.0,710
12802,2026-07-16,CAR,CHUNAR,19.0,741
12802,2026-07-16,DDU,PT DEEN DAYAL UPADHYAY JN,0.0,773
12802,2026-07-16,BBU,BHABUA ROAD,12.0,826
12802,2026-07-16,SSM,SASARAM,18.0,873
12802,2026-07-16,DOS,DEHRI ON SONE,21.0,891
12802,2026-07-16,AUBR,ANUGRAHA N ROAD,20.0,908
12802,2026-07-16,GAYA,GAYA JN,7.0,976
12802,2026-07-16,PRP,PAHARPUR,12.0,1008
12802,2026-07-16,KQR,KODERMA,14.0,1052
12802,2026-07-16,HZD,HAZARIBAGH RD,20.0,1101
12802,2026-07-16,PNME,PARASNATH,21.0,1128
12802,2026-07-16,GMO,NSC BOSE J GOMO,47.0,1146
12802,2026-07-16,CRP,CHANDRAPURA,55.0,1163
12802,2026-07-16,BKSC,BOKARO STL CITY,46.0,1178
12802,2026-07-16,PRR,PURULIA JN,27.0,1239
12802,2026-07-16,BBM,BARABHUM,32.0,1270
12802,2026-07-16,CNI,CHANDIL JN,25.0,1293
12802,2026-07-16,TATA,TATANAGAR JN,10.0,1329
12802,2026-07-16,GTS,GHATSILA,2.0,1365
12802,2026-07-16,HIJ,HIJILLI,18.0,1463
12802,2026-07-16,BLS,BALASORE,19.0,1575
12802,2026-07-16,BHC,BHADRAKH,22.0,1637
12802,2026-07-16,JJKR,JAJPUR K ROAD,26.0,1681
12802,2026-07-16,CTC,CUTTACK,74.0,1753
12802,2026-07-16,BBS,BHUBANESWAR,75.0,1781
12802,2026-07-16,KUR,KHURDA ROAD JN,83.0,1800
12802,2026-07-16,PURI,PURI,42.0,1843
12802,2026-07-17,ANVT,ANAND VIHAR TRM,0.0,0
12802,2026-07-17,GOY,GOVINDPURI,1.0,424
12802,2026-07-17,FTP,FATEHPUR,16.0,504
12802,2026-07-17,PRYJ,PRAYAGRAJ JN,8.0,621
12802,2026-07-17,BDL,VINDHYACHAL,,702
12802,2026-07-17,MZP,MIRZAPUR,2.0,710
12802,2026-07-17,CAR,CHUNAR,2.0,741
12802,2026-07-17,DDU,PT DEEN DAYAL UPADHYAY JN,0.0,773
12802,2026-07-17,BBU,BHABUA ROAD,13.0,826
12802,2026-07-17,SSM,SASARAM,9.0,873
12802,2026-07-17,DOS,DEHRI ON SONE,13.0,891
12802,2026-07-17,AUBR,ANUGRAHA N ROAD,12.0,908
12802,2026-07-17,GAYA,GAYA JN,6.0,976
12802,2026-07-17,PRP,PAHARPUR,10.0,1008
12802,2026-07-17,KQR,KODERMA,12.0,1052
12802,2026-07-17,HZD,HAZARIBAGH RD,30.0,1101
12802,2026-07-17,PNME,PARASNATH,32.0,1128
12802,2026-07-17,GMO,NSC BOSE J GOMO,13.0,1146
12802,2026-07-17,CRP,CHANDRAPURA,29.0,1163
12802,2026-07-17,BKSC,BOKARO STL CITY,47.0,1178
12802,2026-07-17,PRR,PURULIA JN,30.0,1239
12802,2026-07-17,BBM,BARABHUM,42.0,1270
12802,2026-07-17,CNI,CHANDIL JN,31.0,1293
12802,2026-07-17,TATA,TATANAGAR JN,23.0,1329
12802,2026-07-17,GTS,GHATSILA,5.0,1365
12802,2026-07-17,HIJ,HIJILLI,0.0,1463
12802,2026-07-17,BLS,BALASORE,0.0,1575
12802,2026-07-17,BHC,BHADRAKH,0.0,1637
12802,2026-07-17,JJKR,JAJPUR K ROAD,1.0,1681
12802,2026-07-17,CTC,CUTTACK,23.0,1753
12802,2026-07-17,BBS,BHUBANESWAR,29.0,1781
12802,2026-07-17,KUR,KHURDA ROAD JN,40.0,1800
12802,2026-07-17,PURI,PURI,-12.0,1843
12802,2026-07-18,ANVT,ANAND VIHAR TRM,0.0,0
12802,2026-07-18,GOY,GOVINDPURI,9.0,424
12802,2026-07-18,FTP,FATEHPUR,34.0,504
12802,2026-07-18,PRYJ,PRAYAGRAJ JN,0.0,621
12802,2026-07-18,BDL,VINDHYACHAL,,702
12802,2026-07-18,MZP,MIRZAPUR,11.0,710
12802,2026-07-18,CAR,CHUNAR,16.0,741
12802,2026-07-18,DDU,PT DEEN DAYAL UPADHYAY JN,0.0,773
12802,2026-07-18,BBU,BHABUA ROAD,13.0,826
12802,2026-07-18,SSM,SASARAM,12.0,873
12802,2026-07-18,DOS,DEHRI ON SONE,18.0,891
12802,2026-07-18,AUBR,ANUGRAHA N ROAD,18.0,908
12802,2026-07-18,GAYA,GAYA JN,9.0,976
12802,2026-07-18,PRP,PAHARPUR,10.0,1008
12802,2026-07-18,KQR,KODERMA,16.0,1052
12802,2026-07-18,HZD,HAZARIBAGH RD,41.0,1101
12802,2026-07-18,PNME,PARASNATH,44.0,1128
12802,2026-07-18,GMO,NSC BOSE J GOMO,26.0,1146
12802,2026-07-18,CRP,CHANDRAPURA,35.0,1163
12802,2026-07-18,BKSC,BOKARO STL CITY,27.0,1178
12802,2026-07-18,PRR,PURULIA JN,10.0,1239
12802,2026-07-18,BBM,BARABHUM,20.0,1270
12802,2026-07-18,CNI,CHANDIL JN,18.0,1293
12802,2026-07-18,TATA,TATANAGAR JN,44.0,1329
12802,2026-07-18,GTS,GHATSILA,58.0,1365
12802,2026-07-18,HIJ,HIJILLI,57.0,1463
12802,2026-07-18,BLS,BALASORE,45.0,1575
12802,2026-07-18,BHC,BHADRAKH,49.0,1637
12802,2026-07-18,JJKR,JAJPUR K ROAD,55.0,1681
12802,2026-07-18,CTC,CUTTACK,106.0,1753
12802,2026-07-18,BBS,BHUBANESWAR,104.0,1781
12802,2026-07-18,KUR,KHURDA ROAD JN,108.0,1800
12802,2026-07-18,PURI,PURI,59.0,1843
12802,2026-07-19,ANVT,ANAND VIHAR TRM,0.0,0
12802,2026-07-19,GOY,GOVINDPURI,30.0,424
12802,2026-07-19,FTP,FATEHPUR,74.0,504
12802,2026-07-19,PRYJ,PRAYAGRAJ JN,37.0,621
12802,2026-07-19,BDL,VINDHYACHAL,,702
12802,2026-07-19,MZP,MIRZAPUR,26.0,710
12802,2026-07-19,CAR,CHUNAR,25.0,741
12802,2026-07-19,DDU,PT DEEN DAYAL UPADHYAY JN,0.0,773
12802,2026-07-19,BBU,BHABUA ROAD,18.0,826
12802,2026-07-19,SSM,SASARAM,17.0,873
12802,2026-07-19,DOS,DEHRI ON SONE,22.0,891
12802,2026-07-19,AUBR,ANUGRAHA N ROAD,21.0,908
12802,2026-07-19,GAYA,GAYA JN,13.0,976
12802,2026-07-19,PRP,PAHARPUR,8.0,1008
12802,2026-07-19,KQR,KODERMA,13.0,1052
12802,2026-07-19,HZD,HAZARIBAGH RD,16.0,1101
12802,2026-07-19,PNME,PARASNATH,9.0,1128
12802,2026-07-19,GMO,NSC BOSE J GOMO,14.0,1146
12802,2026-07-19,CRP,CHANDRAPURA,26.0,1163
12802,2026-07-19,BKSC,BOKARO STL CITY,21.0,1178
12802,2026-07-19,PRR,PURULIA JN,7.0,1239
12802,2026-07-19,BBM,BARABHUM,6.0,1270
12802,2026-07-19,CNI,CHANDIL JN,8.0,1293
12802,2026-07-19,TATA,TATANAGAR JN,49.0,1329
12802,2026-07-19,GTS,GHATSILA,58.0,1365
12802,2026-07-19,HIJ,HIJILLI,54.0,1463
12802,2026-07-19,BLS,BALASORE,44.0,1575
12802,2026-07-19,BHC,BHADRAKH,42.0,1637
12802,2026-07-19,JJKR,JAJPUR K ROAD,45.0,1681
12802,2026-07-19,CTC,CUTTACK,78.0,1753
12802,2026-07-19,BBS,BHUBANESWAR,97.0,1781
12802,2026-07-19,KUR,KHURDA ROAD JN,101.0,1800
12802,2026-07-19,PURI,PURI,46.0,1843
12802,2026-07-20,ANVT,ANAND VIHAR TRM,1.0,0
12802,2026-07-20,GOY,GOVINDPURI,42.0,424
12802,2026-07-20,FTP,FATEHPUR,65.0,504
12802,2026-07-20,PRYJ,PRAYAGRAJ JN,23.0,621
12802,2026-07-20,BDL,VINDHYACHAL,,702
12802,2026-07-20,MZP,MIRZAPUR,23.0,710
12802,2026-07-20,CAR,CHUNAR,25.0,741
12802,2026-07-20,DDU,PT DEEN DAYAL UPADHYAY JN,3.0,773
12802,2026-07-20,BBU,BHABUA ROAD,12.0,826
12802,2026-07-20,SSM,SASARAM,9.0,873
12802,2026-07-20,DOS,DEHRI ON SONE,13.0,891
12802,2026-07-20,AUBR,ANUGRAHA N ROAD,14.0,908
12802,2026-07-20,GAYA,GAYA JN,9.0,976
12802,2026-07-20,PRP,PAHARPUR,1.0,1008
12802,2026-07-20,KQR,KODERMA,34.0,1052
12802,2026-07-20,HZD,HAZARIBAGH RD,37.0,1101
12802,2026-07-20,PNME,PARASNATH,34.0,1128
12802,2026-07-20,GMO,NSC BOSE J GOMO,71.0,1146
12802,2026-07-20,CRP,CHANDRAPURA,65.0,1163
12802,2026-07-20,BKSC,BOKARO STL CITY,73.0,1178
12802,2026-07-20,PRR,PURULIA JN,57.0,1239
12802,2026-07-20,BBM,BARABHUM,55.0,1270
12802,2026-07-20,CNI,CHANDIL JN,57.0,1293
12802,2026-07-20,TATA,TATANAGAR JN,85.0,1329
12802,2026-07-20,GTS,GHATSILA,80.0,1365
12802,2026-07-20,HIJ,HIJILLI,110.0,1463
12802,2026-07-20,BLS,BALASORE,112.0,1575
12802,2026-07-20,BHC,BHADRAKH,95.0,1637
12802,2026-07-20,JJKR,JAJPUR K ROAD,157.0,1681
12802,2026-07-20,CTC,CUTTACK,192.0,1753
12802,2026-07-20,BBS,BHUBANESWAR,203.0,1781
12802,2026-07-20,KUR,KHURDA ROAD JN,205.0,1800
12802,2026-07-20,PURI,PURI,156.0,1843
12802,2026-07-21,ANVT,ANAND VIHAR TRM,11.0,0
12802,2026-07-21,GOY,GOVINDPURI,60.0,424
12802,2026-07-21,FTP,FATEHPUR,69.0,504
12802,2026-07-21,PRYJ,PRAYAGRAJ JN,60.0,621
12802,2026-07-21,BDL,VINDHYACHAL,,702
12802,2026-07-21,MZP,MIRZAPUR,62.0,710
12802,2026-07-21,CAR,CHUNAR,66.0,741
12802,2026-07-21,DDU,PT DEEN DAYAL UPADHYAY JN,37.0,773
12802,2026-07-21,BBU,BHABUA ROAD,61.0,826
12802,2026-07-21,SSM,SASARAM,57.0,873
12802,2026-07-21,DOS,DEHRI ON SONE,61.0,891
12802,2026-07-21,AUBR,ANUGRAHA N ROAD,60.0,908
12802,2026-07-21,GAYA,GAYA JN,47.0,976
12802,2026-07-21,PRP,PAHARPUR,50.0,1008
12802,2026-07-21,KQR,KODERMA,67.0,1052
12802,2026-07-21,HZD,HAZARIBAGH RD,59.0,1101
12802,2026-07-21,PNME,PARASNATH,65.0,1128
12802,2026-07-21,GMO,NSC BOSE J GOMO,56.0,1146
12802,2026-07-21,CRP,CHANDRAPURA,58.0,1163
12802,2026-07-21,BKSC,BOKARO STL CITY,56.0,1178
12802,2026-07-21,PRR,PURULIA JN,32.0,1239
12802,2026-07-21,BBM,BARABHUM,43.0,1270
12802,2026-07-21,CNI,CHANDIL JN,43.0,1293
12802,2026-07-21,TATA,TATANAGAR JN,45.0,1329
12802,2026-07-21,GTS,GHATSILA,56.0,1365
12802,2026-07-21,HIJ,HIJILLI,40.0,1463
12802,2026-07-21,BLS,BALASORE,32.0,1575
12802,2026-07-21,BHC,BHADRAKH,29.0,1637
12802,2026-07-21,JJKR,JAJPUR K ROAD,55.0,1681
12802,2026-07-21,CTC,CUTTACK,112.0,1753
12802,2026-07-21,BBS,BHUBANESWAR,112.0,1781
12802,2026-07-21,KUR,KHURDA ROAD JN,120.0,1800
12802,2026-07-21,PURI,PURI,102.0,1843
12802,2026-07-22,ANVT,ANAND VIHAR TRM,0.0,0
12802,2026-07-22,GOY,GOVINDPURI,4.0,424
12802,2026-07-22,FTP,FATEHPUR,19.0,504
12802,2026-07-22,PRYJ,PRAYAGRAJ JN,0.0,621
12802,2026-07-22,BDL,VINDHYACHAL,,702
12802,2026-07-22,MZP,MIRZAPUR,8.0,710
12802,2026-07-22,CAR,CHUNAR,16.0,741
12802,2026-07-22,DDU,PT DEEN DAYAL UPADHYAY JN,0.0,773
12802,2026-07-22,BBU,BHABUA ROAD,16.0,826
12802,2026-07-22,SSM,SASARAM,12.0,873
12802,2026-07-22,DOS,DEHRI ON SONE,16.0,891
12802,2026-07-22,AUBR,ANUGRAHA N ROAD,14.0,908
12802,2026-07-22,GAYA,GAYA JN,14.0,976
12802,2026-07-22,PRP,PAHARPUR,3.0,1008
12802,2026-07-22,KQR,KODERMA,9.0,1052
12802,2026-07-22,HZD,HAZARIBAGH RD,31.0,1101
12802,2026-07-22,PNME,PARASNATH,28.0,1128
12802,2026-07-22,GMO,NSC BOSE J GOMO,19.0,1146
12802,2026-07-22,CRP,CHANDRAPURA,24.0,1163
12802,2026-07-22,BKSC,BOKARO STL CITY,16.0,1178
12802,2026-07-22,PRR,PURULIA JN,1.0,1239
12802,2026-07-22,BBM,BARABHUM,4.0,1270
12802,2026-07-22,CNI,CHANDIL JN,15.0,1293
12802,2026-07-22,TATA,TATANAGAR JN,17.0,1329
12802,2026-07-22,GTS,GHATSILA,19.0,1365
12802,2026-07-22,HIJ,HIJILLI,13.0,1463
12802,2026-07-22,BLS,BALASORE,26.0,1575
12802,2026-07-22,BHC,BHADRAKH,32.0,1637
12802,2026-07-22,JJKR,JAJPUR K ROAD,32.0,1681
12802,2026-07-22,CTC,CUTTACK,72.0,1753
12802,2026-07-22,BBS,BHUBANESWAR,78.0,1781
12802,2026-07-22,KUR,KHURDA ROAD JN,91.0,1800
12802,2026-07-22,PURI,PURI,50.0,1843
12802,2026-07-23,ANVT,ANAND VIHAR TRM,1.0,0
12802,2026-07-23,GOY,GOVINDPURI,13.0,424
12802,2026-07-23,FTP,FATEHPUR,39.0,504
12802,2026-07-23,PRYJ,PRAYAGRAJ JN,1.0,621
12802,2026-07-23,BDL,VINDHYACHAL,,702
12802,2026-07-23,MZP,MIRZAPUR,16.0,710
12802,2026-07-23,CAR,CHUNAR,18.0,741
12802,2026-07-23,DDU,PT DEEN DAYAL UPADHYAY JN,0.0,773
12802,2026-07-23,BBU,BHABUA ROAD,10.0,826
12802,2026-07-23,SSM,SASARAM,10.0,873
12802,2026-07-23,DOS,DEHRI ON SONE,16.0,891
12802,2026-07-23,AUBR,ANUGRAHA N ROAD,15.0,908
12802,2026-07-23,GAYA,GAYA JN,6.0,976
12802,2026-07-23,PRP,PAHARPUR,3.0,1008
12802,2026-07-23,KQR,KODERMA,12.0,1052
12802,2026-07-23,HZD,HAZARIBAGH RD,21.0,1101
12802,2026-07-23,PNME,PARASNATH,23.0,1128
12802,2026-07-23,GMO,NSC BOSE J GOMO,4.0,1146
12802,2026-07-23,CRP,CHANDRAPURA,40.0,1163
12802,2026-07-23,BKSC,BOKARO STL CITY,43.0,1178
12802,2026-07-23,PRR,PURULIA JN,32.0,1239
12802,2026-07-23,BBM,BARABHUM,45.0,1270
12802,2026-07-23,CNI,CHANDIL JN,49.0,1293
12802,2026-07-23,TATA,TATANAGAR JN,37.0,1329
12802,2026-07-23,GTS,GHATSILA,29.0,1365
12802,2026-07-23,HIJ,HIJILLI,13.0,1463
12802,2026-07-23,BLS,BALASORE,35.0,1575
12802,2026-07-23,BHC,BHADRAKH,35.0,1637
12802,2026-07-23,JJKR,JAJPUR K ROAD,44.0,1681
12802,2026-07-23,CTC,CUTTACK,132.0,1753
12802,2026-07-23,BBS,BHUBANESWAR,151.0,1781
12802,2026-07-23,KUR,KHURDA ROAD JN,173.0,1800
12802,2026-07-23,PURI,PURI,155.0,1843
12802,2026-07-24,ANVT,ANAND VIHAR TRM,1.0,0
12802,2026-07-24,GOY,GOVINDPURI,16.0,424
12802,2026-07-24,FTP,FATEHPUR,37.0,504
12802,2026-07-24,PRYJ,PRAYAGRAJ JN,2.0,621
12802,2026-07-24,BDL,VINDHYACHAL,,702
12802,2026-07-24,MZP,MIRZAPUR,17.0,710
12802,2026-07-24,CAR,CHUNAR,25.0,741
12802,2026-07-24,DDU,PT DEEN DAYAL UPADHYAY JN,0.0,773
12802,2026-07-24,BBU,BHABUA ROAD,9.0,826
12802,2026-07-24,SSM,SASARAM,5.0,873
12802,2026-07-24,DOS,DEHRI ON SONE,8.0,891
12802,2026-07-24,AUBR,ANUGRAHA N ROAD,6.0,908
12802,2026-07-24,GAYA,GAYA JN,0.0,976
12802,2026-07-24,PRP,PAHARPUR,0.0,1008
12802,2026-07-24,KQR,KODERMA,10.0,1052
12802,2026-07-24,HZD,HAZARIBAGH RD,31.0,1101
12802,2026-07-24,PNME,PARASNATH,44.0,1128
12802,2026-07-24,GMO,NSC BOSE J GOMO,30.0,1146
12802,2026-07-24,CRP,CHANDRAPURA,42.0,1163
12802,2026-07-24,BKSC,BOKARO STL CITY,39.0,1178
12802,2026-07-24,PRR,PURULIA JN,26.0,1239
12802,2026-07-24,BBM,BARABHUM,42.0,1270
12802,2026-07-24,CNI,CHANDIL JN,30.0,1293
12802,2026-07-24,TATA,TATANAGAR JN,30.0,1329
12802,2026-07-24,GTS,GHATSILA,5.0,1365
12802,2026-07-24,HIJ,HIJILLI,0.0,1463
12802,2026-07-24,BLS,BALASORE,16.0,1575
12802,2026-07-24,BHC,BHADRAKH,44.0,1637
12802,2026-07-24,JJKR,JAJPUR K ROAD,56.0,1681
12802,2026-07-24,CTC,CUTTACK,185.0,1753
12802,2026-07-24,BBS,BHUBANESWAR,197.0,1781
12802,2026-07-24,KUR,KHURDA ROAD JN,221.0,1800
12802,2026-07-24,PURI,PURI,186.0,1843
12802,2026-07-25,ANVT,ANAND VIHAR TRM,0.0,0
12802,2026-07-25,GOY,GOVINDPURI,25.0,424
12802,2026-07-25,FTP,FATEHPUR,31.0,504
12802,2026-07-25,PRYJ,PRAYAGRAJ JN,6.0,621
12802,2026-07-25,BDL,VINDHYACHAL,,702
12802,2026-07-25,MZP,MIRZAPUR,3.0,710
12802,2026-07-25,CAR,CHUNAR,3.0,741
12802,2026-07-25,DDU,PT DEEN DAYAL UPADHYAY JN,0.0,773
12802,2026-07-25,BBU,BHABUA ROAD,7.0,826
12802,2026-07-25,SSM,SASARAM,3.0,873
12802,2026-07-25,DOS,DEHRI ON SONE,7.0,891
12802,2026-07-25,AUBR,ANUGRAHA N ROAD,6.0,908
12802,2026-07-25,GAYA,GAYA JN,0.0,976
12802,2026-07-25,PRP,PAHARPUR,8.0,1008
12802,2026-07-25,KQR,KODERMA,18.0,1052
12802,2026-07-25,HZD,HAZARIBAGH RD,25.0,1101
12802,2026-07-25,PNME,PARASNATH,27.0,1128
12802,2026-07-25,GMO,NSC BOSE J GOMO,15.0,1146
12802,2026-07-25,CRP,CHANDRAPURA,9.0,1163
12802,2026-07-25,BKSC,BOKARO STL CITY,46.0,1178
12802,2026-07-25,PRR,PURULIA JN,24.0,1239
12802,2026-07-25,BBM,BARABHUM,31.0,1270
12802,2026-07-25,CNI,CHANDIL JN,21.0,1293
12802,2026-07-25,TATA,TATANAGAR JN,18.0,1329
12802,2026-07-25,GTS,GHATSILA,19.0,1365
12802,2026-07-25,HIJ,HIJILLI,54.0,1463
12802,2026-07-25,BLS,BALASORE,66.0,1575
12802,2026-07-25,BHC,BHADRAKH,72.0,1637
12802,2026-07-25,JJKR,JAJPUR K ROAD,85.0,1681
12802,2026-07-25,CTC,CUTTACK,140.0,1753
12802,2026-07-25,BBS,BHUBANESWAR,148.0,1781
12802,2026-07-25,KUR,KHURDA ROAD JN,156.0,1800
12802,2026-07-25,PURI,PURI,113.0,1843
12802,2026-07-26,ANVT,ANAND VIHAR TRM,6.0,0
12802,2026-07-26,GOY,GOVINDPURI,12.0,424
12802,2026-07-26,FTP,FATEHPUR,18.0,504
12802,2026-07-26,PRYJ,PRAYAGRAJ JN,10.0,621
12802,2026-07-26,BDL,VINDHYACHAL,,702
12802,2026-07-26,MZP,MIRZAPUR,4.0,710
12802,2026-07-26,CAR,CHUNAR,3.0,741
12802,2026-07-26,DDU,PT DEEN DAYAL UPADHYAY JN,3.0,773
12802,2026-07-26,BBU,BHABUA ROAD,0.0,826
12802,2026-07-26,SSM,SASARAM,5.0,873
12802,2026-07-26,DOS,DEHRI ON SONE,9.0,891
12802,2026-07-26,AUBR,ANUGRAHA N ROAD,8.0,908
12802,2026-07-26,GAYA,GAYA JN,7.0,976
12802,2026-07-26,PRP,PAHARPUR,0.0,1008
12802,2026-07-26,KQR,KODERMA,11.0,1052
12802,2026-07-26,HZD,HAZARIBAGH RD,6.0,1101
12802,2026-07-26,PNME,PARASNATH,10.0,1128
12802,2026-07-26,GMO,NSC BOSE J GOMO,15.0,1146
12802,2026-07-26,CRP,CHANDRAPURA,9.0,1163
12802,2026-07-26,BKSC,BOKARO STL CITY,49.0,1178
12802,2026-07-26,PRR,PURULIA JN,44.0,1239
12802,2026-07-26,BBM,BARABHUM,52.0,1270
12802,2026-07-26,CNI,CHANDIL JN,43.0,1293
12802,2026-07-26,TATA,TATANAGAR JN,35.0,1329
12802,2026-07-26,GTS,GHATSILA,21.0,1365
12802,2026-07-26,HIJ,HIJILLI,14.0,1463
12802,2026-07-26,BLS,BALASORE,0.0,1575
12802,2026-07-26,BHC,BHADRAKH,23.0,1637
12802,2026-07-26,JJKR,JAJPUR K ROAD,31.0,1681
12802,2026-07-26,CTC,CUTTACK,67.0,1753
12802,2026-07-26,BBS,BHUBANESWAR,118.0,1781
12802,2026-07-26,KUR,KHURDA ROAD JN,120.0,1800
12802,2026-07-26,PURI,PURI,57.0,1843
12802,2026-07-27,ANVT,ANAND VIHAR TRM,0.0,0
12802,2026-07-27,GOY,GOVINDPURI,5.0,424
12802,2026-07-27,FTP,FATEHPUR,41.0,504
12802,2026-07-27,PRYJ,PRAYAGRAJ JN,7.0,621
12802,2026-07-27,BDL,VINDHYACHAL,,702
12802,2026-07-27,MZP,MIRZAPUR,11.0,710
12802,2026-07-27,CAR,CHUNAR,13.0,741
12802,2026-07-27,DDU,PT DEEN DAYAL UPADHYAY JN,0.0,773
12802,2026-07-27,BBU,BHABUA ROAD,7.0,826
12802,2026-07-27,SSM,SASARAM,4.0,873
12802,2026-07-27,DOS,DEHRI ON SONE,8.0,891
12802,2026-07-27,AUBR,ANUGRAHA N ROAD,7.0,908
12802,2026-07-27,GAYA,GAYA JN,3.0,976
12802,2026-07-27,PRP,PAHARPUR,0.0,1008
12802,2026-07-27,KQR,KODERMA,10.0,1052
12802,2026-07-27,HZD,HAZARIBAGH RD,14.0,1101
12802,2026-07-27,PNME,PARASNATH,19.0,1128
12802,2026-07-27,GMO,NSC BOSE J GOMO,19.0,1146
12802,2026-07-27,CRP,CHANDRAPURA,25.0,1163
12802,2026-07-27,BKSC,BOKARO STL CITY,19.0,1178
12802,2026-07-27,PRR,PURULIA JN,9.0,1239
12802,2026-07-27,BBM,BARABHUM,19.0,1270
12802,2026-07-27,CNI,CHANDIL JN,16.0,1293
12802,2026-07-27,TATA,TATANAGAR JN,49.0,1329
12802,2026-07-27,GTS,GHATSILA,140.0,1365
12802,2026-07-27,HIJ,HIJILLI,120.0,1463
12802,2026-07-27,BLS,BALASORE,152.0,1575
12802,2026-07-27,BHC,BHADRAKH,173.0,1637
12802,2026-07-27,JJKR,JAJPUR K ROAD,183.0,1681
12802,2026-07-27,CTC,CUTTACK,215.0,1753
12802,2026-07-27,BBS,BHUBANESWAR,207.0,1781
12802,2026-07-27,KUR,KHURDA ROAD JN,217.0,1800
12802,2026-07-27,PURI,PURI,163.0,1843
12802,2026-07-28,ANVT,ANAND VIHAR TRM,0.0,0
12802,2026-07-28,GOY,GOVINDPURI,12.0,424
12802,2026-07-28,FTP,FATEHPUR,30.0,504
12802,2026-07-28,PRYJ,PRAYAGRAJ JN,2.0,621
12802,2026-07-28,BDL,VINDHYACHAL,,702
12802,2026-07-28,MZP,MIRZAPUR,39.0,710
12802,2026-07-28,CAR,CHUNAR,37.0,741
12802,2026-07-28,DDU,PT DEEN DAYAL UPADHYAY JN,6.0,773
12802,2026-07-28,BBU,BHABUA ROAD,14.0,826
12802,2026-07-28,SSM,SASARAM,16.0,873
12802,2026-07-28,DOS,DEHRI ON SONE,18.0,891
12802,2026-07-28,AUBR,ANUGRAHA N ROAD,19.0,908
12802,2026-07-28,GAYA,GAYA JN,5.0,976
12802,2026-07-28,PRP,PAHARPUR,5.0,1008
12802,2026-07-28,KQR,KODERMA,19.0,1052
12802,2026-07-28,HZD,HAZARIBAGH RD,30.0,1101
12802,2026-07-28,PNME,PARASNATH,32.0,1128
12802,2026-07-28,GMO,NSC BOSE J GOMO,20.0,1146
12802,2026-07-28,CRP,CHANDRAPURA,14.0,1163
12802,2026-07-28,BKSC,BOKARO STL CITY,37.0,1178
12802,2026-07-28,PRR,PURULIA JN,21.0,1239
12802,2026-07-28,BBM,BARABHUM,32.0,1270
12802,2026-07-28,CNI,CHANDIL JN,22.0,1293
12802,2026-07-28,TATA,TATANAGAR JN,15.0,1329
12802,2026-07-28,GTS,GHATSILA,7.0,1365
12802,2026-07-28,HIJ,HIJILLI,40.0,1463
12802,2026-07-28,BLS,BALASORE,16.0,1575
12802,2026-07-28,BHC,BHADRAKH,71.0,1637
12802,2026-07-28,JJKR,JAJPUR K ROAD,87.0,1681
12802,2026-07-28,CTC,CUTTACK,94.0,1753
12802,2026-07-28,BBS,BHUBANESWAR,85.0,1781
12802,2026-07-28,KUR,KHURDA ROAD JN,91.0,1800
12802,2026-07-28,PURI,PURI,54.0,1843
12802,2026-07-29,ANVT,ANAND VIHAR TRM,1.0,0
12802,2026-07-29,GOY,GOVINDPURI,0.0,424
12802,2026-07-29,FTP,FATEHPUR,34.0,504
12802,2026-07-29,PRYJ,PRAYAGRAJ JN,16.0,621
12802,2026-07-29,BDL,VINDHYACHAL,,702
12802,2026-07-29,MZP,MIRZAPUR,12.0,710
12802,2026-07-29,CAR,CHUNAR,12.0,741
12802,2026-07-29,DDU,PT DEEN DAYAL UPADHYAY JN,0.0,773
12802,2026-07-29,BBU,BHABUA ROAD,12.0,826
12802,2026-07-29,SSM,SASARAM,12.0,873
12802,2026-07-29,DOS,DEHRI ON SONE,18.0,891
12802,2026-07-29,AUBR,ANUGRAHA N ROAD,18.0,908
12802,2026-07-29,GAYA,GAYA JN,4.0,976
12802,2026-07-29,PRP,PAHARPUR,2.0,1008
12802,2026-07-29,KQR,KODERMA,11.0,1052
12802,2026-07-29,HZD,HAZARIBAGH RD,20.0,1101
12802,2026-07-29,PNME,PARASNATH,39.0,1128
12802,2026-07-29,GMO,NSC BOSE J GOMO,30.0,1146
12802,2026-07-29,CRP,CHANDRAPURA,22.0,1163
12802,2026-07-29,BKSC,BOKARO STL CITY,51.0,1178
12802,2026-07-29,PRR,PURULIA JN,31.0,1239
12802,2026-07-29,BBM,BARABHUM,40.0,1270
12802,2026-07-29,CNI,CHANDIL JN,36.0,1293
12802,2026-07-29,TATA,TATANAGAR JN,20.0,1329
12802,2026-07-29,GTS,GHATSILA,11.0,1365
12802,2026-07-29,HIJ,HIJILLI,36.0,1463
12802,2026-07-29,BLS,BALASORE,55.0,1575
12802,2026-07-29,BHC,BHADRAKH,59.0,1637
12802,2026-07-29,JJKR,JAJPUR K ROAD,67.0,1681
12802,2026-07-29,CTC,CUTTACK,115.0,1753
12802,2026-07-29,BBS,BHUBANESWAR,115.0,1781
12802,2026-07-29,KUR,KHURDA ROAD JN,118.0,1800
12802,2026-07-29,PURI,PURI,64.0,1843
12802,2026-07-30,ANVT,ANAND VIHAR TRM,0.0,0
12802,2026-07-30,GOY,GOVINDPURI,16.0,424
12802,2026-07-30,FTP,FATEHPUR,28.0,504
12802,2026-07-30,PRYJ,PRAYAGRAJ JN,2.0,621
12802,2026-07-30,BDL,VINDHYACHAL,,702
12802,2026-07-30,MZP,MIRZAPUR,3.0,710
12802,2026-07-30,CAR,CHUNAR,8.0,741
12802,2026-07-30,DDU,PT DEEN DAYAL UPADHYAY JN,0.0,773
12802,2026-07-30,BBU,BHABUA ROAD,9.0,826
12802,2026-07-30,SSM,SASARAM,12.0,873
12802,2026-07-30,DOS,DEHRI ON SONE,16.0,891
12802,2026-07-30,AUBR,ANUGRAHA N ROAD,15.0,908
12802,2026-07-30,GAYA,GAYA JN,7.0,976
12802,2026-07-30,PRP,PAHARPUR,0.0,1008
12802,2026-07-30,KQR,KODERMA,35.0,1052
12802,2026-07-30,HZD,HAZARIBAGH RD,38.0,1101
12802,2026-07-30,PNME,PARASNATH,54.0,1128
12802,2026-07-30,GMO,NSC BOSE J GOMO,45.0,1146
12802,2026-07-30,CRP,CHANDRAPURA,54.0,1163
12802,2026-07-30,BKSC,BOKARO STL CITY,44.0,1178
12802,2026-07-30,PRR,PURULIA JN,25.0,1239
12802,2026-07-30,BBM,BARABHUM,33.0,1270
12802,2026-07-30,CNI,CHANDIL JN,25.0,1293
12802,2026-07-30,TATA,TATANAGAR JN,62.0,1329
12802,2026-07-30,GTS,GHATSILA,74.0,1365
12802,2026-07-30,HIJ,HIJILLI,63.0,1463
12802,2026-07-30,BLS,BALASORE,57.0,1575
12802,2026-07-30,BHC,BHADRAKH,54.0,1637
12802,2026-07-30,JJKR,JAJPUR K ROAD,61.0,1681
12802,2026-07-30,CTC,CUTTACK,88.0,1753
12802,2026-07-30,BBS,BHUBANESWAR,93.0,1781
12802,2026-07-30,KUR,KHURDA ROAD JN,102.0,1800
12802,2026-07-30,PURI,PURI,41.0,1843
12802,2026-07-31,ANVT,ANAND VIHAR TRM,0.0,0
12802,2026-07-31,GOY,GOVINDPURI,25.0,424
12802,2026-07-31,FTP,FATEHPUR,35.0,504
12802,2026-07-31,PRYJ,PRAYAGRAJ JN,2.0,621
12802,2026-07-31,BDL,VINDHYACHAL,,702
12802,2026-07-31,MZP,MIRZAPUR,10.0,710
12802,2026-07-31,CAR,CHUNAR,10.0,741
12802,2026-07-31,DDU,PT DEEN DAYAL UPADHYAY JN,0.0,773
12802,2026-07-31,BBU,BHABUA ROAD,0.0,826
12802,2026-07-31,SSM,SASARAM,8.0,873
12802,2026-07-31,DOS,DEHRI ON SONE,11.0,891
12802,2026-07-31,AUBR,ANUGRAHA N ROAD,12.0,908
12802,2026-07-31,GAYA,GAYA JN,16.0,976
12802,2026-07-31,PRP,PAHARPUR,3.0,1008
12802,2026-07-31,KQR,KODERMA,23.0,1052
12802,2026-07-31,HZD,HAZARIBAGH RD,33.0,1101
12802,2026-07-31,PNME,PARASNATH,44.0,1128
12802,2026-07-31,GMO,NSC BOSE J GOMO,40.0,1146
12802,2026-07-31,CRP,CHANDRAPURA,29.0,1163
12802,2026-07-31,BKSC,BOKARO STL CITY,28.0,1178
12802,2026-07-31,PRR,PURULIA JN,17.0,1239
12802,2026-07-31,BBM,BARABHUM,21.0,1270
12802,2026-07-31,CNI,CHANDIL JN,18.0,1293
12802,2026-07-31,TATA,TATANAGAR JN,17.0,1329
12802,2026-07-31,GTS,GHATSILA,0.0,1365
12802,2026-07-31,HIJ,HIJILLI,0.0,1463
12802,2026-07-31,BLS,BALASORE,0.0,1575
12802,2026-07-31,BHC,BHADRAKH,14.0,1637
12802,2026-07-31,JJKR,JAJPUR K ROAD,27.0,1681
12802,2026-07-31,CTC,CUTTACK,55.0,1753
12802,2026-07-31,BBS,BHUBANESWAR,65.0,1781
12802,2026-07-31,KUR,KHURDA ROAD JN,55.0,1800
12802,2026-07-31,PURI,PURI,9.0,1843
12802,2026-08-01,ANVT,ANAND VIHAR TRM,1.0,0
12802,2026-08-01,GOY,GOVINDPURI,21.0,424
12802,2026-08-01,FTP,FATEHPUR,40.0,504
12802,2026-08-01,PRYJ,PRAYAGRAJ JN,5.0,621
12802,2026-08-01,BDL,VINDHYACHAL,,702
12802,2026-08-01,MZP,MIRZAPUR,10.0,710
12802,2026-08-01,CAR,CHUNAR,9.0,741
12802,2026-08-01,DDU,PT DEEN DAYAL UPADHYAY JN,0.0,773
12802,2026-08-01,BBU,BHABUA ROAD,13.0,826
12802,2026-08-01,SSM,SASARAM,16.0,873
12802,2026-08-01,DOS,DEHRI ON SONE,19.0,891
12802,2026-08-01,AUBR,ANUGRAHA N ROAD,18.0,908
12802,2026-08-01,GAYA,GAYA JN,27.0,976
12802,2026-08-01,PRP,PAHARPUR,24.0,1008
12802,2026-08-01,KQR,KODERMA,31.0,1052
12802,2026-08-01,HZD,HAZARIBAGH RD,39.0,1101
12802,2026-08-01,PNME,PARASNATH,45.0,1128
12802,2026-08-01,GMO,NSC BOSE J GOMO,75.0,1146
12802,2026-08-01,CRP,CHANDRAPURA,69.0,1163
12802,2026-08-01,BKSC,BOKARO STL CITY,32.0,1178
12802,2026-08-01,PRR,PURULIA JN,40.0,1239
12802,2026-08-01,BBM,BARABHUM,55.0,1270
12802,2026-08-01,CNI,CHANDIL JN,59.0,1293
12802,2026-08-01,TATA,TATANAGAR JN,59.0,1329
12802,2026-08-01,GTS,GHATSILA,55.0,1365
12802,2026-08-01,HIJ,HIJILLI,73.0,1463
12802,2026-08-01,BLS,BALASORE,57.0,1575
12802,2026-08-01,BHC,BHADRAKH,62.0,1637
12802,2026-08-01,JJKR,JAJPUR K ROAD,68.0,1681
12802,2026-08-01,CTC,CUTTACK,91.0,1753
12802,2026-08-01,BBS,BHUBANESWAR,89.0,1781
12802,2026-08-01,KUR,KHURDA ROAD JN,93.0,1800
12802,2026-08-01,PURI,PURI,35.0,1843
12802,2026-08-02,ANVT,ANAND VIHAR TRM,1.0,0
12802,2026-08-02,GOY,GOVINDPURI,25.0,424
12802,2026-08-02,FTP,FATEHPUR,52.0,504
12802,2026-08-02,PRYJ,PRAYAGRAJ JN,22.0,621
12802,2026-08-02,BDL,VINDHYACHAL,,702
12802,2026-08-02,MZP,MIRZAPUR,25.0,710
12802,2026-08-02,CAR,CHUNAR,28.0,741
12802,2026-08-02,DDU,PT DEEN DAYAL UPADHYAY JN,6.0,773
12802,2026-08-02,BBU,BHABUA ROAD,17.0,826
12802,2026-08-02,SSM,SASARAM,20.0,873
12802,2026-08-02,DOS,DEHRI ON SONE,21.0,891
12802,2026-08-02,AUBR,ANUGRAHA N ROAD,20.0,908
12802,2026-08-02,GAYA,GAYA JN,12.0,976
12802,2026-08-02,PRP,PAHARPUR,0.0,1008
12802,2026-08-02,KQR,KODERMA,20.0,1052
12802,2026-08-02,HZD,HAZARIBAGH RD,30.0,1101
12802,2026-08-02,PNME,PARASNATH,47.0,1128
12802,2026-08-02,GMO,NSC BOSE J GOMO,83.0,1146
12802,2026-08-02,CRP,CHANDRAPURA,77.0,1163
12802,2026-08-02,BKSC,BOKARO STL CITY,74.0,1178
12802,2026-08-02,PRR,PURULIA JN,75.0,1239
12802,2026-08-02,BBM,BARABHUM,80.0,1270
12802,2026-08-02,CNI,CHANDIL JN,67.0,1293
12802,2026-08-02,TATA,TATANAGAR JN,60.0,1329
12802,2026-08-02,GTS,GHATSILA,70.0,1365
12802,2026-08-02,HIJ,HIJILLI,85.0,1463
12802,2026-08-02,BLS,BALASORE,60.0,1575
12802,2026-08-02,BHC,BHADRAKH,76.0,1637
12802,2026-08-02,JJKR,JAJPUR K ROAD,81.0,1681
12802,2026-08-02,CTC,CUTTACK,121.0,1753
12802,2026-08-02,BBS,BHUBANESWAR,130.0,1781
12802,2026-08-02,KUR,KHURDA ROAD JN,127.0,1800
12802,2026-08-02,PURI,PURI,96.0,1843
12802,2026-08-03,ANVT,ANAND VIHAR TRM,0.0,0
12802,2026-08-03,GOY,GOVINDPURI,1.0,424
12802,2026-08-03,FTP,FATEHPUR,16.0,504
12802,2026-08-03,PRYJ,PRAYAGRAJ JN,0.0,621
12802,2026-08-03,BDL,VINDHYACHAL,,702
12802,2026-08-03,MZP,MIRZAPUR,3.0,710
12802,2026-08-03,CAR,CHUNAR,6.0,741
12802,2026-08-03,DDU,PT DEEN DAYAL UPADHYAY JN,1.0,773
12802,2026-08-03,BBU,BHABUA ROAD,8.0,826
12802,2026-08-03,SSM,SASARAM,10.0,873
12802,2026-08-03,DOS,DEHRI ON SONE,12.0,891
12802,2026-08-03,AUBR,ANUGRAHA N ROAD,11.0,908
12802,2026-08-03,GAYA,GAYA JN,10.0,976
12802,2026-08-03,PRP,PAHARPUR,10.0,1008
12802,2026-08-03,KQR,KODERMA,16.0,1052
12802,2026-08-03,HZD,HAZARIBAGH RD,58.0,1101
12802,2026-08-03,PNME,PARASNATH,63.0,1128
12802,2026-08-03,GMO,NSC BOSE J GOMO,49.0,1146
12802,2026-08-03,CRP,CHANDRAPURA,43.0,1163
12802,2026-08-03,BKSC,BOKARO STL CITY,46.0,1178
12802,2026-08-03,PRR,PURULIA JN,36.0,1239
12802,2026-08-03,BBM,BARABHUM,28.0,1270
12802,2026-08-03,CNI,CHANDIL JN,22.0,1293
12802,2026-08-03,TATA,TATANAGAR JN,62.0,1329
12802,2026-08-03,GTS,GHATSILA,47.0,1365
12802,2026-08-03,HIJ,HIJILLI,75.0,1463
12802,2026-08-03,BLS,BALASORE,46.0,1575
12802,2026-08-03,BHC,BHADRAKH,53.0,1637
12802,2026-08-03,JJKR,JAJPUR K ROAD,59.0,1681
12802,2026-08-03,CTC,CUTTACK,87.0,1753
12802,2026-08-03,BBS,BHUBANESWAR,84.0,1781
12802,2026-08-03,KUR,KHURDA ROAD JN,76.0,1800
12802,2026-08-03,PURI,PURI,40.0,1843
12802,2026-08-04,ANVT,ANAND VIHAR TRM,1.0,0
12802,2026-08-04,GOY,GOVINDPURI,34.0,424
12802,2026-08-04,FTP,FATEHPUR,40.0,504
12802,2026-08-04,PRYJ,PRAYAGRAJ JN,13.0,621
12802,2026-08-04,BDL,VINDHYACHAL,,702
12802,2026-08-04,MZP,MIRZAPUR,17.0,710
12802,2026-08-04,CAR,CHUNAR,24.0,741
12802,2026-08-04,DDU,PT DEEN DAYAL UPADHYAY JN,1.0,773
12802,2026-08-04,BBU,BHABUA ROAD,26.0,826
12802,2026-08-04,SSM,SASARAM,28.0,873
12802,2026-08-04,DOS,DEHRI ON SONE,31.0,891
12802,2026-08-04,AUBR,ANUGRAHA N ROAD,32.0,908
12802,2026-08-04,GAYA,GAYA JN,19.0,976
12802,2026-08-04,PRP,PAHARPUR,0.0,1008
12802,2026-08-04,KQR,KODERMA,25.0,1052
12802,2026-08-04,HZD,HAZARIBAGH RD,20.0,1101
12802,2026-08-04,PNME,PARASNATH,35.0,1128
12802,2026-08-04,GMO,NSC BOSE J GOMO,25.0,1146
12802,2026-08-04,CRP,CHANDRAPURA,35.0,1163
12802,2026-08-04,BKSC,BOKARO STL CITY,38.0,1178
12802,2026-08-04,PRR,PURULIA JN,20.0,1239
12802,2026-08-04,BBM,BARABHUM,35.0,1270
12802,2026-08-04,CNI,CHANDIL JN,30.0,1293
12802,2026-08-04,TATA,TATANAGAR JN,75.0,1329
12802,2026-08-04,GTS,GHATSILA,92.0,1365
12802,2026-08-04,HIJ,HIJILLI,85.0,1463
12802,2026-08-04,BLS,BALASORE,81.0,1575
12802,2026-08-04,BHC,BHADRAKH,84.0,1637
12802,2026-08-04,JJKR,JAJPUR K ROAD,97.0,1681
12802,2026-08-04,CTC,CUTTACK,140.0,1753
12802,2026-08-04,BBS,BHUBANESWAR,153.0,1781
12802,2026-08-04,KUR,KHURDA ROAD JN,159.0,1800
12802,2026-08-04,PURI,PURI,118.0,1843
12802,2026-08-05,ANVT,ANAND VIHAR TRM,0.0,0
12802,2026-08-05,GOY,GOVINDPURI,15.0,424
12802,2026-08-05,FTP,FATEHPUR,20.0,504
12802,2026-08-05,PRYJ,PRAYAGRAJ JN,10.0,621
12802,2026-08-05,BDL,VINDHYACHAL,,702
12802,2026-08-05,MZP,MIRZAPUR,17.0,710
12802,2026-08-05,CAR,CHUNAR,20.0,741
12802,2026-08-05,DDU,PT DEEN DAYAL UPADHYAY JN,0.0,773
12802,2026-08-05,BBU,BHABUA ROAD,5.0,826
12802,2026-08-05,SSM,SASARAM,5.0,873
12802,2026-08-05,DOS,DEHRI ON SONE,6.0,891
12802,2026-08-05,AUBR,ANUGRAHA N ROAD,19.0,908
12802,2026-08-05,GAYA,GAYA JN,7.0,976
12802,2026-08-05,PRP,PAHARPUR,10.0,1008
12802,2026-08-05,KQR,KODERMA,24.0,1052
12802,2026-08-05,HZD,HAZARIBAGH RD,28.0,1101
12802,2026-08-05,PNME,PARASNATH,45.0,1128
12802,2026-08-05,GMO,NSC BOSE J GOMO,34.0,1146
12802,2026-08-05,CRP,CHANDRAPURA,33.0,1163
12802,2026-08-05,BKSC,BOKARO STL CITY,26.0,1178
12802,2026-08-05,PRR,PURULIA JN,8.0,1239
12802,2026-08-05,BBM,BARABHUM,17.0,1270
12802,2026-08-05,CNI,CHANDIL JN,13.0,1293
12802,2026-08-05,TATA,TATANAGAR JN,16.0,1329
12802,2026-08-05,GTS,GHATSILA,40.0,1365
12802,2026-08-05,HIJ,HIJILLI,41.0,1463
12802,2026-08-05,BLS,BALASORE,29.0,1575
12802,2026-08-05,BHC,BHADRAKH,27.0,1637
12802,2026-08-05,JJKR,JAJPUR K ROAD,38.0,1681
12802,2026-08-05,CTC,CUTTACK,96.0,1753
12802,2026-08-05,BBS,BHUBANESWAR,101.0,1781
12802,2026-08-05,KUR,KHURDA ROAD JN,109.0,1800
12802,2026-08-05,PURI,PURI,53.0,1843
12802,2026-08-06,ANVT,ANAND VIHAR TRM,1.0,0
12802,2026-08-06,GOY,GOVINDPURI,1.0,424
12802,2026-08-06,FTP,FATEHPUR,24.0,504
12802,2026-08-06,PRYJ,PRAYAGRAJ JN,0.0,621
12802,2026-08-06,BDL,VINDHYACHAL,,702
12802,2026-08-06,MZP,MIRZAPUR,10.0,710
12802,2026-08-06,CAR,CHUNAR,17.0,741
12802,2026-08-06,DDU,PT DEEN DAYAL UPADHYAY JN,0.0,773
12802,2026-08-06,BBU,BHABUA ROAD,4.0,826
12802,2026-08-06,SSM,SASARAM,7.0,873
12802,2026-08-06,DOS,DEHRI ON SONE,9.0,891
12802,2026-08-06,AUBR,ANUGRAHA N ROAD,8.0,908
12802,2026-08-06,GAYA,GAYA JN,0.0,976
12802,2026-08-06,PRP,PAHARPUR,0.0,1008
12802,2026-08-06,KQR,KODERMA,4.0,1052
12802,2026-08-06,HZD,HAZARIBAGH RD,6.0,1101
12802,2026-08-06,PNME,PARASNATH,13.0,1128
12802,2026-08-06,GMO,NSC BOSE J GOMO,2.0,1146
12802,2026-08-06,CRP,CHANDRAPURA,10.0,1163
12802,2026-08-06,BKSC,BOKARO STL CITY,1.0,1178
12802,2026-08-06,PRR,PURULIA JN,5.0,1239
12802,2026-08-06,BBM,BARABHUM,12.0,1270
12802,2026-08-06,CNI,CHANDIL JN,22.0,1293
12802,2026-08-06,TATA,TATANAGAR JN,20.0,1329
12802,2026-08-06,GTS,GHATSILA,13.0,1365
12802,2026-08-06,HIJ,HIJILLI,21.0,1463
12802,2026-08-06,BLS,BALASORE,0.0,1575
12802,2026-08-06,BHC,BHADRAKH,12.0,1637
12802,2026-08-06,JJKR,JAJPUR K ROAD,27.0,1681
12802,2026-08-06,CTC,CUTTACK,48.0,1753
12802,2026-08-06,BBS,BHUBANESWAR,57.0,1781
12802,2026-08-06,KUR,KHURDA ROAD JN,61.0,1800
12802,2026-08-06,PURI,PURI,10.0,1843
12802,2026-08-07,ANVT,ANAND VIHAR TRM,0.0,0
12802,2026-08-07,GOY,GOVINDPURI,12.0,424
12802,2026-08-07,FTP,FATEHPUR,37.0,504
12802,2026-08-07,PRYJ,PRAYAGRAJ JN,6.0,621
12802,2026-08-07,BDL,VINDHYACHAL,,702
12802,2026-08-07,MZP,MIRZAPUR,13.0,710
12802,2026-08-07,CAR,CHUNAR,14.0,741
12802,2026-08-07,DDU,PT DEEN DAYAL UPADHYAY JN,0.0,773
12802,2026-08-07,BBU,BHABUA ROAD,4.0,826
12802,2026-08-07,SSM,SASARAM,3.0,873
12802,2026-08-07,DOS,DEHRI ON SONE,6.0,891
12802,2026-08-07,AUBR,ANUGRAHA N ROAD,6.0,908
12802,2026-08-07,GAYA,GAYA JN,0.0,976
12802,2026-08-07,PRP,PAHARPUR,0.0,1008
12802,2026-08-07,KQR,KODERMA,9.0,1052
12802,2026-08-07,HZD,HAZARIBAGH RD,25.0,1101
12802,2026-08-07,PNME,PARASNATH,32.0,1128
12802,2026-08-07,GMO,NSC BOSE J GOMO,20.0,1146
12802,2026-08-07,CRP,CHANDRAPURA,21.0,1163
12802,2026-08-07,BKSC,BOKARO STL CITY,17.0,1178
12802,2026-08-07,PRR,PURULIA JN,4.0,1239
12802,2026-08-07,BBM,BARABHUM,4.0,1270
12802,2026-08-07,CNI,CHANDIL JN,0.0,1293
12802,2026-08-07,TATA,TATANAGAR JN,14.0,1329
12802,2026-08-07,GTS,GHATSILA,0.0,1365
12802,2026-08-07,HIJ,HIJILLI,5.0,1463
12802,2026-08-07,BLS,BALASORE,12.0,1575
12802,2026-08-07,BHC,BHADRAKH,14.0,1637
12802,2026-08-07,JJKR,JAJPUR K ROAD,19.0,1681
12802,2026-08-07,CTC,CUTTACK,46.0,1753
12802,2026-08-07,BBS,BHUBANESWAR,49.0,1781
12802,2026-08-07,KUR,KHURDA ROAD JN,51.0,1800
12802,2026-08-07,PURI,PURI,-8.0,1843
12802,2026-08-08,ANVT,ANAND VIHAR TRM,0.0,0
12802,2026-08-08,GOY,GOVINDPURI,20.0,424
12802,2026-08-08,FTP,FATEHPUR,32.0,504
12802,2026-08-08,PRYJ,PRAYAGRAJ JN,2.0,621
12802,2026-08-08,BDL,VINDHYACHAL,,702
12802,2026-08-08,MZP,MIRZAPUR,17.0,710
12802,2026-08-08,CAR,CHUNAR,20.0,741
12802,2026-08-08,DDU,PT DEEN DAYAL UPADHYAY JN,0.0,773
12802,2026-08-08,BBU,BHABUA ROAD,3.0,826
12802,2026-08-08,SSM,SASARAM,2.0,873
12802,2026-08-08,DOS,DEHRI ON SONE,5.0,891
12802,2026-08-08,AUBR,ANUGRAHA N ROAD,2.0,908
12802,2026-08-08,GAYA,GAYA JN,0.0,976
12802,2026-08-08,PRP,PAHARPUR,0.0,1008
12802,2026-08-08,KQR,KODERMA,8.0,1052
12802,2026-08-08,HZD,HAZARIBAGH RD,13.0,1101
12802,2026-08-08,PNME,PARASNATH,19.0,1128
12802,2026-08-08,GMO,NSC BOSE J GOMO,2.0,1146
12802,2026-08-08,CRP,CHANDRAPURA,7.0,1163
12802,2026-08-08,BKSC,BOKARO STL CITY,5.0,1178
12802,2026-08-08,PRR,PURULIA JN,12.0,1239
12802,2026-08-08,BBM,BARABHUM,12.0,1270
12802,2026-08-08,CNI,CHANDIL JN,36.0,1293
12802,2026-08-08,TATA,TATANAGAR JN,28.0,1329
12802,2026-08-08,GTS,GHATSILA,19.0,1365
12802,2026-08-08,HIJ,HIJILLI,3.0,1463
12802,2026-08-08,BLS,BALASORE,0.0,1575
12802,2026-08-08,BHC,BHADRAKH,22.0,1637
12802,2026-08-08,JJKR,JAJPUR K ROAD,33.0,1681
12802,2026-08-08,CTC,CUTTACK,60.0,1753
12802,2026-08-08,BBS,BHUBANESWAR,59.0,1781
12802,2026-08-08,KUR,KHURDA ROAD JN,60.0,1800
12802,2026-08-08,PURI,PURI,-3.0,1843
12802,2026-08-09,ANVT,ANAND VIHAR TRM,1.0,0
12802,2026-08-09,GOY,GOVINDPURI,0.0,424
12802,2026-08-09,FTP,FATEHPUR,35.0,504
12802,2026-08-09,PRYJ,PRAYAGRAJ JN,8.0,621
12802,2026-08-09,BDL,VINDHYACHAL,,702
12802,2026-08-09,MZP,MIRZAPUR,8.0,710
12802,2026-08-09,CAR,CHUNAR,8.0,741
12802,2026-08-09,DDU,PT DEEN DAYAL UPADHYAY JN,0.0,773
12802,2026-08-09,BBU,BHABUA ROAD,8.0,826
12802,2026-08-09,SSM,SASARAM,9.0,873
12802,2026-08-09,DOS,DEHRI ON SONE,12.0,891
12802,2026-08-09,AUBR,ANUGRAHA N ROAD,12.0,908
12802,2026-08-09,GAYA,GAYA JN,0.0,976
12802,2026-08-09,PRP,PAHARPUR,0.0,1008
12802,2026-08-09,KQR,KODERMA,7.0,1052
12802,2026-08-09,HZD,HAZARIBAGH RD,12.0,1101
12802,2026-08-09,PNME,PARASNATH,16.0,1128
12802,2026-08-09,GMO,NSC BOSE J GOMO,7.0,1146
12802,2026-08-09,CRP,CHANDRAPURA,6.0,1163
12802,2026-08-09,BKSC,BOKARO STL CITY,0.0,1178
12802,2026-08-09,PRR,PURULIA JN,0.0,1239
12802,2026-08-09,BBM,BARABHUM,5.0,1270
12802,2026-08-09,CNI,CHANDIL JN,0.0,1293
12802,2026-08-09,TATA,TATANAGAR JN,0.0,1329
12802,2026-08-09,GTS,GHATSILA,8.0,1365
12802,2026-08-09,HIJ,HIJILLI,1.0,1463
12802,2026-08-09,BLS,BALASORE,0.0,1575
12802,2026-08-09,BHC,BHADRAKH,5.0,1637
12802,2026-08-09,JJKR,JAJPUR K ROAD,10.0,1681
12802,2026-08-09,CTC,CUTTACK,26.0,1753
12802,2026-08-09,BBS,BHUBANESWAR,25.0,1781
12802,2026-08-09,KUR,KHURDA ROAD JN,51.0,1800
12802,2026-08-09,PURI,PURI,5.0,1843
12802,2026-08-10,ANVT,ANAND VIHAR TRM,0.0,0
12802,2026-08-10,GOY,GOVINDPURI,2.0,424
12802,2026-08-10,FTP,FATEHPUR,27.0,504
12802,2026-08-10,PRYJ,PRAYAGRAJ JN,4.0,621
12802,2026-08-10,BDL,VINDHYACHAL,,702
12802,2026-08-10,MZP,MIRZAPUR,0.0,710
12802,2026-08-10,CAR,CHUNAR,0.0,741
12802,2026-08-10,DDU,PT DEEN DAYAL UPADHYAY JN,0.0,773
12802,2026-08-10,BBU,BHABUA ROAD,28.0,826
12802,2026-08-10,SSM,SASARAM,49.0,873
12802,2026-08-10,DOS,DEHRI ON SONE,63.0,891
12802,2026-08-10,AUBR,ANUGRAHA N ROAD,65.0,908
12802,2026-08-10,GAYA,GAYA JN,93.0,976
12802,2026-08-10,PRP,PAHARPUR,109.0,1008
12802,2026-08-10,KQR,KODERMA,159.0,1052
12802,2026-08-10,HZD,HAZARIBAGH RD,180.0,1101
12802,2026-08-10,PNME,PARASNATH,194.0,1128
12802,2026-08-10,GMO,NSC BOSE J GOMO,188.0,1146
12802,2026-08-10,CRP,CHANDRAPURA,197.0,1163
12802,2026-08-10,BKSC,BOKARO STL CITY,189.0,1178
12802,2026-08-10,PRR,PURULIA JN,171.0,1239
12802,2026-08-10,BBM,BARABHUM,171.0,1270
12802,2026-08-10,CNI,CHANDIL JN,177.0,1293
12802,2026-08-10,TATA,TATANAGAR JN,175.0,1329
12802,2026-08-10,GTS,GHATSILA,166.0,1365
12802,2026-08-10,HIJ,HIJILLI,156.0,1463
12802,2026-08-10,BLS,BALASORE,133.0,1575
12802,2026-08-10,BHC,BHADRAKH,159.0,1637
12802,2026-08-10,JJKR,JAJPUR K ROAD,172.0,1681
12802,2026-08-10,CTC,CUTTACK,228.0,1753
12802,2026-08-10,BBS,BHUBANESWAR,222.0,1781
12802,2026-08-10,KUR,KHURDA ROAD JN,228.0,1800
12802,2026-08-10,PURI,PURI,176.0,1843
12802,2026-08-11,ANVT,ANAND VIHAR TRM,1.0,0
12802,2026-08-11,GOY,GOVINDPURI,30.0,424
12802,2026-08-11,FTP,FATEHPUR,53.0,504
12802,2026-08-11,PRYJ,PRAYAGRAJ JN,29.0,621
12802,2026-08-11,BDL,VINDHYACHAL,,702
12802,2026-08-11,MZP,MIRZAPUR,23.0,710
12802,2026-08-11,CAR,CHUNAR,22.0,741
12802,2026-08-11,DDU,PT DEEN DAYAL UPADHYAY JN,0.0,773
12802,2026-08-11,BBU,BHABUA ROAD,7.0,826
12802,2026-08-11,SSM,SASARAM,9.0,873
12802,2026-08-11,DOS,DEHRI ON SONE,12.0,891
12802,2026-08-11,AUBR,ANUGRAHA N ROAD,12.0,908
12802,2026-08-11,GAYA,GAYA JN,3.0,976
12802,2026-08-11,PRP,PAHARPUR,6.0,1008
12802,2026-08-11,KQR,KODERMA,16.0,1052
12802,2026-08-11,HZD,HAZARIBAGH RD,18.0,1101
12802,2026-08-11,PNME,PARASNATH,24.0,1128
12802,2026-08-11,GMO,NSC BOSE J GOMO,18.0,1146
12802,2026-08-11,CRP,CHANDRAPURA,41.0,1163
12802,2026-08-11,BKSC,BOKARO STL CITY,44.0,1178
12802,2026-08-11,PRR,PURULIA JN,47.0,1239
12802,2026-08-11,BBM,BARABHUM,47.0,1270
12802,2026-08-11,CNI,CHANDIL JN,37.0,1293
12802,2026-08-11,TATA,TATANAGAR JN,37.0,1329
12802,2026-08-11,GTS,GHATSILA,28.0,1365
12802,2026-08-11,HIJ,HIJILLI,36.0,1463
12802,2026-08-11,BLS,BALASORE,19.0,1575
12802,2026-08-11,BHC,BHADRAKH,56.0,1637
12802,2026-08-11,JJKR,JAJPUR K ROAD,65.0,1681
12802,2026-08-11,CTC,CUTTACK,92.0,1753
12802,2026-08-11,BBS,BHUBANESWAR,92.0,1781
12802,2026-08-11,KUR,KHURDA ROAD JN,98.0,1800
12802,2026-08-11,PURI,PURI,38.0,1843
12802,2026-08-12,ANVT,ANAND VIHAR TRM,0.0,0
12802,2026-08-12,GOY,GOVINDPURI,32.0,424
12802,2026-08-12,FTP,FATEHPUR,39.0,504
12802,2026-08-12,PRYJ,PRAYAGRAJ JN,8.0,621
12802,2026-08-12,BDL,VINDHYACHAL,,702
12802,2026-08-12,MZP,MIRZAPUR,7.0,710
12802,2026-08-12,CAR,CHUNAR,29.0,741
12802,2026-08-12,DDU,PT DEEN DAYAL UPADHYAY JN,7.0,773
12802,2026-08-12,BBU,BHABUA ROAD,12.0,826
12802,2026-08-12,SSM,SASARAM,19.0,873
12802,2026-08-12,DOS,DEHRI ON SONE,19.0,891
12802,2026-08-12,AUBR,ANUGRAHA N ROAD,18.0,908
12802,2026-08-12,GAYA,GAYA JN,7.0,976
12802,2026-08-12,PRP,PAHARPUR,0.0,1008
12802,2026-08-12,KQR,KODERMA,23.0,1052
12802,2026-08-12,HZD,HAZARIBAGH RD,15.0,1101
12802,2026-08-12,PNME,PARASNATH,52.0,1128
12802,2026-08-12,GMO,NSC BOSE J GOMO,34.0,1146
12802,2026-08-12,CRP,CHANDRAPURA,0.0,1163
12802,2026-08-12,BKSC,BOKARO STL CITY,33.0,1178
12802,2026-08-12,PRR,PURULIA JN,20.0,1239
12802,2026-08-12,BBM,BARABHUM,19.0,1270
12802,2026-08-12,CNI,CHANDIL JN,12.0,1293
12802,2026-08-12,TATA,TATANAGAR JN,10.0,1329
12802,2026-08-12,GTS,GHATSILA,10.0,1365
12802,2026-08-12,HIJ,HIJILLI,1.0,1463
12802,2026-08-12,BLS,BALASORE,0.0,1575
12802,2026-08-12,BHC,BHADRAKH,43.0,1637
12802,2026-08-12,JJKR,JAJPUR K ROAD,54.0,1681
12802,2026-08-12,CTC,CUTTACK,83.0,1753
12802,2026-08-12,BBS,BHUBANESWAR,84.0,1781
12802,2026-08-12,KUR,KHURDA ROAD JN,93.0,1800
12802,2026-08-12,PURI,PURI,41.0,1843
12802,2026-08-13,ANVT,ANAND VIHAR TRM,0.0,0
12802,2026-08-13,GOY,GOVINDPURI,11.0,424
12802,2026-08-13,FTP,FATEHPUR,24.0,504
12802,2026-08-13,PRYJ,PRAYAGRAJ JN,3.0,621
12802,2026-08-13,BDL,VINDHYACHAL,,702
12802,2026-08-13,MZP,MIRZAPUR,17.0,710
12802,2026-08-13,CAR,CHUNAR,15.0,741
12802,2026-08-13,DDU,PT DEEN DAYAL UPADHYAY JN,1.0,773
12802,2026-08-13,BBU,BHABUA ROAD,8.0,826
12802,2026-08-13,SSM,SASARAM,11.0,873
12802,2026-08-13,DOS,DEHRI ON SONE,14.0,891
12802,2026-08-13,AUBR,ANUGRAHA N ROAD,14.0,908
12802,2026-08-13,GAYA,GAYA JN,4.0,976
12802,2026-08-13,PRP,PAHARPUR,1.0,1008
12802,2026-08-13,KQR,KODERMA,29.0,1052
12802,2026-08-13,HZD,HAZARIBAGH RD,43.0,1101
12802,2026-08-13,PNME,PARASNATH,42.0,1128
12802,2026-08-13,GMO,NSC BOSE J GOMO,81.0,1146
12802,2026-08-13,CRP,CHANDRAPURA,84.0,1163
12802,2026-08-13,BKSC,BOKARO STL CITY,72.0,1178
12802,2026-08-13,PRR,PURULIA JN,71.0,1239
12802,2026-08-13,BBM,BARABHUM,74.0,1270
12802,2026-08-13,CNI,CHANDIL JN,65.0,1293
12802,2026-08-13,TATA,TATANAGAR JN,58.0,1329
12802,2026-08-13,GTS,GHATSILA,50.0,1365
12802,2026-08-13,HIJ,HIJILLI,53.0,1463
12802,2026-08-13,BLS,BALASORE,34.0,1575
12802,2026-08-13,BHC,BHADRAKH,70.0,1637
12802,2026-08-13,JJKR,JAJPUR K ROAD,81.0,1681
12802,2026-08-13,CTC,CUTTACK,115.0,1753
12802,2026-08-13,BBS,BHUBANESWAR,108.0,1781
12802,2026-08-13,KUR,KHURDA ROAD JN,96.0,1800
12802,2026-08-13,PURI,PURI,56.0,1843
12802,2026-08-14,ANVT,ANAND VIHAR TRM,12.0,0
12802,2026-08-14,GOY,GOVINDPURI,38.0,424
12802,2026-08-14,FTP,FATEHPUR,59.0,504
12802,2026-08-14,PRYJ,PRAYAGRAJ JN,15.0,621
12802,2026-08-14,BDL,VINDHYACHAL,,702
12802,2026-08-14,MZP,MIRZAPUR,22.0,710
12802,2026-08-14,CAR,CHUNAR,29.0,741
12802,2026-08-14,DDU,PT DEEN DAYAL UPADHYAY JN,0.0,773
12802,2026-08-14,BBU,BHABUA ROAD,4.0,826
12802,2026-08-14,SSM,SASARAM,6.0,873
12802,2026-08-14,DOS,DEHRI ON SONE,7.0,891
12802,2026-08-14,AUBR,ANUGRAHA N ROAD,11.0,908
12802,2026-08-14,GAYA,GAYA JN,4.0,976
12802,2026-08-14,PRP,PAHARPUR,25.0,1008
12802,2026-08-14,KQR,KODERMA,28.0,1052
12802,2026-08-14,HZD,HAZARIBAGH RD,43.0,1101
12802,2026-08-14,PNME,PARASNATH,58.0,1128
12802,2026-08-14,GMO,NSC BOSE J GOMO,53.0,1146
12802,2026-08-14,CRP,CHANDRAPURA,54.0,1163
12802,2026-08-14,BKSC,BOKARO STL CITY,46.0,1178
12802,2026-08-14,PRR,PURULIA JN,27.0,1239
12802,2026-08-14,BBM,BARABHUM,27.0,1270
12802,2026-08-14,CNI,CHANDIL JN,17.0,1293
12802,2026-08-14,TATA,TATANAGAR JN,8.0,1329
12802,2026-08-14,GTS,GHATSILA,0.0,1365
12802,2026-08-14,HIJ,HIJILLI,0.0,1463
12802,2026-08-14,BLS,BALASORE,0.0,1575
12802,2026-08-14,BHC,BHADRAKH,9.0,1637
12802,2026-08-14,JJKR,JAJPUR K ROAD,16.0,1681
12802,2026-08-14,CTC,CUTTACK,45.0,1753
12802,2026-08-14,BBS,BHUBANESWAR,48.0,1781
12802,2026-08-14,KUR,KHURDA ROAD JN,35.0,1800
12802,2026-08-14,PURI,PURI,-8.0,1843
12802,2026-08-15,ANVT,ANAND VIHAR TRM,0.0,0
12802,2026-08-15,GOY,GOVINDPURI,15.0,424
12802,2026-08-15,FTP,FATEHPUR,39.0,504
12802,2026-08-15,PRYJ,PRAYAGRAJ JN,2.0,621
12802,2026-08-15,BDL,VINDHYACHAL,,702
12802,2026-08-15,MZP,MIRZAPUR,0.0,710
12802,2026-08-15,CAR,CHUNAR,5.0,741
12802,2026-08-15,DDU,PT DEEN DAYAL UPADHYAY JN,0.0,773
12802,2026-08-15,BBU,BHABUA ROAD,5.0,826
12802,2026-08-15,SSM,SASARAM,6.0,873
12802,2026-08-15,DOS,DEHRI ON SONE,12.0,891
12802,2026-08-15,AUBR,ANUGRAHA N ROAD,10.0,908
12802,2026-08-15,GAYA,GAYA JN,17.0,976
12802,2026-08-15,PRP,PAHARPUR,10.0,1008
12802,2026-08-15,KQR,KODERMA,23.0,1052
12802,2026-08-15,HZD,HAZARIBAGH RD,29.0,1101
12802,2026-08-15,PNME,PARASNATH,47.0,1128
12802,2026-08-15,GMO,NSC BOSE J GOMO,43.0,1146
12802,2026-08-15,CRP,CHANDRAPURA,45.0,1163
12802,2026-08-15,BKSC,BOKARO STL CITY,39.0,1178
12802,2026-08-15,PRR,PURULIA JN,32.0,1239
12802,2026-08-15,BBM,BARABHUM,33.0,1270
12802,2026-08-15,CNI,CHANDIL JN,24.0,1293
12802,2026-08-15,TATA,TATANAGAR JN,39.0,1329
12802,2026-08-15,GTS,GHATSILA,49.0,1365
12802,2026-08-15,HIJ,HIJILLI,35.0,1463
12802,2026-08-15,BLS,BALASORE,53.0,1575
12802,2026-08-15,BHC,BHADRAKH,52.0,1637
12802,2026-08-15,JJKR,JAJPUR K ROAD,59.0,1681
12802,2026-08-15,CTC,CUTTACK,130.0,1753
12802,2026-08-15,BBS,BHUBANESWAR,128.0,1781
12802,2026-08-15,KUR,KHURDA ROAD JN,133.0,1800
12802,2026-08-15,PURI,PURI,78.0,1843
12802,2026-08-16,ANVT,ANAND VIHAR TRM,1.0,0
12802,2026-08-16,GOY,GOVINDPURI,20.0,424
12802,2026-08-16,FTP,FATEHPUR,27.0,504
12802,2026-08-16,PRYJ,PRAYAGRAJ JN,18.0,621
12802,2026-08-16,BDL,VINDHYACHAL,,702
12802,2026-08-16,MZP,MIRZAPUR,21.0,710
12802,2026-08-16,CAR,CHUNAR,22.0,741
12802,2026-08-16,DDU,PT DEEN DAYAL UPADHYAY JN,2.0,773
12802,2026-08-16,BBU,BHABUA ROAD,11.0,826
12802,2026-08-16,SSM,SASARAM,12.0,873
12802,2026-08-16,DOS,DEHRI ON SONE,12.0,891
12802,2026-08-16,AUBR,ANUGRAHA N ROAD,11.0,908
12802,2026-08-16,GAYA,GAYA JN,6.0,976
12802,2026-08-16,PRP,PAHARPUR,20.0,1008
12802,2026-08-16,KQR,KODERMA,42.0,1052
12802,2026-08-16,HZD,HAZARIBAGH RD,43.0,1101
12802,2026-08-16,PNME,PARASNATH,53.0,1128
12802,2026-08-16,GMO,NSC BOSE J GOMO,26.0,1146
12802,2026-08-16,CRP,CHANDRAPURA,19.0,1163
12802,2026-08-16,BKSC,BOKARO STL CITY,46.0,1178
12802,2026-08-16,PRR,PURULIA JN,33.0,1239
12802,2026-08-16,BBM,BARABHUM,34.0,1270
12802,2026-08-16,CNI,CHANDIL JN,24.0,1293
12802,2026-08-16,TATA,TATANAGAR JN,54.0,1329
12802,2026-08-16,GTS,GHATSILA,41.0,1365
12802,2026-08-16,HIJ,HIJILLI,70.0,1463
12802,2026-08-16,BLS,BALASORE,42.0,1575
12802,2026-08-16,BHC,BHADRAKH,47.0,1637
12802,2026-08-16,JJKR,JAJPUR K ROAD,57.0,1681
12802,2026-08-16,CTC,CUTTACK,95.0,1753
12802,2026-08-16,BBS,BHUBANESWAR,82.0,1781
12802,2026-08-16,KUR,KHURDA ROAD JN,65.0,1800
12802,2026-08-16,PURI,PURI,25.0,1843
12802,2026-08-17,ANVT,ANAND VIHAR TRM,1.0,0
12802,2026-08-17,GOY,GOVINDPURI,7.0,424
12802,2026-08-17,FTP,FATEHPUR,20.0,504
12802,2026-08-17,PRYJ,PRAYAGRAJ JN,1.0,621
12802,2026-08-17,BDL,VINDHYACHAL,,702
12802,2026-08-17,MZP,MIRZAPUR,14.0,710
12802,2026-08-17,CAR,CHUNAR,31.0,741
12802,2026-08-17,DDU,PT DEEN DAYAL UPADHYAY JN,2.0,773
12802,2026-08-17,BBU,BHABUA ROAD,8.0,826
12802,2026-08-17,SSM,SASARAM,8.0,873
12802,2026-08-17,DOS,DEHRI ON SONE,10.0,891
12802,2026-08-17,AUBR,ANUGRAHA N ROAD,8.0,908
12802,2026-08-17,GAYA,GAYA JN,17.0,976
12802,2026-08-17,PRP,PAHARPUR,54.0,1008
12802,2026-08-17,KQR,KODERMA,59.0,1052
12802,2026-08-17,HZD,HAZARIBAGH RD,67.0,1101
12802,2026-08-17,PNME,PARASNATH,110.0,1128
12802,2026-08-17,GMO,NSC BOSE J GOMO,93.0,1146
12802,2026-08-17,CRP,CHANDRAPURA,94.0,1163
12802,2026-08-17,BKSC,BOKARO STL CITY,83.0,1178
12802,2026-08-17,PRR,PURULIA JN,70.0,1239
12802,2026-08-17,BBM,BARABHUM,71.0,1270
12802,2026-08-17,CNI,CHANDIL JN,68.0,1293
12802,2026-08-17,TATA,TATANAGAR JN,61.0,1329
12802,2026-08-17,GTS,GHATSILA,52.0,1365
12802,2026-08-17,HIJ,HIJILLI,76.0,1463
12802,2026-08-17,BLS,BALASORE,52.0,1575
12802,2026-08-17,BHC,BHADRAKH,57.0,1637
12802,2026-08-17,JJKR,JAJPUR K ROAD,71.0,1681
12802,2026-08-17,CTC,CUTTACK,99.0,1753
12802,2026-08-17,BBS,BHUBANESWAR,93.0,1781
12802,2026-08-17,KUR,KHURDA ROAD JN,117.0,1800
12802,2026-08-17,PURI,PURI,57.0,1843
12802,2026-08-18,ANVT,ANAND VIHAR TRM,4.0,0
12802,2026-08-18,GOY,GOVINDPURI,22.0,424
12802,2026-08-18,FTP,FATEHPUR,31.0,504
12802,2026-08-18,PRYJ,PRAYAGRAJ JN,17.0,621
12802,2026-08-18,BDL,VINDHYACHAL,,702
12802,2026-08-18,MZP,MIRZAPUR,22.0,710
12802,2026-08-18,CAR,CHUNAR,22.0,741
12802,2026-08-18,DDU,PT DEEN DAYAL UPADHYAY JN,0.0,773
12802,2026-08-18,BBU,BHABUA ROAD,6.0,826
12802,2026-08-18,SSM,SASARAM,8.0,873
12802,2026-08-18,DOS,DEHRI ON SONE,12.0,891
12802,2026-08-18,AUBR,ANUGRAHA N ROAD,11.0,908
12802,2026-08-18,GAYA,GAYA JN,12.0,976
12802,2026-08-18,PRP,PAHARPUR,2.0,1008
12802,2026-08-18,KQR,KODERMA,6.0,1052
12802,2026-08-18,HZD,HAZARIBAGH RD,56.0,1101
12802,2026-08-18,PNME,PARASNATH,76.0,1128
12802,2026-08-18,GMO,NSC BOSE J GOMO,63.0,1146
12802,2026-08-18,CRP,CHANDRAPURA,62.0,1163
12802,2026-08-18,BKSC,BOKARO STL CITY,53.0,1178
12802,2026-08-18,PRR,PURULIA JN,31.0,1239
12802,2026-08-18,BBM,BARABHUM,36.0,1270
12802,2026-08-18,CNI,CHANDIL JN,32.0,1293
12802,2026-08-18,TATA,TATANAGAR JN,24.0,1329
12802,2026-08-18,GTS,GHATSILA,17.0,1365
12802,2026-08-18,HIJ,HIJILLI,0.0,1463
12802,2026-08-18,BLS,BALASORE,2.0,1575
12802,2026-08-18,BHC,BHADRAKH,11.0,1637
12802,2026-08-18,JJKR,JAJPUR K ROAD,20.0,1681
12802,2026-08-18,CTC,CUTTACK,49.0,1753
12802,2026-08-18,BBS,BHUBANESWAR,51.0,1781
12802,2026-08-18,KUR,KHURDA ROAD JN,56.0,1800
12802,2026-08-18,PURI,PURI,28.0,1843
12802,2026-08-19,ANVT,ANAND VIHAR TRM,0.0,0
12802,2026-08-19,GOY,GOVINDPURI,16.0,424
12802,2026-08-19,FTP,FATEHPUR,26.0,504
12802,2026-08-19,PRYJ,PRAYAGRAJ JN,1.0,621
12802,2026-08-19,BDL,VINDHYACHAL,,702
12802,2026-08-19,MZP,MIRZAPUR,11.0,710
12802,2026-08-19,CAR,CHUNAR,15.0,741
12802,2026-08-19,DDU,PT DEEN DAYAL UPADHYAY JN,0.0,773
12802,2026-08-19,BBU,BHABUA ROAD,3.0,826
12802,2026-08-19,SSM,SASARAM,4.0,873
12802,2026-08-19,DOS,DEHRI ON SONE,8.0,891
12802,2026-08-19,AUBR,ANUGRAHA N ROAD,7.0,908
12802,2026-08-19,GAYA,GAYA JN,6.0,976
12802,2026-08-19,PRP,PAHARPUR,1.0,1008
12802,2026-08-19,KQR,KODERMA,15.0,1052
12802,2026-08-19,HZD,HAZARIBAGH RD,53.0,1101
12802,2026-08-19,PNME,PARASNATH,51.0,1128
12802,2026-08-19,GMO,NSC BOSE J GOMO,54.0,1146
12802,2026-08-19,CRP,CHANDRAPURA,48.0,1163
12802,2026-08-19,BKSC,BOKARO STL CITY,49.0,1178
12802,2026-08-19,PRR,PURULIA JN,30.0,1239
12802,2026-08-19,BBM,BARABHUM,27.0,1270
12802,2026-08-19,CNI,CHANDIL JN,17.0,1293
12802,2026-08-19,TATA,TATANAGAR JN,17.0,1329
12802,2026-08-19,GTS,GHATSILA,7.0,1365
12802,2026-08-19,HIJ,HIJILLI,4.0,1463
12802,2026-08-19,BLS,BALASORE,0.0,1575
12802,2026-08-19,BHC,BHADRAKH,10.0,1637
12802,2026-08-19,JJKR,JAJPUR K ROAD,28.0,1681
12802,2026-08-19,CTC,CUTTACK,36.0,1753
12802,2026-08-19,BBS,BHUBANESWAR,63.0,1781
12802,2026-08-19,KUR,KHURDA ROAD JN,60.0,1800
12802,2026-08-19,PURI,PURI,7.0,1843
12802,2026-08-20,ANVT,ANAND VIHAR TRM,1.0,0
12802,2026-08-20,GOY,GOVINDPURI,1.0,424
12802,2026-08-20,FTP,FATEHPUR,20.0,504
12802,2026-08-20,PRYJ,PRAYAGRAJ JN,0.0,621
12802,2026-08-20,BDL,VINDHYACHAL,,702
12802,2026-08-20,MZP,MIRZAPUR,13.0,710
12802,2026-08-20,CAR,CHUNAR,18.0,741
12802,2026-08-20,DDU,PT DEEN DAYAL UPADHYAY JN,5.0,773
12802,2026-08-20,BBU,BHABUA ROAD,12.0,826
12802,2026-08-20,SSM,SASARAM,20.0,873
12802,2026-08-20,DOS,DEHRI ON SONE,22.0,891
12802,2026-08-20,AUBR,ANUGRAHA N ROAD,22.0,908
12802,2026-08-20,GAYA,GAYA JN,19.0,976
12802,2026-08-20,PRP,PAHARPUR,22.0,1008
12802,2026-08-20,KQR,KODERMA,39.0,1052
12802,2026-08-20,HZD,HAZARIBAGH RD,45.0,1101
12802,2026-08-20,PNME,PARASNATH,62.0,1128
12802,2026-08-20,GMO,NSC BOSE J GOMO,47.0,1146
12802,2026-08-20,CRP,CHANDRAPURA,55.0,1163
12802,2026-08-20,BKSC,BOKARO STL CITY,42.0,1178
12802,2026-08-20,PRR,PURULIA JN,20.0,1239
12802,2026-08-20,BBM,BARABHUM,33.0,1270
12802,2026-08-20,CNI,CHANDIL JN,20.0,1293
12802,2026-08-20,TATA,TATANAGAR JN,24.0,1329
12802,2026-08-20,GTS,GHATSILA,27.0,1365
12802,2026-08-20,HIJ,HIJILLI,0.0,1463
12802,2026-08-20,BLS,BALASORE,21.0,1575
12802,2026-08-20,BHC,BHADRAKH,35.0,1637
12802,2026-08-20,JJKR,JAJPUR K ROAD,45.0,1681
12802,2026-08-20,CTC,CUTTACK,77.0,1753
12802,2026-08-20,BBS,BHUBANESWAR,76.0,1781
12802,2026-08-20,KUR,KHURDA ROAD JN,80.0,1800
12802,2026-08-20,PURI,PURI,30.0,1843
12802,2026-08-21,ANVT,ANAND VIHAR TRM,1.0,0
12802,2026-08-21,GOY,GOVINDPURI,5.0,424
12802,2026-08-21,FTP,FATEHPUR,69.0,504
12802,2026-08-21,PRYJ,PRAYAGRAJ JN,48.0,621
12802,2026-08-21,BDL,VINDHYACHAL,,702
12802,2026-08-21,MZP,MIRZAPUR,50.0,710
12802,2026-08-21,CAR,CHUNAR,52.0,741
12802,2026-08-21,DDU,PT DEEN DAYAL UPADHYAY JN,20.0,773
12802,2026-08-21,BBU,BHABUA ROAD,24.0,826
12802,2026-08-21,SSM,SASARAM,25.0,873
12802,2026-08-21,DOS,DEHRI ON SONE,28.0,891
12802,2026-08-21,AUBR,ANUGRAHA N ROAD,26.0,908
12802,2026-08-21,GAYA,GAYA JN,18.0,976
12802,2026-08-21,PRP,PAHARPUR,10.0,1008
12802,2026-08-21,KQR,KODERMA,28.0,1052
12802,2026-08-21,HZD,HAZARIBAGH RD,38.0,1101
12802,2026-08-21,PNME,PARASNATH,54.0,1128
12802,2026-08-21,GMO,NSC BOSE J GOMO,40.0,1146
12802,2026-08-21,CRP,CHANDRAPURA,45.0,1163
12802,2026-08-21,BKSC,BOKARO STL CITY,37.0,1178
12802,2026-08-21,PRR,PURULIA JN,23.0,1239
12802,2026-08-21,BBM,BARABHUM,33.0,1270
12802,2026-08-21,CNI,CHANDIL JN,23.0,1293
12802,2026-08-21,TATA,TATANAGAR JN,21.0,1329
12802,2026-08-21,GTS,GHATSILA,12.0,1365
12802,2026-08-21,HIJ,HIJILLI,4.0,1463
12802,2026-08-21,BLS,BALASORE,17.0,1575
12802,2026-08-21,BHC,BHADRAKH,28.0,1637
12802,2026-08-21,JJKR,JAJPUR K ROAD,32.0,1681
12802,2026-08-21,CTC,CUTTACK,52.0,1753
12802,2026-08-21,BBS,BHUBANESWAR,52.0,1781
12802,2026-08-21,KUR,KHURDA ROAD JN,55.0,1800
12802,2026-08-21,PURI,PURI,-3.0,1843
12802,2026-08-22,ANVT,ANAND VIHAR TRM,0.0,0
12802,2026-08-22,GOY,GOVINDPURI,15.0,424
12802,2026-08-22,FTP,FATEHPUR,36.0,504
12802,2026-08-22,PRYJ,PRAYAGRAJ JN,30.0,621
12802,2026-08-22,BDL,VINDHYACHAL,,702
12802,2026-08-22,MZP,MIRZAPUR,35.0,710
12802,2026-08-22,CAR,CHUNAR,33.0,741
12802,2026-08-22,DDU,PT DEEN DAYAL UPADHYAY JN,1.0,773
12802,2026-08-22,BBU,BHABUA ROAD,5.0,826
12802,2026-08-22,SSM,SASARAM,6.0,873
12802,2026-08-22,DOS,DEHRI ON SONE,9.0,891
12802,2026-08-22,AUBR,ANUGRAHA N ROAD,7.0,908
12802,2026-08-22,GAYA,GAYA JN,12.0,976
12802,2026-08-22,PRP,PAHARPUR,4.0,1008
12802,2026-08-22,KQR,KODERMA,17.0,1052
12802,2026-08-22,HZD,HAZARIBAGH RD,23.0,1101
12802,2026-08-22,PNME,PARASNATH,49.0,1128
12802,2026-08-22,GMO,NSC BOSE J GOMO,32.0,1146
12802,2026-08-22,CRP,CHANDRAPURA,31.0,1163
12802,2026-08-22,BKSC,BOKARO STL CITY,22.0,1178
12802,2026-08-22,PRR,PURULIA JN,15.0,1239
12802,2026-08-22,BBM,BARABHUM,20.0,1270
12802,2026-08-22,CNI,CHANDIL JN,9.0,1293
12802,2026-08-22,TATA,TATANAGAR JN,16.0,1329
12802,2026-08-22,GTS,GHATSILA,10.0,1365
12802,2026-08-22,HIJ,HIJILLI,0.0,1463
12802,2026-08-22,BLS,BALASORE,0.0,1575
12802,2026-08-22,BHC,BHADRAKH,7.0,1637
12802,2026-08-22,JJKR,JAJPUR K ROAD,14.0,1681
12802,2026-08-22,CTC,CUTTACK,35.0,1753
12802,2026-08-22,BBS,BHUBANESWAR,30.0,1781
12802,2026-08-22,KUR,KHURDA ROAD JN,31.0,1800
12802,2026-08-22,PURI,PURI,-22.0,1843
12802,2026-08-23,ANVT,ANAND VIHAR TRM,3.0,0
12802,2026-08-23,GOY,GOVINDPURI,0.0,424
12802,2026-08-23,FTP,FATEHPUR,34.0,504
12802,2026-08-23,PRYJ,PRAYAGRAJ JN,8.0,621
12802,2026-08-23,BDL,VINDHYACHAL,,702
12802,2026-08-23,MZP,MIRZAPUR,52.0,710
12802,2026-08-23,CAR,CHUNAR,45.0,741
12802,2026-08-23,DDU,PT DEEN DAYAL UPADHYAY JN,14.0,773
12802,2026-08-23,BBU,BHABUA ROAD,36.0,826
12802,2026-08-23,SSM,SASARAM,39.0,873
12802,2026-08-23,DOS,DEHRI ON SONE,41.0,891
12802,2026-08-23,AUBR,ANUGRAHA N ROAD,40.0,908
12802,2026-08-23,GAYA,GAYA JN,16.0,976
12802,2026-08-23,PRP,PAHARPUR,0.0,1008
12802,2026-08-23,KQR,KODERMA,46.0,1052
12802,2026-08-23,HZD,HAZARIBAGH RD,53.0,1101
12802,2026-08-23,PNME,PARASNATH,51.0,1128
12802,2026-08-23,GMO,NSC BOSE J GOMO,57.0,1146
12802,2026-08-23,CRP,CHANDRAPURA,60.0,1163
12802,2026-08-23,BKSC,BOKARO STL CITY,51.0,1178
12802,2026-08-23,PRR,PURULIA JN,38.0,1239
12802,2026-08-23,BBM,BARABHUM,50.0,1270
12802,2026-08-23,CNI,CHANDIL JN,41.0,1293
12802,2026-08-23,TATA,TATANAGAR JN,80.0,1329
12802,2026-08-23,GTS,GHATSILA,65.0,1365
12802,2026-08-23,HIJ,HIJILLI,92.0,1463
12802,2026-08-23,BLS,BALASORE,104.0,1575
12802,2026-08-23,BHC,BHADRAKH,106.0,1637
12802,2026-08-23,JJKR,JAJPUR K ROAD,113.0,1681
12802,2026-08-23,CTC,CUTTACK,139.0,1753
12802,2026-08-23,BBS,BHUBANESWAR,147.0,1781
12802,2026-08-23,KUR,KHURDA ROAD JN,142.0,1800
12802,2026-08-23,PURI,PURI,102.0,1843
12802,2026-08-24,ANVT,ANAND VIHAR TRM,0.0,0
12802,2026-08-24,GOY,GOVINDPURI,37.0,424
12802,2026-08-24,FTP,FATEHPUR,53.0,504
12802,2026-08-24,PRYJ,PRAYAGRAJ JN,10.0,621
12802,2026-08-24,BDL,VINDHYACHAL,,702
12802,2026-08-24,MZP,MIRZAPUR,16.0,710
12802,2026-08-24,CAR,CHUNAR,17.0,741
12802,2026-08-24,DDU,PT DEEN DAYAL UPADHYAY JN,0.0,773
12802,2026-08-24,BBU,BHABUA ROAD,6.0,826
12802,2026-08-24,SSM,SASARAM,7.0,873
12802,2026-08-24,DOS,DEHRI ON SONE,8.0,891
12802,2026-08-24,AUBR,ANUGRAHA N ROAD,10.0,908
12802,2026-08-24,GAYA,GAYA JN,5.0,976
12802,2026-08-24,PRP,PAHARPUR,0.0,1008
12802,2026-08-24,KQR,KODERMA,8.0,1052
12802,2026-08-24,HZD,HAZARIBAGH RD,21.0,1101
12802,2026-08-24,PNME,PARASNATH,67.0,1128
12802,2026-08-24,GMO,NSC BOSE J GOMO,63.0,1146
12802,2026-08-24,CRP,CHANDRAPURA,57.0,1163
12802,2026-08-24,BKSC,BOKARO STL CITY,48.0,1178
12802,2026-08-24,PRR,PURULIA JN,29.0,1239
12802,2026-08-24,BBM,BARABHUM,0.0,1270
12802,2026-08-24,CNI,CHANDIL JN,23.0,1293
12802,2026-08-24,TATA,TATANAGAR JN,33.0,1329
12802,2026-08-24,GTS,GHATSILA,41.0,1365
12802,2026-08-24,HIJ,HIJILLI,25.0,1463
12802,2026-08-24,BLS,BALASORE,85.0,1575
12802,2026-08-24,BHC,BHADRAKH,84.0,1637
12802,2026-08-24,JJKR,JAJPUR K ROAD,92.0,1681
12802,2026-08-24,CTC,CUTTACK,113.0,1753
12802,2026-08-24,BBS,BHUBANESWAR,110.0,1781
12802,2026-08-24,KUR,KHURDA ROAD JN,122.0,1800
12802,2026-08-24,PURI,PURI,63.0,1843
12802,2026-08-25,ANVT,ANAND VIHAR TRM,3.0,0
12802,2026-08-25,GOY,GOVINDPURI,42.0,424
12802,2026-08-25,FTP,FATEHPUR,48.0,504
12802,2026-08-25,PRYJ,PRAYAGRAJ JN,13.0,621
12802,2026-08-25,BDL,VINDHYACHAL,,702
12802,2026-08-25,MZP,MIRZAPUR,15.0,710
12802,2026-08-25,CAR,CHUNAR,17.0,741
12802,2026-08-25,DDU,PT DEEN DAYAL UPADHYAY JN,1.0,773
12802,2026-08-25,BBU,BHABUA ROAD,9.0,826
12802,2026-08-25,SSM,SASARAM,11.0,873
12802,2026-08-25,DOS,DEHRI ON SONE,22.0,891
12802,2026-08-25,AUBR,ANUGRAHA N ROAD,21.0,908
12802,2026-08-25,GAYA,GAYA JN,19.0,976
12802,2026-08-25,PRP,PAHARPUR,17.0,1008
12802,2026-08-25,KQR,KODERMA,39.0,1052
12802,2026-08-25,HZD,HAZARIBAGH RD,42.0,1101
12802,2026-08-25,PNME,PARASNATH,50.0,1128
12802,2026-08-25,GMO,NSC BOSE J GOMO,36.0,1146
12802,2026-08-25,CRP,CHANDRAPURA,30.0,1163
12802,2026-08-25,BKSC,BOKARO STL CITY,25.0,1178
12802,2026-08-25,PRR,PURULIA JN,15.0,1239
12802,2026-08-25,BBM,BARABHUM,17.0,1270
12802,2026-08-25,CNI,CHANDIL JN,14.0,1293
12802,2026-08-25,TATA,TATANAGAR JN,40.0,1329
12802,2026-08-25,GTS,GHATSILA,65.0,1365
12802,2026-08-25,HIJ,HIJILLI,50.0,1463
12802,2026-08-25,BLS,BALASORE,75.0,1575
12802,2026-08-25,BHC,BHADRAKH,99.0,1637
12802,2026-08-25,JJKR,JAJPUR K ROAD,110.0,1681
12802,2026-08-25,CTC,CUTTACK,143.0,1753
12802,2026-08-25,BBS,BHUBANESWAR,143.0,1781
12802,2026-08-25,KUR,KHURDA ROAD JN,154.0,1800
12802,2026-08-25,PURI,PURI,108.0,1843
12802,2026-08-26,ANVT,ANAND VIHAR TRM,0.0,0
12802,2026-08-26,GOY,GOVINDPURI,12.0,424
12802,2026-08-26,FTP,FATEHPUR,41.0,504
12802,2026-08-26,PRYJ,PRAYAGRAJ JN,3.0,621
12802,2026-08-26,BDL,VINDHYACHAL,,702
12802,2026-08-26,MZP,MIRZAPUR,14.0,710
12802,2026-08-26,CAR,CHUNAR,15.0,741
12802,2026-08-26,DDU,PT DEEN DAYAL UPADHYAY JN,5.0,773
12802,2026-08-26,BBU,BHABUA ROAD,12.0,826
12802,2026-08-26,SSM,SASARAM,13.0,873
12802,2026-08-26,DOS,DEHRI ON SONE,14.0,891
12802,2026-08-26,AUBR,ANUGRAHA N ROAD,12.0,908
12802,2026-08-26,GAYA,GAYA JN,4.0,976
12802,2026-08-26,PRP,PAHARPUR,9.0,1008
12802,2026-08-26,KQR,KODERMA,22.0,1052
12802,2026-08-26,HZD,HAZARIBAGH RD,40.0,1101
12802,2026-08-26,PNME,PARASNATH,59.0,1128
12802,2026-08-26,GMO,NSC BOSE J GOMO,43.0,1146
12802,2026-08-26,CRP,CHANDRAPURA,43.0,1163
12802,2026-08-26,BKSC,BOKARO STL CITY,39.0,1178
12802,2026-08-26,PRR,PURULIA JN,29.0,1239
12802,2026-08-26,BBM,BARABHUM,37.0,1270
12802,2026-08-26,CNI,CHANDIL JN,35.0,1293
12802,2026-08-26,TATA,TATANAGAR JN,30.0,1329
12802,2026-08-26,GTS,GHATSILA,40.0,1365
12802,2026-08-26,HIJ,HIJILLI,75.0,1463
12802,2026-08-26,BLS,BALASORE,81.0,1575
12802,2026-08-26,BHC,BHADRAKH,85.0,1637
12802,2026-08-26,JJKR,JAJPUR K ROAD,94.0,1681
12802,2026-08-26,CTC,CUTTACK,116.0,1753
12802,2026-08-26,BBS,BHUBANESWAR,111.0,1781
12802,2026-08-26,KUR,KHURDA ROAD JN,119.0,1800
12802,2026-08-26,PURI,PURI,68.0,1843
12802,2026-08-27,ANVT,ANAND VIHAR TRM,3.0,0
12802,2026-08-27,GOY,GOVINDPURI,18.0,424
12802,2026-08-27,FTP,FATEHPUR,59.0,504
12802,2026-08-27,PRYJ,PRAYAGRAJ JN,15.0,621
12802,2026-08-27,BDL,VINDHYACHAL,,702
12802,2026-08-27,MZP,MIRZAPUR,19.0,710
12802,2026-08-27,CAR,CHUNAR,30.0,741
12802,2026-08-27,DDU,PT DEEN DAYAL UPADHYAY JN,0.0,773
12802,2026-08-27,BBU,BHABUA ROAD,11.0,826
12802,2026-08-27,SSM,SASARAM,14.0,873
12802,2026-08-27,DOS,DEHRI ON SONE,18.0,891
12802,2026-08-27,AUBR,ANUGRAHA N ROAD,17.0,908
12802,2026-08-27,GAYA,GAYA JN,9.0,976
12802,2026-08-27,PRP,PAHARPUR,19.0,1008
12802,2026-08-27,KQR,KODERMA,25.0,1052
12802,2026-08-27,HZD,HAZARIBAGH RD,45.0,1101
12802,2026-08-27,PNME,PARASNATH,52.0,1128
12802,2026-08-27,GMO,NSC BOSE J GOMO,36.0,1146
12802,2026-08-27,CRP,CHANDRAPURA,34.0,1163
12802,2026-08-27,BKSC,BOKARO STL CITY,26.0,1178
12802,2026-08-27,PRR,PURULIA JN,23.0,1239
12802,2026-08-27,BBM,BARABHUM,28.0,1270
12802,2026-08-27,CNI,CHANDIL JN,18.0,1293
12802,2026-08-27,TATA,TATANAGAR JN,12.0,1329
12802,2026-08-27,GTS,GHATSILA,5.0,1365
12802,2026-08-27,HIJ,HIJILLI,0.0,1463
12802,2026-08-27,BLS,BALASORE,124.0,1575
12802,2026-08-27,BHC,BHADRAKH,136.0,1637
12802,2026-08-27,JJKR,JAJPUR K ROAD,145.0,1681
12802,2026-08-27,CTC,CUTTACK,198.0,1753
12802,2026-08-27,BBS,BHUBANESWAR,214.0,1781
12802,2026-08-27,KUR,KHURDA ROAD JN,215.0,1800
12802,2026-08-27,PURI,PURI,155.0,1843
12802,2026-08-28,ANVT,ANAND VIHAR TRM,0.0,0
12802,2026-08-28,GOY,GOVINDPURI,11.0,424
12802,2026-08-28,FTP,FATEHPUR,19.0,504
12802,2026-08-28,PRYJ,PRAYAGRAJ JN,0.0,621
12802,2026-08-28,BDL,VINDHYACHAL,,702
12802,2026-08-28,MZP,MIRZAPUR,0.0,710
12802,2026-08-28,CAR,CHUNAR,1.0,741
12802,2026-08-28,DDU,PT DEEN DAYAL UPADHYAY JN,0.0,773
12802,2026-08-28,BBU,BHABUA ROAD,3.0,826
12802,2026-08-28,SSM,SASARAM,2.0,873
12802,2026-08-28,DOS,DEHRI ON SONE,2.0,891
12802,2026-08-28,AUBR,ANUGRAHA N ROAD,3.0,908
12802,2026-08-28,GAYA,GAYA JN,1.0,976
12802,2026-08-28,PRP,PAHARPUR,0.0,1008
12802,2026-08-28,KQR,KODERMA,51.0,1052
12802,2026-08-28,HZD,HAZARIBAGH RD,55.0,1101
12802,2026-08-28,PNME,PARASNATH,66.0,1128
12802,2026-08-28,GMO,NSC BOSE J GOMO,48.0,1146
12802,2026-08-28,CRP,CHANDRAPURA,45.0,1163
12802,2026-08-28,BKSC,BOKARO STL CITY,33.0,1178
12802,2026-08-28,PRR,PURULIA JN,17.0,1239
12802,2026-08-28,BBM,BARABHUM,21.0,1270
12802,2026-08-28,CNI,CHANDIL JN,10.0,1293
12802,2026-08-28,TATA,TATANAGAR JN,5.0,1329
12802,2026-08-28,GTS,GHATSILA,0.0,1365
12802,2026-08-28,HIJ,HIJILLI,9.0,1463
12802,2026-08-28,BLS,BALASORE,138.0,1575
12802,2026-08-28,BHC,BHADRAKH,143.0,1637
12802,2026-08-28,JJKR,JAJPUR K ROAD,155.0,1681
12802,2026-08-28,CTC,CUTTACK,205.0,1753
12802,2026-08-28,BBS,BHUBANESWAR,203.0,1781
12802,2026-08-28,KUR,KHURDA ROAD JN,208.0,1800
12802,2026-08-28,PURI,PURI,150.0,1843
12802,2026-08-29,ANVT,ANAND VIHAR TRM,0.0,0
12802,2026-08-29,GOY,GOVINDPURI,12.0,424
12802,2026-08-29,FTP,FATEHPUR,18.0,504
12802,2026-08-29,PRYJ,PRAYAGRAJ JN,0.0,621
12802,2026-08-29,BDL,VINDHYACHAL,,702
12802,2026-08-29,MZP,MIRZAPUR,15.0,710
12802,2026-08-29,CAR,CHUNAR,15.0,741
12802,2026-08-29,DDU,PT DEEN DAYAL UPADHYAY JN,0.0,773
12802,2026-08-29,BBU,BHABUA ROAD,7.0,826
12802,2026-08-29,SSM,SASARAM,9.0,873
12802,2026-08-29,DOS,DEHRI ON SONE,15.0,891
12802,2026-08-29,AUBR,ANUGRAHA N ROAD,14.0,908
12802,2026-08-29,GAYA,GAYA JN,9.0,976
12802,2026-08-29,PRP,PAHARPUR,11.0,1008
12802,2026-08-29,KQR,KODERMA,40.0,1052
12802,2026-08-29,HZD,HAZARIBAGH RD,45.0,1101
12802,2026-08-29,PNME,PARASNATH,62.0,1128
12802,2026-08-29,GMO,NSC BOSE J GOMO,48.0,1146
12802,2026-08-29,CRP,CHANDRAPURA,47.0,1163
12802,2026-08-29,BKSC,BOKARO STL CITY,40.0,1178
12802,2026-08-29,PRR,PURULIA JN,33.0,1239
12802,2026-08-29,BBM,BARABHUM,40.0,1270
12802,2026-08-29,CNI,CHANDIL JN,30.0,1293
12802,2026-08-29,TATA,TATANAGAR JN,16.0,1329
12802,2026-08-29,GTS,GHATSILA,17.0,1365
12802,2026-08-29,HIJ,HIJILLI,32.0,1463
12802,2026-08-29,BLS,BALASORE,165.0,1575
12802,2026-08-29,BHC,BHADRAKH,162.0,1637
12802,2026-08-29,JJKR,JAJPUR K ROAD,176.0,1681
12802,2026-08-29,CTC,CUTTACK,203.0,1753
12802,2026-08-29,BBS,BHUBANESWAR,208.0,1781
12802,2026-08-29,KUR,KHURDA ROAD JN,214.0,1800
12802,2026-08-29,PURI,PURI,155.0,1843
12802,2026-08-30,ANVT,ANAND VIHAR TRM,3.0,0
12802,2026-08-30,GOY,GOVINDPURI,6.0,424
12802,2026-08-30,FTP,FATEHPUR,35.0,504
12802,2026-08-30,PRYJ,PRAYAGRAJ JN,13.0,621
12802,2026-08-30,BDL,VINDHYACHAL,,702
12802,2026-08-30,MZP,MIRZAPUR,23.0,710
12802,2026-08-30,CAR,CHUNAR,26.0,741
12802,2026-08-30,DDU,PT DEEN DAYAL UPADHYAY JN,1.0,773
12802,2026-08-30,BBU,BHABUA ROAD,10.0,826
12802,2026-08-30,SSM,SASARAM,13.0,873
12802,2026-08-30,DOS,DEHRI ON SONE,14.0,891
12802,2026-08-30,AUBR,ANUGRAHA N ROAD,13.0,908
12802,2026-08-30,GAYA,GAYA JN,9.0,976
12802,2026-08-30,PRP,PAHARPUR,0.0,1008
12802,2026-08-30,KQR,KODERMA,31.0,1052
12802,2026-08-30,HZD,HAZARIBAGH RD,52.0,1101
12802,2026-08-30,PNME,PARASNATH,100.0,1128
12802,2026-08-30,GMO,NSC BOSE J GOMO,92.0,1146
12802,2026-08-30,CRP,CHANDRAPURA,86.0,1163
12802,2026-08-30,BKSC,BOKARO STL CITY,94.0,1178
12802,2026-08-30,PRR,PURULIA JN,88.0,1239
12802,2026-08-30,BBM,BARABHUM,91.0,1270
12802,2026-08-30,CNI,CHANDIL JN,88.0,1293
12802,2026-08-30,TATA,TATANAGAR JN,68.0,1329
12802,2026-08-30,GTS,GHATSILA,92.0,1365
12802,2026-08-30,HIJ,HIJILLI,123.0,1463
12802,2026-08-30,BLS,BALASORE,132.0,1575
12802,2026-08-30,BHC,BHADRAKH,158.0,1637
12802,2026-08-30,JJKR,JAJPUR K ROAD,168.0,1681
12802,2026-08-30,CTC,CUTTACK,211.0,1753
12802,2026-08-30,BBS,BHUBANESWAR,219.0,1781
12802,2026-08-30,KUR,KHURDA ROAD JN,206.0,1800
12802,2026-08-30,PURI,PURI,142.0,1843
12802,2026-08-31,ANVT,ANAND VIHAR TRM,0.0,0
12802,2026-08-31,GOY,GOVINDPURI,19.0,424
12802,2026-08-31,FTP,FATEHPUR,24.0,504
12802,2026-08-31,PRYJ,PRAYAGRAJ JN,0.0,621
12802,2026-08-31,BDL,VINDHYACHAL,,702
12802,2026-08-31,MZP,MIRZAPUR,19.0,710
12802,2026-08-31,CAR,CHUNAR,25.0,741
12802,2026-08-31,DDU,PT DEEN DAYAL UPADHYAY JN,0.0,773
12802,2026-08-31,BBU,BHABUA ROAD,6.0,826
12802,2026-08-31,SSM,SASARAM,10.0,873
12802,2026-08-31,DOS,DEHRI ON SONE,11.0,891
12802,2026-08-31,AUBR,ANUGRAHA N ROAD,10.0,908
12802,2026-08-31,GAYA,GAYA JN,13.0,976
12802,2026-08-31,PRP,PAHARPUR,5.0,1008
12802,2026-08-31,KQR,KODERMA,49.0,1052
12802,2026-08-31,HZD,HAZARIBAGH RD,64.0,1101
12802,2026-08-31,PNME,PARASNATH,81.0,1128
12802,2026-08-31,GMO,NSC BOSE J GOMO,67.0,1146
12802,2026-08-31,CRP,CHANDRAPURA,70.0,1163
12802,2026-08-31,BKSC,BOKARO STL CITY,59.0,1178
12802,2026-08-31,PRR,PURULIA JN,42.0,1239
12802,2026-08-31,BBM,BARABHUM,49.0,1270
12802,2026-08-31,CNI,CHANDIL JN,39.0,1293
12802,2026-08-31,TATA,TATANAGAR JN,41.0,1329
12802,2026-08-31,GTS,GHATSILA,34.0,1365
12802,2026-08-31,HIJ,HIJILLI,62.0,1463
12802,2026-08-31,BLS,BALASORE,76.0,1575
12802,2026-08-31,BHC,BHADRAKH,74.0,1637
12802,2026-08-31,JJKR,JAJPUR K ROAD,86.0,1681
12802,2026-08-31,CTC,CUTTACK,109.0,1753
12802,2026-08-31,BBS,BHUBANESWAR,121.0,1781
12802,2026-08-31,KUR,KHURDA ROAD JN,127.0,1800
12802,2026-08-31,PURI,PURI,70.0,1843
12802,2026-09-01,ANVT,ANAND VIHAR TRM,1.0,0
12802,2026-09-01,GOY,GOVINDPURI,10.0,424
12802,2026-09-01,FTP,FATEHPUR,28.0,504
12802,2026-09-01,PRYJ,PRAYAGRAJ JN,9.0,621
12802,2026-09-01,BDL,VINDHYACHAL,,702
12802,2026-09-01,MZP,MIRZAPUR,27.0,710
12802,2026-09-01,CAR,CHUNAR,29.0,741
12802,2026-09-01,DDU,PT DEEN DAYAL UPADHYAY JN,0.0,773
12802,2026-09-01,BBU,BHABUA ROAD,3.0,826
12802,2026-09-01,SSM,SASARAM,7.0,873
12802,2026-09-01,DOS,DEHRI ON SONE,7.0,891
12802,2026-09-01,AUBR,ANUGRAHA N ROAD,6.0,908
12802,2026-09-01,GAYA,GAYA JN,1.0,976
12802,2026-09-01,PRP,PAHARPUR,9.0,1008
12802,2026-09-01,KQR,KODERMA,29.0,1052
12802,2026-09-01,HZD,HAZARIBAGH RD,30.0,1101
12802,2026-09-01,PNME,PARASNATH,39.0,1128
12802,2026-09-01,GMO,NSC BOSE J GOMO,22.0,1146
12802,2026-09-01,CRP,CHANDRAPURA,18.0,1163
12802,2026-09-01,BKSC,BOKARO STL CITY,13.0,1178
12802,2026-09-01,PRR,PURULIA JN,7.0,1239
12802,2026-09-01,BBM,BARABHUM,29.0,1270
12802,2026-09-01,CNI,CHANDIL JN,20.0,1293
12802,2026-09-01,TATA,TATANAGAR JN,16.0,1329
12802,2026-09-01,GTS,GHATSILA,5.0,1365
12802,2026-09-01,HIJ,HIJILLI,18.0,1463
12802,2026-09-01,BLS,BALASORE,0.0,1575
12802,2026-09-01,BHC,BHADRAKH,9.0,1637
12802,2026-09-01,JJKR,JAJPUR K ROAD,20.0,1681
12802,2026-09-01,CTC,CUTTACK,54.0,1753
12802,2026-09-01,BBS,BHUBANESWAR,35.0,1781
12802,2026-09-01,KUR,KHURDA ROAD JN,25.0,1800
12802,2026-09-01,PURI,PURI,-3.0,1843
12802,2026-09-02,ANVT,ANAND VIHAR TRM,3.0,0
12802,2026-09-02,GOY,GOVINDPURI,1.0,424
12802,2026-09-02,FTP,FATEHPUR,13.0,504
12802,2026-09-02,PRYJ,PRAYAGRAJ JN,12.0,621
12802,2026-09-02,BDL,VINDHYACHAL,,702
12802,2026-09-02,MZP,MIRZAPUR,26.0,710
12802,2026-09-02,CAR,CHUNAR,26.0,741
12802,2026-09-02,DDU,PT DEEN DAYAL UPADHYAY JN,1.0,773
12802,2026-09-02,BBU,BHABUA ROAD,3.0,826
12802,2026-09-02,SSM,SASARAM,3.0,873
12802,2026-09-02,DOS,DEHRI ON SONE,5.0,891
12802,2026-09-02,AUBR,ANUGRAHA N ROAD,4.0,908
12802,2026-09-02,GAYA,GAYA JN,4.0,976
12802,2026-09-02,PRP,PAHARPUR,0.0,1008
12802,2026-09-02,KQR,KODERMA,17.0,1052
12802,2026-09-02,HZD,HAZARIBAGH RD,21.0,1101
12802,2026-09-02,PNME,PARASNATH,59.0,1128
12802,2026-09-02,GMO,NSC BOSE J GOMO,57.0,1146
12802,2026-09-02,CRP,CHANDRAPURA,55.0,1163
12802,2026-09-02,BKSC,BOKARO STL CITY,44.0,1178
12802,2026-09-02,PRR,PURULIA JN,40.0,1239
12802,2026-09-02,BBM,BARABHUM,48.0,1270
12802,2026-09-02,CNI,CHANDIL JN,39.0,1293
12802,2026-09-02,TATA,TATANAGAR JN,42.0,1329
12802,2026-09-02,GTS,GHATSILA,31.0,1365
12802,2026-09-02,HIJ,HIJILLI,50.0,1463
12802,2026-09-02,BLS,BALASORE,37.0,1575
12802,2026-09-02,BHC,BHADRAKH,37.0,1637
12802,2026-09-02,JJKR,JAJPUR K ROAD,54.0,1681
12802,2026-09-02,CTC,CUTTACK,83.0,1753
12802,2026-09-02,BBS,BHUBANESWAR,63.0,1781
12802,2026-09-02,KUR,KHURDA ROAD JN,54.0,1800
12802,2026-09-02,PURI,PURI,-5.0,1843
12802,2026-09-03,ANVT,ANAND VIHAR TRM,1.0,0
12802,2026-09-03,GOY,GOVINDPURI,8.0,424
12802,2026-09-03,FTP,FATEHPUR,36.0,504
12802,2026-09-03,PRYJ,PRAYAGRAJ JN,5.0,621
12802,2026-09-03,BDL,VINDHYACHAL,,702
12802,2026-09-03,MZP,MIRZAPUR,4.0,710
12802,2026-09-03,CAR,CHUNAR,6.0,741
12802,2026-09-03,DDU,PT DEEN DAYAL UPADHYAY JN,0.0,773
12802,2026-09-03,BBU,BHABUA ROAD,0.0,826
12802,2026-09-03,SSM,SASARAM,2.0,873
12802,2026-09-03,DOS,DEHRI ON SONE,3.0,891
12802,2026-09-03,AUBR,ANUGRAHA N ROAD,2.0,908
12802,2026-09-03,GAYA,GAYA JN,10.0,976
12802,2026-09-03,PRP,PAHARPUR,15.0,1008
12802,2026-09-03,KQR,KODERMA,23.0,1052
12802,2026-09-03,HZD,HAZARIBAGH RD,40.0,1101
12802,2026-09-03,PNME,PARASNATH,72.0,1128
12802,2026-09-03,GMO,NSC BOSE J GOMO,56.0,1146
12802,2026-09-03,CRP,CHANDRAPURA,57.0,1163
12802,2026-09-03,BKSC,BOKARO STL CITY,51.0,1178
12802,2026-09-03,PRR,PURULIA JN,40.0,1239
12802,2026-09-03,BBM,BARABHUM,48.0,1270
12802,2026-09-03,CNI,CHANDIL JN,37.0,1293
12802,2026-09-03,TATA,TATANAGAR JN,0.0,1329
12802,2026-09-03,GTS,GHATSILA,2.0,1365
12802,2026-09-03,HIJ,HIJILLI,23.0,1463
12802,2026-09-03,BLS,BALASORE,10.0,1575
12802,2026-09-03,BHC,BHADRAKH,20.0,1637
12802,2026-09-03,JJKR,JAJPUR K ROAD,130.0,1681
12802,2026-09-03,CTC,CUTTACK,177.0,1753
12802,2026-09-03,BBS,BHUBANESWAR,178.0,1781
12802,2026-09-03,KUR,KHURDA ROAD JN,185.0,1800
12802,2026-09-03,PURI,PURI,127.0,1843
12802,2026-09-04,ANVT,ANAND VIHAR TRM,2.0,0
12802,2026-09-04,GOY,GOVINDPURI,18.0,424
12802,2026-09-04,FTP,FATEHPUR,25.0,504
12802,2026-09-04,PRYJ,PRAYAGRAJ JN,1.0,621
12802,2026-09-04,BDL,VINDHYACHAL,,702
12802,2026-09-04,MZP,MIRZAPUR,12.0,710
12802,2026-09-04,CAR,CHUNAR,18.0,741
12802,2026-09-04,DDU,PT DEEN DAYAL UPADHYAY JN,0.0,773
12802,2026-09-04,BBU,BHABUA ROAD,4.0,826
12802,2026-09-04,SSM,SASARAM,5.0,873
12802,2026-09-04,DOS,DEHRI ON SONE,5.0,891
12802,2026-09-04,AUBR,ANUGRAHA N ROAD,4.0,908
12802,2026-09-04,GAYA,GAYA JN,7.0,976
12802,2026-09-04,PRP,PAHARPUR,15.0,1008
12802,2026-09-04,KQR,KODERMA,11.0,1052
12802,2026-09-04,HZD,HAZARIBAGH RD,33.0,1101
12802,2026-09-04,PNME,PARASNATH,31.0,1128
12802,2026-09-04,GMO,NSC BOSE J GOMO,66.0,1146
12802,2026-09-04,CRP,CHANDRAPURA,60.0,1163
12802,2026-09-04,BKSC,BOKARO STL CITY,60.0,1178
12802,2026-09-04,PRR,PURULIA JN,44.0,1239
12802,2026-09-04,BBM,BARABHUM,57.0,1270
12802,2026-09-04,CNI,CHANDIL JN,52.0,1293
12802,2026-09-04,TATA,TATANAGAR JN,42.0,1329
12802,2026-09-04,GTS,GHATSILA,26.0,1365
12802,2026-09-04,HIJ,HIJILLI,36.0,1463
12802,2026-09-04,BLS,BALASORE,12.0,1575
12802,2026-09-04,BHC,BHADRAKH,38.0,1637
12802,2026-09-04,JJKR,JAJPUR K ROAD,61.0,1681
12802,2026-09-04,CTC,CUTTACK,113.0,1753
12802,2026-09-04,BBS,BHUBANESWAR,106.0,1781
12802,2026-09-04,KUR,KHURDA ROAD JN,92.0,1800
12802,2026-09-04,PURI,PURI,22.0,1843
12802,2026-09-05,ANVT,ANAND VIHAR TRM,0.0,0
12802,2026-09-05,GOY,GOVINDPURI,6.0,424
12802,2026-09-05,FTP,FATEHPUR,27.0,504
12802,2026-09-05,PRYJ,PRAYAGRAJ JN,7.0,621
12802,2026-09-05,BDL,VINDHYACHAL,,702
12802,2026-09-05,MZP,MIRZAPUR,30.0,710
12802,2026-09-05,CAR,CHUNAR,30.0,741
12802,2026-09-05,DDU,PT DEEN DAYAL UPADHYAY JN,1.0,773
12802,2026-09-05,BBU,BHABUA ROAD,5.0,826
12802,2026-09-05,SSM,SASARAM,5.0,873
12802,2026-09-05,DOS,DEHRI ON SONE,11.0,891
12802,2026-09-05,AUBR,ANUGRAHA N ROAD,9.0,908
12802,2026-09-05,GAYA,GAYA JN,5.0,976
12802,2026-09-05,PRP,PAHARPUR,13.0,1008
12802,2026-09-05,KQR,KODERMA,20.0,1052
12802,2026-09-05,HZD,HAZARIBAGH RD,23.0,1101
12802,2026-09-05,PNME,PARASNATH,40.0,1128
12802,2026-09-05,GMO,NSC BOSE J GOMO,23.0,1146
12802,2026-09-05,CRP,CHANDRAPURA,22.0,1163
12802,2026-09-05,BKSC,BOKARO STL CITY,8.0,1178
12802,2026-09-05,PRR,PURULIA JN,3.0,1239
12802,2026-09-05,BBM,BARABHUM,9.0,1270
12802,2026-09-05,CNI,CHANDIL JN,0.0,1293
12802,2026-09-05,TATA,TATANAGAR JN,9.0,1329
12802,2026-09-05,GTS,GHATSILA,16.0,1365
12802,2026-09-05,HIJ,HIJILLI,1.0,1463
12802,2026-09-05,BLS,BALASORE,6.0,1575
12802,2026-09-05,BHC,BHADRAKH,0.0,1637
12802,2026-09-05,JJKR,JAJPUR K ROAD,7.0,1681
12802,2026-09-05,CTC,CUTTACK,34.0,1753
12802,2026-09-05,BBS,BHUBANESWAR,35.0,1781
12802,2026-09-05,KUR,KHURDA ROAD JN,38.0,1800
12802,2026-09-05,PURI,PURI,-17.0,1843
