train_no,date,station_code,station_name,delay,distance
12958,2025-09-05,NDLS,NEW DELHI,0.0,0
12958,2025-09-05,DEC,DELHI CANTT,4.0,16
12958,2025-09-05,GGN,GURGAON,11.0,32
12958,2025-09-05,JP,JAIPUR,30.0,309
12958,2025-09-05,AII,AJMER JN,33.0,443
12958,2025-09-05,FA,FALNA,24.0,650
12958,2025-09-05,ABR,ABU ROAD,14.0,748
12958,2025-09-05,PNU,PALANPUR JN,1.0,801
12958,2025-09-05,MSH,MAHESANA JN,4.0,866
12958,2025-09-05,SBIB,SABARMATI BG,-18.0,929
12958,2025-09-06,NDLS,NEW DELHI,0.0,0
12958,2025-09-06,DEC,DELHI CANTT,0.0,16
12958,2025-09-06,GGN,GURGAON,0.0,32
12958,2025-09-06,JP,JAIPUR,8.0,309
12958,2025-09-06,AII,AJMER JN,6.0,443
12958,2025-09-06,FA,FALNA,3.0,650
12958,2025-09-06,ABR,ABU ROAD,1.0,748
12958,2025-09-06,PNU,PALANPUR JN,0.0,801
12958,2025-09-06,MSH,MAHESANA JN,5.0,866
12958,2025-09-06,SBIB,SABARMATI BG,-22.0,929
12958,2025-09-07,NDLS,NEW DELHI,0.0,0
12958,2025-09-07,DEC,DELHI CANTT,8.0,16
12958,2025-09-07,GGN,GURGAON,9.0,32
12958,2025-09-07,JP,JAIPUR,11.0,309
12958,2025-09-07,AII,AJMER JN,3.0,443
12958,2025-09-07,FA,FALNA,0.0,650
12958,2025-09-07,ABR,ABU ROAD,0.0,748
12958,2025-09-07,PNU,PALANPUR JN,0.0,801
12958,2025-09-07,MSH,MAHESANA JN,0.0,866
12958,2025-09-07,SBIB,SABARMATI BG,-32.0,929
12958,2025-09-08,NDLS,NEW DELHI,0.0,0
12958,2025-09-08,DEC,DELHI CANTT,1.0,16
12958,2025-09-08,GGN,GURGAON,3.0,32
12958,2025-09-08,JP,JAIPUR,14.0,309
12958,2025-09-08,AII,AJMER JN,20.0,443
12958,2025-09-08,FA,FALNA,19.0,650
12958,2025-09-08,ABR,ABU ROAD,10.0,748
12958,2025-09-08,PNU,PALANPUR JN,0.0,801
12958,2025-09-08,MSH,MAHESANA JN,1.0,866
12958,2025-09-08,SBIB,SABARMATI BG,-23.0,929
12958,2025-09-09,NDLS,NEW DELHI,0.0,0
12958,2025-09-09,DEC,DELHI CANTT,2.0,16
12958,2025-09-09,GGN,GURGAON,12.0,32
12958,2025-09-09,JP,JAIPUR,9.0,309
12958,2025-09-09,AII,AJMER JN,11.0,443
12958,2025-09-09,FA,FALNA,10.0,650
12958,2025-09-09,ABR,ABU ROAD,2.0,748
12958,2025-09-09,PNU,PALANPUR JN,0.0,801
12958,2025-09-09,MSH,MAHESANA JN,0.0,866
12958,2025-09-09,SBIB,SABARMATI BG,-22.0,929
12958,2025-09-10,NDLS,NEW DELHI,2.0,0
12958,2025-09-10,DEC,DELHI CANTT,6.0,16
12958,2025-09-10,GGN,GURGAON,8.0,32
12958,2025-09-10,JP,JAIPUR,7.0,309
12958,2025-09-10,AII,AJMER JN,0.0,443
12958,2025-09-10,FA,FALNA,0.0,650
12958,2025-09-10,ABR,ABU ROAD,1.0,748
12958,2025-09-10,PNU,PALANPUR JN,0.0,801
12958,2025-09-10,MSH,MAHESANA JN,0.0,866
12958,2025-09-10,SBIB,SABARMATI BG,-31.0,929
12958,2025-09-11,NDLS,NEW DELHI,1.0,0
12958,2025-09-11,DEC,DELHI CANTT,6.0,16
12958,2025-09-11,GGN,GURGAON,7.0,32
12958,2025-09-11,JP,JAIPUR,31.0,309
12958,2025-09-11,AII,AJMER JN,48.0,443
12958,2025-09-11,FA,FALNA,48.0,650
12958,2025-09-11,ABR,ABU ROAD,39.0,748
12958,2025-09-11,PNU,PALANPUR JN,25.0,801
12958,2025-09-11,MSH,MAHESANA JN,26.0,866
12958,2025-09-11,SBIB,SABARMATI BG,-5.0,929
12958,2025-09-12,NDLS,NEW DELHI,0.0,0
12958,2025-09-12,DEC,DELHI CANTT,6.0,16
12958,2025-09-12,GGN,GURGAON,8.0,32
12958,2025-09-12,JP,JAIPUR,13.0,309
12958,2025-09-12,AII,AJMER JN,10.0,443
12958,2025-09-12,FA,FALNA,11.0,650
12958,2025-09-12,ABR,ABU ROAD,1.0,748
12958,2025-09-12,PNU,PALANPUR JN,0.0,801
12958,2025-09-12,MSH,MAHESANA JN,0.0,866
12958,2025-09-12,SBIB,SABARMATI BG,-7.0,929
12958,2025-09-13,NDLS,NEW DELHI,0.0,0
12958,2025-09-13,DEC,DELHI CANTT,5.0,16
12958,2025-09-13,GGN,GURGAON,7.0,32
12958,2025-09-13,JP,JAIPUR,12.0,309
12958,2025-09-13,AII,AJMER JN,9.0,443
12958,2025-09-13,FA,FALNA,3.0,650
12958,2025-09-13,ABR,ABU ROAD,0.0,748
12958,2025-09-13,PNU,PALANPUR JN,0.0,801
12958,2025-09-13,MSH,MAHESANA JN,0.0,866
12958,2025-09-13,SBIB,SABARMATI BG,-6.0,929
12958,2025-09-14,NDLS,NEW DELHI,1.0,0
12958,2025-09-14,DEC,DELHI CANTT,9.0,16
12958,2025-09-14,GGN,GURGAON,16.0,32
12958,2025-09-14,JP,JAIPUR,17.0,309
12958,2025-09-14,AII,AJMER JN,5.0,443
12958,2025-09-14,FA,FALNA,0.0,650
12958,2025-09-14,ABR,ABU ROAD,0.0,748
12958,2025-09-14,PNU,PALANPUR JN,0.0,801
12958,2025-09-14,MSH,MAHESANA JN,0.0,866
12958,2025-09-14,SBIB,SABARMATI BG,-17.0,929
12958,2025-09-15,NDLS,NEW DELHI,0.0,0
12958,2025-09-15,DEC,DELHI CANTT,8.0,16
12958,2025-09-15,GGN,GURGAON,8.0,32
12958,2025-09-15,JP,JAIPUR,20.0,309
12958,2025-09-15,AII,AJMER JN,15.0,443
12958,2025-09-15,FA,FALNA,17.0,650
12958,2025-09-15,ABR,ABU ROAD,7.0,748
12958,2025-09-15,PNU,PALANPUR JN,0.0,801
12958,2025-09-15,MSH,MAHESANA JN,0.0,866
12958,2025-09-15,SBIB,SABARMATI BG,-18.0,929
12958,2025-09-16,NDLS,NEW DELHI,0.0,0
12958,2025-09-16,DEC,DELHI CANTT,0.0,16
12958,2025-09-16,GGN,GURGAON,5.0,32
12958,2025-09-16,JP,JAIPUR,19.0,309
12958,2025-09-16,AII,AJMER JN,13.0,443
12958,2025-09-16,FA,FALNA,16.0,650
12958,2025-09-16,ABR,ABU ROAD,6.0,748
12958,2025-09-16,PNU,PALANPUR JN,0.0,801
12958,2025-09-16,MSH,MAHESANA JN,3.0,866
12958,2025-09-16,SBIB,SABARMATI BG,-2.0,929
12958,2025-09-17,NDLS,NEW DELHI,0.0,0
12958,2025-09-17,DEC,DELHI CANTT,1.0,16
12958,2025-09-17,GGN,GURGAON,1.0,32
12958,2025-09-17,JP,JAIPUR,8.0,309
12958,2025-09-17,AII,AJMER JN,1.0,443
12958,2025-09-17,FA,FALNA,13.0,650
12958,2025-09-17,ABR,ABU ROAD,4.0,748
12958,2025-09-17,PNU,PALANPUR JN,0.0,801
12958,2025-09-17,MSH,MAHESANA JN,2.0,866
12958,2025-09-17,SBIB,SABARMATI BG,-22.0,929
12958,2025-09-18,NDLS,NEW DELHI,0.0,0
12958,2025-09-18,DEC,DELHI CANTT,1.0,16
12958,2025-09-18,GGN,GURGAON,2.0,32
12958,2025-09-18,JP,JAIPUR,5.0,309
12958,2025-09-18,AII,AJMER JN,1.0,443
12958,2025-09-18,FA,FALNA,0.0,650
12958,2025-09-18,ABR,ABU ROAD,0.0,748
12958,2025-09-18,PNU,PALANPUR JN,0.0,801
12958,2025-09-18,MSH,MAHESANA JN,15.0,866
12958,2025-09-18,SBIB,SABARMATI BG,10.0,929
12958,2025-09-19,NDLS,NEW DELHI,1.0,0
12958,2025-09-19,DEC,DELHI CANTT,5.0,16
12958,2025-09-19,GGN,GURGAON,5.0,32
12958,2025-09-19,JP,JAIPUR,41.0,309
12958,2025-09-19,AII,AJMER JN,37.0,443
12958,2025-09-19,FA,FALNA,34.0,650
12958,2025-09-19,ABR,ABU ROAD,23.0,748
12958,2025-09-19,PNU,PALANPUR JN,9.0,801
12958,2025-09-19,MSH,MAHESANA JN,7.0,866
12958,2025-09-19,SBIB,SABARMATI BG,-17.0,929
12958,2025-09-20,NDLS,NEW DELHI,0.0,0
12958,2025-09-20,DEC,DELHI CANTT,1.0,16
12958,2025-09-20,GGN,GURGAON,3.0,32
12958,2025-09-20,JP,JAIPUR,9.0,309
12958,2025-09-20,AII,AJMER JN,2.0,443
12958,2025-09-20,FA,FALNA,3.0,650
12958,2025-09-20,ABR,ABU ROAD,4.0,748
12958,2025-09-20,PNU,PALANPUR JN,0.0,801
12958,2025-09-20,MSH,MAHESANA JN,1.0,866
12958,2025-09-20,SBIB,SABARMATI BG,-23.0,929
12958,2025-09-21,NDLS,NEW DELHI,1.0,0
12958,2025-09-21,DEC,DELHI CANTT,7.0,16
12958,2025-09-21,GGN,GURGAON,7.0,32
12958,2025-09-21,JP,JAIPUR,38.0,309
12958,2025-09-21,AII,AJMER JN,34.0,443
12958,2025-09-21,FA,FALNA,34.0,650
12958,2025-09-21,ABR,ABU ROAD,30.0,748
12958,2025-09-21,PNU,PALANPUR JN,19.0,801
12958,2025-09-21,MSH,MAHESANA JN,21.0,866
12958,2025-09-21,SBIB,SABARMATI BG,-7.0,929
12958,2025-09-22,NDLS,NEW DELHI,0.0,0
12958,2025-09-22,DEC,DELHI CANTT,2.0,16
12958,2025-09-22,GGN,GURGAON,3.0,32
12958,2025-09-22,JP,JAIPUR,9.0,309
12958,2025-09-22,AII,AJMER JN,0.0,443
12958,2025-09-22,FA,FALNA,0.0,650
12958,2025-09-22,ABR,ABU ROAD,0.0,748
12958,2025-09-22,PNU,PALANPUR JN,0.0,801
12958,2025-09-22,MSH,MAHESANA JN,2.0,866
12958,2025-09-22,SBIB,SABARMATI BG,-24.0,929
12958,2025-09-23,NDLS,NEW DELHI,1.0,0
12958,2025-09-23,DEC,DELHI CANTT,5.0,16
12958,2025-09-23,GGN,GURGAON,6.0,32
12958,2025-09-23,JP,JAIPUR,17.0,309
12958,2025-09-23,AII,AJMER JN,3.0,443
12958,2025-09-23,FA,FALNA,2.0,650
12958,2025-09-23,ABR,ABU ROAD,1.0,748
12958,2025-09-23,PNU,PALANPUR JN,1.0,801
12958,2025-09-23,MSH,MAHESANA JN,1.0,866
12958,2025-09-23,SBIB,SABARMATI BG,-17.0,929
12958,2025-09-24,NDLS,NEW DELHI,0.0,0
12958,2025-09-24,DEC,DELHI CANTT,0.0,16
12958,2025-09-24,GGN,GURGAON,0.0,32
12958,2025-09-24,JP,JAIPUR,4.0,309
12958,2025-09-24,AII,AJMER JN,0.0,443
12958,2025-09-24,FA,FALNA,0.0,650
12958,2025-09-24,ABR,ABU ROAD,0.0,748
12958,2025-09-24,PNU,PALANPUR JN,0.0,801
12958,2025-09-24,MSH,MAHESANA JN,0.0,866
12958,2025-09-24,SBIB,SABARMATI BG,-25.0,929
12958,2025-09-25,NDLS,NEW DELHI,1.0,0
12958,2025-09-25,DEC,DELHI CANTT,1.0,16
12958,2025-09-25,GGN,GURGAON,3.0,32
12958,2025-09-25,JP,JAIPUR,24.0,309
12958,2025-09-25,AII,AJMER JN,10.0,443
12958,2025-09-25,FA,FALNA,10.0,650
12958,2025-09-25,ABR,ABU ROAD,1.0,748
12958,2025-09-25,PNU,PALANPUR JN,0.0,801
12958,2025-09-25,MSH,MAHESANA JN,8.0,866
12958,2025-09-25,SBIB,SABARMATI BG,-17.0,929
12958,2025-09-26,NDLS,NEW DELHI,0.0,0
12958,2025-09-26,DEC,DELHI CANTT,1.0,16
12958,2025-09-26,GGN,GURGAON,2.0,32
12958,2025-09-26,JP,JAIPUR,15.0,309
12958,2025-09-26,AII,AJMER JN,18.0,443
12958,2025-09-26,FA,FALNA,16.0,650
12958,2025-09-26,ABR,ABU ROAD,5.0,748
12958,2025-09-26,PNU,PALANPUR JN,0.0,801
12958,2025-09-26,MSH,MAHESANA JN,1.0,866
12958,2025-09-26,SBIB,SABARMATI BG,-25.0,929
12958,2025-09-27,NDLS,NEW DELHI,1.0,0
12958,2025-09-27,DEC,DELHI CANTT,2.0,16
12958,2025-09-27,GGN,GURGAON,4.0,32
12958,2025-09-27,JP,JAIPUR,14.0,309
12958,2025-09-27,AII,AJMER JN,7.0,443
12958,2025-09-27,FA,FALNA,5.0,650
12958,2025-09-27,ABR,ABU ROAD,2.0,748
12958,2025-09-27,PNU,PALANPUR JN,0.0,801
12958,2025-09-27,MSH,MAHESANA JN,1.0,866
12958,2025-09-27,SBIB,SABARMATI BG,-26.0,929
12958,2025-09-28,NDLS,NEW DELHI,0.0,0
12958,2025-09-28,DEC,DELHI CANTT,46.0,16
12958,2025-09-28,GGN,GURGAON,49.0,32
12958,2025-09-28,JP,JAIPUR,59.0,309
12958,2025-09-28,AII,AJMER JN,58.0,443
12958,2025-09-28,FA,FALNA,56.0,650
12958,2025-09-28,ABR,ABU ROAD,45.0,748
12958,2025-09-28,PNU,PALANPUR JN,32.0,801
12958,2025-09-28,MSH,MAHESANA JN,30.0,866
12958,2025-09-28,SBIB,SABARMATI BG,3.0,929
12958,2025-09-29,NDLS,NEW DELHI,1.0,0
12958,2025-09-29,DEC,DELHI CANTT,2.0,16
12958,2025-09-29,GGN,GURGAON,3.0,32
12958,2025-09-29,JP,JAIPUR,8.0,309
12958,2025-09-29,AII,AJMER JN,12.0,443
12958,2025-09-29,FA,FALNA,10.0,650
12958,2025-09-29,ABR,ABU ROAD,0.0,748
12958,2025-09-29,PNU,PALANPUR JN,0.0,801
12958,2025-09-29,MSH,MAHESANA JN,0.0,866
12958,2025-09-29,SBIB,SABARMATI BG,-26.0,929
12958,2025-09-30,NDLS,NEW DELHI,1.0,0
12958,2025-09-30,DEC,DELHI CANTT,27.0,16
12958,2025-09-30,GGN,GURGAON,25.0,32
12958,2025-09-30,JP,JAIPUR,16.0,309
12958,2025-09-30,AII,AJMER JN,5.0,443
12958,2025-09-30,FA,FALNA,4.0,650
12958,2025-09-30,ABR,ABU ROAD,0.0,748
12958,2025-09-30,PNU,PALANPUR JN,0.0,801
12958,2025-09-30,MSH,MAHESANA JN,0.0,866
12958,2025-09-30,SBIB,SABARMATI BG,-25.0,929
12958,2025-10-01,NDLS,NEW DELHI,0.0,0
12958,2025-10-01,DEC,DELHI CANTT,1.0,16
12958,2025-10-01,GGN,GURGAON,3.0,32
12958,2025-10-01,JP,JAIPUR,12.0,309
12958,2025-10-01,AII,AJMER JN,1.0,443
12958,2025-10-01,FA,FALNA,0.0,650
12958,2025-10-01,ABR,ABU ROAD,0.0,748
12958,2025-10-01,PNU,PALANPUR JN,0.0,801
12958,2025-10-01,MSH,MAHESANA JN,0.0,866
12958,2025-10-01,SBIB,SABARMATI BG,-28.0,929
12958,2025-10-02,NDLS,NEW DELHI,0.0,0
12958,2025-10-02,DEC,DELHI CANTT,3.0,16
12958,2025-10-02,GGN,GURGAON,4.0,32
12958,2025-10-02,JP,JAIPUR,12.0,309
12958,2025-10-02,AII,AJMER JN,11.0,443
12958,2025-10-02,FA,FALNA,13.0,650
12958,2025-10-02,ABR,ABU ROAD,8.0,748
12958,2025-10-02,PNU,PALANPUR JN,0.0,801
12958,2025-10-02,MSH,MAHESANA JN,10.0,866
12958,2025-10-02,SBIB,SABARMATI BG,-14.0,929
12958,2025-10-03,NDLS,NEW DELHI,1.0,0
12958,2025-10-03,DEC,DELHI CANTT,2.0,16
12958,2025-10-03,GGN,GURGAON,5.0,32
12958,2025-10-03,JP,JAIPUR,13.0,309
12958,2025-10-03,AII,AJMER JN,4.0,443
12958,2025-10-03,FA,FALNA,5.0,650
12958,2025-10-03,ABR,ABU ROAD,1.0,748
12958,2025-10-03,PNU,PALANPUR JN,0.0,801
12958,2025-10-03,MSH,MAHESANA JN,1.0,866
12958,2025-10-03,SBIB,SABARMATI BG,-25.0,929
12958,2025-10-04,NDLS,NEW DELHI,1.0,0
12958,2025-10-04,DEC,DELHI CANTT,1.0,16
12958,2025-10-04,GGN,GURGAON,6.0,32
12958,2025-10-04,JP,JAIPUR,14.0,309
12958,2025-10-04,AII,AJMER JN,2.0,443
12958,2025-10-04,FA,FALNA,0.0,650
12958,2025-10-04,ABR,ABU ROAD,0.0,748
12958,2025-10-04,PNU,PALANPUR JN,0.0,801
12958,2025-10-04,MSH,MAHESANA JN,1.0,866
12958,2025-10-04,SBIB,SABARMATI BG,-26.0,929
12958,2025-10-05,NDLS,NEW DELHI,1.0,0
12958,2025-10-05,DEC,DELHI CANTT,8.0,16
12958,2025-10-05,GGN,GURGAON,10.0,32
12958,2025-10-05,JP,JAIPUR,28.0,309
12958,2025-10-05,AII,AJMER JN,67.0,443
12958,2025-10-05,FA,FALNA,60.0,650
12958,2025-10-05,ABR,ABU ROAD,50.0,748
12958,2025-10-05,PNU,PALANPUR JN,34.0,801
12958,2025-10-05,MSH,MAHESANA JN,31.0,866
12958,2025-10-05,SBIB,SABARMATI BG,5.0,929
12958,2025-10-06,NDLS,NEW DELHI,0.0,0
12958,2025-10-06,DEC,DELHI CANTT,7.0,16
12958,2025-10-06,GGN,GURGAON,8.0,32
12958,2025-10-06,JP,JAIPUR,25.0,309
12958,2025-10-06,AII,AJMER JN,12.0,443
12958,2025-10-06,FA,FALNA,7.0,650
12958,2025-10-06,ABR,ABU ROAD,0.0,748
12958,2025-10-06,PNU,PALANPUR JN,0.0,801
12958,2025-10-06,MSH,MAHESANA JN,0.0,866
12958,2025-10-06,SBIB,SABARMATI BG,-26.0,929
12958,2025-10-07,NDLS,NEW DELHI,0.0,0
12958,2025-10-07,DEC,DELHI CANTT,2.0,16
12958,2025-10-07,GGN,GURGAON,5.0,32
12958,2025-10-07,JP,JAIPUR,7.0,309
12958,2025-10-07,AII,AJMER JN,2.0,443
12958,2025-10-07,FA,FALNA,7.0,650
12958,2025-10-07,ABR,ABU ROAD,1.0,748
12958,2025-10-07,PNU,PALANPUR JN,0.0,801
12958,2025-10-07,MSH,MAHESANA JN,15.0,866
12958,2025-10-07,SBIB,SABARMATI BG,2.0,929
12958,2025-10-08,NDLS,NEW DELHI,1.0,0
12958,2025-10-08,DEC,DELHI CANTT,7.0,16
12958,2025-10-08,GGN,GURGAON,9.0,32
12958,2025-10-08,JP,JAIPUR,19.0,309
12958,2025-10-08,AII,AJMER JN,13.0,443
12958,2025-10-08,FA,FALNA,10.0,650
12958,2025-10-08,ABR,ABU ROAD,2.0,748
12958,2025-10-08,PNU,PALANPUR JN,0.0,801
12958,2025-10-08,MSH,MAHESANA JN,1.0,866
12958,2025-10-08,SBIB,SABARMATI BG,-22.0,929
12958,2025-10-09,NDLS,NEW DELHI,1.0,0
12958,2025-10-09,DEC,DELHI CANTT,1.0,16
12958,2025-10-09,GGN,GURGAON,3.0,32
12958,2025-10-09,JP,JAIPUR,0.0,309
12958,2025-10-09,AII,AJMER JN,7.0,443
12958,2025-10-09,FA,FALNA,1.0,650
12958,2025-10-09,ABR,ABU ROAD,0.0,748
12958,2025-10-09,PNU,PALANPUR JN,0.0,801
12958,2025-10-09,MSH,MAHESANA JN,1.0,866
12958,2025-10-09,SBIB,SABARMATI BG,-26.0,929
12958,2025-10-10,NDLS,NEW DELHI,0.0,0
12958,2025-10-10,DEC,DELHI CANTT,1.0,16
12958,2025-10-10,GGN,GURGAON,2.0,32
12958,2025-10-10,JP,JAIPUR,11.0,309
12958,2025-10-10,AII,AJMER JN,1.0,443
12958,2025-10-10,FA,FALNA,0.0,650
12958,2025-10-10,ABR,ABU ROAD,0.0,748
12958,2025-10-10,PNU,PALANPUR JN,0.0,801
12958,2025-10-10,MSH,MAHESANA JN,1.0,866
12958,2025-10-10,SBIB,SABARMATI BG,-23.0,929
12958,2025-10-11,NDLS,NEW DELHI,1.0,0
12958,2025-10-11,DEC,DELHI CANTT,2.0,16
12958,2025-10-11,GGN,GURGAON,4.0,32
12958,2025-10-11,JP,JAIPUR,17.0,309
12958,2025-10-11,AII,AJMER JN,9.0,443
12958,2025-10-11,FA,FALNA,4.0,650
12958,2025-10-11,ABR,ABU ROAD,0.0,748
12958,2025-10-11,PNU,PALANPUR JN,0.0,801
12958,2025-10-11,MSH,MAHESANA JN,2.0,866
12958,2025-10-11,SBIB,SABARMATI BG,-25.0,929
12958,2025-10-12,NDLS,NEW DELHI,1.0,0
12958,2025-10-12,DEC,DELHI CANTT,7.0,16
12958,2025-10-12,GGN,GURGAON,9.0,32
12958,2025-10-12,JP,JAIPUR,20.0,309
12958,2025-10-12,AII,AJMER JN,8.0,443
12958,2025-10-12,FA,FALNA,3.0,650
12958,2025-10-12,ABR,ABU ROAD,0.0,748
12958,2025-10-12,PNU,PALANPUR JN,0.0,801
12958,2025-10-12,MSH,MAHESANA JN,1.0,866
12958,2025-10-12,SBIB,SABARMATI BG,-27.0,929
12958,2025-10-13,NDLS,NEW DELHI,1.0,0
12958,2025-10-13,DEC,DELHI CANTT,3.0,16
12958,2025-10-13,GGN,GURGAON,3.0,32
12958,2025-10-13,JP,JAIPUR,8.0,309
12958,2025-10-13,AII,AJMER JN,5.0,443
12958,2025-10-13,FA,FALNA,3.0,650
12958,2025-10-13,ABR,ABU ROAD,2.0,748
12958,2025-10-13,PNU,PALANPUR JN,0.0,801
12958,2025-10-13,MSH,MAHESANA JN,1.0,866
12958,2025-10-13,SBIB,SABARMATI BG,-24.0,929
12958,2025-10-14,NDLS,NEW DELHI,1.0,0
12958,2025-10-14,DEC,DELHI CANTT,0.0,16
12958,2025-10-14,GGN,GURGAON,2.0,32
12958,2025-10-14,JP,JAIPUR,13.0,309
12958,2025-10-14,AII,AJMER JN,15.0,443
12958,2025-10-14,FA,FALNA,8.0,650
12958,2025-10-14,ABR,ABU ROAD,0.0,748
12958,2025-10-14,PNU,PALANPUR JN,0.0,801
12958,2025-10-14,MSH,MAHESANA JN,1.0,866
12958,2025-10-14,SBIB,SABARMATI BG,-6.0,929
12958,2025-10-15,NDLS,NEW DELHI,1.0,0
12958,2025-10-15,DEC,DELHI CANTT,1.0,16
12958,2025-10-15,GGN,GURGAON,2.0,32
12958,2025-10-15,JP,JAIPUR,15.0,309
12958,2025-10-15,AII,AJMER JN,4.0,443
12958,2025-10-15,FA,FALNA,6.0,650
12958,2025-10-15,ABR,ABU ROAD,0.0,748
12958,2025-10-15,PNU,PALANPUR JN,0.0,801
12958,2025-10-15,MSH,MAHESANA JN,8.0,866
12958,2025-10-15,SBIB,SABARMATI BG,-14.0,929
12958,2025-10-16,NDLS,NEW DELHI,1.0,0
12958,2025-10-16,DEC,DELHI CANTT,1.0,16
12958,2025-10-16,GGN,GURGAON,2.0,32
12958,2025-10-16,JP,JAIPUR,15.0,309
12958,2025-10-16,AII,AJMER JN,3.0,443
12958,2025-10-16,FA,FALNA,1.0,650
12958,2025-10-16,ABR,ABU ROAD,0.0,748
12958,2025-10-16,PNU,PALANPUR JN,0.0,801
12958,2025-10-16,MSH,MAHESANA JN,2.0,866
12958,2025-10-16,SBIB,SABARMATI BG,-24.0,929
12958,2025-10-17,NDLS,NEW DELHI,1.0,0
12958,2025-10-17,DEC,DELHI CANTT,2.0,16
12958,2025-10-17,GGN,GURGAON,3.0,32
12958,2025-10-17,JP,JAIPUR,13.0,309
12958,2025-10-17,AII,AJMER JN,7.0,443
12958,2025-10-17,FA,FALNA,2.0,650
12958,2025-10-17,ABR,ABU ROAD,0.0,748
12958,2025-10-17,PNU,PALANPUR JN,0.0,801
12958,2025-10-17,MSH,MAHESANA JN,2.0,866
12958,2025-10-17,SBIB,SABARMATI BG,-15.0,929
12958,2025-10-18,NDLS,NEW DELHI,2.0,0
12958,2025-10-18,DEC,DELHI CANTT,1.0,16
12958,2025-10-18,GGN,GURGAON,2.0,32
12958,2025-10-18,JP,JAIPUR,7.0,309
12958,2025-10-18,AII,AJMER JN,2.0,443
12958,2025-10-18,FA,FALNA,2.0,650
12958,2025-10-18,ABR,ABU ROAD,1.0,748
12958,2025-10-18,PNU,PALANPUR JN,0.0,801
12958,2025-10-18,MSH,MAHESANA JN,2.0,866
12958,2025-10-18,SBIB,SABARMATI BG,-22.0,929
12958,2025-10-19,NDLS,NEW DELHI,1.0,0
12958,2025-10-19,DEC,DELHI CANTT,7.0,16
12958,2025-10-19,GGN,GURGAON,8.0,32
12958,2025-10-19,JP,JAIPUR,15.0,309
12958,2025-10-19,AII,AJMER JN,8.0,443
12958,2025-10-19,FA,FALNA,3.0,650
12958,2025-10-19,ABR,ABU ROAD,0.0,748
12958,2025-10-19,PNU,PALANPUR JN,0.0,801
12958,2025-10-19,MSH,MAHESANA JN,3.0,866
12958,2025-10-19,SBIB,SABARMATI BG,-22.0,929
12958,2025-10-20,NDLS,NEW DELHI,1.0,0
12958,2025-10-20,DEC,DELHI CANTT,2.0,16
12958,2025-10-20,GGN,GURGAON,4.0,32
12958,2025-10-20,JP,JAIPUR,27.0,309
12958,2025-10-20,AII,AJMER JN,19.0,443
12958,2025-10-20,FA,FALNA,14.0,650
12958,2025-10-20,ABR,ABU ROAD,3.0,748
12958,2025-10-20,PNU,PALANPUR JN,0.0,801
12958,2025-10-20,MSH,MAHESANA JN,2.0,866
12958,2025-10-20,SBIB,SABARMATI BG,-26.0,929
12958,2025-10-21,NDLS,NEW DELHI,2.0,0
12958,2025-10-21,DEC,DELHI CANTT,1.0,16
12958,2025-10-21,GGN,GURGAON,2.0,32
12958,2025-10-21,JP,JAIPUR,3.0,309
12958,2025-10-21,AII,AJMER JN,7.0,443
12958,2025-10-21,FA,FALNA,4.0,650
12958,2025-10-21,ABR,ABU ROAD,0.0,748
12958,2025-10-21,PNU,PALANPUR JN,0.0,801
12958,2025-10-21,MSH,MAHESANA JN,1.0,866
12958,2025-10-21,SBIB,SABARMATI BG,-21.0,929
12958,2025-10-22,NDLS,NEW DELHI,1.0,0
12958,2025-10-22,DEC,DELHI CANTT,0.0,16
12958,2025-10-22,GGN,GURGAON,2.0,32
12958,2025-10-22,JP,JAIPUR,6.0,309
12958,2025-10-22,AII,AJMER JN,1.0,443
12958,2025-10-22,FA,FALNA,0.0,650
12958,2025-10-22,ABR,ABU ROAD,0.0,748
12958,2025-10-22,PNU,PALANPUR JN,0.0,801
12958,2025-10-22,MSH,MAHESANA JN,3.0,866
12958,2025-10-22,SBIB,SABARMATI BG,-23.0,929
12958,2025-10-23,NDLS,NEW DELHI,3.0,0
12958,2025-10-23,DEC,DELHI CANTT,7.0,16
12958,2025-10-23,GGN,GURGAON,6.0,32
12958,2025-10-23,JP,JAIPUR,13.0,309
12958,2025-10-23,AII,AJMER JN,15.0,443
12958,2025-10-23,FA,FALNA,4.0,650
12958,2025-10-23,ABR,ABU ROAD,1.0,748
12958,2025-10-23,PNU,PALANPUR JN,2.0,801
12958,2025-10-23,MSH,MAHESANA JN,3.0,866
12958,2025-10-23,SBIB,SABARMATI BG,-21.0,929
12958,2025-10-24,NDLS,NEW DELHI,0.0,0
12958,2025-10-24,DEC,DELHI CANTT,1.0,16
12958,2025-10-24,GGN,GURGAON,3.0,32
12958,2025-10-24,JP,JAIPUR,18.0,309
12958,2025-10-24,AII,AJMER JN,13.0,443
12958,2025-10-24,FA,FALNA,7.0,650
12958,2025-10-24,ABR,ABU ROAD,0.0,748
12958,2025-10-24,PNU,PALANPUR JN,0.0,801
12958,2025-10-24,MSH,MAHESANA JN,2.0,866
12958,2025-10-24,SBIB,SABARMATI BG,-26.0,929
12958,2025-10-25,NDLS,NEW DELHI,0.0,0
12958,2025-10-25,DEC,DELHI CANTT,2.0,16
12958,2025-10-25,GGN,GURGAON,3.0,32
12958,2025-10-25,JP,JAIPUR,21.0,309
12958,2025-10-25,AII,AJMER JN,11.0,443
12958,2025-10-25,FA,FALNA,5.0,650
12958,2025-10-25,ABR,ABU ROAD,0.0,748
12958,2025-10-25,PNU,PALANPUR JN,0.0,801
12958,2025-10-25,MSH,MAHESANA JN,3.0,866
12958,2025-10-25,SBIB,SABARMATI BG,-24.0,929
12958,2025-10-26,NDLS,NEW DELHI,0.0,0
12958,2025-10-26,DEC,DELHI CANTT,4.0,16
12958,2025-10-26,GGN,GURGAON,5.0,32
12958,2025-10-26,JP,JAIPUR,4.0,309
12958,2025-10-26,AII,AJMER JN,8.0,443
12958,2025-10-26,FA,FALNA,4.0,650
12958,2025-10-26,ABR,ABU ROAD,0.0,748
12958,2025-10-26,PNU,PALANPUR JN,0.0,801
12958,2025-10-26,MSH,MAHESANA JN,6.0,866
12958,2025-10-26,SBIB,SABARMATI BG,-19.0,929
12958,2025-10-27,NDLS,NEW DELHI,1.0,0
12958,2025-10-27,DEC,DELHI CANTT,8.0,16
12958,2025-10-27,GGN,GURGAON,10.0,32
12958,2025-10-27,JP,JAIPUR,12.0,309
12958,2025-10-27,AII,AJMER JN,10.0,443
12958,2025-10-27,FA,FALNA,3.0,650
12958,2025-10-27,ABR,ABU ROAD,0.0,748
12958,2025-10-27,PNU,PALANPUR JN,0.0,801
12958,2025-10-27,MSH,MAHESANA JN,1.0,866
12958,2025-10-27,SBIB,SABARMATI BG,-26.0,929
12958,2025-10-28,NDLS,NEW DELHI,0.0,0
12958,2025-10-28,DEC,DELHI CANTT,0.0,16
12958,2025-10-28,GGN,GURGAON,1.0,32
12958,2025-10-28,JP,JAIPUR,6.0,309
12958,2025-10-28,AII,AJMER JN,3.0,443
12958,2025-10-28,FA,FALNA,0.0,650
12958,2025-10-28,ABR,ABU ROAD,0.0,748
12958,2025-10-28,PNU,PALANPUR JN,4.0,801
12958,2025-10-28,MSH,MAHESANA JN,5.0,866
12958,2025-10-28,SBIB,SABARMATI BG,-14.0,929
12958,2025-10-29,NDLS,NEW DELHI,0.0,0
12958,2025-10-29,DEC,DELHI CANTT,1.0,16
12958,2025-10-29,GGN,GURGAON,2.0,32
12958,2025-10-29,JP,JAIPUR,10.0,309
12958,2025-10-29,AII,AJMER JN,6.0,443
12958,2025-10-29,FA,FALNA,2.0,650
12958,2025-10-29,ABR,ABU ROAD,0.0,748
12958,2025-10-29,PNU,PALANPUR JN,1.0,801
12958,2025-10-29,MSH,MAHESANA JN,4.0,866
12958,2025-10-29,SBIB,SABARMATI BG,-26.0,929
12958,2025-10-30,NDLS,NEW DELHI,0.0,0
12958,2025-10-30,DEC,DELHI CANTT,0.0,16
12958,2025-10-30,GGN,GURGAON,1.0,32
12958,2025-10-30,JP,JAIPUR,7.0,309
12958,2025-10-30,AII,AJMER JN,8.0,443
12958,2025-10-30,FA,FALNA,2.0,650
12958,2025-10-30,ABR,ABU ROAD,0.0,748
12958,2025-10-30,PNU,PALANPUR JN,0.0,801
12958,2025-10-30,MSH,MAHESANA JN,1.0,866
12958,2025-10-30,SBIB,SABARMATI BG,-28.0,929
12958,2025-10-31,NDLS,NEW DELHI,0.0,0
12958,2025-10-31,DEC,DELHI CANTT,0.0,16
12958,2025-10-31,GGN,GURGAON,1.0,32
12958,2025-10-31,JP,JAIPUR,10.0,309
12958,2025-10-31,AII,AJMER JN,14.0,443
12958,2025-10-31,FA,FALNA,12.0,650
12958,2025-10-31,ABR,ABU ROAD,1.0,748
12958,2025-10-31,PNU,PALANPUR JN,0.0,801
12958,2025-10-31,MSH,MAHESANA JN,2.0,866
12958,2025-10-31,SBIB,SABARMATI BG,-25.0,929
12958,2025-11-01,NDLS,NEW DELHI,0.0,0
12958,2025-11-01,DEC,DELHI CANTT,12.0,16
12958,2025-11-01,GGN,GURGAON,13.0,32
12958,2025-11-01,JP,JAIPUR,15.0,309
12958,2025-11-01,AII,AJMER JN,2.0,443
12958,2025-11-01,FA,FALNA,1.0,650
12958,2025-11-01,ABR,ABU ROAD,0.0,748
12958,2025-11-01,PNU,PALANPUR JN,0.0,801
12958,2025-11-01,MSH,MAHESANA JN,3.0,866
12958,2025-11-01,SBIB,SABARMATI BG,-18.0,929
12958,2025-11-02,NDLS,NEW DELHI,0.0,0
12958,2025-11-02,DEC,DELHI CANTT,11.0,16
12958,2025-11-02,GGN,GURGAON,13.0,32
12958,2025-11-02,JP,JAIPUR,4.0,309
12958,2025-11-02,AII,AJMER JN,1.0,443
12958,2025-11-02,FA,FALNA,1.0,650
12958,2025-11-02,ABR,ABU ROAD,0.0,748
12958,2025-11-02,PNU,PALANPUR JN,0.0,801
12958,2025-11-02,MSH,MAHESANA JN,0.0,866
12958,2025-11-02,SBIB,SABARMATI BG,-28.0,929
12958,2025-11-03,NDLS,NEW DELHI,0.0,0
12958,2025-11-03,DEC,DELHI CANTT,8.0,16
12958,2025-11-03,GGN,GURGAON,11.0,32
12958,2025-11-03,JP,JAIPUR,18.0,309
12958,2025-11-03,AII,AJMER JN,8.0,443
12958,2025-11-03,FA,FALNA,7.0,650
12958,2025-11-03,ABR,ABU ROAD,0.0,748
12958,2025-11-03,PNU,PALANPUR JN,0.0,801
12958,2025-11-03,MSH,MAHESANA JN,0.0,866
12958,2025-11-03,SBIB,SABARMATI BG,-6.0,929
12958,2025-11-04,NDLS,NEW DELHI,0.0,0
12958,2025-11-04,DEC,DELHI CANTT,0.0,16
12958,2025-11-04,GGN,GURGAON,1.0,32
12958,2025-11-04,JP,JAIPUR,22.0,309
12958,2025-11-04,AII,AJMER JN,18.0,443
12958,2025-11-04,FA,FALNA,22.0,650
12958,2025-11-04,ABR,ABU ROAD,14.0,748
12958,2025-11-04,PNU,PALANPUR JN,1.0,801
12958,2025-11-04,MSH,MAHESANA JN,3.0,866
12958,2025-11-04,SBIB,SABARMATI BG,-17.0,929
12958,2025-11-05,NDLS,NEW DELHI,0.0,0
12958,2025-11-05,DEC,DELHI CANTT,0.0,16
12958,2025-11-05,GGN,GURGAON,0.0,32
12958,2025-11-05,JP,JAIPUR,2.0,309
12958,2025-11-05,AII,AJMER JN,0.0,443
12958,2025-11-05,FA,FALNA,2.0,650
12958,2025-11-05,ABR,ABU ROAD,0.0,748
12958,2025-11-05,PNU,PALANPUR JN,0.0,801
12958,2025-11-05,MSH,MAHESANA JN,2.0,866
12958,2025-11-05,SBIB,SABARMATI BG,-11.0,929
12958,2025-11-06,NDLS,NEW DELHI,5.0,0
12958,2025-11-06,DEC,DELHI CANTT,5.0,16
12958,2025-11-06,GGN,GURGAON,7.0,32
12958,2025-11-06,JP,JAIPUR,11.0,309
12958,2025-11-06,AII,AJMER JN,1.0,443
12958,2025-11-06,FA,FALNA,0.0,650
12958,2025-11-06,ABR,ABU ROAD,0.0,748
12958,2025-11-06,PNU,PALANPUR JN,0.0,801
12958,2025-11-06,MSH,MAHESANA JN,8.0,866
12958,2025-11-06,SBIB,SABARMATI BG,-13.0,929
12958,2025-11-07,NDLS,NEW DELHI,0.0,0
12958,2025-11-07,DEC,DELHI CANTT,3.0,16
12958,2025-11-07,GGN,GURGAON,4.0,32
12958,2025-11-07,JP,JAIPUR,21.0,309
12958,2025-11-07,AII,AJMER JN,19.0,443
12958,2025-11-07,FA,FALNA,23.0,650
12958,2025-11-07,ABR,ABU ROAD,15.0,748
12958,2025-11-07,PNU,PALANPUR JN,2.0,801
12958,2025-11-07,MSH,MAHESANA JN,0.0,866
12958,2025-11-07,SBIB,SABARMATI BG,-24.0,929
12958,2025-11-08,NDLS,NEW DELHI,0.0,0
12958,2025-11-08,DEC,DELHI CANTT,0.0,16
12958,2025-11-08,GGN,GURGAON,6.0,32
12958,2025-11-08,JP,JAIPUR,12.0,309
12958,2025-11-08,AII,AJMER JN,6.0,443
12958,2025-11-08,FA,FALNA,0.0,650
12958,2025-11-08,ABR,ABU ROAD,0.0,748
12958,2025-11-08,PNU,PALANPUR JN,0.0,801
12958,2025-11-08,MSH,MAHESANA JN,7.0,866
12958,2025-11-08,SBIB,SABARMATI BG,-11.0,929
12958,2025-11-09,NDLS,NEW DELHI,1.0,0
12958,2025-11-09,DEC,DELHI CANTT,6.0,16
12958,2025-11-09,GGN,GURGAON,6.0,32
12958,2025-11-09,JP,JAIPUR,15.0,309
12958,2025-11-09,AII,AJMER JN,14.0,443
12958,2025-11-09,FA,FALNA,28.0,650
12958,2025-11-09,ABR,ABU ROAD,22.0,748
12958,2025-11-09,PNU,PALANPUR JN,10.0,801
12958,2025-11-09,MSH,MAHESANA JN,14.0,866
12958,2025-11-09,SBIB,SABARMATI BG,-18.0,929
12958,2025-11-10,NDLS,NEW DELHI,4.0,0
12958,2025-11-10,DEC,DELHI CANTT,5.0,16
12958,2025-11-10,GGN,GURGAON,7.0,32
12958,2025-11-10,JP,JAIPUR,19.0,309
12958,2025-11-10,AII,AJMER JN,8.0,443
12958,2025-11-10,FA,FALNA,7.0,650
12958,2025-11-10,ABR,ABU ROAD,0.0,748
12958,2025-11-10,PNU,PALANPUR JN,0.0,801
12958,2025-11-10,MSH,MAHESANA JN,2.0,866
12958,2025-11-10,SBIB,SABARMATI BG,-5.0,929
12958,2025-11-11,NDLS,NEW DELHI,1.0,0
12958,2025-11-11,DEC,DELHI CANTT,0.0,16
12958,2025-11-11,GGN,GURGAON,3.0,32
12958,2025-11-11,JP,JAIPUR,8.0,309
12958,2025-11-11,AII,AJMER JN,1.0,443
12958,2025-11-11,FA,FALNA,0.0,650
12958,2025-11-11,ABR,ABU ROAD,1.0,748
12958,2025-11-11,PNU,PALANPUR JN,1.0,801
12958,2025-11-11,MSH,MAHESANA JN,3.0,866
12958,2025-11-11,SBIB,SABARMATI BG,-27.0,929
12958,2025-11-12,NDLS,NEW DELHI,0.0,0
12958,2025-11-12,DEC,DELHI CANTT,7.0,16
12958,2025-11-12,GGN,GURGAON,9.0,32
12958,2025-11-12,JP,JAIPUR,9.0,309
12958,2025-11-12,AII,AJMER JN,1.0,443
12958,2025-11-12,FA,FALNA,0.0,650
12958,2025-11-12,ABR,ABU ROAD,0.0,748
12958,2025-11-12,PNU,PALANPUR JN,0.0,801
12958,2025-11-12,MSH,MAHESANA JN,3.0,866
12958,2025-11-12,SBIB,SABARMATI BG,-24.0,929
12958,2025-11-13,NDLS,NEW DELHI,0.0,0
12958,2025-11-13,DEC,DELHI CANTT,0.0,16
12958,2025-11-13,GGN,GURGAON,2.0,32
12958,2025-11-13,JP,JAIPUR,17.0,309
12958,2025-11-13,AII,AJMER JN,11.0,443
12958,2025-11-13,FA,FALNA,17.0,650
12958,2025-11-13,ABR,ABU ROAD,10.0,748
12958,2025-11-13,PNU,PALANPUR JN,0.0,801
12958,2025-11-13,MSH,MAHESANA JN,3.0,866
12958,2025-11-13,SBIB,SABARMATI BG,-26.0,929
12958,2025-11-14,NDLS,NEW DELHI,0.0,0
12958,2025-11-14,DEC,DELHI CANTT,1.0,16
12958,2025-11-14,GGN,GURGAON,2.0,32
12958,2025-11-14,JP,JAIPUR,20.0,309
12958,2025-11-14,AII,AJMER JN,14.0,443
12958,2025-11-14,FA,FALNA,12.0,650
12958,2025-11-14,ABR,ABU ROAD,4.0,748
12958,2025-11-14,PNU,PALANPUR JN,0.0,801
12958,2025-11-14,MSH,MAHESANA JN,3.0,866
12958,2025-11-14,SBIB,SABARMATI BG,-25.0,929
12958,2025-11-15,NDLS,NEW DELHI,0.0,0
12958,2025-11-15,DEC,DELHI CANTT,0.0,16
12958,2025-11-15,GGN,GURGAON,1.0,32
12958,2025-11-15,JP,JAIPUR,24.0,309
12958,2025-11-15,AII,AJMER JN,25.0,443
12958,2025-11-15,FA,FALNA,22.0,650
12958,2025-11-15,ABR,ABU ROAD,13.0,748
12958,2025-11-15,PNU,PALANPUR JN,1.0,801
12958,2025-11-15,MSH,MAHESANA JN,3.0,866
12958,2025-11-15,SBIB,SABARMATI BG,-7.0,929
12958,2025-11-16,NDLS,NEW DELHI,0.0,0
12958,2025-11-16,DEC,DELHI CANTT,5.0,16
12958,2025-11-16,GGN,GURGAON,6.0,32
12958,2025-11-16,JP,JAIPUR,10.0,309
12958,2025-11-16,AII,AJMER JN,1.0,443
12958,2025-11-16,FA,FALNA,28.0,650
12958,2025-11-16,ABR,ABU ROAD,18.0,748
12958,2025-11-16,PNU,PALANPUR JN,2.0,801
12958,2025-11-16,MSH,MAHESANA JN,3.0,866
12958,2025-11-16,SBIB,SABARMATI BG,-23.0,929
12958,2025-11-17,NDLS,NEW DELHI,1.0,0
12958,2025-11-17,DEC,DELHI CANTT,0.0,16
12958,2025-11-17,GGN,GURGAON,2.0,32
12958,2025-11-17,JP,JAIPUR,12.0,309
12958,2025-11-17,AII,AJMER JN,5.0,443
12958,2025-11-17,FA,FALNA,2.0,650
12958,2025-11-17,ABR,ABU ROAD,0.0,748
12958,2025-11-17,PNU,PALANPUR JN,0.0,801
12958,2025-11-17,MSH,MAHESANA JN,3.0,866
12958,2025-11-17,SBIB,SABARMATI BG,-10.0,929
12958,2025-11-18,NDLS,NEW DELHI,0.0,0
12958,2025-11-18,DEC,DELHI CANTT,2.0,16
12958,2025-11-18,GGN,GURGAON,4.0,32
12958,2025-11-18,JP,JAIPUR,21.0,309
12958,2025-11-18,AII,AJMER JN,23.0,443
12958,2025-11-18,FA,FALNA,13.0,650
12958,2025-11-18,ABR,ABU ROAD,7.0,748
12958,2025-11-18,PNU,PALANPUR JN,0.0,801
12958,2025-11-18,MSH,MAHESANA JN,1.0,866
12958,2025-11-18,SBIB,SABARMATI BG,-23.0,929
12958,2025-11-19,NDLS,NEW DELHI,0.0,0
12958,2025-11-19,DEC,DELHI CANTT,0.0,16
12958,2025-11-19,GGN,GURGAON,1.0,32
12958,2025-11-19,JP,JAIPUR,7.0,309
12958,2025-11-19,AII,AJMER JN,11.0,443
12958,2025-11-19,FA,FALNA,14.0,650
12958,2025-11-19,ABR,ABU ROAD,17.0,748
12958,2025-11-19,PNU,PALANPUR JN,3.0,801
12958,2025-11-19,MSH,MAHESANA JN,5.0,866
12958,2025-11-19,SBIB,SABARMATI BG,-20.0,929
12958,2025-11-20,NDLS,NEW DELHI,1.0,0
12958,2025-11-20,DEC,DELHI CANTT,0.0,16
12958,2025-11-20,GGN,GURGAON,3.0,32
12958,2025-11-20,JP,JAIPUR,20.0,309
12958,2025-11-20,AII,AJMER JN,16.0,443
12958,2025-11-20,FA,FALNA,15.0,650
12958,2025-11-20,ABR,ABU ROAD,12.0,748
12958,2025-11-20,PNU,PALANPUR JN,0.0,801
12958,2025-11-20,MSH,MAHESANA JN,20.0,866
12958,2025-11-20,SBIB,SABARMATI BG,2.0,929
12958,2025-11-21,NDLS,NEW DELHI,0.0,0
12958,2025-11-21,DEC,DELHI CANTT,1.0,16
12958,2025-11-21,GGN,GURGAON,3.0,32
12958,2025-11-21,JP,JAIPUR,9.0,309
12958,2025-11-21,AII,AJMER JN,0.0,443
12958,2025-11-21,FA,FALNA,5.0,650
12958,2025-11-21,ABR,ABU ROAD,0.0,748
12958,2025-11-21,PNU,PALANPUR JN,0.0,801
12958,2025-11-21,MSH,MAHESANA JN,1.0,866
12958,2025-11-21,SBIB,SABARMATI BG,-27.0,929
12958,2025-11-22,NDLS,NEW DELHI,0.0,0
12958,2025-11-22,DEC,DELHI CANTT,0.0,16
12958,2025-11-22,GGN,GURGAON,2.0,32
12958,2025-11-22,JP,JAIPUR,12.0,309
12958,2025-11-22,AII,AJMER JN,4.0,443
12958,2025-11-22,FA,FALNA,0.0,650
12958,2025-11-22,ABR,ABU ROAD,0.0,748
12958,2025-11-22,PNU,PALANPUR JN,0.0,801
12958,2025-11-22,MSH,MAHESANA JN,1.0,866
12958,2025-11-22,SBIB,SABARMATI BG,-24.0,929
12958,2025-11-23,NDLS,NEW DELHI,0.0,0
12958,2025-11-23,DEC,DELHI CANTT,7.0,16
12958,2025-11-23,GGN,GURGAON,7.0,32
12958,2025-11-23,JP,JAIPUR,16.0,309
12958,2025-11-23,AII,AJMER JN,8.0,443
12958,2025-11-23,FA,FALNA,8.0,650
12958,2025-11-23,ABR,ABU ROAD,0.0,748
12958,2025-11-23,PNU,PALANPUR JN,0.0,801
12958,2025-11-23,MSH,MAHESANA JN,4.0,866
12958,2025-11-23,SBIB,SABARMATI BG,-17.0,929
12958,2025-11-24,NDLS,NEW DELHI,0.0,0
12958,2025-11-24,DEC,DELHI CANTT,2.0,16
12958,2025-11-24,GGN,GURGAON,3.0,32
12958,2025-11-24,JP,JAIPUR,12.0,309
12958,2025-11-24,AII,AJMER JN,6.0,443
12958,2025-11-24,FA,FALNA,1.0,650
12958,2025-11-24,ABR,ABU ROAD,0.0,748
12958,2025-11-24,PNU,PALANPUR JN,0.0,801
12958,2025-11-24,MSH,MAHESANA JN,0.0,866
12958,2025-11-24,SBIB,SABARMATI BG,-23.0,929
12958,2025-11-25,NDLS,NEW DELHI,0.0,0
12958,2025-11-25,DEC,DELHI CANTT,1.0,16
12958,2025-11-25,GGN,GURGAON,4.0,32
12958,2025-11-25,JP,JAIPUR,11.0,309
12958,2025-11-25,AII,AJMER JN,1.0,443
12958,2025-11-25,FA,FALNA,0.0,650
12958,2025-11-25,ABR,ABU ROAD,0.0,748
12958,2025-11-25,PNU,PALANPUR JN,0.0,801
12958,2025-11-25,MSH,MAHESANA JN,1.0,866
12958,2025-11-25,SBIB,SABARMATI BG,-26.0,929
12958,2025-11-26,NDLS,NEW DELHI,0.0,0
12958,2025-11-26,DEC,DELHI CANTT,0.0,16
12958,2025-11-26,GGN,GURGAON,2.0,32
12958,2025-11-26,JP,JAIPUR,9.0,309
12958,2025-11-26,AII,AJMER JN,0.0,443
12958,2025-11-26,FA,FALNA,0.0,650
12958,2025-11-26,ABR,ABU ROAD,0.0,748
12958,2025-11-26,PNU,PALANPUR JN,0.0,801
12958,2025-11-26,MSH,MAHESANA JN,1.0,866
12958,2025-11-26,SBIB,SABARMATI BG,-19.0,929
12958,2025-11-27,NDLS,NEW DELHI,0.0,0
12958,2025-11-27,DEC,DELHI CANTT,1.0,16
12958,2025-11-27,GGN,GURGAON,3.0,32
12958,2025-11-27,JP,JAIPUR,10.0,309
12958,2025-11-27,AII,AJMER JN,1.0,443
12958,2025-11-27,FA,FALNA,0.0,650
12958,2025-11-27,ABR,ABU ROAD,1.0,748
12958,2025-11-27,PNU,PALANPUR JN,0.0,801
12958,2025-11-27,MSH,MAHESANA JN,1.0,866
12958,2025-11-27,SBIB,SABARMATI BG,-29.0,929
12958,2025-11-28,NDLS,NEW DELHI,0.0,0
12958,2025-11-28,DEC,DELHI CANTT,0.0,16
12958,2025-11-28,GGN,GURGAON,1.0,32
12958,2025-11-28,JP,JAIPUR,2.0,309
12958,2025-11-28,AII,AJMER JN,7.0,443
12958,2025-11-28,FA,FALNA,8.0,650
12958,2025-11-28,ABR,ABU ROAD,0.0,748
12958,2025-11-28,PNU,PALANPUR JN,0.0,801
12958,2025-11-28,MSH,MAHESANA JN,10.0,866
12958,2025-11-28,SBIB,SABARMATI BG,-17.0,929
12958,2025-11-29,NDLS,NEW DELHI,5.0,0
12958,2025-11-29,DEC,DELHI CANTT,9.0,16
12958,2025-11-29,GGN,GURGAON,10.0,32
12958,2025-11-29,JP,JAIPUR,13.0,309
12958,2025-11-29,AII,AJMER JN,6.0,443
12958,2025-11-29,FA,FALNA,1.0,650
12958,2025-11-29,ABR,ABU ROAD,1.0,748
12958,2025-11-29,PNU,PALANPUR JN,1.0,801
12958,2025-11-29,MSH,MAHESANA JN,2.0,866
12958,2025-11-29,SBIB,SABARMATI BG,-23.0,929
12958,2025-11-30,NDLS,NEW DELHI,0.0,0
12958,2025-11-30,DEC,DELHI CANTT,8.0,16
12958,2025-11-30,GGN,GURGAON,9.0,32
12958,2025-11-30,JP,JAIPUR,29.0,309
12958,2025-11-30,AII,AJMER JN,17.0,443
12958,2025-11-30,FA,FALNA,14.0,650
12958,2025-11-30,ABR,ABU ROAD,4.0,748
12958,2025-11-30,PNU,PALANPUR JN,1.0,801
12958,2025-11-30,MSH,MAHESANA JN,1.0,866
12958,2025-11-30,SBIB,SABARMATI BG,-21.0,929
12958,2025-12-01,NDLS,NEW DELHI,0.0,0
12958,2025-12-01,DEC,DELHI CANTT,2.0,16
12958,2025-12-01,GGN,GURGAON,4.0,32
12958,2025-12-01,JP,JAIPUR,15.0,309
12958,2025-12-01,AII,AJMER JN,5.0,443
12958,2025-12-01,FA,FALNA,3.0,650
12958,2025-12-01,ABR,ABU ROAD,1.0,748
12958,2025-12-01,PNU,PALANPUR JN,0.0,801
12958,2025-12-01,MSH,MAHESANA JN,3.0,866
12958,2025-12-01,SBIB,SABARMATI BG,-19.0,929
12958,2025-12-02,NDLS,NEW DELHI,2.0,0
12958,2025-12-02,DEC,DELHI CANTT,0.0,16
12958,2025-12-02,GGN,GURGAON,6.0,32
12958,2025-12-02,JP,JAIPUR,13.0,309
12958,2025-12-02,AII,AJMER JN,10.0,443
12958,2025-12-02,FA,FALNA,3.0,650
12958,2025-12-02,ABR,ABU ROAD,1.0,748
12958,2025-12-02,PNU,PALANPUR JN,1.0,801
12958,2025-12-02,MSH,MAHESANA JN,1.0,866
12958,2025-12-02,SBIB,SABARMATI BG,-17.0,929
12958,2025-12-03,NDLS,NEW DELHI,0.0,0
12958,2025-12-03,DEC,DELHI CANTT,0.0,16
12958,2025-12-03,GGN,GURGAON,2.0,32
12958,2025-12-03,JP,JAIPUR,28.0,309
12958,2025-12-03,AII,AJMER JN,18.0,443
12958,2025-12-03,FA,FALNA,23.0,650
12958,2025-12-03,ABR,ABU ROAD,14.0,748
12958,2025-12-03,PNU,PALANPUR JN,1.0,801
12958,2025-12-03,MSH,MAHESANA JN,20.0,866
12958,2025-12-03,SBIB,SABARMATI BG,-3.0,929
12958,2025-12-04,NDLS,NEW DELHI,1.0,0
12958,2025-12-04,DEC,DELHI CANTT,0.0,16
12958,2025-12-04,GGN,GURGAON,1.0,32
12958,2025-12-04,JP,JAIPUR,12.0,309
12958,2025-12-04,AII,AJMER JN,10.0,443
12958,2025-12-04,FA,FALNA,6.0,650
12958,2025-12-04,ABR,ABU ROAD,0.0,748
12958,2025-12-04,PNU,PALANPUR JN,0.0,801
12958,2025-12-04,MSH,MAHESANA JN,7.0,866
12958,2025-12-04,SBIB,SABARMATI BG,-13.0,929
12958,2025-12-05,NDLS,NEW DELHI,0.0,0
12958,2025-12-05,DEC,DELHI CANTT,2.0,16
12958,2025-12-05,GGN,GURGAON,3.0,32
12958,2025-12-05,JP,JAIPUR,11.0,309
12958,2025-12-05,AII,AJMER JN,3.0,443
12958,2025-12-05,FA,FALNA,4.0,650
12958,2025-12-05,ABR,ABU ROAD,0.0,748
12958,2025-12-05,PNU,PALANPUR JN,0.0,801
12958,2025-12-05,MSH,MAHESANA JN,0.0,866
12958,2025-12-05,SBIB,SABARMATI BG,-25.0,929
12958,2025-12-06,NDLS,NEW DELHI,1.0,0
12958,2025-12-06,DEC,DELHI CANTT,1.0,16
12958,2025-12-06,GGN,GURGAON,2.0,32
12958,2025-12-06,JP,JAIPUR,11.0,309
12958,2025-12-06,AII,AJMER JN,12.0,443
12958,2025-12-06,FA,FALNA,11.0,650
12958,2025-12-06,ABR,ABU ROAD,4.0,748
12958,2025-12-06,PNU,PALANPUR JN,0.0,801
12958,2025-12-06,MSH,MAHESANA JN,1.0,866
12958,2025-12-06,SBIB,SABARMATI BG,-23.0,929
12958,2025-12-07,NDLS,NEW DELHI,0.0,0
12958,2025-12-07,DEC,DELHI CANTT,7.0,16
12958,2025-12-07,GGN,GURGAON,7.0,32
12958,2025-12-07,JP,JAIPUR,13.0,309
12958,2025-12-07,AII,AJMER JN,13.0,443
12958,2025-12-07,FA,FALNA,11.0,650
12958,2025-12-07,ABR,ABU ROAD,2.0,748
12958,2025-12-07,PNU,PALANPUR JN,0.0,801
12958,2025-12-07,MSH,MAHESANA JN,2.0,866
12958,2025-12-07,SBIB,SABARMATI BG,-15.0,929
12958,2025-12-08,NDLS,NEW DELHI,0.0,0
12958,2025-12-08,DEC,DELHI CANTT,2.0,16
12958,2025-12-08,GGN,GURGAON,5.0,32
12958,2025-12-08,JP,JAIPUR,15.0,309
12958,2025-12-08,AII,AJMER JN,2.0,443
12958,2025-12-08,FA,FALNA,0.0,650
12958,2025-12-08,ABR,ABU ROAD,1.0,748
12958,2025-12-08,PNU,PALANPUR JN,1.0,801
12958,2025-12-08,MSH,MAHESANA JN,2.0,866
12958,2025-12-08,SBIB,SABARMATI BG,-20.0,929
12958,2025-12-09,NDLS,NEW DELHI,0.0,0
12958,2025-12-09,DEC,DELHI CANTT,0.0,16
12958,2025-12-09,GGN,GURGAON,2.0,32
12958,2025-12-09,JP,JAIPUR,10.0,309
12958,2025-12-09,AII,AJMER JN,0.0,443
12958,2025-12-09,FA,FALNA,0.0,650
12958,2025-12-09,ABR,ABU ROAD,0.0,748
12958,2025-12-09,PNU,PALANPUR JN,0.0,801
12958,2025-12-09,MSH,MAHESANA JN,0.0,866
12958,2025-12-09,SBIB,SABARMATI BG,-19.0,929
12958,2025-12-10,NDLS,NEW DELHI,2.0,0
12958,2025-12-10,DEC,DELHI CANTT,3.0,16
12958,2025-12-10,GGN,GURGAON,4.0,32
12958,2025-12-10,JP,JAIPUR,10.0,309
12958,2025-12-10,AII,AJMER JN,1.0,443
12958,2025-12-10,FA,FALNA,0.0,650
12958,2025-12-10,ABR,ABU ROAD,1.0,748
12958,2025-12-10,PNU,PALANPUR JN,1.0,801
12958,2025-12-10,MSH,MAHESANA JN,1.0,866
12958,2025-12-10,SBIB,SABARMATI BG,-24.0,929
12958,2025-12-11,NDLS,NEW DELHI,0.0,0
12958,2025-12-11,DEC,DELHI CANTT,1.0,16
12958,2025-12-11,GGN,GURGAON,2.0,32
12958,2025-12-11,JP,JAIPUR,14.0,309
12958,2025-12-11,AII,AJMER JN,11.0,443
12958,2025-12-11,FA,FALNA,18.0,650
12958,2025-12-11,ABR,ABU ROAD,15.0,748
12958,2025-12-11,PNU,PALANPUR JN,1.0,801
12958,2025-12-11,MSH,MAHESANA JN,1.0,866
12958,2025-12-11,SBIB,SABARMATI BG,-16.0,929
12958,2025-12-12,NDLS,NEW DELHI,0.0,0
12958,2025-12-12,DEC,DELHI CANTT,1.0,16
12958,2025-12-12,GGN,GURGAON,2.0,32
12958,2025-12-12,JP,JAIPUR,0.0,309
12958,2025-12-12,AII,AJMER JN,81.0,443
12958,2025-12-12,FA,FALNA,90.0,650
12958,2025-12-12,ABR,ABU ROAD,86.0,748
12958,2025-12-12,PNU,PALANPUR JN,72.0,801
12958,2025-12-12,MSH,MAHESANA JN,69.0,866
12958,2025-12-12,SBIB,SABARMATI BG,42.0,929
12958,2025-12-13,NDLS,NEW DELHI,0.0,0
12958,2025-12-13,DEC,DELHI CANTT,0.0,16
12958,2025-12-13,GGN,GURGAON,2.0,32
12958,2025-12-13,JP,JAIPUR,20.0,309
12958,2025-12-13,AII,AJMER JN,10.0,443
12958,2025-12-13,FA,FALNA,7.0,650
12958,2025-12-13,ABR,ABU ROAD,2.0,748
12958,2025-12-13,PNU,PALANPUR JN,0.0,801
12958,2025-12-13,MSH,MAHESANA JN,0.0,866
12958,2025-12-13,SBIB,SABARMATI BG,-27.0,929
12958,2025-12-14,NDLS,NEW DELHI,0.0,0
12958,2025-12-14,DEC,DELHI CANTT,8.0,16
12958,2025-12-14,GGN,GURGAON,9.0,32
12958,2025-12-14,JP,JAIPUR,21.0,309
12958,2025-12-14,AII,AJMER JN,15.0,443
12958,2025-12-14,FA,FALNA,11.0,650
12958,2025-12-14,ABR,ABU ROAD,5.0,748
12958,2025-12-14,PNU,PALANPUR JN,0.0,801
12958,2025-12-14,MSH,MAHESANA JN,0.0,866
12958,2025-12-14,SBIB,SABARMATI BG,-28.0,929
12958,2025-12-15,NDLS,NEW DELHI,7.0,0
12958,2025-12-15,DEC,DELHI CANTT,9.0,16
12958,2025-12-15,GGN,GURGAON,11.0,32
12958,2025-12-15,JP,JAIPUR,15.0,309
12958,2025-12-15,AII,AJMER JN,6.0,443
12958,2025-12-15,FA,FALNA,0.0,650
12958,2025-12-15,ABR,ABU ROAD,0.0,748
12958,2025-12-15,PNU,PALANPUR JN,0.0,801
12958,2025-12-15,MSH,MAHESANA JN,0.0,866
12958,2025-12-15,SBIB,SABARMATI BG,-25.0,929
12958,2025-12-16,NDLS,NEW DELHI,4.0,0
12958,2025-12-16,DEC,DELHI CANTT,6.0,16
12958,2025-12-16,GGN,GURGAON,8.0,32
12958,2025-12-16,JP,JAIPUR,33.0,309
12958,2025-12-16,AII,AJMER JN,26.0,443
12958,2025-12-16,FA,FALNA,21.0,650
12958,2025-12-16,ABR,ABU ROAD,19.0,748
12958,2025-12-16,PNU,PALANPUR JN,5.0,801
12958,2025-12-16,MSH,MAHESANA JN,3.0,866
12958,2025-12-16,SBIB,SABARMATI BG,-18.0,929
12958,2025-12-17,NDLS,NEW DELHI,0.0,0
12958,2025-12-17,DEC,DELHI CANTT,1.0,16
12958,2025-12-17,GGN,GURGAON,2.0,32
12958,2025-12-17,JP,JAIPUR,18.0,309
12958,2025-12-17,AII,AJMER JN,15.0,443
12958,2025-12-17,FA,FALNA,10.0,650
12958,2025-12-17,ABR,ABU ROAD,10.0,748
12958,2025-12-17,PNU,PALANPUR JN,0.0,801
12958,2025-12-17,MSH,MAHESANA JN,1.0,866
12958,2025-12-17,SBIB,SABARMATI BG,-23.0,929
12958,2025-12-18,NDLS,NEW DELHI,2.0,0
12958,2025-12-18,DEC,DELHI CANTT,5.0,16
12958,2025-12-18,GGN,GURGAON,6.0,32
12958,2025-12-18,JP,JAIPUR,25.0,309
12958,2025-12-18,AII,AJMER JN,42.0,443
12958,2025-12-18,FA,FALNA,54.0,650
12958,2025-12-18,ABR,ABU ROAD,54.0,748
12958,2025-12-18,PNU,PALANPUR JN,49.0,801
12958,2025-12-18,MSH,MAHESANA JN,48.0,866
12958,2025-12-18,SBIB,SABARMATI BG,24.0,929
12958,2025-12-19,NDLS,NEW DELHI,0.0,0
12958,2025-12-19,DEC,DELHI CANTT,3.0,16
12958,2025-12-19,GGN,GURGAON,5.0,32
12958,2025-12-19,JP,JAIPUR,53.0,309
12958,2025-12-19,AII,AJMER JN,60.0,443
12958,2025-12-19,FA,FALNA,54.0,650
12958,2025-12-19,ABR,ABU ROAD,50.0,748
12958,2025-12-19,PNU,PALANPUR JN,38.0,801
12958,2025-12-19,MSH,MAHESANA JN,36.0,866
12958,2025-12-19,SBIB,SABARMATI BG,15.0,929
12958,2025-12-20,NDLS,NEW DELHI,17.0,0
12958,2025-12-20,DEC,DELHI CANTT,19.0,16
12958,2025-12-20,GGN,GURGAON,20.0,32
12958,2025-12-20,JP,JAIPUR,114.0,309
12958,2025-12-20,AII,AJMER JN,118.0,443
12958,2025-12-20,FA,FALNA,111.0,650
12958,2025-12-20,ABR,ABU ROAD,107.0,748
12958,2025-12-20,PNU,PALANPUR JN,92.0,801
12958,2025-12-20,MSH,MAHESANA JN,89.0,866
12958,2025-12-20,SBIB,SABARMATI BG,65.0,929
12958,2025-12-21,NDLS,NEW DELHI,0.0,0
12958,2025-12-21,DEC,DELHI CANTT,3.0,16
12958,2025-12-21,GGN,GURGAON,4.0,32
12958,2025-12-21,JP,JAIPUR,52.0,309
12958,2025-12-21,AII,AJMER JN,81.0,443
12958,2025-12-21,FA,FALNA,74.0,650
12958,2025-12-21,ABR,ABU ROAD,67.0,748
12958,2025-12-21,PNU,PALANPUR JN,52.0,801
12958,2025-12-21,MSH,MAHESANA JN,48.0,866
12958,2025-12-21,SBIB,SABARMATI BG,21.0,929
12958,2025-12-22,NDLS,NEW DELHI,1.0,0
12958,2025-12-22,DEC,DELHI CANTT,3.0,16
12958,2025-12-22,GGN,GURGAON,5.0,32
12958,2025-12-22,JP,JAIPUR,26.0,309
12958,2025-12-22,AII,AJMER JN,21.0,443
12958,2025-12-22,FA,FALNA,14.0,650
12958,2025-12-22,ABR,ABU ROAD,8.0,748
12958,2025-12-22,PNU,PALANPUR JN,0.0,801
12958,2025-12-22,MSH,MAHESANA JN,1.0,866
12958,2025-12-22,SBIB,SABARMATI BG,-19.0,929
12958,2025-12-23,NDLS,NEW DELHI,2.0,0
12958,2025-12-23,DEC,DELHI CANTT,2.0,16
12958,2025-12-23,GGN,GURGAON,4.0,32
12958,2025-12-23,JP,JAIPUR,13.0,309
12958,2025-12-23,AII,AJMER JN,10.0,443
12958,2025-12-23,FA,FALNA,4.0,650
12958,2025-12-23,ABR,ABU ROAD,0.0,748
12958,2025-12-23,PNU,PALANPUR JN,0.0,801
12958,2025-12-23,MSH,MAHESANA JN,1.0,866
12958,2025-12-23,SBIB,SABARMATI BG,-26.0,929
12958,2025-12-24,NDLS,NEW DELHI,8.0,0
12958,2025-12-24,DEC,DELHI CANTT,95.0,16
12958,2025-12-24,GGN,GURGAON,98.0,32
12958,2025-12-24,JP,JAIPUR,106.0,309
12958,2025-12-24,AII,AJMER JN,135.0,443
12958,2025-12-24,FA,FALNA,129.0,650
12958,2025-12-24,ABR,ABU ROAD,122.0,748
12958,2025-12-24,PNU,PALANPUR JN,103.0,801
12958,2025-12-24,MSH,MAHESANA JN,105.0,866
12958,2025-12-24,SBIB,SABARMATI BG,79.0,929
12958,2025-12-25,NDLS,NEW DELHI,1.0,0
12958,2025-12-25,DEC,DELHI CANTT,0.0,16
12958,2025-12-25,GGN,GURGAON,4.0,32
12958,2025-12-25,JP,JAIPUR,39.0,309
12958,2025-12-25,AII,AJMER JN,34.0,443
12958,2025-12-25,FA,FALNA,41.0,650
12958,2025-12-25,ABR,ABU ROAD,34.0,748
12958,2025-12-25,PNU,PALANPUR JN,19.0,801
12958,2025-12-25,MSH,MAHESANA JN,16.0,866
12958,2025-12-25,SBIB,SABARMATI BG,-13.0,929
12958,2025-12-26,NDLS,NEW DELHI,0.0,0
12958,2025-12-26,DEC,DELHI CANTT,5.0,16
12958,2025-12-26,GGN,GURGAON,7.0,32
12958,2025-12-26,JP,JAIPUR,21.0,309
12958,2025-12-26,AII,AJMER JN,23.0,443
12958,2025-12-26,FA,FALNA,22.0,650
12958,2025-12-26,ABR,ABU ROAD,17.0,748
12958,2025-12-26,PNU,PALANPUR JN,2.0,801
12958,2025-12-26,MSH,MAHESANA JN,0.0,866
12958,2025-12-26,SBIB,SABARMATI BG,-19.0,929
12958,2025-12-27,NDLS,NEW DELHI,3.0,0
12958,2025-12-27,DEC,DELHI CANTT,2.0,16
12958,2025-12-27,GGN,GURGAON,5.0,32
12958,2025-12-27,JP,JAIPUR,22.0,309
12958,2025-12-27,AII,AJMER JN,25.0,443
12958,2025-12-27,FA,FALNA,21.0,650
12958,2025-12-27,ABR,ABU ROAD,15.0,748
12958,2025-12-27,PNU,PALANPUR JN,3.0,801
12958,2025-12-27,MSH,MAHESANA JN,2.0,866
12958,2025-12-27,SBIB,SABARMATI BG,-27.0,929
12958,2025-12-28,NDLS,NEW DELHI,0.0,0
12958,2025-12-28,DEC,DELHI CANTT,8.0,16
12958,2025-12-28,GGN,GURGAON,12.0,32
12958,2025-12-28,JP,JAIPUR,40.0,309
12958,2025-12-28,AII,AJMER JN,39.0,443
12958,2025-12-28,FA,FALNA,40.0,650
12958,2025-12-28,ABR,ABU ROAD,35.0,748
12958,2025-12-28,PNU,PALANPUR JN,21.0,801
12958,2025-12-28,MSH,MAHESANA JN,18.0,866
12958,2025-12-28,SBIB,SABARMATI BG,4.0,929
12958,2025-12-29,NDLS,NEW DELHI,0.0,0
12958,2025-12-29,DEC,DELHI CANTT,10.0,16
12958,2025-12-29,GGN,GURGAON,15.0,32
12958,2025-12-29,JP,JAIPUR,103.0,309
12958,2025-12-29,AII,AJMER JN,100.0,443
12958,2025-12-29,FA,FALNA,99.0,650
12958,2025-12-29,ABR,ABU ROAD,94.0,748
12958,2025-12-29,PNU,PALANPUR JN,76.0,801
12958,2025-12-29,MSH,MAHESANA JN,73.0,866
12958,2025-12-29,SBIB,SABARMATI BG,44.0,929
12958,2025-12-30,NDLS,NEW DELHI,0.0,0
12958,2025-12-30,DEC,DELHI CANTT,4.0,16
12958,2025-12-30,GGN,GURGAON,7.0,32
12958,2025-12-30,JP,JAIPUR,36.0,309
12958,2025-12-30,AII,AJMER JN,50.0,443
12958,2025-12-30,FA,FALNA,55.0,650
12958,2025-12-30,ABR,ABU ROAD,48.0,748
12958,2025-12-30,PNU,PALANPUR JN,31.0,801
12958,2025-12-30,MSH,MAHESANA JN,35.0,866
12958,2025-12-30,SBIB,SABARMATI BG,14.0,929
12958,2025-12-31,NDLS,NEW DELHI,1.0,0
12958,2025-12-31,DEC,DELHI CANTT,0.0,16
12958,2025-12-31,GGN,GURGAON,7.0,32
12958,2025-12-31,JP,JAIPUR,25.0,309
12958,2025-12-31,AII,AJMER JN,23.0,443
12958,2025-12-31,FA,FALNA,23.0,650
12958,2025-12-31,ABR,ABU ROAD,18.0,748
12958,2025-12-31,PNU,PALANPUR JN,0.0,801
12958,2025-12-31,MSH,MAHESANA JN,1.0,866
12958,2025-12-31,SBIB,SABARMATI BG,-12.0,929
12958,2026-01-01,NDLS,NEW DELHI,0.0,0
12958,2026-01-01,DEC,DELHI CANTT,1.0,16
12958,2026-01-01,GGN,GURGAON,1.0,32
12958,2026-01-01,JP,JAIPUR,0.0,309
12958,2026-01-01,AII,AJMER JN,4.0,443
12958,2026-01-01,FA,FALNA,38.0,650
12958,2026-01-01,ABR,ABU ROAD,40.0,748
12958,2026-01-01,PNU,PALANPUR JN,17.0,801
12958,2026-01-01,MSH,MAHESANA JN,14.0,866
12958,2026-01-01,SBIB,SABARMATI BG,-12.0,929
12958,2026-01-02,NDLS,NEW DELHI,5.0,0
12958,2026-01-02,DEC,DELHI CANTT,5.0,16
12958,2026-01-02,GGN,GURGAON,7.0,32
12958,2026-01-02,JP,JAIPUR,11.0,309
12958,2026-01-02,AII,AJMER JN,7.0,443
12958,2026-01-02,FA,FALNA,7.0,650
12958,2026-01-02,ABR,ABU ROAD,7.0,748
12958,2026-01-02,PNU,PALANPUR JN,0.0,801
12958,2026-01-02,MSH,MAHESANA JN,1.0,866
12958,2026-01-02,SBIB,SABARMATI BG,-19.0,929
12958,2026-01-03,NDLS,NEW DELHI,0.0,0
12958,2026-01-03,DEC,DELHI CANTT,2.0,16
12958,2026-01-03,GGN,GURGAON,3.0,32
12958,2026-01-03,JP,JAIPUR,14.0,309
12958,2026-01-03,AII,AJMER JN,37.0,443
12958,2026-01-03,FA,FALNA,47.0,650
12958,2026-01-03,ABR,ABU ROAD,46.0,748
12958,2026-01-03,PNU,PALANPUR JN,27.0,801
12958,2026-01-03,MSH,MAHESANA JN,25.0,866
12958,2026-01-03,SBIB,SABARMATI BG,1.0,929
12958,2026-01-04,NDLS,NEW DELHI,3.0,0
12958,2026-01-04,DEC,DELHI CANTT,4.0,16
12958,2026-01-04,GGN,GURGAON,10.0,32
12958,2026-01-04,JP,JAIPUR,16.0,309
12958,2026-01-04,AII,AJMER JN,35.0,443
12958,2026-01-04,FA,FALNA,41.0,650
12958,2026-01-04,ABR,ABU ROAD,40.0,748
12958,2026-01-04,PNU,PALANPUR JN,26.0,801
12958,2026-01-04,MSH,MAHESANA JN,24.0,866
12958,2026-01-04,SBIB,SABARMATI BG,-2.0,929
12958,2026-01-05,NDLS,NEW DELHI,1.0,0
12958,2026-01-05,DEC,DELHI CANTT,2.0,16
12958,2026-01-05,GGN,GURGAON,4.0,32
12958,2026-01-05,JP,JAIPUR,33.0,309
12958,2026-01-05,AII,AJMER JN,70.0,443
12958,2026-01-05,FA,FALNA,79.0,650
12958,2026-01-05,ABR,ABU ROAD,79.0,748
12958,2026-01-05,PNU,PALANPUR JN,59.0,801
12958,2026-01-05,MSH,MAHESANA JN,55.0,866
12958,2026-01-05,SBIB,SABARMATI BG,28.0,929
12958,2026-01-06,NDLS,NEW DELHI,24.0,0
12958,2026-01-06,DEC,DELHI CANTT,22.0,16
12958,2026-01-06,GGN,GURGAON,26.0,32
12958,2026-01-06,JP,JAIPUR,43.0,309
12958,2026-01-06,AII,AJMER JN,101.0,443
12958,2026-01-06,FA,FALNA,117.0,650
12958,2026-01-06,ABR,ABU ROAD,113.0,748
12958,2026-01-06,PNU,PALANPUR JN,98.0,801
12958,2026-01-06,MSH,MAHESANA JN,93.0,866
12958,2026-01-06,SBIB,SABARMATI BG,68.0,929
12958,2026-01-07,NDLS,NEW DELHI,0.0,0
12958,2026-01-07,DEC,DELHI CANTT,2.0,16
12958,2026-01-07,GGN,GURGAON,4.0,32
12958,2026-01-07,JP,JAIPUR,39.0,309
12958,2026-01-07,AII,AJMER JN,57.0,443
12958,2026-01-07,FA,FALNA,62.0,650
12958,2026-01-07,ABR,ABU ROAD,66.0,748
12958,2026-01-07,PNU,PALANPUR JN,50.0,801
12958,2026-01-07,MSH,MAHESANA JN,48.0,866
12958,2026-01-07,SBIB,SABARMATI BG,22.0,929
12958,2026-01-08,NDLS,NEW DELHI,1.0,0
12958,2026-01-08,DEC,DELHI CANTT,2.0,16
12958,2026-01-08,GGN,GURGAON,7.0,32
12958,2026-01-08,JP,JAIPUR,33.0,309
12958,2026-01-08,AII,AJMER JN,43.0,443
12958,2026-01-08,FA,FALNA,44.0,650
12958,2026-01-08,ABR,ABU ROAD,42.0,748
12958,2026-01-08,PNU,PALANPUR JN,26.0,801
12958,2026-01-08,MSH,MAHESANA JN,22.0,866
12958,2026-01-08,SBIB,SABARMATI BG,-10.0,929
12958,2026-01-09,NDLS,NEW DELHI,13.0,0
12958,2026-01-09,DEC,DELHI CANTT,22.0,16
12958,2026-01-09,GGN,GURGAON,24.0,32
12958,2026-01-09,JP,JAIPUR,31.0,309
12958,2026-01-09,AII,AJMER JN,72.0,443
12958,2026-01-09,FA,FALNA,83.0,650
12958,2026-01-09,ABR,ABU ROAD,84.0,748
12958,2026-01-09,PNU,PALANPUR JN,65.0,801
12958,2026-01-09,MSH,MAHESANA JN,61.0,866
12958,2026-01-09,SBIB,SABARMATI BG,41.0,929
12958,2026-01-10,NDLS,NEW DELHI,2.0,0
12958,2026-01-10,DEC,DELHI CANTT,1.0,16
12958,2026-01-10,GGN,GURGAON,17.0,32
12958,2026-01-10,JP,JAIPUR,29.0,309
12958,2026-01-10,AII,AJMER JN,38.0,443
12958,2026-01-10,FA,FALNA,40.0,650
12958,2026-01-10,ABR,ABU ROAD,41.0,748
12958,2026-01-10,PNU,PALANPUR JN,22.0,801
12958,2026-01-10,MSH,MAHESANA JN,19.0,866
12958,2026-01-10,SBIB,SABARMATI BG,-10.0,929
12958,2026-01-11,NDLS,NEW DELHI,0.0,0
12958,2026-01-11,DEC,DELHI CANTT,6.0,16
12958,2026-01-11,GGN,GURGAON,7.0,32
12958,2026-01-11,JP,JAIPUR,16.0,309
12958,2026-01-11,AII,AJMER JN,14.0,443
12958,2026-01-11,FA,FALNA,14.0,650
12958,2026-01-11,ABR,ABU ROAD,13.0,748
12958,2026-01-11,PNU,PALANPUR JN,0.0,801
12958,2026-01-11,MSH,MAHESANA JN,0.0,866
12958,2026-01-11,SBIB,SABARMATI BG,-24.0,929
12958,2026-01-12,NDLS,NEW DELHI,1.0,0
12958,2026-01-12,DEC,DELHI CANTT,10.0,16
12958,2026-01-12,GGN,GURGAON,12.0,32
12958,2026-01-12,JP,JAIPUR,28.0,309
12958,2026-01-12,AII,AJMER JN,33.0,443
12958,2026-01-12,FA,FALNA,30.0,650
12958,2026-01-12,ABR,ABU ROAD,27.0,748
12958,2026-01-12,PNU,PALANPUR JN,9.0,801
12958,2026-01-12,MSH,MAHESANA JN,11.0,866
12958,2026-01-12,SBIB,SABARMATI BG,-14.0,929
12958,2026-01-13,NDLS,NEW DELHI,0.0,0
12958,2026-01-13,DEC,DELHI CANTT,6.0,16
12958,2026-01-13,GGN,GURGAON,8.0,32
12958,2026-01-13,JP,JAIPUR,9.0,309
12958,2026-01-13,AII,AJMER JN,8.0,443
12958,2026-01-13,FA,FALNA,10.0,650
12958,2026-01-13,ABR,ABU ROAD,8.0,748
12958,2026-01-13,PNU,PALANPUR JN,0.0,801
12958,2026-01-13,MSH,MAHESANA JN,1.0,866
12958,2026-01-13,SBIB,SABARMATI BG,-30.0,929
12958,2026-01-14,NDLS,NEW DELHI,1.0,0
12958,2026-01-14,DEC,DELHI CANTT,0.0,16
12958,2026-01-14,GGN,GURGAON,3.0,32
12958,2026-01-14,JP,JAIPUR,9.0,309
12958,2026-01-14,AII,AJMER JN,12.0,443
12958,2026-01-14,FA,FALNA,19.0,650
12958,2026-01-14,ABR,ABU ROAD,24.0,748
12958,2026-01-14,PNU,PALANPUR JN,5.0,801
12958,2026-01-14,MSH,MAHESANA JN,7.0,866
12958,2026-01-14,SBIB,SABARMATI BG,-19.0,929
12958,2026-01-15,NDLS,NEW DELHI,1.0,0
12958,2026-01-15,DEC,DELHI CANTT,3.0,16
12958,2026-01-15,GGN,GURGAON,6.0,32
12958,2026-01-15,JP,JAIPUR,10.0,309
12958,2026-01-15,AII,AJMER JN,20.0,443
12958,2026-01-15,FA,FALNA,22.0,650
12958,2026-01-15,ABR,ABU ROAD,23.0,748
12958,2026-01-15,PNU,PALANPUR JN,3.0,801
12958,2026-01-15,MSH,MAHESANA JN,19.0,866
12958,2026-01-15,SBIB,SABARMATI BG,-9.0,929
12958,2026-01-16,NDLS,NEW DELHI,2.0,0
12958,2026-01-16,DEC,DELHI CANTT,5.0,16
12958,2026-01-16,GGN,GURGAON,14.0,32
12958,2026-01-16,JP,JAIPUR,14.0,309
12958,2026-01-16,AII,AJMER JN,20.0,443
12958,2026-01-16,FA,FALNA,23.0,650
12958,2026-01-16,ABR,ABU ROAD,22.0,748
12958,2026-01-16,PNU,PALANPUR JN,1.0,801
12958,2026-01-16,MSH,MAHESANA JN,1.0,866
12958,2026-01-16,SBIB,SABARMATI BG,-23.0,929
12958,2026-01-17,NDLS,NEW DELHI,0.0,0
12958,2026-01-17,DEC,DELHI CANTT,2.0,16
12958,2026-01-17,GGN,GURGAON,3.0,32
12958,2026-01-17,JP,JAIPUR,19.0,309
12958,2026-01-17,AII,AJMER JN,19.0,443
12958,2026-01-17,FA,FALNA,20.0,650
12958,2026-01-17,ABR,ABU ROAD,19.0,748
12958,2026-01-17,PNU,PALANPUR JN,1.0,801
12958,2026-01-17,MSH,MAHESANA JN,7.0,866
12958,2026-01-17,SBIB,SABARMATI BG,-18.0,929
12958,2026-01-18,NDLS,NEW DELHI,1.0,0
12958,2026-01-18,DEC,DELHI CANTT,10.0,16
12958,2026-01-18,GGN,GURGAON,12.0,32
12958,2026-01-18,JP,JAIPUR,12.0,309
12958,2026-01-18,AII,AJMER JN,9.0,443
12958,2026-01-18,FA,FALNA,9.0,650
12958,2026-01-18,ABR,ABU ROAD,7.0,748
12958,2026-01-18,PNU,PALANPUR JN,0.0,801
12958,2026-01-18,MSH,MAHESANA JN,3.0,866
12958,2026-01-18,SBIB,SABARMATI BG,-25.0,929
12958,2026-01-19,NDLS,NEW DELHI,0.0,0
12958,2026-01-19,DEC,DELHI CANTT,6.0,16
12958,2026-01-19,GGN,GURGAON,8.0,32
12958,2026-01-19,JP,JAIPUR,11.0,309
12958,2026-01-19,AII,AJMER JN,12.0,443
12958,2026-01-19,FA,FALNA,9.0,650
12958,2026-01-19,ABR,ABU ROAD,8.0,748
12958,2026-01-19,PNU,PALANPUR JN,0.0,801
12958,2026-01-19,MSH,MAHESANA JN,1.0,866
12958,2026-01-19,SBIB,SABARMATI BG,-22.0,929
12958,2026-01-20,NDLS,NEW DELHI,1.0,0
12958,2026-01-20,DEC,DELHI CANTT,2.0,16
12958,2026-01-20,GGN,GURGAON,2.0,32
12958,2026-01-20,JP,JAIPUR,10.0,309
12958,2026-01-20,AII,AJMER JN,12.0,443
12958,2026-01-20,FA,FALNA,19.0,650
12958,2026-01-20,ABR,ABU ROAD,17.0,748
12958,2026-01-20,PNU,PALANPUR JN,0.0,801
12958,2026-01-20,MSH,MAHESANA JN,5.0,866
12958,2026-01-20,SBIB,SABARMATI BG,-19.0,929
12958,2026-01-21,NDLS,NEW DELHI,0.0,0
12958,2026-01-21,DEC,DELHI CANTT,2.0,16
12958,2026-01-21,GGN,GURGAON,8.0,32
12958,2026-01-21,JP,JAIPUR,18.0,309
12958,2026-01-21,AII,AJMER JN,19.0,443
12958,2026-01-21,FA,FALNA,19.0,650
12958,2026-01-21,ABR,ABU ROAD,23.0,748
12958,2026-01-21,PNU,PALANPUR JN,5.0,801
12958,2026-01-21,MSH,MAHESANA JN,9.0,866
12958,2026-01-21,SBIB,SABARMATI BG,-9.0,929
12958,2026-01-22,NDLS,NEW DELHI,1.0,0
12958,2026-01-22,DEC,DELHI CANTT,0.0,16
12958,2026-01-22,GGN,GURGAON,7.0,32
12958,2026-01-22,JP,JAIPUR,19.0,309
12958,2026-01-22,AII,AJMER JN,17.0,443
12958,2026-01-22,FA,FALNA,17.0,650
12958,2026-01-22,ABR,ABU ROAD,16.0,748
12958,2026-01-22,PNU,PALANPUR JN,0.0,801
12958,2026-01-22,MSH,MAHESANA JN,4.0,866
12958,2026-01-22,SBIB,SABARMATI BG,-15.0,929
12958,2026-01-23,NDLS,NEW DELHI,9.0,0
12958,2026-01-23,DEC,DELHI CANTT,11.0,16
12958,2026-01-23,GGN,GURGAON,16.0,32
12958,2026-01-23,JP,JAIPUR,16.0,309
12958,2026-01-23,AII,AJMER JN,18.0,443
12958,2026-01-23,FA,FALNA,14.0,650
12958,2026-01-23,ABR,ABU ROAD,13.0,748
12958,2026-01-23,PNU,PALANPUR JN,0.0,801
12958,2026-01-23,MSH,MAHESANA JN,1.0,866
12958,2026-01-23,SBIB,SABARMATI BG,-23.0,929
12958,2026-01-24,NDLS,NEW DELHI,1.0,0
12958,2026-01-24,DEC,DELHI CANTT,0.0,16
12958,2026-01-24,GGN,GURGAON,9.0,32
12958,2026-01-24,JP,JAIPUR,17.0,309
12958,2026-01-24,AII,AJMER JN,20.0,443
12958,2026-01-24,FA,FALNA,12.0,650
12958,2026-01-24,ABR,ABU ROAD,11.0,748
12958,2026-01-24,PNU,PALANPUR JN,0.0,801
12958,2026-01-24,MSH,MAHESANA JN,1.0,866
12958,2026-01-24,SBIB,SABARMATI BG,-29.0,929
12958,2026-01-25,NDLS,NEW DELHI,0.0,0
12958,2026-01-25,DEC,DELHI CANTT,7.0,16
12958,2026-01-25,GGN,GURGAON,12.0,32
12958,2026-01-25,JP,JAIPUR,6.0,309
12958,2026-01-25,AII,AJMER JN,16.0,443
12958,2026-01-25,FA,FALNA,10.0,650
12958,2026-01-25,ABR,ABU ROAD,10.0,748
12958,2026-01-25,PNU,PALANPUR JN,0.0,801
12958,2026-01-25,MSH,MAHESANA JN,1.0,866
12958,2026-01-25,SBIB,SABARMATI BG,-27.0,929
12958,2026-01-26,NDLS,NEW DELHI,0.0,0
12958,2026-01-26,DEC,DELHI CANTT,6.0,16
12958,2026-01-26,GGN,GURGAON,9.0,32
12958,2026-01-26,JP,JAIPUR,20.0,309
12958,2026-01-26,AII,AJMER JN,14.0,443
12958,2026-01-26,FA,FALNA,11.0,650
12958,2026-01-26,ABR,ABU ROAD,11.0,748
12958,2026-01-26,PNU,PALANPUR JN,0.0,801
12958,2026-01-26,MSH,MAHESANA JN,4.0,866
12958,2026-01-26,SBIB,SABARMATI BG,-17.0,929
12958,2026-01-27,NDLS,NEW DELHI,0.0,0
12958,2026-01-27,DEC,DELHI CANTT,5.0,16
12958,2026-01-27,GGN,GURGAON,12.0,32
12958,2026-01-27,JP,JAIPUR,16.0,309
12958,2026-01-27,AII,AJMER JN,9.0,443
12958,2026-01-27,FA,FALNA,6.0,650
12958,2026-01-27,ABR,ABU ROAD,6.0,748
12958,2026-01-27,PNU,PALANPUR JN,0.0,801
12958,2026-01-27,MSH,MAHESANA JN,2.0,866
12958,2026-01-27,SBIB,SABARMATI BG,-18.0,929
12958,2026-01-28,NDLS,NEW DELHI,1.0,0
12958,2026-01-28,DEC,DELHI CANTT,6.0,16
12958,2026-01-28,GGN,GURGAON,5.0,32
12958,2026-01-28,JP,JAIPUR,16.0,309
12958,2026-01-28,AII,AJMER JN,10.0,443
12958,2026-01-28,FA,FALNA,2.0,650
12958,2026-01-28,ABR,ABU ROAD,0.0,748
12958,2026-01-28,PNU,PALANPUR JN,0.0,801
12958,2026-01-28,MSH,MAHESANA JN,0.0,866
12958,2026-01-28,SBIB,SABARMATI BG,-32.0,929
12958,2026-01-29,NDLS,NEW DELHI,20.0,0
12958,2026-01-29,DEC,DELHI CANTT,24.0,16
12958,2026-01-29,GGN,GURGAON,30.0,32
12958,2026-01-29,JP,JAIPUR,73.0,309
12958,2026-01-29,AII,AJMER JN,69.0,443
12958,2026-01-29,FA,FALNA,61.0,650
12958,2026-01-29,ABR,ABU ROAD,58.0,748
12958,2026-01-29,PNU,PALANPUR JN,38.0,801
12958,2026-01-29,MSH,MAHESANA JN,35.0,866
12958,2026-01-29,SBIB,SABARMATI BG,6.0,929
12958,2026-01-30,NDLS,NEW DELHI,10.0,0
12958,2026-01-30,DEC,DELHI CANTT,8.0,16
12958,2026-01-30,GGN,GURGAON,18.0,32
12958,2026-01-30,JP,JAIPUR,30.0,309
12958,2026-01-30,AII,AJMER JN,24.0,443
12958,2026-01-30,FA,FALNA,35.0,650
12958,2026-01-30,ABR,ABU ROAD,32.0,748
12958,2026-01-30,PNU,PALANPUR JN,16.0,801
12958,2026-01-30,MSH,MAHESANA JN,17.0,866
12958,2026-01-30,SBIB,SABARMATI BG,-13.0,929
12958,2026-01-31,NDLS,NEW DELHI,7.0,0
12958,2026-01-31,DEC,DELHI CANTT,8.0,16
12958,2026-01-31,GGN,GURGAON,12.0,32
12958,2026-01-31,JP,JAIPUR,26.0,309
12958,2026-01-31,AII,AJMER JN,23.0,443
12958,2026-01-31,FA,FALNA,21.0,650
12958,2026-01-31,ABR,ABU ROAD,22.0,748
12958,2026-01-31,PNU,PALANPUR JN,2.0,801
12958,2026-01-31,MSH,MAHESANA JN,1.0,866
12958,2026-01-31,SBIB,SABARMATI BG,-30.0,929
12958,2026-02-01,NDLS,NEW DELHI,1.0,0
12958,2026-02-01,DEC,DELHI CANTT,2.0,16
12958,2026-02-01,GGN,GURGAON,11.0,32
12958,2026-02-01,JP,JAIPUR,47.0,309
12958,2026-02-01,AII,AJMER JN,52.0,443
12958,2026-02-01,FA,FALNA,52.0,650
12958,2026-02-01,ABR,ABU ROAD,52.0,748
12958,2026-02-01,PNU,PALANPUR JN,26.0,801
12958,2026-02-01,MSH,MAHESANA JN,37.0,866
12958,2026-02-01,SBIB,SABARMATI BG,7.0,929
12958,2026-02-02,NDLS,NEW DELHI,1.0,0
12958,2026-02-02,DEC,DELHI CANTT,0.0,16
12958,2026-02-02,GGN,GURGAON,8.0,32
12958,2026-02-02,JP,JAIPUR,80.0,309
12958,2026-02-02,AII,AJMER JN,78.0,443
12958,2026-02-02,FA,FALNA,75.0,650
12958,2026-02-02,ABR,ABU ROAD,68.0,748
12958,2026-02-02,PNU,PALANPUR JN,57.0,801
12958,2026-02-02,MSH,MAHESANA JN,58.0,866
12958,2026-02-02,SBIB,SABARMATI BG,31.0,929
12958,2026-02-03,NDLS,NEW DELHI,16.0,0
12958,2026-02-03,DEC,DELHI CANTT,16.0,16
12958,2026-02-03,GGN,GURGAON,20.0,32
12958,2026-02-03,JP,JAIPUR,20.0,309
12958,2026-02-03,AII,AJMER JN,21.0,443
12958,2026-02-03,FA,FALNA,16.0,650
12958,2026-02-03,ABR,ABU ROAD,23.0,748
12958,2026-02-03,PNU,PALANPUR JN,2.0,801
12958,2026-02-03,MSH,MAHESANA JN,14.0,866
12958,2026-02-03,SBIB,SABARMATI BG,-11.0,929
12958,2026-02-04,NDLS,NEW DELHI,0.0,0
12958,2026-02-04,DEC,DELHI CANTT,11.0,16
12958,2026-02-04,GGN,GURGAON,17.0,32
12958,2026-02-04,JP,JAIPUR,30.0,309
12958,2026-02-04,AII,AJMER JN,28.0,443
12958,2026-02-04,FA,FALNA,24.0,650
12958,2026-02-04,ABR,ABU ROAD,21.0,748
12958,2026-02-04,PNU,PALANPUR JN,5.0,801
12958,2026-02-04,MSH,MAHESANA JN,2.0,866
12958,2026-02-04,SBIB,SABARMATI BG,-19.0,929
12958,2026-02-05,NDLS,NEW DELHI,1.0,0
12958,2026-02-05,DEC,DELHI CANTT,0.0,16
12958,2026-02-05,GGN,GURGAON,8.0,32
12958,2026-02-05,JP,JAIPUR,21.0,309
12958,2026-02-05,AII,AJMER JN,24.0,443
12958,2026-02-05,FA,FALNA,20.0,650
12958,2026-02-05,ABR,ABU ROAD,21.0,748
12958,2026-02-05,PNU,PALANPUR JN,7.0,801
12958,2026-02-05,MSH,MAHESANA JN,7.0,866
12958,2026-02-05,SBIB,SABARMATI BG,-11.0,929
12958,2026-02-06,NDLS,NEW DELHI,0.0,0
12958,2026-02-06,DEC,DELHI CANTT,2.0,16
12958,2026-02-06,GGN,GURGAON,7.0,32
12958,2026-02-06,JP,JAIPUR,25.0,309
12958,2026-02-06,AII,AJMER JN,22.0,443
12958,2026-02-06,FA,FALNA,18.0,650
12958,2026-02-06,ABR,ABU ROAD,16.0,748
12958,2026-02-06,PNU,PALANPUR JN,1.0,801
12958,2026-02-06,MSH,MAHESANA JN,1.0,866
12958,2026-02-06,SBIB,SABARMATI BG,-19.0,929
12958,2026-02-07,NDLS,NEW DELHI,1.0,0
12958,2026-02-07,DEC,DELHI CANTT,10.0,16
12958,2026-02-07,GGN,GURGAON,6.0,32
12958,2026-02-07,JP,JAIPUR,18.0,309
12958,2026-02-07,AII,AJMER JN,9.0,443
12958,2026-02-07,FA,FALNA,2.0,650
12958,2026-02-07,ABR,ABU ROAD,10.0,748
12958,2026-02-07,PNU,PALANPUR JN,0.0,801
12958,2026-02-07,MSH,MAHESANA JN,2.0,866
12958,2026-02-07,SBIB,SABARMATI BG,-7.0,929
12958,2026-02-08,NDLS,NEW DELHI,5.0,0
12958,2026-02-08,DEC,DELHI CANTT,7.0,16
12958,2026-02-08,GGN,GURGAON,15.0,32
12958,2026-02-08,JP,JAIPUR,20.0,309
12958,2026-02-08,AII,AJMER JN,17.0,443
12958,2026-02-08,FA,FALNA,8.0,650
12958,2026-02-08,ABR,ABU ROAD,9.0,748
12958,2026-02-08,PNU,PALANPUR JN,1.0,801
12958,2026-02-08,MSH,MAHESANA JN,1.0,866
12958,2026-02-08,SBIB,SABARMATI BG,-22.0,929
12958,2026-02-09,NDLS,NEW DELHI,1.0,0
12958,2026-02-09,DEC,DELHI CANTT,0.0,16
12958,2026-02-09,GGN,GURGAON,9.0,32
12958,2026-02-09,JP,JAIPUR,20.0,309
12958,2026-02-09,AII,AJMER JN,20.0,443
12958,2026-02-09,FA,FALNA,14.0,650
12958,2026-02-09,ABR,ABU ROAD,20.0,748
12958,2026-02-09,PNU,PALANPUR JN,1.0,801
12958,2026-02-09,MSH,MAHESANA JN,1.0,866
12958,2026-02-09,SBIB,SABARMATI BG,-13.0,929
12958,2026-02-10,NDLS,NEW DELHI,1.0,0
12958,2026-02-10,DEC,DELHI CANTT,2.0,16
12958,2026-02-10,GGN,GURGAON,7.0,32
12958,2026-02-10,JP,JAIPUR,12.0,309
12958,2026-02-10,AII,AJMER JN,9.0,443
12958,2026-02-10,FA,FALNA,1.0,650
12958,2026-02-10,ABR,ABU ROAD,3.0,748
12958,2026-02-10,PNU,PALANPUR JN,0.0,801
12958,2026-02-10,MSH,MAHESANA JN,1.0,866
12958,2026-02-10,SBIB,SABARMATI BG,-24.0,929
12958,2026-02-11,NDLS,NEW DELHI,0.0,0
12958,2026-02-11,DEC,DELHI CANTT,5.0,16
12958,2026-02-11,GGN,GURGAON,5.0,32
12958,2026-02-11,JP,JAIPUR,17.0,309
12958,2026-02-11,AII,AJMER JN,10.0,443
12958,2026-02-11,FA,FALNA,2.0,650
12958,2026-02-11,ABR,ABU ROAD,7.0,748
12958,2026-02-11,PNU,PALANPUR JN,0.0,801
12958,2026-02-11,MSH,MAHESANA JN,1.0,866
12958,2026-02-11,SBIB,SABARMATI BG,-20.0,929
12958,2026-02-12,NDLS,NEW DELHI,0.0,0
12958,2026-02-12,DEC,DELHI CANTT,2.0,16
12958,2026-02-12,GGN,GURGAON,6.0,32
12958,2026-02-12,JP,JAIPUR,11.0,309
12958,2026-02-12,AII,AJMER JN,12.0,443
12958,2026-02-12,FA,FALNA,4.0,650
12958,2026-02-12,ABR,ABU ROAD,5.0,748
12958,2026-02-12,PNU,PALANPUR JN,0.0,801
12958,2026-02-12,MSH,MAHESANA JN,0.0,866
12958,2026-02-12,SBIB,SABARMATI BG,-25.0,929
12958,2026-02-13,NDLS,NEW DELHI,2.0,0
12958,2026-02-13,DEC,DELHI CANTT,2.0,16
12958,2026-02-13,GGN,GURGAON,10.0,32
12958,2026-02-13,JP,JAIPUR,29.0,309
12958,2026-02-13,AII,AJMER JN,34.0,443
12958,2026-02-13,FA,FALNA,26.0,650
12958,2026-02-13,ABR,ABU ROAD,30.0,748
12958,2026-02-13,PNU,PALANPUR JN,20.0,801
12958,2026-02-13,MSH,MAHESANA JN,20.0,866
12958,2026-02-13,SBIB,SABARMATI BG,-6.0,929
12958,2026-02-14,NDLS,NEW DELHI,0.0,0
12958,2026-02-14,DEC,DELHI CANTT,1.0,16
12958,2026-02-14,GGN,GURGAON,11.0,32
12958,2026-02-14,JP,JAIPUR,17.0,309
12958,2026-02-14,AII,AJMER JN,17.0,443
12958,2026-02-14,FA,FALNA,18.0,650
12958,2026-02-14,ABR,ABU ROAD,15.0,748
12958,2026-02-14,PNU,PALANPUR JN,0.0,801
12958,2026-02-14,MSH,MAHESANA JN,1.0,866
12958,2026-02-14,SBIB,SABARMATI BG,-25.0,929
12958,2026-02-15,NDLS,NEW DELHI,0.0,0
12958,2026-02-15,DEC,DELHI CANTT,5.0,16
12958,2026-02-15,GGN,GURGAON,9.0,32
12958,2026-02-15,JP,JAIPUR,7.0,309
12958,2026-02-15,AII,AJMER JN,20.0,443
12958,2026-02-15,FA,FALNA,12.0,650
12958,2026-02-15,ABR,ABU ROAD,14.0,748
12958,2026-02-15,PNU,PALANPUR JN,0.0,801
12958,2026-02-15,MSH,MAHESANA JN,1.0,866
12958,2026-02-15,SBIB,SABARMATI BG,-27.0,929
12958,2026-02-16,NDLS,NEW DELHI,0.0,0
12958,2026-02-16,DEC,DELHI CANTT,2.0,16
12958,2026-02-16,GGN,GURGAON,8.0,32
12958,2026-02-16,JP,JAIPUR,1.0,309
12958,2026-02-16,AII,AJMER JN,9.0,443
12958,2026-02-16,FA,FALNA,5.0,650
12958,2026-02-16,ABR,ABU ROAD,6.0,748
12958,2026-02-16,PNU,PALANPUR JN,0.0,801
12958,2026-02-16,MSH,MAHESANA JN,2.0,866
12958,2026-02-16,SBIB,SABARMATI BG,-20.0,929
12958,2026-02-17,NDLS,NEW DELHI,0.0,0
12958,2026-02-17,DEC,DELHI CANTT,2.0,16
12958,2026-02-17,GGN,GURGAON,6.0,32
12958,2026-02-17,JP,JAIPUR,12.0,309
12958,2026-02-17,AII,AJMER JN,12.0,443
12958,2026-02-17,FA,FALNA,7.0,650
12958,2026-02-17,ABR,ABU ROAD,10.0,748
12958,2026-02-17,PNU,PALANPUR JN,0.0,801
12958,2026-02-17,MSH,MAHESANA JN,6.0,866
12958,2026-02-17,SBIB,SABARMATI BG,-9.0,929
12958,2026-02-18,NDLS,NEW DELHI,0.0,0
12958,2026-02-18,DEC,DELHI CANTT,2.0,16
12958,2026-02-18,GGN,GURGAON,10.0,32
12958,2026-02-18,JP,JAIPUR,12.0,309
12958,2026-02-18,AII,AJMER JN,15.0,443
12958,2026-02-18,FA,FALNA,7.0,650
12958,2026-02-18,ABR,ABU ROAD,11.0,748
12958,2026-02-18,PNU,PALANPUR JN,0.0,801
12958,2026-02-18,MSH,MAHESANA JN,3.0,866
12958,2026-02-18,SBIB,SABARMATI BG,-17.0,929
12958,2026-02-19,NDLS,NEW DELHI,1.0,0
12958,2026-02-19,DEC,DELHI CANTT,1.0,16
12958,2026-02-19,GGN,GURGAON,8.0,32
12958,2026-02-19,JP,JAIPUR,19.0,309
12958,2026-02-19,AII,AJMER JN,16.0,443
12958,2026-02-19,FA,FALNA,12.0,650
12958,2026-02-19,ABR,ABU ROAD,11.0,748
12958,2026-02-19,PNU,PALANPUR JN,1.0,801
12958,2026-02-19,MSH,MAHESANA JN,2.0,866
12958,2026-02-19,SBIB,SABARMATI BG,-18.0,929
12958,2026-02-20,NDLS,NEW DELHI,1.0,0
12958,2026-02-20,DEC,DELHI CANTT,4.0,16
12958,2026-02-20,GGN,GURGAON,10.0,32
12958,2026-02-20,JP,JAIPUR,13.0,309
12958,2026-02-20,AII,AJMER JN,45.0,443
12958,2026-02-20,FA,FALNA,42.0,650
12958,2026-02-20,ABR,ABU ROAD,40.0,748
12958,2026-02-20,PNU,PALANPUR JN,23.0,801
12958,2026-02-20,MSH,MAHESANA JN,24.0,866
12958,2026-02-20,SBIB,SABARMATI BG,6.0,929
12958,2026-02-21,NDLS,NEW DELHI,1.0,0
12958,2026-02-21,DEC,DELHI CANTT,3.0,16
12958,2026-02-21,GGN,GURGAON,6.0,32
12958,2026-02-21,JP,JAIPUR,1.0,309
12958,2026-02-21,AII,AJMER JN,8.0,443
12958,2026-02-21,FA,FALNA,2.0,650
12958,2026-02-21,ABR,ABU ROAD,2.0,748
12958,2026-02-21,PNU,PALANPUR JN,0.0,801
12958,2026-02-21,MSH,MAHESANA JN,1.0,866
12958,2026-02-21,SBIB,SABARMATI BG,-23.0,929
12958,2026-02-22,NDLS,NEW DELHI,1.0,0
12958,2026-02-22,DEC,DELHI CANTT,18.0,16
12958,2026-02-22,GGN,GURGAON,24.0,32
12958,2026-02-22,JP,JAIPUR,39.0,309
12958,2026-02-22,AII,AJMER JN,39.0,443
12958,2026-02-22,FA,FALNA,37.0,650
12958,2026-02-22,ABR,ABU ROAD,33.0,748
12958,2026-02-22,PNU,PALANPUR JN,13.0,801
12958,2026-02-22,MSH,MAHESANA JN,13.0,866
12958,2026-02-22,SBIB,SABARMATI BG,-7.0,929
12958,2026-02-23,NDLS,NEW DELHI,0.0,0
12958,2026-02-23,DEC,DELHI CANTT,0.0,16
12958,2026-02-23,GGN,GURGAON,8.0,32
12958,2026-02-23,JP,JAIPUR,20.0,309
12958,2026-02-23,AII,AJMER JN,35.0,443
12958,2026-02-23,FA,FALNA,28.0,650
12958,2026-02-23,ABR,ABU ROAD,30.0,748
12958,2026-02-23,PNU,PALANPUR JN,12.0,801
12958,2026-02-23,MSH,MAHESANA JN,11.0,866
12958,2026-02-23,SBIB,SABARMATI BG,-16.0,929
12958,2026-02-24,NDLS,NEW DELHI,2.0,0
12958,2026-02-24,DEC,DELHI CANTT,4.0,16
12958,2026-02-24,GGN,GURGAON,9.0,32
12958,2026-02-24,JP,JAIPUR,49.0,309
12958,2026-02-24,AII,AJMER JN,53.0,443
12958,2026-02-24,FA,FALNA,55.0,650
12958,2026-02-24,ABR,ABU ROAD,56.0,748
12958,2026-02-24,PNU,PALANPUR JN,34.0,801
12958,2026-02-24,MSH,MAHESANA JN,42.0,866
12958,2026-02-24,SBIB,SABARMATI BG,23.0,929
12958,2026-02-25,NDLS,NEW DELHI,0.0,0
12958,2026-02-25,DEC,DELHI CANTT,1.0,16
12958,2026-02-25,GGN,GURGAON,7.0,32
12958,2026-02-25,JP,JAIPUR,9.0,309
12958,2026-02-25,AII,AJMER JN,20.0,443
12958,2026-02-25,FA,FALNA,11.0,650
12958,2026-02-25,ABR,ABU ROAD,17.0,748
12958,2026-02-25,PNU,PALANPUR JN,1.0,801
12958,2026-02-25,MSH,MAHESANA JN,1.0,866
12958,2026-02-25,SBIB,SABARMATI BG,-22.0,929
12958,2026-02-26,NDLS,NEW DELHI,0.0,0
12958,2026-02-26,DEC,DELHI CANTT,1.0,16
12958,2026-02-26,GGN,GURGAON,5.0,32
12958,2026-02-26,JP,JAIPUR,7.0,309
12958,2026-02-26,AII,AJMER JN,5.0,443
12958,2026-02-26,FA,FALNA,0.0,650
12958,2026-02-26,ABR,ABU ROAD,0.0,748
12958,2026-02-26,PNU,PALANPUR JN,0.0,801
12958,2026-02-26,MSH,MAHESANA JN,6.0,866
12958,2026-02-26,SBIB,SABARMATI BG,-12.0,929
12958,2026-02-27,NDLS,NEW DELHI,0.0,0
12958,2026-02-27,DEC,DELHI CANTT,3.0,16
12958,2026-02-27,GGN,GURGAON,8.0,32
12958,2026-02-27,JP,JAIPUR,19.0,309
12958,2026-02-27,AII,AJMER JN,18.0,443
12958,2026-02-27,FA,FALNA,21.0,650
12958,2026-02-27,ABR,ABU ROAD,22.0,748
12958,2026-02-27,PNU,PALANPUR JN,6.0,801
12958,2026-02-27,MSH,MAHESANA JN,2.0,866
12958,2026-02-27,SBIB,SABARMATI BG,-19.0,929
12958,2026-02-28,NDLS,NEW DELHI,0.0,0
12958,2026-02-28,DEC,DELHI CANTT,1.0,16
12958,2026-02-28,GGN,GURGAON,5.0,32
12958,2026-02-28,JP,JAIPUR,9.0,309
12958,2026-02-28,AII,AJMER JN,12.0,443
12958,2026-02-28,FA,FALNA,18.0,650
12958,2026-02-28,ABR,ABU ROAD,19.0,748
12958,2026-02-28,PNU,PALANPUR JN,2.0,801
12958,2026-02-28,MSH,MAHESANA JN,1.0,866
12958,2026-02-28,SBIB,SABARMATI BG,-23.0,929
12958,2026-03-01,NDLS,NEW DELHI,0.0,0
12958,2026-03-01,DEC,DELHI CANTT,5.0,16
12958,2026-03-01,GGN,GURGAON,9.0,32
12958,2026-03-01,JP,JAIPUR,14.0,309
12958,2026-03-01,AII,AJMER JN,12.0,443
12958,2026-03-01,FA,FALNA,6.0,650
12958,2026-03-01,ABR,ABU ROAD,5.0,748
12958,2026-03-01,PNU,PALANPUR JN,0.0,801
12958,2026-03-01,MSH,MAHESANA JN,1.0,866
12958,2026-03-01,SBIB,SABARMATI BG,-24.0,929
12958,2026-03-02,NDLS,NEW DELHI,0.0,0
12958,2026-03-02,DEC,DELHI CANTT,6.0,16
12958,2026-03-02,GGN,GURGAON,11.0,32
12958,2026-03-02,JP,JAIPUR,7.0,309
12958,2026-03-02,AII,AJMER JN,6.0,443
12958,2026-03-02,FA,FALNA,1.0,650
12958,2026-03-02,ABR,ABU ROAD,4.0,748
12958,2026-03-02,PNU,PALANPUR JN,0.0,801
12958,2026-03-02,MSH,MAHESANA JN,0.0,866
12958,2026-03-02,SBIB,SABARMATI BG,-13.0,929
12958,2026-03-03,NDLS,NEW DELHI,1.0,0
12958,2026-03-03,DEC,DELHI CANTT,3.0,16
12958,2026-03-03,GGN,GURGAON,9.0,32
12958,2026-03-03,JP,JAIPUR,14.0,309
12958,2026-03-03,AII,AJMER JN,15.0,443
12958,2026-03-03,FA,FALNA,5.0,650
12958,2026-03-03,ABR,ABU ROAD,5.0,748
12958,2026-03-03,PNU,PALANPUR JN,0.0,801
12958,2026-03-03,MSH,MAHESANA JN,1.0,866
12958,2026-03-03,SBIB,SABARMATI BG,-25.0,929
12958,2026-03-04,NDLS,NEW DELHI,4.0,0
12958,2026-03-04,DEC,DELHI CANTT,4.0,16
12958,2026-03-04,GGN,GURGAON,9.0,32
12958,2026-03-04,JP,JAIPUR,0.0,309
12958,2026-03-04,AII,AJMER JN,10.0,443
12958,2026-03-04,FA,FALNA,0.0,650
12958,2026-03-04,ABR,ABU ROAD,0.0,748
12958,2026-03-04,PNU,PALANPUR JN,0.0,801
12958,2026-03-04,MSH,MAHESANA JN,0.0,866
12958,2026-03-04,SBIB,SABARMATI BG,-27.0,929
12958,2026-03-05,NDLS,NEW DELHI,1.0,0
12958,2026-03-05,DEC,DELHI CANTT,2.0,16
12958,2026-03-05,GGN,GURGAON,7.0,32
12958,2026-03-05,JP,JAIPUR,5.0,309
12958,2026-03-05,AII,AJMER JN,4.0,443
12958,2026-03-05,FA,FALNA,0.0,650
12958,2026-03-05,ABR,ABU ROAD,0.0,748
12958,2026-03-05,PNU,PALANPUR JN,0.0,801
12958,2026-03-05,MSH,MAHESANA JN,0.0,866
12958,2026-03-05,SBIB,SABARMATI BG,-16.0,929
12958,2026-03-06,NDLS,NEW DELHI,6.0,0
12958,2026-03-06,DEC,DELHI CANTT,5.0,16
12958,2026-03-06,GGN,GURGAON,15.0,32
12958,2026-03-06,JP,JAIPUR,12.0,309
12958,2026-03-06,AII,AJMER JN,10.0,443
12958,2026-03-06,FA,FALNA,0.0,650
12958,2026-03-06,ABR,ABU ROAD,0.0,748
12958,2026-03-06,PNU,PALANPUR JN,0.0,801
12958,2026-03-06,MSH,MAHESANA JN,0.0,866
12958,2026-03-06,SBIB,SABARMATI BG,-24.0,929
12958,2026-03-07,NDLS,NEW DELHI,7.0,0
12958,2026-03-07,DEC,DELHI CANTT,9.0,16
12958,2026-03-07,GGN,GURGAON,16.0,32
12958,2026-03-07,JP,JAIPUR,9.0,309
12958,2026-03-07,AII,AJMER JN,9.0,443
12958,2026-03-07,FA,FALNA,1.0,650
12958,2026-03-07,ABR,ABU ROAD,0.0,748
12958,2026-03-07,PNU,PALANPUR JN,0.0,801
12958,2026-03-07,MSH,MAHESANA JN,0.0,866
12958,2026-03-07,SBIB,SABARMATI BG,-14.0,929
12958,2026-03-08,NDLS,NEW DELHI,1.0,0
12958,2026-03-08,DEC,DELHI CANTT,8.0,16
12958,2026-03-08,GGN,GURGAON,11.0,32
12958,2026-03-08,JP,JAIPUR,20.0,309
12958,2026-03-08,AII,AJMER JN,11.0,443
12958,2026-03-08,FA,FALNA,9.0,650
12958,2026-03-08,ABR,ABU ROAD,10.0,748
12958,2026-03-08,PNU,PALANPUR JN,0.0,801
12958,2026-03-08,MSH,MAHESANA JN,0.0,866
12958,2026-03-08,SBIB,SABARMATI BG,-16.0,929
12958,2026-03-09,NDLS,NEW DELHI,1.0,0
12958,2026-03-09,DEC,DELHI CANTT,3.0,16
12958,2026-03-09,GGN,GURGAON,8.0,32
12958,2026-03-09,JP,JAIPUR,17.0,309
12958,2026-03-09,AII,AJMER JN,10.0,443
12958,2026-03-09,FA,FALNA,6.0,650
12958,2026-03-09,ABR,ABU ROAD,5.0,748
12958,2026-03-09,PNU,PALANPUR JN,1.0,801
12958,2026-03-09,MSH,MAHESANA JN,1.0,866
12958,2026-03-09,SBIB,SABARMATI BG,-22.0,929
12958,2026-03-10,NDLS,NEW DELHI,1.0,0
12958,2026-03-10,DEC,DELHI CANTT,2.0,16
12958,2026-03-10,GGN,GURGAON,1.0,32
12958,2026-03-10,JP,JAIPUR,9.0,309
12958,2026-03-10,AII,AJMER JN,0.0,443
12958,2026-03-10,FA,FALNA,0.0,650
12958,2026-03-10,ABR,ABU ROAD,0.0,748
12958,2026-03-10,PNU,PALANPUR JN,0.0,801
12958,2026-03-10,MSH,MAHESANA JN,0.0,866
12958,2026-03-10,SBIB,SABARMATI BG,-19.0,929
12958,2026-03-11,NDLS,NEW DELHI,1.0,0
12958,2026-03-11,DEC,DELHI CANTT,4.0,16
12958,2026-03-11,GGN,GURGAON,7.0,32
12958,2026-03-11,JP,JAIPUR,0.0,309
12958,2026-03-11,AII,AJMER JN,1.0,443
12958,2026-03-11,FA,FALNA,0.0,650
12958,2026-03-11,ABR,ABU ROAD,0.0,748
12958,2026-03-11,PNU,PALANPUR JN,0.0,801
12958,2026-03-11,MSH,MAHESANA JN,2.0,866
12958,2026-03-11,SBIB,SABARMATI BG,-17.0,929
12958,2026-03-12,NDLS,NEW DELHI,0.0,0
12958,2026-03-12,DEC,DELHI CANTT,0.0,16
12958,2026-03-12,GGN,GURGAON,0.0,32
12958,2026-03-12,JP,JAIPUR,5.0,309
12958,2026-03-12,AII,AJMER JN,14.0,443
12958,2026-03-12,FA,FALNA,7.0,650
12958,2026-03-12,ABR,ABU ROAD,5.0,748
12958,2026-03-12,PNU,PALANPUR JN,0.0,801
12958,2026-03-12,MSH,MAHESANA JN,1.0,866
12958,2026-03-12,SBIB,SABARMATI BG,-19.0,929
12958,2026-03-13,NDLS,NEW DELHI,2.0,0
12958,2026-03-13,DEC,DELHI CANTT,3.0,16
12958,2026-03-13,GGN,GURGAON,5.0,32
12958,2026-03-13,JP,JAIPUR,8.0,309
12958,2026-03-13,AII,AJMER JN,3.0,443
12958,2026-03-13,FA,FALNA,0.0,650
12958,2026-03-13,ABR,ABU ROAD,0.0,748
12958,2026-03-13,PNU,PALANPUR JN,0.0,801
12958,2026-03-13,MSH,MAHESANA JN,0.0,866
12958,2026-03-13,SBIB,SABARMATI BG,-21.0,929
12958,2026-03-14,NDLS,NEW DELHI,0.0,0
12958,2026-03-14,DEC,DELHI CANTT,0.0,16
12958,2026-03-14,GGN,GURGAON,2.0,32
12958,2026-03-14,JP,JAIPUR,0.0,309
12958,2026-03-14,AII,AJMER JN,0.0,443
12958,2026-03-14,FA,FALNA,0.0,650
12958,2026-03-14,ABR,ABU ROAD,1.0,748
12958,2026-03-14,PNU,PALANPUR JN,0.0,801
12958,2026-03-14,MSH,MAHESANA JN,0.0,866
12958,2026-03-14,SBIB,SABARMATI BG,-21.0,929
12958,2026-03-15,NDLS,NEW DELHI,0.0,0
12958,2026-03-15,DEC,DELHI CANTT,8.0,16
12958,2026-03-15,GGN,GURGAON,12.0,32
12958,2026-03-15,JP,JAIPUR,1.0,309
12958,2026-03-15,AII,AJMER JN,1.0,443
12958,2026-03-15,FA,FALNA,0.0,650
12958,2026-03-15,ABR,ABU ROAD,0.0,748
12958,2026-03-15,PNU,PALANPUR JN,0.0,801
12958,2026-03-15,MSH,MAHESANA JN,0.0,866
12958,2026-03-15,SBIB,SABARMATI BG,-22.0,929
12958,2026-03-16,NDLS,NEW DELHI,0.0,0
12958,2026-03-16,DEC,DELHI CANTT,8.0,16
12958,2026-03-16,GGN,GURGAON,10.0,32
12958,2026-03-16,JP,JAIPUR,26.0,309
12958,2026-03-16,AII,AJMER JN,15.0,443
12958,2026-03-16,FA,FALNA,12.0,650
12958,2026-03-16,ABR,ABU ROAD,8.0,748
12958,2026-03-16,PNU,PALANPUR JN,0.0,801
12958,2026-03-16,MSH,MAHESANA JN,1.0,866
12958,2026-03-16,SBIB,SABARMATI BG,-17.0,929
12958,2026-03-17,NDLS,NEW DELHI,0.0,0
12958,2026-03-17,DEC,DELHI CANTT,0.0,16
12958,2026-03-17,GGN,GURGAON,2.0,32
12958,2026-03-17,JP,JAIPUR,0.0,309
12958,2026-03-17,AII,AJMER JN,6.0,443
12958,2026-03-17,FA,FALNA,3.0,650
12958,2026-03-17,ABR,ABU ROAD,0.0,748
12958,2026-03-17,PNU,PALANPUR JN,0.0,801
12958,2026-03-17,MSH,MAHESANA JN,0.0,866
12958,2026-03-17,SBIB,SABARMATI BG,-24.0,929
12958,2026-03-18,NDLS,NEW DELHI,0.0,0
12958,2026-03-18,DEC,DELHI CANTT,1.0,16
12958,2026-03-18,GGN,GURGAON,6.0,32
12958,2026-03-18,JP,JAIPUR,4.0,309
12958,2026-03-18,AII,AJMER JN,0.0,443
12958,2026-03-18,FA,FALNA,0.0,650
12958,2026-03-18,ABR,ABU ROAD,0.0,748
12958,2026-03-18,PNU,PALANPUR JN,0.0,801
12958,2026-03-18,MSH,MAHESANA JN,1.0,866
12958,2026-03-18,SBIB,SABARMATI BG,-20.0,929
12958,2026-03-19,NDLS,NEW DELHI,0.0,0
12958,2026-03-19,DEC,DELHI CANTT,3.0,16
12958,2026-03-19,GGN,GURGAON,6.0,32
12958,2026-03-19,JP,JAIPUR,6.0,309
12958,2026-03-19,AII,AJMER JN,12.0,443
12958,2026-03-19,FA,FALNA,0.0,650
12958,2026-03-19,ABR,ABU ROAD,22.0,748
12958,2026-03-19,PNU,PALANPUR JN,4.0,801
12958,2026-03-19,MSH,MAHESANA JN,20.0,866
12958,2026-03-19,SBIB,SABARMATI BG,6.0,929
12958,2026-03-20,NDLS,NEW DELHI,0.0,0
12958,2026-03-20,DEC,DELHI CANTT,1.0,16
12958,2026-03-20,GGN,GURGAON,3.0,32
12958,2026-03-20,JP,JAIPUR,5.0,309
12958,2026-03-20,AII,AJMER JN,16.0,443
12958,2026-03-20,FA,FALNA,16.0,650
12958,2026-03-20,ABR,ABU ROAD,12.0,748
12958,2026-03-20,PNU,PALANPUR JN,1.0,801
12958,2026-03-20,MSH,MAHESANA JN,0.0,866
12958,2026-03-20,SBIB,SABARMATI BG,-24.0,929
12958,2026-03-21,NDLS,NEW DELHI,0.0,0
12958,2026-03-21,DEC,DELHI CANTT,0.0,16
12958,2026-03-21,GGN,GURGAON,4.0,32
12958,2026-03-21,JP,JAIPUR,11.0,309
12958,2026-03-21,AII,AJMER JN,14.0,443
12958,2026-03-21,FA,FALNA,10.0,650
12958,2026-03-21,ABR,ABU ROAD,6.0,748
12958,2026-03-21,PNU,PALANPUR JN,0.0,801
12958,2026-03-21,MSH,MAHESANA JN,0.0,866
12958,2026-03-21,SBIB,SABARMATI BG,-19.0,929
12958,2026-03-22,NDLS,NEW DELHI,0.0,0
12958,2026-03-22,DEC,DELHI CANTT,6.0,16
12958,2026-03-22,GGN,GURGAON,8.0,32
12958,2026-03-22,JP,JAIPUR,2.0,309
12958,2026-03-22,AII,AJMER JN,12.0,443
12958,2026-03-22,FA,FALNA,11.0,650
12958,2026-03-22,ABR,ABU ROAD,7.0,748
12958,2026-03-22,PNU,PALANPUR JN,0.0,801
12958,2026-03-22,MSH,MAHESANA JN,0.0,866
12958,2026-03-22,SBIB,SABARMATI BG,-24.0,929
12958,2026-03-23,NDLS,NEW DELHI,1.0,0
12958,2026-03-23,DEC,DELHI CANTT,11.0,16
12958,2026-03-23,GGN,GURGAON,17.0,32
12958,2026-03-23,JP,JAIPUR,20.0,309
12958,2026-03-23,AII,AJMER JN,18.0,443
12958,2026-03-23,FA,FALNA,15.0,650
12958,2026-03-23,ABR,ABU ROAD,13.0,748
12958,2026-03-23,PNU,PALANPUR JN,0.0,801
12958,2026-03-23,MSH,MAHESANA JN,3.0,866
12958,2026-03-23,SBIB,SABARMATI BG,-21.0,929
12958,2026-03-24,NDLS,NEW DELHI,0.0,0
12958,2026-03-24,DEC,DELHI CANTT,2.0,16
12958,2026-03-24,GGN,GURGAON,5.0,32
12958,2026-03-24,JP,JAIPUR,9.0,309
12958,2026-03-24,AII,AJMER JN,13.0,443
12958,2026-03-24,FA,FALNA,2.0,650
12958,2026-03-24,ABR,ABU ROAD,0.0,748
12958,2026-03-24,PNU,PALANPUR JN,0.0,801
12958,2026-03-24,MSH,MAHESANA JN,0.0,866
12958,2026-03-24,SBIB,SABARMATI BG,-25.0,929
12958,2026-03-25,NDLS,NEW DELHI,0.0,0
12958,2026-03-25,DEC,DELHI CANTT,1.0,16
12958,2026-03-25,GGN,GURGAON,3.0,32
12958,2026-03-25,JP,JAIPUR,7.0,309
12958,2026-03-25,AII,AJMER JN,7.0,443
12958,2026-03-25,FA,FALNA,2.0,650
12958,2026-03-25,ABR,ABU ROAD,0.0,748
12958,2026-03-25,PNU,PALANPUR JN,4.0,801
12958,2026-03-25,MSH,MAHESANA JN,8.0,866
12958,2026-03-25,SBIB,SABARMATI BG,-20.0,929
12958,2026-03-26,NDLS,NEW DELHI,0.0,0
12958,2026-03-26,DEC,DELHI CANTT,1.0,16
12958,2026-03-26,GGN,GURGAON,0.0,32
12958,2026-03-26,JP,JAIPUR,2.0,309
12958,2026-03-26,AII,AJMER JN,12.0,443
12958,2026-03-26,FA,FALNA,10.0,650
12958,2026-03-26,ABR,ABU ROAD,7.0,748
12958,2026-03-26,PNU,PALANPUR JN,1.0,801
12958,2026-03-26,MSH,MAHESANA JN,4.0,866
12958,2026-03-26,SBIB,SABARMATI BG,-29.0,929
12958,2026-03-27,NDLS,NEW DELHI,1.0,0
12958,2026-03-27,DEC,DELHI CANTT,4.0,16
12958,2026-03-27,GGN,GURGAON,6.0,32
12958,2026-03-27,JP,JAIPUR,11.0,309
12958,2026-03-27,AII,AJMER JN,10.0,443
12958,2026-03-27,FA,FALNA,0.0,650
12958,2026-03-27,ABR,ABU ROAD,1.0,748
12958,2026-03-27,PNU,PALANPUR JN,0.0,801
12958,2026-03-27,MSH,MAHESANA JN,1.0,866
12958,2026-03-27,SBIB,SABARMATI BG,-34.0,929
12958,2026-03-28,NDLS,NEW DELHI,0.0,0
12958,2026-03-28,DEC,DELHI CANTT,0.0,16
12958,2026-03-28,GGN,GURGAON,2.0,32
12958,2026-03-28,JP,JAIPUR,9.0,309
12958,2026-03-28,AII,AJMER JN,7.0,443
12958,2026-03-28,FA,FALNA,0.0,650
12958,2026-03-28,ABR,ABU ROAD,0.0,748
12958,2026-03-28,PNU,PALANPUR JN,0.0,801
12958,2026-03-28,MSH,MAHESANA JN,0.0,866
12958,2026-03-28,SBIB,SABARMATI BG,32.0,929
12958,2026-03-29,NDLS,NEW DELHI,1.0,0
12958,2026-03-29,DEC,DELHI CANTT,7.0,16
12958,2026-03-29,GGN,GURGAON,12.0,32
12958,2026-03-29,JP,JAIPUR,4.0,309
12958,2026-03-29,AII,AJMER JN,11.0,443
12958,2026-03-29,FA,FALNA,2.0,650
12958,2026-03-29,ABR,ABU ROAD,0.0,748
12958,2026-03-29,PNU,PALANPUR JN,0.0,801
12958,2026-03-29,MSH,MAHESANA JN,2.0,866
12958,2026-03-29,SBIB,SABARMATI BG,-28.0,929
12958,2026-03-30,NDLS,NEW DELHI,1.0,0
12958,2026-03-30,DEC,DELHI CANTT,7.0,16
12958,2026-03-30,GGN,GURGAON,11.0,32
12958,2026-03-30,JP,JAIPUR,10.0,309
12958,2026-03-30,AII,AJMER JN,4.0,443
12958,2026-03-30,FA,FALNA,0.0,650
12958,2026-03-30,ABR,ABU ROAD,0.0,748
12958,2026-03-30,PNU,PALANPUR JN,0.0,801
12958,2026-03-30,MSH,MAHESANA JN,1.0,866
12958,2026-03-30,SBIB,SABARMATI BG,-26.0,929
12958,2026-03-31,NDLS,NEW DELHI,3.0,0
12958,2026-03-31,DEC,DELHI CANTT,5.0,16
12958,2026-03-31,GGN,GURGAON,8.0,32
12958,2026-03-31,JP,JAIPUR,20.0,309
12958,2026-03-31,AII,AJMER JN,33.0,443
12958,2026-03-31,FA,FALNA,23.0,650
12958,2026-03-31,ABR,ABU ROAD,23.0,748
12958,2026-03-31,PNU,PALANPUR JN,13.0,801
12958,2026-03-31,MSH,MAHESANA JN,11.0,866
12958,2026-03-31,SBIB,SABARMATI BG,-21.0,929
12958,2026-04-01,NDLS,NEW DELHI,0.0,0
12958,2026-04-01,DEC,DELHI CANTT,1.0,16
12958,2026-04-01,GGN,GURGAON,3.0,32
12958,2026-04-01,JP,JAIPUR,1.0,309
12958,2026-04-01,AII,AJMER JN,1.0,443
12958,2026-04-01,FA,FALNA,0.0,650
12958,2026-04-01,ABR,ABU ROAD,0.0,748
12958,2026-04-01,PNU,PALANPUR JN,0.0,801
12958,2026-04-01,MSH,MAHESANA JN,4.0,866
12958,2026-04-01,SBIB,SABARMATI BG,-24.0,929
12958,2026-04-02,NDLS,NEW DELHI,19.0,0
12958,2026-04-02,DEC,DELHI CANTT,21.0,16
12958,2026-04-02,GGN,GURGAON,23.0,32
12958,2026-04-02,JP,JAIPUR,24.0,309
12958,2026-04-02,AII,AJMER JN,25.0,443
12958,2026-04-02,FA,FALNA,15.0,650
12958,2026-04-02,ABR,ABU ROAD,10.0,748
12958,2026-04-02,PNU,PALANPUR JN,1.0,801
12958,2026-04-02,MSH,MAHESANA JN,1.0,866
12958,2026-04-02,SBIB,SABARMATI BG,-28.0,929
12958,2026-04-03,NDLS,NEW DELHI,0.0,0
12958,2026-04-03,DEC,DELHI CANTT,2.0,16
12958,2026-04-03,GGN,GURGAON,5.0,32
12958,2026-04-03,JP,JAIPUR,1.0,309
12958,2026-04-03,AII,AJMER JN,0.0,443
12958,2026-04-03,FA,FALNA,1.0,650
12958,2026-04-03,ABR,ABU ROAD,0.0,748
12958,2026-04-03,PNU,PALANPUR JN,0.0,801
12958,2026-04-03,MSH,MAHESANA JN,2.0,866
12958,2026-04-03,SBIB,SABARMATI BG,-25.0,929
12958,2026-04-04,NDLS,NEW DELHI,0.0,0
12958,2026-04-04,DEC,DELHI CANTT,3.0,16
12958,2026-04-04,GGN,GURGAON,5.0,32
12958,2026-04-04,JP,JAIPUR,9.0,309
12958,2026-04-04,AII,AJMER JN,11.0,443
12958,2026-04-04,FA,FALNA,0.0,650
12958,2026-04-04,ABR,ABU ROAD,0.0,748
12958,2026-04-04,PNU,PALANPUR JN,0.0,801
12958,2026-04-04,MSH,MAHESANA JN,0.0,866
12958,2026-04-04,SBIB,SABARMATI BG,-29.0,929
12958,2026-04-05,NDLS,NEW DELHI,0.0,0
12958,2026-04-05,DEC,DELHI CANTT,8.0,16
12958,2026-04-05,GGN,GURGAON,10.0,32
12958,2026-04-05,JP,JAIPUR,6.0,309
12958,2026-04-05,AII,AJMER JN,3.0,443
12958,2026-04-05,FA,FALNA,0.0,650
12958,2026-04-05,ABR,ABU ROAD,0.0,748
12958,2026-04-05,PNU,PALANPUR JN,0.0,801
12958,2026-04-05,MSH,MAHESANA JN,1.0,866
12958,2026-04-05,SBIB,SABARMATI BG,-24.0,929
12958,2026-04-06,NDLS,NEW DELHI,1.0,0
12958,2026-04-06,DEC,DELHI CANTT,4.0,16
12958,2026-04-06,GGN,GURGAON,5.0,32
12958,2026-04-06,JP,JAIPUR,11.0,309
12958,2026-04-06,AII,AJMER JN,25.0,443
12958,2026-04-06,FA,FALNA,14.0,650
12958,2026-04-06,ABR,ABU ROAD,9.0,748
12958,2026-04-06,PNU,PALANPUR JN,0.0,801
12958,2026-04-06,MSH,MAHESANA JN,1.0,866
12958,2026-04-06,SBIB,SABARMATI BG,-16.0,929
12958,2026-04-07,NDLS,NEW DELHI,0.0,0
12958,2026-04-07,DEC,DELHI CANTT,3.0,16
12958,2026-04-07,GGN,GURGAON,6.0,32
12958,2026-04-07,JP,JAIPUR,16.0,309
12958,2026-04-07,AII,AJMER JN,17.0,443
12958,2026-04-07,FA,FALNA,12.0,650
12958,2026-04-07,ABR,ABU ROAD,7.0,748
12958,2026-04-07,PNU,PALANPUR JN,0.0,801
12958,2026-04-07,MSH,MAHESANA JN,0.0,866
12958,2026-04-07,SBIB,SABARMATI BG,-28.0,929
12958,2026-04-08,NDLS,NEW DELHI,0.0,0
12958,2026-04-08,DEC,DELHI CANTT,2.0,16
12958,2026-04-08,GGN,GURGAON,4.0,32
12958,2026-04-08,JP,JAIPUR,1.0,309
12958,2026-04-08,AII,AJMER JN,0.0,443
12958,2026-04-08,FA,FALNA,0.0,650
12958,2026-04-08,ABR,ABU ROAD,0.0,748
12958,2026-04-08,PNU,PALANPUR JN,1.0,801
12958,2026-04-08,MSH,MAHESANA JN,0.0,866
12958,2026-04-08,SBIB,SABARMATI BG,-29.0,929
12958,2026-04-09,NDLS,NEW DELHI,1.0,0
12958,2026-04-09,DEC,DELHI CANTT,0.0,16
12958,2026-04-09,GGN,GURGAON,3.0,32
12958,2026-04-09,JP,JAIPUR,9.0,309
12958,2026-04-09,AII,AJMER JN,11.0,443
12958,2026-04-09,FA,FALNA,7.0,650
12958,2026-04-09,ABR,ABU ROAD,2.0,748
12958,2026-04-09,PNU,PALANPUR JN,0.0,801
12958,2026-04-09,MSH,MAHESANA JN,2.0,866
12958,2026-04-09,SBIB,SABARMATI BG,-23.0,929
12958,2026-04-10,NDLS,NEW DELHI,0.0,0
12958,2026-04-10,DEC,DELHI CANTT,2.0,16
12958,2026-04-10,GGN,GURGAON,4.0,32
12958,2026-04-10,JP,JAIPUR,2.0,309
12958,2026-04-10,AII,AJMER JN,2.0,443
12958,2026-04-10,FA,FALNA,24.0,650
12958,2026-04-10,ABR,ABU ROAD,21.0,748
12958,2026-04-10,PNU,PALANPUR JN,13.0,801
12958,2026-04-10,MSH,MAHESANA JN,10.0,866
12958,2026-04-10,SBIB,SABARMATI BG,-5.0,929
12958,2026-04-11,NDLS,NEW DELHI,0.0,0
12958,2026-04-11,DEC,DELHI CANTT,0.0,16
12958,2026-04-11,GGN,GURGAON,2.0,32
12958,2026-04-11,JP,JAIPUR,3.0,309
12958,2026-04-11,AII,AJMER JN,8.0,443
12958,2026-04-11,FA,FALNA,6.0,650
12958,2026-04-11,ABR,ABU ROAD,1.0,748
12958,2026-04-11,PNU,PALANPUR JN,0.0,801
12958,2026-04-11,MSH,MAHESANA JN,0.0,866
12958,2026-04-11,SBIB,SABARMATI BG,-29.0,929
12958,2026-04-12,NDLS,NEW DELHI,0.0,0
12958,2026-04-12,DEC,DELHI CANTT,4.0,16
12958,2026-04-12,GGN,GURGAON,10.0,32
12958,2026-04-12,JP,JAIPUR,3.0,309
12958,2026-04-12,AII,AJMER JN,3.0,443
12958,2026-04-12,FA,FALNA,1.0,650
12958,2026-04-12,ABR,ABU ROAD,1.0,748
12958,2026-04-12,PNU,PALANPUR JN,0.0,801
12958,2026-04-12,MSH,MAHESANA JN,0.0,866
12958,2026-04-12,SBIB,SABARMATI BG,-27.0,929
12958,2026-04-13,NDLS,NEW DELHI,0.0,0
12958,2026-04-13,DEC,DELHI CANTT,5.0,16
12958,2026-04-13,GGN,GURGAON,8.0,32
12958,2026-04-13,JP,JAIPUR,6.0,309
12958,2026-04-13,AII,AJMER JN,15.0,443
12958,2026-04-13,FA,FALNA,6.0,650
12958,2026-04-13,ABR,ABU ROAD,4.0,748
12958,2026-04-13,PNU,PALANPUR JN,0.0,801
12958,2026-04-13,MSH,MAHESANA JN,3.0,866
12958,2026-04-13,SBIB,SABARMATI BG,-5.0,929
12958,2026-04-14,NDLS,NEW DELHI,0.0,0
12958,2026-04-14,DEC,DELHI CANTT,0.0,16
12958,2026-04-14,GGN,GURGAON,1.0,32
12958,2026-04-14,JP,JAIPUR,2.0,309
12958,2026-04-14,AII,AJMER JN,10.0,443
12958,2026-04-14,FA,FALNA,5.0,650
12958,2026-04-14,ABR,ABU ROAD,4.0,748
12958,2026-04-14,PNU,PALANPUR JN,0.0,801
12958,2026-04-14,MSH,MAHESANA JN,0.0,866
12958,2026-04-14,SBIB,SABARMATI BG,-19.0,929
12958,2026-04-15,NDLS,NEW DELHI,0.0,0
12958,2026-04-15,DEC,DELHI CANTT,1.0,16
12958,2026-04-15,GGN,GURGAON,3.0,32
12958,2026-04-15,JP,JAIPUR,10.0,309
12958,2026-04-15,AII,AJMER JN,6.0,443
12958,2026-04-15,FA,FALNA,0.0,650
12958,2026-04-15,ABR,ABU ROAD,0.0,748
12958,2026-04-15,PNU,PALANPUR JN,0.0,801
12958,2026-04-15,MSH,MAHESANA JN,1.0,866
12958,2026-04-15,SBIB,SABARMATI BG,-30.0,929
12958,2026-04-16,NDLS,NEW DELHI,0.0,0
12958,2026-04-16,DEC,DELHI CANTT,3.0,16
12958,2026-04-16,GGN,GURGAON,5.0,32
12958,2026-04-16,JP,JAIPUR,21.0,309
12958,2026-04-16,AII,AJMER JN,16.0,443
12958,2026-04-16,FA,FALNA,15.0,650
12958,2026-04-16,ABR,ABU ROAD,17.0,748
12958,2026-04-16,PNU,PALANPUR JN,7.0,801
12958,2026-04-16,MSH,MAHESANA JN,7.0,866
12958,2026-04-16,SBIB,SABARMATI BG,-20.0,929
12958,2026-04-17,NDLS,NEW DELHI,16.0,0
12958,2026-04-17,DEC,DELHI CANTT,19.0,16
12958,2026-04-17,GGN,GURGAON,20.0,32
12958,2026-04-17,JP,JAIPUR,27.0,309
12958,2026-04-17,AII,AJMER JN,30.0,443
12958,2026-04-17,FA,FALNA,26.0,650
12958,2026-04-17,ABR,ABU ROAD,28.0,748
12958,2026-04-17,PNU,PALANPUR JN,16.0,801
12958,2026-04-17,MSH,MAHESANA JN,13.0,866
12958,2026-04-17,SBIB,SABARMATI BG,-14.0,929
12958,2026-04-18,NDLS,NEW DELHI,0.0,0
12958,2026-04-18,DEC,DELHI CANTT,0.0,16
12958,2026-04-18,GGN,GURGAON,2.0,32
12958,2026-04-18,JP,JAIPUR,9.0,309
12958,2026-04-18,AII,AJMER JN,11.0,443
12958,2026-04-18,FA,FALNA,9.0,650
12958,2026-04-18,ABR,ABU ROAD,9.0,748
12958,2026-04-18,PNU,PALANPUR JN,0.0,801
12958,2026-04-18,MSH,MAHESANA JN,2.0,866
12958,2026-04-18,SBIB,SABARMATI BG,-27.0,929
12958,2026-04-19,NDLS,NEW DELHI,1.0,0
12958,2026-04-19,DEC,DELHI CANTT,5.0,16
12958,2026-04-19,GGN,GURGAON,8.0,32
12958,2026-04-19,JP,JAIPUR,17.0,309
12958,2026-04-19,AII,AJMER JN,17.0,443
12958,2026-04-19,FA,FALNA,8.0,650
12958,2026-04-19,ABR,ABU ROAD,6.0,748
12958,2026-04-19,PNU,PALANPUR JN,1.0,801
12958,2026-04-19,MSH,MAHESANA JN,0.0,866
12958,2026-04-19,SBIB,SABARMATI BG,-32.0,929
12958,2026-04-20,NDLS,NEW DELHI,0.0,0
12958,2026-04-20,DEC,DELHI CANTT,3.0,16
12958,2026-04-20,GGN,GURGAON,4.0,32
12958,2026-04-20,JP,JAIPUR,11.0,309
12958,2026-04-20,AII,AJMER JN,5.0,443
12958,2026-04-20,FA,FALNA,4.0,650
12958,2026-04-20,ABR,ABU ROAD,0.0,748
12958,2026-04-20,PNU,PALANPUR JN,0.0,801
12958,2026-04-20,MSH,MAHESANA JN,4.0,866
12958,2026-04-20,SBIB,SABARMATI BG,-21.0,929
12958,2026-04-21,NDLS,NEW DELHI,0.0,0
12958,2026-04-21,DEC,DELHI CANTT,3.0,16
12958,2026-04-21,GGN,GURGAON,4.0,32
12958,2026-04-21,JP,JAIPUR,9.0,309
12958,2026-04-21,AII,AJMER JN,10.0,443
12958,2026-04-21,FA,FALNA,2.0,650
12958,2026-04-21,ABR,ABU ROAD,1.0,748
12958,2026-04-21,PNU,PALANPUR JN,0.0,801
12958,2026-04-21,MSH,MAHESANA JN,4.0,866
12958,2026-04-21,SBIB,SABARMATI BG,-21.0,929
12958,2026-04-22,NDLS,NEW DELHI,7.0,0
12958,2026-04-22,DEC,DELHI CANTT,7.0,16
12958,2026-04-22,GGN,GURGAON,8.0,32
12958,2026-04-22,JP,JAIPUR,1.0,309
12958,2026-04-22,AII,AJMER JN,16.0,443
12958,2026-04-22,FA,FALNA,7.0,650
12958,2026-04-22,ABR,ABU ROAD,1.0,748
12958,2026-04-22,PNU,PALANPUR JN,0.0,801
12958,2026-04-22,MSH,MAHESANA JN,1.0,866
12958,2026-04-22,SBIB,SABARMATI BG,-25.0,929
12958,2026-04-23,NDLS,NEW DELHI,0.0,0
12958,2026-04-23,DEC,DELHI CANTT,0.0,16
12958,2026-04-23,GGN,GURGAON,1.0,32
12958,2026-04-23,JP,JAIPUR,5.0,309
12958,2026-04-23,AII,AJMER JN,5.0,443
12958,2026-04-23,FA,FALNA,7.0,650
12958,2026-04-23,ABR,ABU ROAD,4.0,748
12958,2026-04-23,PNU,PALANPUR JN,0.0,801
12958,2026-04-23,MSH,MAHESANA JN,6.0,866
12958,2026-04-23,SBIB,SABARMATI BG,-21.0,929
12958,2026-04-24,NDLS,NEW DELHI,0.0,0
12958,2026-04-24,DEC,DELHI CANTT,1.0,16
12958,2026-04-24,GGN,GURGAON,3.0,32
12958,2026-04-24,JP,JAIPUR,7.0,309
12958,2026-04-24,AII,AJMER JN,20.0,443
12958,2026-04-24,FA,FALNA,26.0,650
12958,2026-04-24,ABR,ABU ROAD,23.0,748
12958,2026-04-24,PNU,PALANPUR JN,18.0,801
12958,2026-04-24,MSH,MAHESANA JN,17.0,866
12958,2026-04-24,SBIB,SABARMATI BG,-5.0,929
12958,2026-04-25,NDLS,NEW DELHI,0.0,0
12958,2026-04-25,DEC,DELHI CANTT,0.0,16
12958,2026-04-25,GGN,GURGAON,1.0,32
12958,2026-04-25,JP,JAIPUR,0.0,309
12958,2026-04-25,AII,AJMER JN,1.0,443
12958,2026-04-25,FA,FALNA,3.0,650
12958,2026-04-25,ABR,ABU ROAD,2.0,748
12958,2026-04-25,PNU,PALANPUR JN,0.0,801
12958,2026-04-25,MSH,MAHESANA JN,1.0,866
12958,2026-04-25,SBIB,SABARMATI BG,-28.0,929
12958,2026-04-26,NDLS,NEW DELHI,0.0,0
12958,2026-04-26,DEC,DELHI CANTT,6.0,16
12958,2026-04-26,GGN,GURGAON,7.0,32
12958,2026-04-26,JP,JAIPUR,25.0,309
12958,2026-04-26,AII,AJMER JN,34.0,443
12958,2026-04-26,FA,FALNA,30.0,650
12958,2026-04-26,ABR,ABU ROAD,25.0,748
12958,2026-04-26,PNU,PALANPUR JN,16.0,801
12958,2026-04-26,MSH,MAHESANA JN,14.0,866
12958,2026-04-26,SBIB,SABARMATI BG,-20.0,929
12958,2026-04-27,NDLS,NEW DELHI,0.0,0
12958,2026-04-27,DEC,DELHI CANTT,4.0,16
12958,2026-04-27,GGN,GURGAON,9.0,32
12958,2026-04-27,JP,JAIPUR,0.0,309
12958,2026-04-27,AII,AJMER JN,7.0,443
12958,2026-04-27,FA,FALNA,3.0,650
12958,2026-04-27,ABR,ABU ROAD,1.0,748
12958,2026-04-27,PNU,PALANPUR JN,0.0,801
12958,2026-04-27,MSH,MAHESANA JN,11.0,866
12958,2026-04-27,SBIB,SABARMATI BG,-18.0,929
12958,2026-04-28,NDLS,NEW DELHI,0.0,0
12958,2026-04-28,DEC,DELHI CANTT,0.0,16
12958,2026-04-28,GGN,GURGAON,1.0,32
12958,2026-04-28,JP,JAIPUR,6.0,309
12958,2026-04-28,AII,AJMER JN,8.0,443
12958,2026-04-28,FA,FALNA,2.0,650
12958,2026-04-28,ABR,ABU ROAD,1.0,748
12958,2026-04-28,PNU,PALANPUR JN,0.0,801
12958,2026-04-28,MSH,MAHESANA JN,2.0,866
12958,2026-04-28,SBIB,SABARMATI BG,-21.0,929
12958,2026-04-29,NDLS,NEW DELHI,0.0,0
12958,2026-04-29,DEC,DELHI CANTT,7.0,16
12958,2026-04-29,GGN,GURGAON,8.0,32
12958,2026-04-29,JP,JAIPUR,7.0,309
12958,2026-04-29,AII,AJMER JN,6.0,443
12958,2026-04-29,FA,FALNA,1.0,650
12958,2026-04-29,ABR,ABU ROAD,1.0,748
12958,2026-04-29,PNU,PALANPUR JN,0.0,801
12958,2026-04-29,MSH,MAHESANA JN,4.0,866
12958,2026-04-29,SBIB,SABARMATI BG,-31.0,929
12958,2026-04-30,NDLS,NEW DELHI,0.0,0
12958,2026-04-30,DEC,DELHI CANTT,1.0,16
12958,2026-04-30,GGN,GURGAON,3.0,32
12958,2026-04-30,JP,JAIPUR,0.0,309
12958,2026-04-30,AII,AJMER JN,7.0,443
12958,2026-04-30,FA,FALNA,0.0,650
12958,2026-04-30,ABR,ABU ROAD,1.0,748
12958,2026-04-30,PNU,PALANPUR JN,1.0,801
12958,2026-04-30,MSH,MAHESANA JN,9.0,866
12958,2026-04-30,SBIB,SABARMATI BG,-24.0,929
12958,2026-05-01,NDLS,NEW DELHI,0.0,0
12958,2026-05-01,DEC,DELHI CANTT,1.0,16
12958,2026-05-01,GGN,GURGAON,3.0,32
12958,2026-05-01,JP,JAIPUR,3.0,309
12958,2026-05-01,AII,AJMER JN,12.0,443
12958,2026-05-01,FA,FALNA,9.0,650
12958,2026-05-01,ABR,ABU ROAD,10.0,748
12958,2026-05-01,PNU,PALANPUR JN,0.0,801
12958,2026-05-01,MSH,MAHESANA JN,0.0,866
12958,2026-05-01,SBIB,SABARMATI BG,-31.0,929
12958,2026-05-02,NDLS,NEW DELHI,2.0,0
12958,2026-05-02,DEC,DELHI CANTT,2.0,16
12958,2026-05-02,GGN,GURGAON,3.0,32
12958,2026-05-02,JP,JAIPUR,4.0,309
12958,2026-05-02,AII,AJMER JN,15.0,443
12958,2026-05-02,FA,FALNA,8.0,650
12958,2026-05-02,ABR,ABU ROAD,7.0,748
12958,2026-05-02,PNU,PALANPUR JN,0.0,801
12958,2026-05-02,MSH,MAHESANA JN,1.0,866
12958,2026-05-02,SBIB,SABARMATI BG,-34.0,929
12958,2026-05-03,NDLS,NEW DELHI,0.0,0
12958,2026-05-03,DEC,DELHI CANTT,6.0,16
12958,2026-05-03,GGN,GURGAON,4.0,32
12958,2026-05-03,JP,JAIPUR,12.0,309
12958,2026-05-03,AII,AJMER JN,15.0,443
12958,2026-05-03,FA,FALNA,7.0,650
12958,2026-05-03,ABR,ABU ROAD,7.0,748
12958,2026-05-03,PNU,PALANPUR JN,1.0,801
12958,2026-05-03,MSH,MAHESANA JN,2.0,866
12958,2026-05-03,SBIB,SABARMATI BG,-30.0,929
12958,2026-05-04,NDLS,NEW DELHI,0.0,0
12958,2026-05-04,DEC,DELHI CANTT,8.0,16
12958,2026-05-04,GGN,GURGAON,10.0,32
12958,2026-05-04,JP,JAIPUR,10.0,309
12958,2026-05-04,AII,AJMER JN,18.0,443
12958,2026-05-04,FA,FALNA,17.0,650
12958,2026-05-04,ABR,ABU ROAD,16.0,748
12958,2026-05-04,PNU,PALANPUR JN,8.0,801
12958,2026-05-04,MSH,MAHESANA JN,11.0,866
12958,2026-05-04,SBIB,SABARMATI BG,-15.0,929
12958,2026-05-05,NDLS,NEW DELHI,0.0,0
12958,2026-05-05,DEC,DELHI CANTT,8.0,16
12958,2026-05-05,GGN,GURGAON,10.0,32
12958,2026-05-05,JP,JAIPUR,11.0,309
12958,2026-05-05,AII,AJMER JN,9.0,443
12958,2026-05-05,FA,FALNA,1.0,650
12958,2026-05-05,ABR,ABU ROAD,1.0,748
12958,2026-05-05,PNU,PALANPUR JN,0.0,801
12958,2026-05-05,MSH,MAHESANA JN,1.0,866
12958,2026-05-05,SBIB,SABARMATI BG,-13.0,929
12958,2026-05-06,NDLS,NEW DELHI,0.0,0
12958,2026-05-06,DEC,DELHI CANTT,0.0,16
12958,2026-05-06,GGN,GURGAON,1.0,32
12958,2026-05-06,JP,JAIPUR,4.0,309
12958,2026-05-06,AII,AJMER JN,3.0,443
12958,2026-05-06,FA,FALNA,0.0,650
12958,2026-05-06,ABR,ABU ROAD,0.0,748
12958,2026-05-06,PNU,PALANPUR JN,0.0,801
12958,2026-05-06,MSH,MAHESANA JN,1.0,866
12958,2026-05-06,SBIB,SABARMATI BG,-23.0,929
12958,2026-05-07,NDLS,NEW DELHI,2.0,0
12958,2026-05-07,DEC,DELHI CANTT,1.0,16
12958,2026-05-07,GGN,GURGAON,2.0,32
12958,2026-05-07,JP,JAIPUR,12.0,309
12958,2026-05-07,AII,AJMER JN,16.0,443
12958,2026-05-07,FA,FALNA,13.0,650
12958,2026-05-07,ABR,ABU ROAD,10.0,748
12958,2026-05-07,PNU,PALANPUR JN,1.0,801
12958,2026-05-07,MSH,MAHESANA JN,21.0,866
12958,2026-05-07,SBIB,SABARMATI BG,-8.0,929
12958,2026-05-08,NDLS,NEW DELHI,0.0,0
12958,2026-05-08,DEC,DELHI CANTT,2.0,16
12958,2026-05-08,GGN,GURGAON,3.0,32
12958,2026-05-08,JP,JAIPUR,13.0,309
12958,2026-05-08,AII,AJMER JN,18.0,443
12958,2026-05-08,FA,FALNA,19.0,650
12958,2026-05-08,ABR,ABU ROAD,18.0,748
12958,2026-05-08,PNU,PALANPUR JN,9.0,801
12958,2026-05-08,MSH,MAHESANA JN,7.0,866
12958,2026-05-08,SBIB,SABARMATI BG,-21.0,929
12958,2026-05-09,NDLS,NEW DELHI,0.0,0
12958,2026-05-09,DEC,DELHI CANTT,0.0,16
12958,2026-05-09,GGN,GURGAON,1.0,32
12958,2026-05-09,JP,JAIPUR,8.0,309
12958,2026-05-09,AII,AJMER JN,17.0,443
12958,2026-05-09,FA,FALNA,14.0,650
12958,2026-05-09,ABR,ABU ROAD,15.0,748
12958,2026-05-09,PNU,PALANPUR JN,3.0,801
12958,2026-05-09,MSH,MAHESANA JN,1.0,866
12958,2026-05-09,SBIB,SABARMATI BG,-28.0,929
12958,2026-05-10,NDLS,NEW DELHI,6.0,0
12958,2026-05-10,DEC,DELHI CANTT,10.0,16
12958,2026-05-10,GGN,GURGAON,11.0,32
12958,2026-05-10,JP,JAIPUR,32.0,309
12958,2026-05-10,AII,AJMER JN,42.0,443
12958,2026-05-10,FA,FALNA,39.0,650
12958,2026-05-10,ABR,ABU ROAD,39.0,748
12958,2026-05-10,PNU,PALANPUR JN,28.0,801
12958,2026-05-10,MSH,MAHESANA JN,26.0,866
12958,2026-05-10,SBIB,SABARMATI BG,-6.0,929
12958,2026-05-11,NDLS,NEW DELHI,0.0,0
12958,2026-05-11,DEC,DELHI CANTT,2.0,16
12958,2026-05-11,GGN,GURGAON,4.0,32
12958,2026-05-11,JP,JAIPUR,28.0,309
12958,2026-05-11,AII,AJMER JN,30.0,443
12958,2026-05-11,FA,FALNA,34.0,650
12958,2026-05-11,ABR,ABU ROAD,34.0,748
12958,2026-05-11,PNU,PALANPUR JN,25.0,801
12958,2026-05-11,MSH,MAHESANA JN,23.0,866
12958,2026-05-11,SBIB,SABARMATI BG,-6.0,929
12958,2026-05-12,NDLS,NEW DELHI,0.0,0
12958,2026-05-12,DEC,DELHI CANTT,3.0,16
12958,2026-05-12,GGN,GURGAON,4.0,32
12958,2026-05-12,JP,JAIPUR,36.0,309
12958,2026-05-12,AII,AJMER JN,56.0,443
12958,2026-05-12,FA,FALNA,56.0,650
12958,2026-05-12,ABR,ABU ROAD,56.0,748
12958,2026-05-12,PNU,PALANPUR JN,44.0,801
12958,2026-05-12,MSH,MAHESANA JN,41.0,866
12958,2026-05-12,SBIB,SABARMATI BG,15.0,929
12958,2026-05-13,NDLS,NEW DELHI,1.0,0
12958,2026-05-13,DEC,DELHI CANTT,0.0,16
12958,2026-05-13,GGN,GURGAON,4.0,32
12958,2026-05-13,JP,JAIPUR,27.0,309
12958,2026-05-13,AII,AJMER JN,44.0,443
12958,2026-05-13,FA,FALNA,41.0,650
12958,2026-05-13,ABR,ABU ROAD,33.0,748
12958,2026-05-13,PNU,PALANPUR JN,25.0,801
12958,2026-05-13,MSH,MAHESANA JN,20.0,866
12958,2026-05-13,SBIB,SABARMATI BG,-11.0,929
12958,2026-05-14,NDLS,NEW DELHI,5.0,0
12958,2026-05-14,DEC,DELHI CANTT,7.0,16
12958,2026-05-14,GGN,GURGAON,8.0,32
12958,2026-05-14,JP,JAIPUR,17.0,309
12958,2026-05-14,AII,AJMER JN,25.0,443
12958,2026-05-14,FA,FALNA,20.0,650
12958,2026-05-14,ABR,ABU ROAD,18.0,748
12958,2026-05-14,PNU,PALANPUR JN,5.0,801
12958,2026-05-14,MSH,MAHESANA JN,20.0,866
12958,2026-05-14,SBIB,SABARMATI BG,-9.0,929
12958,2026-05-15,NDLS,NEW DELHI,0.0,0
12958,2026-05-15,DEC,DELHI CANTT,2.0,16
12958,2026-05-15,GGN,GURGAON,0.0,32
12958,2026-05-15,JP,JAIPUR,18.0,309
12958,2026-05-15,AII,AJMER JN,17.0,443
12958,2026-05-15,FA,FALNA,14.0,650
12958,2026-05-15,ABR,ABU ROAD,15.0,748
12958,2026-05-15,PNU,PALANPUR JN,5.0,801
12958,2026-05-15,MSH,MAHESANA JN,2.0,866
12958,2026-05-15,SBIB,SABARMATI BG,-27.0,929
12958,2026-05-16,NDLS,NEW DELHI,0.0,0
12958,2026-05-16,DEC,DELHI CANTT,0.0,16
12958,2026-05-16,GGN,GURGAON,1.0,32
12958,2026-05-16,JP,JAIPUR,9.0,309
12958,2026-05-16,AII,AJMER JN,19.0,443
12958,2026-05-16,FA,FALNA,15.0,650
12958,2026-05-16,ABR,ABU ROAD,24.0,748
12958,2026-05-16,PNU,PALANPUR JN,16.0,801
12958,2026-05-16,MSH,MAHESANA JN,12.0,866
12958,2026-05-16,SBIB,SABARMATI BG,-18.0,929
12958,2026-05-17,NDLS,NEW DELHI,0.0,0
12958,2026-05-17,DEC,DELHI CANTT,5.0,16
12958,2026-05-17,GGN,GURGAON,7.0,32
12958,2026-05-17,JP,JAIPUR,8.0,309
12958,2026-05-17,AII,AJMER JN,13.0,443
12958,2026-05-17,FA,FALNA,17.0,650
12958,2026-05-17,ABR,ABU ROAD,18.0,748
12958,2026-05-17,PNU,PALANPUR JN,13.0,801
12958,2026-05-17,MSH,MAHESANA JN,15.0,866
12958,2026-05-17,SBIB,SABARMATI BG,-8.0,929
12958,2026-05-18,NDLS,NEW DELHI,1.0,0
12958,2026-05-18,DEC,DELHI CANTT,2.0,16
12958,2026-05-18,GGN,GURGAON,2.0,32
12958,2026-05-18,JP,JAIPUR,7.0,309
12958,2026-05-18,AII,AJMER JN,17.0,443
12958,2026-05-18,FA,FALNA,12.0,650
12958,2026-05-18,ABR,ABU ROAD,10.0,748
12958,2026-05-18,PNU,PALANPUR JN,3.0,801
12958,2026-05-18,MSH,MAHESANA JN,1.0,866
12958,2026-05-18,SBIB,SABARMATI BG,-31.0,929
12958,2026-05-19,NDLS,NEW DELHI,0.0,0
12958,2026-05-19,DEC,DELHI CANTT,5.0,16
12958,2026-05-19,GGN,GURGAON,7.0,32
12958,2026-05-19,JP,JAIPUR,10.0,309
12958,2026-05-19,AII,AJMER JN,15.0,443
12958,2026-05-19,FA,FALNA,14.0,650
12958,2026-05-19,ABR,ABU ROAD,12.0,748
12958,2026-05-19,PNU,PALANPUR JN,3.0,801
12958,2026-05-19,MSH,MAHESANA JN,2.0,866
12958,2026-05-19,SBIB,SABARMATI BG,-27.0,929
12958,2026-05-20,NDLS,NEW DELHI,0.0,0
12958,2026-05-20,DEC,DELHI CANTT,1.0,16
12958,2026-05-20,GGN,GURGAON,2.0,32
12958,2026-05-20,JP,JAIPUR,17.0,309
12958,2026-05-20,AII,AJMER JN,22.0,443
12958,2026-05-20,FA,FALNA,17.0,650
12958,2026-05-20,ABR,ABU ROAD,13.0,748
12958,2026-05-20,PNU,PALANPUR JN,2.0,801
12958,2026-05-20,MSH,MAHESANA JN,12.0,866
12958,2026-05-20,SBIB,SABARMATI BG,-16.0,929
12958,2026-05-21,NDLS,NEW DELHI,0.0,0
12958,2026-05-21,DEC,DELHI CANTT,5.0,16
12958,2026-05-21,GGN,GURGAON,6.0,32
12958,2026-05-21,JP,JAIPUR,7.0,309
12958,2026-05-21,AII,AJMER JN,5.0,443
12958,2026-05-21,FA,FALNA,5.0,650
12958,2026-05-21,ABR,ABU ROAD,5.0,748
12958,2026-05-21,PNU,PALANPUR JN,0.0,801
12958,2026-05-21,MSH,MAHESANA JN,18.0,866
12958,2026-05-21,SBIB,SABARMATI BG,-9.0,929
12958,2026-05-22,NDLS,NEW DELHI,0.0,0
12958,2026-05-22,DEC,DELHI CANTT,42.0,16
12958,2026-05-22,GGN,GURGAON,44.0,32
12958,2026-05-22,JP,JAIPUR,62.0,309
12958,2026-05-22,AII,AJMER JN,74.0,443
12958,2026-05-22,FA,FALNA,70.0,650
12958,2026-05-22,ABR,ABU ROAD,67.0,748
12958,2026-05-22,PNU,PALANPUR JN,63.0,801
12958,2026-05-22,MSH,MAHESANA JN,60.0,866
12958,2026-05-22,SBIB,SABARMATI BG,29.0,929
12958,2026-05-23,NDLS,NEW DELHI,1.0,0
12958,2026-05-23,DEC,DELHI CANTT,0.0,16
12958,2026-05-23,GGN,GURGAON,2.0,32
12958,2026-05-23,JP,JAIPUR,13.0,309
12958,2026-05-23,AII,AJMER JN,23.0,443
12958,2026-05-23,FA,FALNA,16.0,650
12958,2026-05-23,ABR,ABU ROAD,14.0,748
12958,2026-05-23,PNU,PALANPUR JN,2.0,801
12958,2026-05-23,MSH,MAHESANA JN,1.0,866
12958,2026-05-23,SBIB,SABARMATI BG,-30.0,929
12958,2026-05-24,NDLS,NEW DELHI,0.0,0
12958,2026-05-24,DEC,DELHI CANTT,6.0,16
12958,2026-05-24,GGN,GURGAON,7.0,32
12958,2026-05-24,JP,JAIPUR,10.0,309
12958,2026-05-24,AII,AJMER JN,17.0,443
12958,2026-05-24,FA,FALNA,16.0,650
12958,2026-05-24,ABR,ABU ROAD,13.0,748
12958,2026-05-24,PNU,PALANPUR JN,1.0,801
12958,2026-05-24,MSH,MAHESANA JN,12.0,866
12958,2026-05-24,SBIB,SABARMATI BG,-17.0,929
12958,2026-05-25,NDLS,NEW DELHI,1.0,0
12958,2026-05-25,DEC,DELHI CANTT,0.0,16
12958,2026-05-25,GGN,GURGAON,1.0,32
12958,2026-05-25,JP,JAIPUR,9.0,309
12958,2026-05-25,AII,AJMER JN,17.0,443
12958,2026-05-25,FA,FALNA,10.0,650
12958,2026-05-25,ABR,ABU ROAD,7.0,748
12958,2026-05-25,PNU,PALANPUR JN,0.0,801
12958,2026-05-25,MSH,MAHESANA JN,1.0,866
12958,2026-05-25,SBIB,SABARMATI BG,-27.0,929
12958,2026-05-26,NDLS,NEW DELHI,0.0,0
12958,2026-05-26,DEC,DELHI CANTT,11.0,16
12958,2026-05-26,GGN,GURGAON,12.0,32
12958,2026-05-26,JP,JAIPUR,9.0,309
12958,2026-05-26,AII,AJMER JN,18.0,443
12958,2026-05-26,FA,FALNA,13.0,650
12958,2026-05-26,ABR,ABU ROAD,9.0,748
12958,2026-05-26,PNU,PALANPUR JN,0.0,801
12958,2026-05-26,MSH,MAHESANA JN,2.0,866
12958,2026-05-26,SBIB,SABARMATI BG,-26.0,929
12958,2026-05-27,NDLS,NEW DELHI,1.0,0
12958,2026-05-27,DEC,DELHI CANTT,0.0,16
12958,2026-05-27,GGN,GURGAON,2.0,32
12958,2026-05-27,JP,JAIPUR,8.0,309
12958,2026-05-27,AII,AJMER JN,12.0,443
12958,2026-05-27,FA,FALNA,8.0,650
12958,2026-05-27,ABR,ABU ROAD,2.0,748
12958,2026-05-27,PNU,PALANPUR JN,0.0,801
12958,2026-05-27,MSH,MAHESANA JN,3.0,866
12958,2026-05-27,SBIB,SABARMATI BG,-27.0,929
12958,2026-05-28,NDLS,NEW DELHI,0.0,0
12958,2026-05-28,DEC,DELHI CANTT,1.0,16
12958,2026-05-28,GGN,GURGAON,7.0,32
12958,2026-05-28,JP,JAIPUR,10.0,309
12958,2026-05-28,AII,AJMER JN,11.0,443
12958,2026-05-28,FA,FALNA,9.0,650
12958,2026-05-28,ABR,ABU ROAD,4.0,748
12958,2026-05-28,PNU,PALANPUR JN,0.0,801
12958,2026-05-28,MSH,MAHESANA JN,3.0,866
12958,2026-05-28,SBIB,SABARMATI BG,-29.0,929
12958,2026-05-29,NDLS,NEW DELHI,1.0,0
12958,2026-05-29,DEC,DELHI CANTT,2.0,16
12958,2026-05-29,GGN,GURGAON,3.0,32
12958,2026-05-29,JP,JAIPUR,8.0,309
12958,2026-05-29,AII,AJMER JN,13.0,443
12958,2026-05-29,FA,FALNA,37.0,650
12958,2026-05-29,ABR,ABU ROAD,33.0,748
12958,2026-05-29,PNU,PALANPUR JN,23.0,801
12958,2026-05-29,MSH,MAHESANA JN,25.0,866
12958,2026-05-29,SBIB,SABARMATI BG,-4.0,929
12958,2026-05-30,NDLS,NEW DELHI,0.0,0
12958,2026-05-30,DEC,DELHI CANTT,5.0,16
12958,2026-05-30,GGN,GURGAON,7.0,32
12958,2026-05-30,JP,JAIPUR,40.0,309
12958,2026-05-30,AII,AJMER JN,36.0,443
12958,2026-05-30,FA,FALNA,46.0,650
12958,2026-05-30,ABR,ABU ROAD,39.0,748
12958,2026-05-30,PNU,PALANPUR JN,24.0,801
12958,2026-05-30,MSH,MAHESANA JN,20.0,866
12958,2026-05-30,SBIB,SABARMATI BG,-11.0,929
12958,2026-05-31,NDLS,NEW DELHI,1.0,0
12958,2026-05-31,DEC,DELHI CANTT,7.0,16
12958,2026-05-31,GGN,GURGAON,9.0,32
12958,2026-05-31,JP,JAIPUR,16.0,309
12958,2026-05-31,AII,AJMER JN,16.0,443
12958,2026-05-31,FA,FALNA,14.0,650
12958,2026-05-31,ABR,ABU ROAD,9.0,748
12958,2026-05-31,PNU,PALANPUR JN,1.0,801
12958,2026-05-31,MSH,MAHESANA JN,1.0,866
12958,2026-05-31,SBIB,SABARMATI BG,-31.0,929
12958,2026-06-01,NDLS,NEW DELHI,0.0,0
12958,2026-06-01,DEC,DELHI CANTT,0.0,16
12958,2026-06-01,GGN,GURGAON,0.0,32
12958,2026-06-01,JP,JAIPUR,17.0,309
12958,2026-06-01,AII,AJMER JN,13.0,443
12958,2026-06-01,FA,FALNA,28.0,650
12958,2026-06-01,ABR,ABU ROAD,24.0,748
12958,2026-06-01,PNU,PALANPUR JN,11.0,801
12958,2026-06-01,MSH,MAHESANA JN,9.0,866
12958,2026-06-01,SBIB,SABARMATI BG,-19.0,929
12958,2026-06-02,NDLS,NEW DELHI,0.0,0
12958,2026-06-02,DEC,DELHI CANTT,0.0,16
12958,2026-06-02,GGN,GURGAON,0.0,32
12958,2026-06-02,JP,JAIPUR,6.0,309
12958,2026-06-02,AII,AJMER JN,3.0,443
12958,2026-06-02,FA,FALNA,4.0,650
12958,2026-06-02,ABR,ABU ROAD,0.0,748
12958,2026-06-02,PNU,PALANPUR JN,0.0,801
12958,2026-06-02,MSH,MAHESANA JN,0.0,866
12958,2026-06-02,SBIB,SABARMATI BG,-15.0,929
12958,2026-06-03,NDLS,NEW DELHI,0.0,0
12958,2026-06-03,DEC,DELHI CANTT,0.0,16
12958,2026-06-03,GGN,GURGAON,1.0,32
12958,2026-06-03,JP,JAIPUR,13.0,309
12958,2026-06-03,AII,AJMER JN,8.0,443
12958,2026-06-03,FA,FALNA,9.0,650
12958,2026-06-03,ABR,ABU ROAD,5.0,748
12958,2026-06-03,PNU,PALANPUR JN,0.0,801
12958,2026-06-03,MSH,MAHESANA JN,0.0,866
12958,2026-06-03,SBIB,SABARMATI BG,-31.0,929
12958,2026-06-04,NDLS,NEW DELHI,2.0,0
12958,2026-06-04,DEC,DELHI CANTT,1.0,16
12958,2026-06-04,GGN,GURGAON,2.0,32
12958,2026-06-04,JP,JAIPUR,15.0,309
12958,2026-06-04,AII,AJMER JN,10.0,443
12958,2026-06-04,FA,FALNA,16.0,650
12958,2026-06-04,ABR,ABU ROAD,10.0,748
12958,2026-06-04,PNU,PALANPUR JN,0.0,801
12958,2026-06-04,MSH,MAHESANA JN,2.0,866
12958,2026-06-04,SBIB,SABARMATI BG,-30.0,929
12958,2026-06-05,NDLS,NEW DELHI,5.0,0
12958,2026-06-05,DEC,DELHI CANTT,9.0,16
12958,2026-06-05,GGN,GURGAON,12.0,32
12958,2026-06-05,JP,JAIPUR,16.0,309
12958,2026-06-05,AII,AJMER JN,11.0,443
12958,2026-06-05,FA,FALNA,14.0,650
12958,2026-06-05,ABR,ABU ROAD,15.0,748
12958,2026-06-05,PNU,PALANPUR JN,3.0,801
12958,2026-06-05,MSH,MAHESANA JN,1.0,866
12958,2026-06-05,SBIB,SABARMATI BG,-36.0,929
12958,2026-06-06,NDLS,NEW DELHI,0.0,0
12958,2026-06-06,DEC,DELHI CANTT,0.0,16
12958,2026-06-06,GGN,GURGAON,1.0,32
12958,2026-06-06,JP,JAIPUR,10.0,309
12958,2026-06-06,AII,AJMER JN,5.0,443
12958,2026-06-06,FA,FALNA,6.0,650
12958,2026-06-06,ABR,ABU ROAD,1.0,748
12958,2026-06-06,PNU,PALANPUR JN,0.0,801
12958,2026-06-06,MSH,MAHESANA JN,1.0,866
12958,2026-06-06,SBIB,SABARMATI BG,-32.0,929
12958,2026-06-07,NDLS,NEW DELHI,0.0,0
12958,2026-06-07,DEC,DELHI CANTT,9.0,16
12958,2026-06-07,GGN,GURGAON,11.0,32
12958,2026-06-07,JP,JAIPUR,17.0,309
12958,2026-06-07,AII,AJMER JN,19.0,443
12958,2026-06-07,FA,FALNA,34.0,650
12958,2026-06-07,ABR,ABU ROAD,30.0,748
12958,2026-06-07,PNU,PALANPUR JN,24.0,801
12958,2026-06-07,MSH,MAHESANA JN,21.0,866
12958,2026-06-07,SBIB,SABARMATI BG,-6.0,929
12958,2026-06-08,NDLS,NEW DELHI,3.0,0
12958,2026-06-08,DEC,DELHI CANTT,10.0,16
12958,2026-06-08,GGN,GURGAON,12.0,32
12958,2026-06-08,JP,JAIPUR,11.0,309
12958,2026-06-08,AII,AJMER JN,16.0,443
12958,2026-06-08,FA,FALNA,22.0,650
12958,2026-06-08,ABR,ABU ROAD,18.0,748
12958,2026-06-08,PNU,PALANPUR JN,9.0,801
12958,2026-06-08,MSH,MAHESANA JN,10.0,866
12958,2026-06-08,SBIB,SABARMATI BG,-20.0,929
12958,2026-06-09,NDLS,NEW DELHI,0.0,0
12958,2026-06-09,DEC,DELHI CANTT,0.0,16
12958,2026-06-09,GGN,GURGAON,2.0,32
12958,2026-06-09,JP,JAIPUR,14.0,309
12958,2026-06-09,AII,AJMER JN,27.0,443
12958,2026-06-09,FA,FALNA,29.0,650
12958,2026-06-09,ABR,ABU ROAD,25.0,748
12958,2026-06-09,PNU,PALANPUR JN,17.0,801
12958,2026-06-09,MSH,MAHESANA JN,19.0,866
12958,2026-06-09,SBIB,SABARMATI BG,-5.0,929
12958,2026-06-10,NDLS,NEW DELHI,0.0,0
12958,2026-06-10,DEC,DELHI CANTT,2.0,16
12958,2026-06-10,GGN,GURGAON,4.0,32
12958,2026-06-10,JP,JAIPUR,9.0,309
12958,2026-06-10,AII,AJMER JN,16.0,443
12958,2026-06-10,FA,FALNA,13.0,650
12958,2026-06-10,ABR,ABU ROAD,8.0,748
12958,2026-06-10,PNU,PALANPUR JN,0.0,801
12958,2026-06-10,MSH,MAHESANA JN,0.0,866
12958,2026-06-10,SBIB,SABARMATI BG,-33.0,929
12958,2026-06-11,NDLS,NEW DELHI,0.0,0
12958,2026-06-11,DEC,DELHI CANTT,1.0,16
12958,2026-06-11,GGN,GURGAON,3.0,32
12958,2026-06-11,JP,JAIPUR,6.0,309
12958,2026-06-11,AII,AJMER JN,9.0,443
12958,2026-06-11,FA,FALNA,5.0,650
12958,2026-06-11,ABR,ABU ROAD,1.0,748
12958,2026-06-11,PNU,PALANPUR JN,0.0,801
12958,2026-06-11,MSH,MAHESANA JN,1.0,866
12958,2026-06-11,SBIB,SABARMATI BG,-33.0,929
12958,2026-06-12,NDLS,NEW DELHI,0.0,0
12958,2026-06-12,DEC,DELHI CANTT,3.0,16
12958,2026-06-12,GGN,GURGAON,4.0,32
12958,2026-06-12,JP,JAIPUR,21.0,309
12958,2026-06-12,AII,AJMER JN,15.0,443
12958,2026-06-12,FA,FALNA,25.0,650
12958,2026-06-12,ABR,ABU ROAD,22.0,748
12958,2026-06-12,PNU,PALANPUR JN,13.0,801
12958,2026-06-12,MSH,MAHESANA JN,13.0,866
12958,2026-06-12,SBIB,SABARMATI BG,-20.0,929
12958,2026-06-13,NDLS,NEW DELHI,1.0,0
12958,2026-06-13,DEC,DELHI CANTT,3.0,16
12958,2026-06-13,GGN,GURGAON,8.0,32
12958,2026-06-13,JP,JAIPUR,26.0,309
12958,2026-06-13,AII,AJMER JN,19.0,443
12958,2026-06-13,FA,FALNA,16.0,650
12958,2026-06-13,ABR,ABU ROAD,20.0,748
12958,2026-06-13,PNU,PALANPUR JN,20.0,801
12958,2026-06-13,MSH,MAHESANA JN,26.0,866
12958,2026-06-13,SBIB,SABARMATI BG,-11.0,929
12958,2026-06-14,NDLS,NEW DELHI,1.0,0
12958,2026-06-14,DEC,DELHI CANTT,10.0,16
12958,2026-06-14,GGN,GURGAON,12.0,32
12958,2026-06-14,JP,JAIPUR,30.0,309
12958,2026-06-14,AII,AJMER JN,32.0,443
12958,2026-06-14,FA,FALNA,31.0,650
12958,2026-06-14,ABR,ABU ROAD,26.0,748
12958,2026-06-14,PNU,PALANPUR JN,15.0,801
12958,2026-06-14,MSH,MAHESANA JN,13.0,866
12958,2026-06-14,SBIB,SABARMATI BG,-24.0,929
12958,2026-06-15,NDLS,NEW DELHI,0.0,0
12958,2026-06-15,DEC,DELHI CANTT,5.0,16
12958,2026-06-15,GGN,GURGAON,6.0,32
12958,2026-06-15,JP,JAIPUR,2.0,309
12958,2026-06-15,AII,AJMER JN,2.0,443
12958,2026-06-15,FA,FALNA,0.0,650
12958,2026-06-15,ABR,ABU ROAD,7.0,748
12958,2026-06-15,PNU,PALANPUR JN,0.0,801
12958,2026-06-15,MSH,MAHESANA JN,3.0,866
12958,2026-06-15,SBIB,SABARMATI BG,-35.0,929
12958,2026-06-16,NDLS,NEW DELHI,0.0,0
12958,2026-06-16,DEC,DELHI CANTT,0.0,16
12958,2026-06-16,GGN,GURGAON,0.0,32
12958,2026-06-16,JP,JAIPUR,13.0,309
12958,2026-06-16,AII,AJMER JN,7.0,443
12958,2026-06-16,FA,FALNA,8.0,650
12958,2026-06-16,ABR,ABU ROAD,2.0,748
12958,2026-06-16,PNU,PALANPUR JN,1.0,801
12958,2026-06-16,MSH,MAHESANA JN,1.0,866
12958,2026-06-16,SBIB,SABARMATI BG,-30.0,929
12958,2026-06-17,NDLS,NEW DELHI,1.0,0
12958,2026-06-17,DEC,DELHI CANTT,10.0,16
12958,2026-06-17,GGN,GURGAON,8.0,32
12958,2026-06-17,JP,JAIPUR,18.0,309
12958,2026-06-17,AII,AJMER JN,18.0,443
12958,2026-06-17,FA,FALNA,14.0,650
12958,2026-06-17,ABR,ABU ROAD,10.0,748
12958,2026-06-17,PNU,PALANPUR JN,4.0,801
12958,2026-06-17,MSH,MAHESANA JN,4.0,866
12958,2026-06-17,SBIB,SABARMATI BG,-35.0,929
12958,2026-06-18,NDLS,NEW DELHI,1.0,0
12958,2026-06-18,DEC,DELHI CANTT,0.0,16
12958,2026-06-18,GGN,GURGAON,5.0,32
12958,2026-06-18,JP,JAIPUR,9.0,309
12958,2026-06-18,AII,AJMER JN,11.0,443
12958,2026-06-18,FA,FALNA,16.0,650
12958,2026-06-18,ABR,ABU ROAD,7.0,748
12958,2026-06-18,PNU,PALANPUR JN,1.0,801
12958,2026-06-18,MSH,MAHESANA JN,1.0,866
12958,2026-06-18,SBIB,SABARMATI BG,-35.0,929
12958,2026-06-19,NDLS,NEW DELHI,3.0,0
12958,2026-06-19,DEC,DELHI CANTT,5.0,16
12958,2026-06-19,GGN,GURGAON,6.0,32
12958,2026-06-19,JP,JAIPUR,20.0,309
12958,2026-06-19,AII,AJMER JN,19.0,443
12958,2026-06-19,FA,FALNA,17.0,650
12958,2026-06-19,ABR,ABU ROAD,12.0,748
12958,2026-06-19,PNU,PALANPUR JN,2.0,801
12958,2026-06-19,MSH,MAHESANA JN,5.0,866
12958,2026-06-19,SBIB,SABARMATI BG,-31.0,929
12958,2026-06-20,NDLS,NEW DELHI,0.0,0
12958,2026-06-20,DEC,DELHI CANTT,0.0,16
12958,2026-06-20,GGN,GURGAON,2.0,32
12958,2026-06-20,JP,JAIPUR,22.0,309
12958,2026-06-20,AII,AJMER JN,20.0,443
12958,2026-06-20,FA,FALNA,21.0,650
12958,2026-06-20,ABR,ABU ROAD,17.0,748
12958,2026-06-20,PNU,PALANPUR JN,8.0,801
12958,2026-06-20,MSH,MAHESANA JN,18.0,866
12958,2026-06-20,SBIB,SABARMATI BG,-20.0,929
12958,2026-06-21,NDLS,NEW DELHI,0.0,0
12958,2026-06-21,DEC,DELHI CANTT,7.0,16
12958,2026-06-21,GGN,GURGAON,9.0,32
12958,2026-06-21,JP,JAIPUR,7.0,309
12958,2026-06-21,AII,AJMER JN,14.0,443
12958,2026-06-21,FA,FALNA,12.0,650
12958,2026-06-21,ABR,ABU ROAD,9.0,748
12958,2026-06-21,PNU,PALANPUR JN,0.0,801
12958,2026-06-21,MSH,MAHESANA JN,3.0,866
12958,2026-06-21,SBIB,SABARMATI BG,-21.0,929
12958,2026-06-22,NDLS,NEW DELHI,0.0,0
12958,2026-06-22,DEC,DELHI CANTT,0.0,16
12958,2026-06-22,GGN,GURGAON,2.0,32
12958,2026-06-22,JP,JAIPUR,12.0,309
12958,2026-06-22,AII,AJMER JN,9.0,443
12958,2026-06-22,FA,FALNA,16.0,650
12958,2026-06-22,ABR,ABU ROAD,26.0,748
12958,2026-06-22,PNU,PALANPUR JN,20.0,801
12958,2026-06-22,MSH,MAHESANA JN,25.0,866
12958,2026-06-22,SBIB,SABARMATI BG,-4.0,929
12958,2026-06-23,NDLS,NEW DELHI,1.0,0
12958,2026-06-23,DEC,DELHI CANTT,4.0,16
12958,2026-06-23,GGN,GURGAON,4.0,32
12958,2026-06-23,JP,JAIPUR,9.0,309
12958,2026-06-23,AII,AJMER JN,6.0,443
12958,2026-06-23,FA,FALNA,5.0,650
12958,2026-06-23,ABR,ABU ROAD,10.0,748
12958,2026-06-23,PNU,PALANPUR JN,4.0,801
12958,2026-06-23,MSH,MAHESANA JN,5.0,866
12958,2026-06-23,SBIB,SABARMATI BG,-36.0,929
12958,2026-06-24,NDLS,NEW DELHI,1.0,0
12958,2026-06-24,DEC,DELHI CANTT,5.0,16
12958,2026-06-24,GGN,GURGAON,3.0,32
12958,2026-06-24,JP,JAIPUR,6.0,309
12958,2026-06-24,AII,AJMER JN,8.0,443
12958,2026-06-24,FA,FALNA,13.0,650
12958,2026-06-24,ABR,ABU ROAD,12.0,748
12958,2026-06-24,PNU,PALANPUR JN,4.0,801
12958,2026-06-24,MSH,MAHESANA JN,7.0,866
12958,2026-06-24,SBIB,SABARMATI BG,-30.0,929
12958,2026-06-25,NDLS,NEW DELHI,0.0,0
12958,2026-06-25,DEC,DELHI CANTT,2.0,16
12958,2026-06-25,GGN,GURGAON,2.0,32
12958,2026-06-25,JP,JAIPUR,4.0,309
12958,2026-06-25,AII,AJMER JN,4.0,443
12958,2026-06-25,FA,FALNA,13.0,650
12958,2026-06-25,ABR,ABU ROAD,10.0,748
12958,2026-06-25,PNU,PALANPUR JN,0.0,801
12958,2026-06-25,MSH,MAHESANA JN,3.0,866
12958,2026-06-25,SBIB,SABARMATI BG,-36.0,929
12958,2026-06-26,NDLS,NEW DELHI,1.0,0
12958,2026-06-26,DEC,DELHI CANTT,5.0,16
12958,2026-06-26,GGN,GURGAON,9.0,32
12958,2026-06-26,JP,JAIPUR,7.0,309
12958,2026-06-26,AII,AJMER JN,9.0,443
12958,2026-06-26,FA,FALNA,7.0,650
12958,2026-06-26,ABR,ABU ROAD,6.0,748
12958,2026-06-26,PNU,PALANPUR JN,2.0,801
12958,2026-06-26,MSH,MAHESANA JN,6.0,866
12958,2026-06-26,SBIB,SABARMATI BG,-30.0,929
12958,2026-06-27,NDLS,NEW DELHI,0.0,0
12958,2026-06-27,DEC,DELHI CANTT,1.0,16
12958,2026-06-27,GGN,GURGAON,4.0,32
12958,2026-06-27,JP,JAIPUR,11.0,309
12958,2026-06-27,AII,AJMER JN,10.0,443
12958,2026-06-27,FA,FALNA,12.0,650
12958,2026-06-27,ABR,ABU ROAD,9.0,748
12958,2026-06-27,PNU,PALANPUR JN,0.0,801
12958,2026-06-27,MSH,MAHESANA JN,2.0,866
12958,2026-06-27,SBIB,SABARMATI BG,-37.0,929
12958,2026-06-28,NDLS,NEW DELHI,1.0,0
12958,2026-06-28,DEC,DELHI CANTT,5.0,16
12958,2026-06-28,GGN,GURGAON,7.0,32
12958,2026-06-28,JP,JAIPUR,21.0,309
12958,2026-06-28,AII,AJMER JN,21.0,443
12958,2026-06-28,FA,FALNA,16.0,650
12958,2026-06-28,ABR,ABU ROAD,13.0,748
12958,2026-06-28,PNU,PALANPUR JN,3.0,801
12958,2026-06-28,MSH,MAHESANA JN,4.0,866
12958,2026-06-28,SBIB,SABARMATI BG,-30.0,929
12958,2026-06-29,NDLS,NEW DELHI,1.0,0
12958,2026-06-29,DEC,DELHI CANTT,1.0,16
12958,2026-06-29,GGN,GURGAON,2.0,32
12958,2026-06-29,JP,JAIPUR,12.0,309
12958,2026-06-29,AII,AJMER JN,5.0,443
12958,2026-06-29,FA,FALNA,23.0,650
12958,2026-06-29,ABR,ABU ROAD,23.0,748
12958,2026-06-29,PNU,PALANPUR JN,14.0,801
12958,2026-06-29,MSH,MAHESANA JN,18.0,866
12958,2026-06-29,SBIB,SABARMATI BG,-7.0,929
12958,2026-06-30,NDLS,NEW DELHI,1.0,0
12958,2026-06-30,DEC,DELHI CANTT,6.0,16
12958,2026-06-30,GGN,GURGAON,8.0,32
12958,2026-06-30,JP,JAIPUR,8.0,309
12958,2026-06-30,AII,AJMER JN,11.0,443
12958,2026-06-30,FA,FALNA,4.0,650
12958,2026-06-30,ABR,ABU ROAD,2.0,748
12958,2026-06-30,PNU,PALANPUR JN,1.0,801
12958,2026-06-30,MSH,MAHESANA JN,2.0,866
12958,2026-06-30,SBIB,SABARMATI BG,-36.0,929
12958,2026-07-01,NDLS,NEW DELHI,1.0,0
12958,2026-07-01,DEC,DELHI CANTT,3.0,16
12958,2026-07-01,GGN,GURGAON,4.0,32
12958,2026-07-01,JP,JAIPUR,10.0,309
12958,2026-07-01,AII,AJMER JN,7.0,443
12958,2026-07-01,FA,FALNA,4.0,650
12958,2026-07-01,ABR,ABU ROAD,3.0,748
12958,2026-07-01,PNU,PALANPUR JN,1.0,801
12958,2026-07-01,MSH,MAHESANA JN,1.0,866
12958,2026-07-01,SBIB,SABARMATI BG,-39.0,929
12958,2026-07-02,NDLS,NEW DELHI,1.0,0
12958,2026-07-02,DEC,DELHI CANTT,1.0,16
12958,2026-07-02,GGN,GURGAON,4.0,32
12958,2026-07-02,JP,JAIPUR,5.0,309
12958,2026-07-02,AII,AJMER JN,13.0,443
12958,2026-07-02,FA,FALNA,14.0,650
12958,2026-07-02,ABR,ABU ROAD,14.0,748
12958,2026-07-02,PNU,PALANPUR JN,4.0,801
12958,2026-07-02,MSH,MAHESANA JN,4.0,866
12958,2026-07-02,SBIB,SABARMATI BG,-26.0,929
12958,2026-07-03,NDLS,NEW DELHI,0.0,0
12958,2026-07-03,DEC,DELHI CANTT,4.0,16
12958,2026-07-03,GGN,GURGAON,8.0,32
12958,2026-07-03,JP,JAIPUR,13.0,309
12958,2026-07-03,AII,AJMER JN,18.0,443
12958,2026-07-03,FA,FALNA,12.0,650
12958,2026-07-03,ABR,ABU ROAD,16.0,748
12958,2026-07-03,PNU,PALANPUR JN,7.0,801
12958,2026-07-03,MSH,MAHESANA JN,6.0,866
12958,2026-07-03,SBIB,SABARMATI BG,-31.0,929
12958,2026-07-04,NDLS,NEW DELHI,0.0,0
12958,2026-07-04,DEC,DELHI CANTT,0.0,16
12958,2026-07-04,GGN,GURGAON,1.0,32
12958,2026-07-04,JP,JAIPUR,12.0,309
12958,2026-07-04,AII,AJMER JN,12.0,443
12958,2026-07-04,FA,FALNA,9.0,650
12958,2026-07-04,ABR,ABU ROAD,14.0,748
12958,2026-07-04,PNU,PALANPUR JN,12.0,801
12958,2026-07-04,MSH,MAHESANA JN,20.0,866
12958,2026-07-04,SBIB,SABARMATI BG,-15.0,929
12958,2026-07-05,NDLS,NEW DELHI,6.0,0
12958,2026-07-05,DEC,DELHI CANTT,10.0,16
12958,2026-07-05,GGN,GURGAON,11.0,32
12958,2026-07-05,JP,JAIPUR,10.0,309
12958,2026-07-05,AII,AJMER JN,6.0,443
12958,2026-07-05,FA,FALNA,2.0,650
12958,2026-07-05,ABR,ABU ROAD,7.0,748
12958,2026-07-05,PNU,PALANPUR JN,13.0,801
12958,2026-07-05,MSH,MAHESANA JN,19.0,866
12958,2026-07-05,SBIB,SABARMATI BG,-18.0,929
12958,2026-07-06,NDLS,NEW DELHI,1.0,0
12958,2026-07-06,DEC,DELHI CANTT,5.0,16
12958,2026-07-06,GGN,GURGAON,7.0,32
12958,2026-07-06,JP,JAIPUR,7.0,309
12958,2026-07-06,AII,AJMER JN,7.0,443
12958,2026-07-06,FA,FALNA,7.0,650
12958,2026-07-06,ABR,ABU ROAD,4.0,748
12958,2026-07-06,PNU,PALANPUR JN,0.0,801
12958,2026-07-06,MSH,MAHESANA JN,0.0,866
12958,2026-07-06,SBIB,SABARMATI BG,-39.0,929
12958,2026-07-07,NDLS,NEW DELHI,1.0,0
12958,2026-07-07,DEC,DELHI CANTT,2.0,16
12958,2026-07-07,GGN,GURGAON,2.0,32
12958,2026-07-07,JP,JAIPUR,5.0,309
12958,2026-07-07,AII,AJMER JN,9.0,443
12958,2026-07-07,FA,FALNA,1.0,650
12958,2026-07-07,ABR,ABU ROAD,1.0,748
12958,2026-07-07,PNU,PALANPUR JN,0.0,801
12958,2026-07-07,MSH,MAHESANA JN,2.0,866
12958,2026-07-07,SBIB,SABARMATI BG,-39.0,929
12958,2026-07-08,NDLS,NEW DELHI,0.0,0
12958,2026-07-08,DEC,DELHI CANTT,2.0,16
12958,2026-07-08,GGN,GURGAON,5.0,32
12958,2026-07-08,JP,JAIPUR,9.0,309
12958,2026-07-08,AII,AJMER JN,8.0,443
12958,2026-07-08,FA,FALNA,9.0,650
12958,2026-07-08,ABR,ABU ROAD,7.0,748
12958,2026-07-08,PNU,PALANPUR JN,0.0,801
12958,2026-07-08,MSH,MAHESANA JN,1.0,866
12958,2026-07-08,SBIB,SABARMATI BG,-32.0,929
12958,2026-07-09,NDLS,NEW DELHI,1.0,0
12958,2026-07-09,DEC,DELHI CANTT,0.0,16
12958,2026-07-09,GGN,GURGAON,4.0,32
12958,2026-07-09,JP,JAIPUR,8.0,309
12958,2026-07-09,AII,AJMER JN,2.0,443
12958,2026-07-09,FA,FALNA,3.0,650
12958,2026-07-09,ABR,ABU ROAD,3.0,748
12958,2026-07-09,PNU,PALANPUR JN,1.0,801
12958,2026-07-09,MSH,MAHESANA JN,1.0,866
12958,2026-07-09,SBIB,SABARMATI BG,-38.0,929
12958,2026-07-10,NDLS,NEW DELHI,1.0,0
12958,2026-07-10,DEC,DELHI CANTT,2.0,16
12958,2026-07-10,GGN,GURGAON,4.0,32
12958,2026-07-10,JP,JAIPUR,24.0,309
12958,2026-07-10,AII,AJMER JN,26.0,443
12958,2026-07-10,FA,FALNA,16.0,650
12958,2026-07-10,ABR,ABU ROAD,19.0,748
12958,2026-07-10,PNU,PALANPUR JN,6.0,801
12958,2026-07-10,MSH,MAHESANA JN,3.0,866
12958,2026-07-10,SBIB,SABARMATI BG,-24.0,929
12958,2026-07-11,NDLS,NEW DELHI,1.0,0
12958,2026-07-11,DEC,DELHI CANTT,0.0,16
12958,2026-07-11,GGN,GURGAON,3.0,32
12958,2026-07-11,JP,JAIPUR,21.0,309
12958,2026-07-11,AII,AJMER JN,26.0,443
12958,2026-07-11,FA,FALNA,23.0,650
12958,2026-07-11,ABR,ABU ROAD,24.0,748
12958,2026-07-11,PNU,PALANPUR JN,11.0,801
12958,2026-07-11,MSH,MAHESANA JN,9.0,866
12958,2026-07-11,SBIB,SABARMATI BG,-33.0,929
12958,2026-07-12,NDLS,NEW DELHI,1.0,0
12958,2026-07-12,DEC,DELHI CANTT,8.0,16
12958,2026-07-12,GGN,GURGAON,10.0,32
12958,2026-07-12,JP,JAIPUR,22.0,309
12958,2026-07-12,AII,AJMER JN,23.0,443
12958,2026-07-12,FA,FALNA,20.0,650
12958,2026-07-12,ABR,ABU ROAD,19.0,748
12958,2026-07-12,PNU,PALANPUR JN,7.0,801
12958,2026-07-12,MSH,MAHESANA JN,4.0,866
12958,2026-07-12,SBIB,SABARMATI BG,-24.0,929
12958,2026-07-13,NDLS,NEW DELHI,1.0,0
12958,2026-07-13,DEC,DELHI CANTT,0.0,16
12958,2026-07-13,GGN,GURGAON,1.0,32
12958,2026-07-13,JP,JAIPUR,15.0,309
12958,2026-07-13,AII,AJMER JN,12.0,443
12958,2026-07-13,FA,FALNA,14.0,650
12958,2026-07-13,ABR,ABU ROAD,13.0,748
12958,2026-07-13,PNU,PALANPUR JN,2.0,801
12958,2026-07-13,MSH,MAHESANA JN,2.0,866
12958,2026-07-13,SBIB,SABARMATI BG,-32.0,929
12958,2026-07-14,NDLS,NEW DELHI,4.0,0
12958,2026-07-14,DEC,DELHI CANTT,6.0,16
12958,2026-07-14,GGN,GURGAON,7.0,32
12958,2026-07-14,JP,JAIPUR,10.0,309
12958,2026-07-14,AII,AJMER JN,10.0,443
12958,2026-07-14,FA,FALNA,11.0,650
12958,2026-07-14,ABR,ABU ROAD,13.0,748
12958,2026-07-14,PNU,PALANPUR JN,4.0,801
12958,2026-07-14,MSH,MAHESANA JN,3.0,866
12958,2026-07-14,SBIB,SABARMATI BG,-34.0,929
12958,2026-07-15,NDLS,NEW DELHI,2.0,0
12958,2026-07-15,DEC,DELHI CANTT,1.0,16
12958,2026-07-15,GGN,GURGAON,5.0,32
12958,2026-07-15,JP,JAIPUR,9.0,309
12958,2026-07-15,AII,AJMER JN,8.0,443
12958,2026-07-15,FA,FALNA,7.0,650
12958,2026-07-15,ABR,ABU ROAD,30.0,748
12958,2026-07-15,PNU,PALANPUR JN,18.0,801
12958,2026-07-15,MSH,MAHESANA JN,20.0,866
12958,2026-07-15,SBIB,SABARMATI BG,-20.0,929
12958,2026-07-16,NDLS,NEW DELHI,0.0,0
12958,2026-07-16,DEC,DELHI CANTT,0.0,16
12958,2026-07-16,GGN,GURGAON,1.0,32
12958,2026-07-16,JP,JAIPUR,19.0,309
12958,2026-07-16,AII,AJMER JN,12.0,443
12958,2026-07-16,FA,FALNA,14.0,650
12958,2026-07-16,ABR,ABU ROAD,15.0,748
12958,2026-07-16,PNU,PALANPUR JN,4.0,801
12958,2026-07-16,MSH,MAHESANA JN,18.0,866
12958,2026-07-16,SBIB,SABARMATI BG,-22.0,929
12958,2026-07-17,NDLS,NEW DELHI,2.0,0
12958,2026-07-17,DEC,DELHI CANTT,4.0,16
12958,2026-07-17,GGN,GURGAON,6.0,32
12958,2026-07-17,JP,JAIPUR,8.0,309
12958,2026-07-17,AII,AJMER JN,10.0,443
12958,2026-07-17,FA,FALNA,10.0,650
12958,2026-07-17,ABR,ABU ROAD,12.0,748
12958,2026-07-17,PNU,PALANPUR JN,2.0,801
12958,2026-07-17,MSH,MAHESANA JN,6.0,866
12958,2026-07-17,SBIB,SABARMATI BG,-21.0,929
12958,2026-07-18,NDLS,NEW DELHI,0.0,0
12958,2026-07-18,DEC,DELHI CANTT,0.0,16
12958,2026-07-18,GGN,GURGAON,1.0,32
12958,2026-07-18,JP,JAIPUR,8.0,309
12958,2026-07-18,AII,AJMER JN,7.0,443
12958,2026-07-18,FA,FALNA,4.0,650
12958,2026-07-18,ABR,ABU ROAD,5.0,748
12958,2026-07-18,PNU,PALANPUR JN,0.0,801
12958,2026-07-18,MSH,MAHESANA JN,0.0,866
12958,2026-07-18,SBIB,SABARMATI BG,-22.0,929
12958,2026-07-19,NDLS,NEW DELHI,1.0,0
12958,2026-07-19,DEC,DELHI CANTT,4.0,16
12958,2026-07-19,GGN,GURGAON,7.0,32
12958,2026-07-19,JP,JAIPUR,11.0,309
12958,2026-07-19,AII,AJMER JN,11.0,443
12958,2026-07-19,FA,FALNA,6.0,650
12958,2026-07-19,ABR,ABU ROAD,5.0,748
12958,2026-07-19,PNU,PALANPUR JN,0.0,801
12958,2026-07-19,MSH,MAHESANA JN,1.0,866
12958,2026-07-19,SBIB,SABARMATI BG,-39.0,929
12958,2026-07-20,NDLS,NEW DELHI,0.0,0
12958,2026-07-20,DEC,DELHI CANTT,1.0,16
12958,2026-07-20,GGN,GURGAON,4.0,32
12958,2026-07-20,JP,JAIPUR,15.0,309
12958,2026-07-20,AII,AJMER JN,10.0,443
12958,2026-07-20,FA,FALNA,17.0,650
12958,2026-07-20,ABR,ABU ROAD,17.0,748
12958,2026-07-20,PNU,PALANPUR JN,8.0,801
12958,2026-07-20,MSH,MAHESANA JN,9.0,866
12958,2026-07-20,SBIB,SABARMATI BG,-32.0,929
12958,2026-07-21,NDLS,NEW DELHI,1.0,0
12958,2026-07-21,DEC,DELHI CANTT,2.0,16
12958,2026-07-21,GGN,GURGAON,5.0,32
12958,2026-07-21,JP,JAIPUR,5.0,309
12958,2026-07-21,AII,AJMER JN,8.0,443
12958,2026-07-21,FA,FALNA,18.0,650
12958,2026-07-21,ABR,ABU ROAD,19.0,748
12958,2026-07-21,PNU,PALANPUR JN,8.0,801
12958,2026-07-21,MSH,MAHESANA JN,11.0,866
12958,2026-07-21,SBIB,SABARMATI BG,-27.0,929
12958,2026-07-22,NDLS,NEW DELHI,0.0,0
12958,2026-07-22,DEC,DELHI CANTT,0.0,16
12958,2026-07-22,GGN,GURGAON,0.0,32
12958,2026-07-22,JP,JAIPUR,2.0,309
12958,2026-07-22,AII,AJMER JN,16.0,443
12958,2026-07-22,FA,FALNA,20.0,650
12958,2026-07-22,ABR,ABU ROAD,19.0,748
12958,2026-07-22,PNU,PALANPUR JN,7.0,801
12958,2026-07-22,MSH,MAHESANA JN,10.0,866
12958,2026-07-22,SBIB,SABARMATI BG,-29.0,929
12958,2026-07-23,NDLS,NEW DELHI,0.0,0
12958,2026-07-23,DEC,DELHI CANTT,2.0,16
12958,2026-07-23,GGN,GURGAON,3.0,32
12958,2026-07-23,JP,JAIPUR,13.0,309
12958,2026-07-23,AII,AJMER JN,11.0,443
12958,2026-07-23,FA,FALNA,6.0,650
12958,2026-07-23,ABR,ABU ROAD,6.0,748
12958,2026-07-23,PNU,PALANPUR JN,1.0,801
12958,2026-07-23,MSH,MAHESANA JN,1.0,866
12958,2026-07-23,SBIB,SABARMATI BG,-27.0,929
12958,2026-07-24,NDLS,NEW DELHI,0.0,0
12958,2026-07-24,DEC,DELHI CANTT,2.0,16
12958,2026-07-24,GGN,GURGAON,4.0,32
12958,2026-07-24,JP,JAIPUR,16.0,309
12958,2026-07-24,AII,AJMER JN,33.0,443
12958,2026-07-24,FA,FALNA,33.0,650
12958,2026-07-24,ABR,ABU ROAD,31.0,748
12958,2026-07-24,PNU,PALANPUR JN,20.0,801
12958,2026-07-24,MSH,MAHESANA JN,20.0,866
12958,2026-07-24,SBIB,SABARMATI BG,-4.0,929
12958,2026-07-25,NDLS,NEW DELHI,1.0,0
12958,2026-07-25,DEC,DELHI CANTT,1.0,16
12958,2026-07-25,GGN,GURGAON,2.0,32
12958,2026-07-25,JP,JAIPUR,6.0,309
12958,2026-07-25,AII,AJMER JN,6.0,443
12958,2026-07-25,FA,FALNA,9.0,650
12958,2026-07-25,ABR,ABU ROAD,6.0,748
12958,2026-07-25,PNU,PALANPUR JN,0.0,801
12958,2026-07-25,MSH,MAHESANA JN,1.0,866
12958,2026-07-25,SBIB,SABARMATI BG,-40.0,929
12958,2026-07-26,NDLS,NEW DELHI,0.0,0
12958,2026-07-26,DEC,DELHI CANTT,7.0,16
12958,2026-07-26,GGN,GURGAON,9.0,32
12958,2026-07-26,JP,JAIPUR,24.0,309
12958,2026-07-26,AII,AJMER JN,22.0,443
12958,2026-07-26,FA,FALNA,27.0,650
12958,2026-07-26,ABR,ABU ROAD,27.0,748
12958,2026-07-26,PNU,PALANPUR JN,19.0,801
12958,2026-07-26,MSH,MAHESANA JN,24.0,866
12958,2026-07-26,SBIB,SABARMATI BG,-15.0,929
12958,2026-07-27,NDLS,NEW DELHI,0.0,0
12958,2026-07-27,DEC,DELHI CANTT,8.0,16
12958,2026-07-27,GGN,GURGAON,15.0,32
12958,2026-07-27,JP,JAIPUR,24.0,309
12958,2026-07-27,AII,AJMER JN,22.0,443
12958,2026-07-27,FA,FALNA,22.0,650
12958,2026-07-27,ABR,ABU ROAD,23.0,748
12958,2026-07-27,PNU,PALANPUR JN,14.0,801
12958,2026-07-27,MSH,MAHESANA JN,15.0,866
12958,2026-07-27,SBIB,SABARMATI BG,-25.0,929
12958,2026-07-28,NDLS,NEW DELHI,0.0,0
12958,2026-07-28,DEC,DELHI CANTT,2.0,16
12958,2026-07-28,GGN,GURGAON,4.0,32
12958,2026-07-28,JP,JAIPUR,17.0,309
12958,2026-07-28,AII,AJMER JN,16.0,443
12958,2026-07-28,FA,FALNA,16.0,650
12958,2026-07-28,ABR,ABU ROAD,12.0,748
12958,2026-07-28,PNU,PALANPUR JN,1.0,801
12958,2026-07-28,MSH,MAHESANA JN,1.0,866
12958,2026-07-28,SBIB,SABARMATI BG,-25.0,929
12958,2026-07-29,NDLS,NEW DELHI,0.0,0
12958,2026-07-29,DEC,DELHI CANTT,0.0,16
12958,2026-07-29,GGN,GURGAON,1.0,32
12958,2026-07-29,JP,JAIPUR,11.0,309
12958,2026-07-29,AII,AJMER JN,7.0,443
12958,2026-07-29,FA,FALNA,5.0,650
12958,2026-07-29,ABR,ABU ROAD,3.0,748
12958,2026-07-29,PNU,PALANPUR JN,1.0,801
12958,2026-07-29,MSH,MAHESANA JN,1.0,866
12958,2026-07-29,SBIB,SABARMATI BG,-40.0,929
12958,2026-07-30,NDLS,NEW DELHI,0.0,0
12958,2026-07-30,DEC,DELHI CANTT,0.0,16
12958,2026-07-30,GGN,GURGAON,1.0,32
12958,2026-07-30,JP,JAIPUR,9.0,309
12958,2026-07-30,AII,AJMER JN,8.0,443
12958,2026-07-30,FA,FALNA,3.0,650
12958,2026-07-30,ABR,ABU ROAD,0.0,748
12958,2026-07-30,PNU,PALANPUR JN,0.0,801
12958,2026-07-30,MSH,MAHESANA JN,7.0,866
12958,2026-07-30,SBIB,SABARMATI BG,-33.0,929
12958,2026-07-31,NDLS,NEW DELHI,1.0,0
12958,2026-07-31,DEC,DELHI CANTT,2.0,16
12958,2026-07-31,GGN,GURGAON,4.0,32
12958,2026-07-31,JP,JAIPUR,15.0,309
12958,2026-07-31,AII,AJMER JN,14.0,443
12958,2026-07-31,FA,FALNA,13.0,650
12958,2026-07-31,ABR,ABU ROAD,11.0,748
12958,2026-07-31,PNU,PALANPUR JN,2.0,801
12958,2026-07-31,MSH,MAHESANA JN,2.0,866
12958,2026-07-31,SBIB,SABARMATI BG,-27.0,929
12958,2026-08-01,NDLS,NEW DELHI,0.0,0
12958,2026-08-01,DEC,DELHI CANTT,2.0,16
12958,2026-08-01,GGN,GURGAON,3.0,32
12958,2026-08-01,JP,JAIPUR,13.0,309
12958,2026-08-01,AII,AJMER JN,10.0,443
12958,2026-08-01,FA,FALNA,10.0,650
12958,2026-08-01,ABR,ABU ROAD,7.0,748
12958,2026-08-01,PNU,PALANPUR JN,0.0,801
12958,2026-08-01,MSH,MAHESANA JN,2.0,866
12958,2026-08-01,SBIB,SABARMATI BG,-37.0,929
12958,2026-08-02,NDLS,NEW DELHI,1.0,0
12958,2026-08-02,DEC,DELHI CANTT,3.0,16
12958,2026-08-02,GGN,GURGAON,5.0,32
12958,2026-08-02,JP,JAIPUR,8.0,309
12958,2026-08-02,AII,AJMER JN,6.0,443
12958,2026-08-02,FA,FALNA,10.0,650
12958,2026-08-02,ABR,ABU ROAD,5.0,748
12958,2026-08-02,PNU,PALANPUR JN,0.0,801
12958,2026-08-02,MSH,MAHESANA JN,3.0,866
12958,2026-08-02,SBIB,SABARMATI BG,-36.0,929
12958,2026-08-03,NDLS,NEW DELHI,0.0,0
12958,2026-08-03,DEC,DELHI CANTT,0.0,16
12958,2026-08-03,GGN,GURGAON,2.0,32
12958,2026-08-03,JP,JAIPUR,10.0,309
12958,2026-08-03,AII,AJMER JN,6.0,443
12958,2026-08-03,FA,FALNA,6.0,650
12958,2026-08-03,ABR,ABU ROAD,2.0,748
12958,2026-08-03,PNU,PALANPUR JN,0.0,801
12958,2026-08-03,MSH,MAHESANA JN,3.0,866
12958,2026-08-03,SBIB,SABARMATI BG,-37.0,929
12958,2026-08-04,NDLS,NEW DELHI,1.0,0
12958,2026-08-04,DEC,DELHI CANTT,1.0,16
12958,2026-08-04,GGN,GURGAON,1.0,32
12958,2026-08-04,JP,JAIPUR,13.0,309
12958,2026-08-04,AII,AJMER JN,14.0,443
12958,2026-08-04,FA,FALNA,31.0,650
12958,2026-08-04,ABR,ABU ROAD,29.0,748
12958,2026-08-04,PNU,PALANPUR JN,16.0,801
12958,2026-08-04,MSH,MAHESANA JN,17.0,866
12958,2026-08-04,SBIB,SABARMATI BG,-22.0,929
12958,2026-08-05,NDLS,NEW DELHI,0.0,0
12958,2026-08-05,DEC,DELHI CANTT,1.0,16
12958,2026-08-05,GGN,GURGAON,3.0,32
12958,2026-08-05,JP,JAIPUR,19.0,309
12958,2026-08-05,AII,AJMER JN,16.0,443
12958,2026-08-05,FA,FALNA,24.0,650
12958,2026-08-05,ABR,ABU ROAD,22.0,748
12958,2026-08-05,PNU,PALANPUR JN,11.0,801
12958,2026-08-05,MSH,MAHESANA JN,12.0,866
12958,2026-08-05,SBIB,SABARMATI BG,-16.0,929
12958,2026-08-06,NDLS,NEW DELHI,1.0,0
12958,2026-08-06,DEC,DELHI CANTT,0.0,16
12958,2026-08-06,GGN,GURGAON,8.0,32
12958,2026-08-06,JP,JAIPUR,21.0,309
12958,2026-08-06,AII,AJMER JN,108.0,443
12958,2026-08-06,FA,FALNA,102.0,650
12958,2026-08-06,ABR,ABU ROAD,97.0,748
12958,2026-08-06,PNU,PALANPUR JN,81.0,801
12958,2026-08-06,MSH,MAHESANA JN,81.0,866
12958,2026-08-06,SBIB,SABARMATI BG,39.0,929
12958,2026-08-07,NDLS,NEW DELHI,0.0,0
12958,2026-08-07,DEC,DELHI CANTT,10.0,16
12958,2026-08-07,GGN,GURGAON,12.0,32
12958,2026-08-07,JP,JAIPUR,24.0,309
12958,2026-08-07,AII,AJMER JN,16.0,443
12958,2026-08-07,FA,FALNA,16.0,650
12958,2026-08-07,ABR,ABU ROAD,16.0,748
12958,2026-08-07,PNU,PALANPUR JN,3.0,801
12958,2026-08-07,MSH,MAHESANA JN,6.0,866
12958,2026-08-07,SBIB,SABARMATI BG,-28.0,929
12958,2026-08-08,NDLS,NEW DELHI,1.0,0
12958,2026-08-08,DEC,DELHI CANTT,0.0,16
12958,2026-08-08,GGN,GURGAON,2.0,32
12958,2026-08-08,JP,JAIPUR,6.0,309
12958,2026-08-08,AII,AJMER JN,6.0,443
12958,2026-08-08,FA,FALNA,4.0,650
12958,2026-08-08,ABR,ABU ROAD,2.0,748
12958,2026-08-08,PNU,PALANPUR JN,0.0,801
12958,2026-08-08,MSH,MAHESANA JN,0.0,866
12958,2026-08-08,SBIB,SABARMATI BG,-36.0,929
12958,2026-08-09,NDLS,NEW DELHI,1.0,0
12958,2026-08-09,DEC,DELHI CANTT,8.0,16
12958,2026-08-09,GGN,GURGAON,10.0,32
12958,2026-08-09,JP,JAIPUR,17.0,309
12958,2026-08-09,AII,AJMER JN,17.0,443
12958,2026-08-09,FA,FALNA,17.0,650
12958,2026-08-09,ABR,ABU ROAD,13.0,748
12958,2026-08-09,PNU,PALANPUR JN,3.0,801
12958,2026-08-09,MSH,MAHESANA JN,6.0,866
12958,2026-08-09,SBIB,SABARMATI BG,-28.0,929
12958,2026-08-10,NDLS,NEW DELHI,0.0,0
12958,2026-08-10,DEC,DELHI CANTT,3.0,16
12958,2026-08-10,GGN,GURGAON,5.0,32
12958,2026-08-10,JP,JAIPUR,6.0,309
12958,2026-08-10,AII,AJMER JN,15.0,443
12958,2026-08-10,FA,FALNA,13.0,650
12958,2026-08-10,ABR,ABU ROAD,9.0,748
12958,2026-08-10,PNU,PALANPUR JN,0.0,801
12958,2026-08-10,MSH,MAHESANA JN,3.0,866
12958,2026-08-10,SBIB,SABARMATI BG,-23.0,929
12958,2026-08-11,NDLS,NEW DELHI,0.0,0
12958,2026-08-11,DEC,DELHI CANTT,4.0,16
12958,2026-08-11,GGN,GURGAON,7.0,32
12958,2026-08-11,JP,JAIPUR,10.0,309
12958,2026-08-11,AII,AJMER JN,7.0,443
12958,2026-08-11,FA,FALNA,15.0,650
12958,2026-08-11,ABR,ABU ROAD,13.0,748
12958,2026-08-11,PNU,PALANPUR JN,4.0,801
12958,2026-08-11,MSH,MAHESANA JN,8.0,866
12958,2026-08-11,SBIB,SABARMATI BG,-17.0,929
12958,2026-08-12,NDLS,NEW DELHI,1.0,0
12958,2026-08-12,DEC,DELHI CANTT,1.0,16
12958,2026-08-12,GGN,GURGAON,3.0,32
12958,2026-08-12,JP,JAIPUR,3.0,309
12958,2026-08-12,AII,AJMER JN,4.0,443
12958,2026-08-12,FA,FALNA,4.0,650
12958,2026-08-12,ABR,ABU ROAD,0.0,748
12958,2026-08-12,PNU,PALANPUR JN,0.0,801
12958,2026-08-12,MSH,MAHESANA JN,1.0,866
12958,2026-08-12,SBIB,SABARMATI BG,-37.0,929
12958,2026-08-13,NDLS,NEW DELHI,1.0,0
12958,2026-08-13,DEC,DELHI CANTT,2.0,16
12958,2026-08-13,GGN,GURGAON,4.0,32
12958,2026-08-13,JP,JAIPUR,16.0,309
12958,2026-08-13,AII,AJMER JN,14.0,443
12958,2026-08-13,FA,FALNA,16.0,650
12958,2026-08-13,ABR,ABU ROAD,13.0,748
12958,2026-08-13,PNU,PALANPUR JN,4.0,801
12958,2026-08-13,MSH,MAHESANA JN,10.0,866
12958,2026-08-13,SBIB,SABARMATI BG,-13.0,929
12958,2026-08-14,NDLS,NEW DELHI,2.0,0
12958,2026-08-14,DEC,DELHI CANTT,5.0,16
12958,2026-08-14,GGN,GURGAON,12.0,32
12958,2026-08-14,JP,JAIPUR,17.0,309
12958,2026-08-14,AII,AJMER JN,14.0,443
12958,2026-08-14,FA,FALNA,23.0,650
12958,2026-08-14,ABR,ABU ROAD,20.0,748
12958,2026-08-14,PNU,PALANPUR JN,2.0,801
12958,2026-08-14,MSH,MAHESANA JN,0.0,866
12958,2026-08-14,SBIB,SABARMATI BG,-18.0,929
12958,2026-08-15,NDLS,NEW DELHI,0.0,0
12958,2026-08-15,DEC,DELHI CANTT,0.0,16
12958,2026-08-15,GGN,GURGAON,1.0,32
12958,2026-08-15,JP,JAIPUR,22.0,309
12958,2026-08-15,AII,AJMER JN,17.0,443
12958,2026-08-15,FA,FALNA,15.0,650
12958,2026-08-15,ABR,ABU ROAD,12.0,748
12958,2026-08-15,PNU,PALANPUR JN,2.0,801
12958,2026-08-15,MSH,MAHESANA JN,1.0,866
12958,2026-08-15,SBIB,SABARMATI BG,-36.0,929
12958,2026-08-16,NDLS,NEW DELHI,0.0,0
12958,2026-08-16,DEC,DELHI CANTT,6.0,16
12958,2026-08-16,GGN,GURGAON,8.0,32
12958,2026-08-16,JP,JAIPUR,15.0,309
12958,2026-08-16,AII,AJMER JN,11.0,443
12958,2026-08-16,FA,FALNA,10.0,650
12958,2026-08-16,ABR,ABU ROAD,7.0,748
12958,2026-08-16,PNU,PALANPUR JN,1.0,801
12958,2026-08-16,MSH,MAHESANA JN,0.0,866
12958,2026-08-16,SBIB,SABARMATI BG,-25.0,929
12958,2026-08-17,NDLS,NEW DELHI,2.0,0
12958,2026-08-17,DEC,DELHI CANTT,8.0,16
12958,2026-08-17,GGN,GURGAON,9.0,32
12958,2026-08-17,JP,JAIPUR,11.0,309
12958,2026-08-17,AII,AJMER JN,6.0,443
12958,2026-08-17,FA,FALNA,5.0,650
12958,2026-08-17,ABR,ABU ROAD,1.0,748
12958,2026-08-17,PNU,PALANPUR JN,0.0,801
12958,2026-08-17,MSH,MAHESANA JN,0.0,866
12958,2026-08-17,SBIB,SABARMATI BG,-33.0,929
12958,2026-08-18,NDLS,NEW DELHI,1.0,0
12958,2026-08-18,DEC,DELHI CANTT,1.0,16
12958,2026-08-18,GGN,GURGAON,2.0,32
12958,2026-08-18,JP,JAIPUR,3.0,309
12958,2026-08-18,AII,AJMER JN,16.0,443
12958,2026-08-18,FA,FALNA,12.0,650
12958,2026-08-18,ABR,ABU ROAD,9.0,748
12958,2026-08-18,PNU,PALANPUR JN,0.0,801
12958,2026-08-18,MSH,MAHESANA JN,1.0,866
12958,2026-08-18,SBIB,SABARMATI BG,-33.0,929
12958,2026-08-19,NDLS,NEW DELHI,0.0,0
12958,2026-08-19,DEC,DELHI CANTT,2.0,16
12958,2026-08-19,GGN,GURGAON,6.0,32
12958,2026-08-19,JP,JAIPUR,23.0,309
12958,2026-08-19,AII,AJMER JN,16.0,443
12958,2026-08-19,FA,FALNA,9.0,650
12958,2026-08-19,ABR,ABU ROAD,5.0,748
12958,2026-08-19,PNU,PALANPUR JN,0.0,801
12958,2026-08-19,MSH,MAHESANA JN,0.0,866
12958,2026-08-19,SBIB,SABARMATI BG,-35.0,929
12958,2026-08-20,NDLS,NEW DELHI,0.0,0
12958,2026-08-20,DEC,DELHI CANTT,1.0,16
12958,2026-08-20,GGN,GURGAON,4.0,32
12958,2026-08-20,JP,JAIPUR,11.0,309
12958,2026-08-20,AII,AJMER JN,15.0,443
12958,2026-08-20,FA,FALNA,20.0,650
12958,2026-08-20,ABR,ABU ROAD,16.0,748
12958,2026-08-20,PNU,PALANPUR JN,7.0,801
12958,2026-08-20,MSH,MAHESANA JN,15.0,866
12958,2026-08-20,SBIB,SABARMATI BG,-6.0,929
12958,2026-08-21,NDLS,NEW DELHI,67.0,0
12958,2026-08-21,DEC,DELHI CANTT,91.0,16
12958,2026-08-21,GGN,GURGAON,92.0,32
12958,2026-08-21,JP,JAIPUR,101.0,309
12958,2026-08-21,AII,AJMER JN,98.0,443
12958,2026-08-21,FA,FALNA,106.0,650
12958,2026-08-21,ABR,ABU ROAD,101.0,748
12958,2026-08-21,PNU,PALANPUR JN,89.0,801
12958,2026-08-21,MSH,MAHESANA JN,89.0,866
12958,2026-08-21,SBIB,SABARMATI BG,55.0,929
12958,2026-08-22,NDLS,NEW DELHI,1.0,0
12958,2026-08-22,DEC,DELHI CANTT,3.0,16
12958,2026-08-22,GGN,GURGAON,2.0,32
12958,2026-08-22,JP,JAIPUR,21.0,309
12958,2026-08-22,AII,AJMER JN,28.0,443
12958,2026-08-22,FA,FALNA,38.0,650
12958,2026-08-22,ABR,ABU ROAD,30.0,748
12958,2026-08-22,PNU,PALANPUR JN,17.0,801
12958,2026-08-22,MSH,MAHESANA JN,26.0,866
12958,2026-08-22,SBIB,SABARMATI BG,-9.0,929
12958,2026-08-23,NDLS,NEW DELHI,1.0,0
12958,2026-08-23,DEC,DELHI CANTT,9.0,16
12958,2026-08-23,GGN,GURGAON,11.0,32
12958,2026-08-23,JP,JAIPUR,15.0,309
12958,2026-08-23,AII,AJMER JN,12.0,443
12958,2026-08-23,FA,FALNA,19.0,650
12958,2026-08-23,ABR,ABU ROAD,15.0,748
12958,2026-08-23,PNU,PALANPUR JN,7.0,801
12958,2026-08-23,MSH,MAHESANA JN,10.0,866
12958,2026-08-23,SBIB,SABARMATI BG,-23.0,929
12958,2026-08-24,NDLS,NEW DELHI,0.0,0
12958,2026-08-24,DEC,DELHI CANTT,6.0,16
12958,2026-08-24,GGN,GURGAON,8.0,32
12958,2026-08-24,JP,JAIPUR,17.0,309
12958,2026-08-24,AII,AJMER JN,12.0,443
12958,2026-08-24,FA,FALNA,16.0,650
12958,2026-08-24,ABR,ABU ROAD,14.0,748
12958,2026-08-24,PNU,PALANPUR JN,7.0,801
12958,2026-08-24,MSH,MAHESANA JN,6.0,866
12958,2026-08-24,SBIB,SABARMATI BG,-17.0,929
12958,2026-08-25,NDLS,NEW DELHI,6.0,0
12958,2026-08-25,DEC,DELHI CANTT,4.0,16
12958,2026-08-25,GGN,GURGAON,12.0,32
12958,2026-08-25,JP,JAIPUR,14.0,309
12958,2026-08-25,AII,AJMER JN,13.0,443
12958,2026-08-25,FA,FALNA,7.0,650
12958,2026-08-25,ABR,ABU ROAD,4.0,748
12958,2026-08-25,PNU,PALANPUR JN,0.0,801
12958,2026-08-25,MSH,MAHESANA JN,1.0,866
12958,2026-08-25,SBIB,SABARMATI BG,-39.0,929
12958,2026-08-26,NDLS,NEW DELHI,0.0,0
12958,2026-08-26,DEC,DELHI CANTT,0.0,16
12958,2026-08-26,GGN,GURGAON,2.0,32
12958,2026-08-26,JP,JAIPUR,13.0,309
12958,2026-08-26,AII,AJMER JN,11.0,443
12958,2026-08-26,FA,FALNA,10.0,650
12958,2026-08-26,ABR,ABU ROAD,6.0,748
12958,2026-08-26,PNU,PALANPUR JN,0.0,801
12958,2026-08-26,MSH,MAHESANA JN,0.0,866
12958,2026-08-26,SBIB,SABARMATI BG,-35.0,929
12958,2026-08-27,NDLS,NEW DELHI,1.0,0
12958,2026-08-27,DEC,DELHI CANTT,0.0,16
12958,2026-08-27,GGN,GURGAON,19.0,32
12958,2026-08-27,JP,JAIPUR,15.0,309
12958,2026-08-27,AII,AJMER JN,19.0,443
12958,2026-08-27,FA,FALNA,15.0,650
12958,2026-08-27,ABR,ABU ROAD,11.0,748
12958,2026-08-27,PNU,PALANPUR JN,1.0,801
12958,2026-08-27,MSH,MAHESANA JN,7.0,866
12958,2026-08-27,SBIB,SABARMATI BG,-30.0,929
12958,2026-08-28,NDLS,NEW DELHI,0.0,0
12958,2026-08-28,DEC,DELHI CANTT,2.0,16
12958,2026-08-28,GGN,GURGAON,4.0,32
12958,2026-08-28,JP,JAIPUR,14.0,309
12958,2026-08-28,AII,AJMER JN,19.0,443
12958,2026-08-28,FA,FALNA,13.0,650
12958,2026-08-28,ABR,ABU ROAD,9.0,748
12958,2026-08-28,PNU,PALANPUR JN,0.0,801
12958,2026-08-28,MSH,MAHESANA JN,0.0,866
12958,2026-08-28,SBIB,SABARMATI BG,-32.0,929
12958,2026-08-29,NDLS,NEW DELHI,1.0,0
12958,2026-08-29,DEC,DELHI CANTT,0.0,16
12958,2026-08-29,GGN,GURGAON,21.0,32
12958,2026-08-29,JP,JAIPUR,22.0,309
12958,2026-08-29,AII,AJMER JN,12.0,443
12958,2026-08-29,FA,FALNA,10.0,650
12958,2026-08-29,ABR,ABU ROAD,7.0,748
12958,2026-08-29,PNU,PALANPUR JN,0.0,801
12958,2026-08-29,MSH,MAHESANA JN,4.0,866
12958,2026-08-29,SBIB,SABARMATI BG,-33.0,929
12958,2026-08-30,NDLS,NEW DELHI,0.0,0
12958,2026-08-30,DEC,DELHI CANTT,5.0,16
12958,2026-08-30,GGN,GURGAON,6.0,32
12958,2026-08-30,JP,JAIPUR,18.0,309
12958,2026-08-30,AII,AJMER JN,15.0,443
12958,2026-08-30,FA,FALNA,12.0,650
12958,2026-08-30,ABR,ABU ROAD,7.0,748
12958,2026-08-30,PNU,PALANPUR JN,0.0,801
12958,2026-08-30,MSH,MAHESANA JN,0.0,866
12958,2026-08-30,SBIB,SABARMATI BG,-38.0,929
12958,2026-08-31,NDLS,NEW DELHI,1.0,0
12958,2026-08-31,DEC,DELHI CANTT,0.0,16
12958,2026-08-31,GGN,GURGAON,2.0,32
12958,2026-08-31,JP,JAIPUR,11.0,309
12958,2026-08-31,AII,AJMER JN,5.0,443
12958,2026-08-31,FA,FALNA,2.0,650
12958,2026-08-31,ABR,ABU ROAD,2.0,748
12958,2026-08-31,PNU,PALANPUR JN,0.0,801
12958,2026-08-31,MSH,MAHESANA JN,1.0,866
12958,2026-08-31,SBIB,SABARMATI BG,-38.0,929
12958,2026-09-01,NDLS,NEW DELHI,0.0,0
12958,2026-09-01,DEC,DELHI CANTT,1.0,16
12958,2026-09-01,GGN,GURGAON,2.0,32
12958,2026-09-01,JP,JAIPUR,14.0,309
12958,2026-09-01,AII,AJMER JN,10.0,443
12958,2026-09-01,FA,FALNA,9.0,650
12958,2026-09-01,ABR,ABU ROAD,7.0,748
12958,2026-09-01,PNU,PALANPUR JN,0.0,801
12958,2026-09-01,MSH,MAHESANA JN,1.0,866
12958,2026-09-01,SBIB,SABARMATI BG,-35.0,929
12958,2026-09-02,NDLS,NEW DELHI,0.0,0
12958,2026-09-02,DEC,DELHI CANTT,1.0,16
12958,2026-09-02,GGN,GURGAON,3.0,32
12958,2026-09-02,JP,JAIPUR,22.0,309
12958,2026-09-02,AII,AJMER JN,12.0,443
12958,2026-09-02,FA,FALNA,6.0,650
12958,2026-09-02,ABR,ABU ROAD,2.0,748
12958,2026-09-02,PNU,PALANPUR JN,0.0,801
12958,2026-09-02,MSH,MAHESANA JN,0.0,866
12958,2026-09-02,SBIB,SABARMATI BG,-39.0,929
12958,2026-09-03,NDLS,NEW DELHI,0.0,0
12958,2026-09-03,DEC,DELHI CANTT,2.0,16
12958,2026-09-03,GGN,GURGAON,3.0,32
12958,2026-09-03,JP,JAIPUR,18.0,309
12958,2026-09-03,AII,AJMER JN,17.0,443
12958,2026-09-03,FA,FALNA,17.0,650
12958,2026-09-03,ABR,ABU ROAD,13.0,748
12958,2026-09-03,PNU,PALANPUR JN,2.0,801
12958,2026-09-03,MSH,MAHESANA JN,0.0,866
12958,2026-09-03,SBIB,SABARMATI BG,-34.0,929
12958,2026-09-04,NDLS,NEW DELHI,3.0,0
12958,2026-09-04,DEC,DELHI CANTT,5.0,16
12958,2026-09-04,GGN,GURGAON,6.0,32
12958,2026-09-04,JP,JAIPUR,17.0,309
12958,2026-09-04,AII,AJMER JN,34.0,443
12958,2026-09-04,FA,FALNA,31.0,650
12958,2026-09-04,ABR,ABU ROAD,28.0,748
12958,2026-09-04,PNU,PALANPUR JN,28.0,801
12958,2026-09-04,MSH,MAHESANA JN,24.0,866
12958,2026-09-04,SBIB,SABARMATI BG,-7.0,929
