train_no,date,station_code,station_name,delay,distance
14310,2025-09-09,YNRK,YOGNAGARI RISHIKESH,6.0,0
14310,2025-09-09,RWL,RAIWALA,,11
14310,2025-09-09,MOTC,MOTICHUR,,18
14310,2025-09-09,HW,HARIDWAR JN,0.0,23
14310,2025-09-09,JWP,JWALAPUR,,27
14310,2025-09-09,RK,ROORKEE,2.0,68
14310,2025-09-09,SRE,SAHARANPUR,0.0,103
14310,2025-09-09,DBD,DEOBAND,0.0,137
14310,2025-09-09,MOZ,MUZAFFARNAGAR,0.0,161
14310,2025-09-09,MTC,MEERUT CITY,5.0,217
14310,2025-09-09,GZB,GHAZIABAD,1.0,264
14310,2025-09-09,NZM,H NIZAMUDDIN,0.0,287
14310,2025-09-09,FDB,FARIDABAD,6.0,308
14310,2025-09-09,KSV,KOSI KALAN,2.0,379
14310,2025-09-09,MTJ,MATHURA JN,13.0,420
14310,2025-09-09,RKM,RAJA KI MANDI,24.0,470
14310,2025-09-09,AGC,AGRA CANTT,18.0,474
14310,2025-09-09,DHO,DHAULPUR,5.0,526
14310,2025-09-09,MRA,MORENA,0.0,554
14310,2025-09-09,BAO,BANMOR,2.0,573
14310,2025-09-09,GWL,GWALIOR,1.0,592
14310,2025-09-09,SVPI,SHIVPURI,44.0,718
14310,2025-09-09,KLRS,KOLARAS,,744
14310,2025-09-09,GUNA,GUNA,27.0,820
14310,2025-09-09,RTA,RUTHIYAI,27.0,840
14310,2025-09-09,KHRJ,KUMBHRAJ,26.0,864
14310,2025-09-09,BRRG,BIYAVRA RAJGARH,42.0,917
14310,2025-09-09,PFR,PACHOR ROAD,44.0,947
14310,2025-09-09,SFW,SARANGPUR,,979
14310,2025-09-09,SFY,SHAJAPUR,86.0,1006
14310,2025-09-09,MKC,MAKSI,0.0,1034
14310,2025-09-09,UJN,UJJAIN JN,1.0,1075
14310,2025-09-09,DWX,DEWAS,0.0,1115
14310,2025-09-09,LMNR,LAKSHMIBAI NGR,-47.0,1151
14310,2025-09-10,YNRK,YOGNAGARI RISHIKESH,0.0,0
14310,2025-09-10,RWL,RAIWALA,,11
14310,2025-09-10,MOTC,MOTICHUR,,18
14310,2025-09-10,HW,HARIDWAR JN,9.0,23
14310,2025-09-10,JWP,JWALAPUR,,27
14310,2025-09-10,RK,ROORKEE,5.0,68
14310,2025-09-10,SRE,SAHARANPUR,0.0,103
14310,2025-09-10,DBD,DEOBAND,1.0,137
14310,2025-09-10,MOZ,MUZAFFARNAGAR,2.0,161
14310,2025-09-10,MTC,MEERUT CITY,10.0,217
14310,2025-09-10,GZB,GHAZIABAD,16.0,264
14310,2025-09-10,NZM,H NIZAMUDDIN,5.0,287
14310,2025-09-10,FDB,FARIDABAD,10.0,308
14310,2025-09-10,KSV,KOSI KALAN,16.0,379
14310,2025-09-10,MTJ,MATHURA JN,31.0,420
14310,2025-09-10,RKM,RAJA KI MANDI,33.0,470
14310,2025-09-10,AGC,AGRA CANTT,27.0,474
14310,2025-09-10,DHO,DHAULPUR,16.0,526
14310,2025-09-10,MRA,MORENA,7.0,554
14310,2025-09-10,BAO,BANMOR,8.0,573
14310,2025-09-10,GWL,GWALIOR,4.0,592
14310,2025-09-10,SVPI,SHIVPURI,13.0,718
14310,2025-09-10,KLRS,KOLARAS,,744
14310,2025-09-10,GUNA,GUNA,0.0,820
14310,2025-09-10,RTA,RUTHIYAI,5.0,840
14310,2025-09-10,KHRJ,KUMBHRAJ,6.0,864
14310,2025-09-10,BRRG,BIYAVRA RAJGARH,0.0,917
14310,2025-09-10,PFR,PACHOR ROAD,21.0,947
14310,2025-09-10,SFW,SARANGPUR,,979
14310,2025-09-10,SFY,SHAJAPUR,73.0,1006
14310,2025-09-10,MKC,MAKSI,0.0,1034
14310,2025-09-10,UJN,UJJAIN JN,7.0,1075
14310,2025-09-10,DWX,DEWAS,1.0,1115
14310,2025-09-10,LMNR,LAKSHMIBAI NGR,-45.0,1151
14310,2025-09-16,YNRK,YOGNAGARI RISHIKESH,1.0,0
14310,2025-09-16,RWL,RAIWALA,,11
14310,2025-09-16,MOTC,MOTICHUR,,18
14310,2025-09-16,HW,HARIDWAR JN,0.0,23
14310,2025-09-16,JWP,JWALAPUR,,27
14310,2025-09-16,RK,ROORKEE,1.0,68
14310,2025-09-16,SRE,SAHARANPUR,0.0,103
14310,2025-09-16,DBD,DEOBAND,8.0,137
14310,2025-09-16,MOZ,MUZAFFARNAGAR,7.0,161
14310,2025-09-16,MTC,MEERUT CITY,14.0,217
14310,2025-09-16,GZB,GHAZIABAD,0.0,264
14310,2025-09-16,NZM,H NIZAMUDDIN,0.0,287
14310,2025-09-16,FDB,FARIDABAD,4.0,308
14310,2025-09-16,KSV,KOSI KALAN,23.0,379
14310,2025-09-16,MTJ,MATHURA JN,36.0,420
14310,2025-09-16,RKM,RAJA KI MANDI,33.0,470
14310,2025-09-16,AGC,AGRA CANTT,28.0,474
14310,2025-09-16,DHO,DHAULPUR,15.0,526
14310,2025-09-16,MRA,MORENA,7.0,554
14310,2025-09-16,BAO,BANMOR,11.0,573
14310,2025-09-16,GWL,GWALIOR,6.0,592
14310,2025-09-16,SVPI,SHIVPURI,13.0,718
14310,2025-09-16,KLRS,KOLARAS,,744
14310,2025-09-16,GUNA,GUNA,26.0,820
14310,2025-09-16,RTA,RUTHIYAI,26.0,840
14310,2025-09-16,KHRJ,KUMBHRAJ,27.0,864
14310,2025-09-16,BRRG,BIYAVRA RAJGARH,30.0,917
14310,2025-09-16,PFR,PACHOR ROAD,33.0,947
14310,2025-09-16,SFW,SARANGPUR,,979
14310,2025-09-16,SFY,SHAJAPUR,72.0,1006
14310,2025-09-16,MKC,MAKSI,0.0,1034
14310,2025-09-16,UJN,UJJAIN JN,9.0,1075
14310,2025-09-16,DWX,DEWAS,3.0,1115
14310,2025-09-16,LMNR,LAKSHMIBAI NGR,-44.0,1151
14310,2025-09-17,YNRK,YOGNAGARI RISHIKESH,1.0,0
14310,2025-09-17,RWL,RAIWALA,,11
14310,2025-09-17,MOTC,MOTICHUR,,18
14310,2025-09-17,HW,HARIDWAR JN,2.0,23
14310,2025-09-17,JWP,JWALAPUR,,27
14310,2025-09-17,RK,ROORKEE,2.0,68
14310,2025-09-17,SRE,SAHARANPUR,0.0,103
14310,2025-09-17,DBD,DEOBAND,1.0,137
14310,2025-09-17,MOZ,MUZAFFARNAGAR,1.0,161
14310,2025-09-17,MTC,MEERUT CITY,5.0,217
14310,2025-09-17,GZB,GHAZIABAD,16.0,264
14310,2025-09-17,NZM,H NIZAMUDDIN,8.0,287
14310,2025-09-17,FDB,FARIDABAD,30.0,308
14310,2025-09-17,KSV,KOSI KALAN,45.0,379
14310,2025-09-17,MTJ,MATHURA JN,54.0,420
14310,2025-09-17,RKM,RAJA KI MANDI,58.0,470
14310,2025-09-17,AGC,AGRA CANTT,50.0,474
14310,2025-09-17,DHO,DHAULPUR,40.0,526
14310,2025-09-17,MRA,MORENA,32.0,554
14310,2025-09-17,BAO,BANMOR,31.0,573
14310,2025-09-17,GWL,GWALIOR,21.0,592
14310,2025-09-17,SVPI,SHIVPURI,24.0,718
14310,2025-09-17,KLRS,KOLARAS,,744
14310,2025-09-17,GUNA,GUNA,21.0,820
14310,2025-09-17,RTA,RUTHIYAI,21.0,840
14310,2025-09-17,KHRJ,KUMBHRAJ,28.0,864
14310,2025-09-17,BRRG,BIYAVRA RAJGARH,22.0,917
14310,2025-09-17,PFR,PACHOR ROAD,25.0,947
14310,2025-09-17,SFW,SARANGPUR,,979
14310,2025-09-17,SFY,SHAJAPUR,78.0,1006
14310,2025-09-17,MKC,MAKSI,0.0,1034
14310,2025-09-17,UJN,UJJAIN JN,20.0,1075
14310,2025-09-17,DWX,DEWAS,40.0,1115
14310,2025-09-17,LMNR,LAKSHMIBAI NGR,5.0,1151
14310,2025-09-23,YNRK,YOGNAGARI RISHIKESH,1.0,0
14310,2025-09-23,RWL,RAIWALA,,11
14310,2025-09-23,MOTC,MOTICHUR,,18
14310,2025-09-23,HW,HARIDWAR JN,10.0,23
14310,2025-09-23,JWP,JWALAPUR,,27
14310,2025-09-23,RK,ROORKEE,9.0,68
14310,2025-09-23,SRE,SAHARANPUR,1.0,103
14310,2025-09-23,DBD,DEOBAND,2.0,137
14310,2025-09-23,MOZ,MUZAFFARNAGAR,2.0,161
14310,2025-09-23,MTC,MEERUT CITY,5.0,217
14310,2025-09-23,GZB,GHAZIABAD,11.0,264
14310,2025-09-23,NZM,H NIZAMUDDIN,0.0,287
14310,2025-09-23,FDB,FARIDABAD,4.0,308
14310,2025-09-23,KSV,KOSI KALAN,0.0,379
14310,2025-09-23,MTJ,MATHURA JN,20.0,420
14310,2025-09-23,RKM,RAJA KI MANDI,35.0,470
14310,2025-09-23,AGC,AGRA CANTT,35.0,474
14310,2025-09-23,DHO,DHAULPUR,18.0,526
14310,2025-09-23,MRA,MORENA,10.0,554
14310,2025-09-23,BAO,BANMOR,8.0,573
14310,2025-09-23,GWL,GWALIOR,1.0,592
14310,2025-09-23,SVPI,SHIVPURI,19.0,718
14310,2025-09-23,KLRS,KOLARAS,,744
14310,2025-09-23,GUNA,GUNA,26.0,820
14310,2025-09-23,RTA,RUTHIYAI,27.0,840
14310,2025-09-23,KHRJ,KUMBHRAJ,28.0,864
14310,2025-09-23,BRRG,BIYAVRA RAJGARH,29.0,917
14310,2025-09-23,PFR,PACHOR ROAD,34.0,947
14310,2025-09-23,SFW,SARANGPUR,,979
14310,2025-09-23,SFY,SHAJAPUR,72.0,1006
14310,2025-09-23,MKC,MAKSI,0.0,1034
14310,2025-09-23,UJN,UJJAIN JN,12.0,1075
14310,2025-09-23,DWX,DEWAS,7.0,1115
14310,2025-09-23,LMNR,LAKSHMIBAI NGR,-40.0,1151
14310,2025-09-24,YNRK,YOGNAGARI RISHIKESH,0.0,0
14310,2025-09-24,RWL,RAIWALA,,11
14310,2025-09-24,MOTC,MOTICHUR,,18
14310,2025-09-24,HW,HARIDWAR JN,0.0,23
14310,2025-09-24,JWP,JWALAPUR,,27
14310,2025-09-24,RK,ROORKEE,0.0,68
14310,2025-09-24,SRE,SAHARANPUR,0.0,103
14310,2025-09-24,DBD,DEOBAND,1.0,137
14310,2025-09-24,MOZ,MUZAFFARNAGAR,1.0,161
14310,2025-09-24,MTC,MEERUT CITY,9.0,217
14310,2025-09-24,GZB,GHAZIABAD,3.0,264
14310,2025-09-24,NZM,H NIZAMUDDIN,0.0,287
14310,2025-09-24,FDB,FARIDABAD,7.0,308
14310,2025-09-24,KSV,KOSI KALAN,0.0,379
14310,2025-09-24,MTJ,MATHURA JN,12.0,420
14310,2025-09-24,RKM,RAJA KI MANDI,25.0,470
14310,2025-09-24,AGC,AGRA CANTT,18.0,474
14310,2025-09-24,DHO,DHAULPUR,9.0,526
14310,2025-09-24,MRA,MORENA,6.0,554
14310,2025-09-24,BAO,BANMOR,5.0,573
14310,2025-09-24,GWL,GWALIOR,5.0,592
14310,2025-09-24,SVPI,SHIVPURI,51.0,718
14310,2025-09-24,KLRS,KOLARAS,,744
14310,2025-09-24,GUNA,GUNA,69.0,820
14310,2025-09-24,RTA,RUTHIYAI,77.0,840
14310,2025-09-24,KHRJ,KUMBHRAJ,79.0,864
14310,2025-09-24,BRRG,BIYAVRA RAJGARH,119.0,917
14310,2025-09-24,PFR,PACHOR ROAD,121.0,947
14310,2025-09-24,SFW,SARANGPUR,,979
14310,2025-09-24,SFY,SHAJAPUR,122.0,1006
14310,2025-09-24,MKC,MAKSI,11.0,1034
14310,2025-09-24,UJN,UJJAIN JN,16.0,1075
14310,2025-09-24,DWX,DEWAS,12.0,1115
14310,2025-09-24,LMNR,LAKSHMIBAI NGR,-35.0,1151
14310,2025-09-30,YNRK,YOGNAGARI RISHIKESH,0.0,0
14310,2025-09-30,RWL,RAIWALA,,11
14310,2025-09-30,MOTC,MOTICHUR,,18
14310,2025-09-30,HW,HARIDWAR JN,0.0,23
14310,2025-09-30,JWP,JWALAPUR,,27
14310,2025-09-30,RK,ROORKEE,0.0,68
14310,2025-09-30,SRE,SAHARANPUR,0.0,103
14310,2025-09-30,DBD,DEOBAND,1.0,137
14310,2025-09-30,MOZ,MUZAFFARNAGAR,2.0,161
14310,2025-09-30,MTC,MEERUT CITY,11.0,217
14310,2025-09-30,GZB,GHAZIABAD,8.0,264
14310,2025-09-30,NZM,H NIZAMUDDIN,3.0,287
14310,2025-09-30,FDB,FARIDABAD,17.0,308
14310,2025-09-30,KSV,KOSI KALAN,12.0,379
14310,2025-09-30,MTJ,MATHURA JN,24.0,420
14310,2025-09-30,RKM,RAJA KI MANDI,46.0,470
14310,2025-09-30,AGC,AGRA CANTT,39.0,474
14310,2025-09-30,DHO,DHAULPUR,25.0,526
14310,2025-09-30,MRA,MORENA,22.0,554
14310,2025-09-30,BAO,BANMOR,22.0,573
14310,2025-09-30,GWL,GWALIOR,14.0,592
14310,2025-09-30,SVPI,SHIVPURI,28.0,718
14310,2025-09-30,KLRS,KOLARAS,,744
14310,2025-09-30,GUNA,GUNA,64.0,820
14310,2025-09-30,RTA,RUTHIYAI,64.0,840
14310,2025-09-30,KHRJ,KUMBHRAJ,72.0,864
14310,2025-09-30,BRRG,BIYAVRA RAJGARH,76.0,917
14310,2025-09-30,PFR,PACHOR ROAD,78.0,947
14310,2025-09-30,SFW,SARANGPUR,,979
14310,2025-09-30,SFY,SHAJAPUR,97.0,1006
14310,2025-09-30,MKC,MAKSI,0.0,1034
14310,2025-09-30,UJN,UJJAIN JN,6.0,1075
14310,2025-09-30,DWX,DEWAS,1.0,1115
14310,2025-09-30,LMNR,LAKSHMIBAI NGR,-44.0,1151
14310,2025-10-01,YNRK,YOGNAGARI RISHIKESH,3.0,0
14310,2025-10-01,RWL,RAIWALA,,11
14310,2025-10-01,MOTC,MOTICHUR,,18
14310,2025-10-01,HW,HARIDWAR JN,0.0,23
14310,2025-10-01,JWP,JWALAPUR,,27
14310,2025-10-01,RK,ROORKEE,0.0,68
14310,2025-10-01,SRE,SAHARANPUR,0.0,103
14310,2025-10-01,DBD,DEOBAND,1.0,137
14310,2025-10-01,MOZ,MUZAFFARNAGAR,4.0,161
14310,2025-10-01,MTC,MEERUT CITY,11.0,217
14310,2025-10-01,GZB,GHAZIABAD,18.0,264
14310,2025-10-01,NZM,H NIZAMUDDIN,11.0,287
14310,2025-10-01,FDB,FARIDABAD,28.0,308
14310,2025-10-01,KSV,KOSI KALAN,32.0,379
14310,2025-10-01,MTJ,MATHURA JN,45.0,420
14310,2025-10-01,RKM,RAJA KI MANDI,43.0,470
14310,2025-10-01,AGC,AGRA CANTT,40.0,474
14310,2025-10-01,DHO,DHAULPUR,27.0,526
14310,2025-10-01,MRA,MORENA,21.0,554
14310,2025-10-01,BAO,BANMOR,19.0,573
14310,2025-10-01,GWL,GWALIOR,11.0,592
14310,2025-10-01,SVPI,SHIVPURI,27.0,718
14310,2025-10-01,KLRS,KOLARAS,,744
14310,2025-10-01,GUNA,GUNA,32.0,820
14310,2025-10-01,RTA,RUTHIYAI,33.0,840
14310,2025-10-01,KHRJ,KUMBHRAJ,33.0,864
14310,2025-10-01,BRRG,BIYAVRA RAJGARH,45.0,917
14310,2025-10-01,PFR,PACHOR ROAD,49.0,947
14310,2025-10-01,SFW,SARANGPUR,,979
14310,2025-10-01,SFY,SHAJAPUR,73.0,1006
14310,2025-10-01,MKC,MAKSI,1.0,1034
14310,2025-10-01,UJN,UJJAIN JN,17.0,1075
14310,2025-10-01,DWX,DEWAS,12.0,1115
14310,2025-10-01,LMNR,LAKSHMIBAI NGR,-35.0,1151
14310,2025-10-07,YNRK,YOGNAGARI RISHIKESH,0.0,0
14310,2025-10-07,RWL,RAIWALA,,11
14310,2025-10-07,MOTC,MOTICHUR,,18
14310,2025-10-07,HW,HARIDWAR JN,1.0,23
14310,2025-10-07,JWP,JWALAPUR,,27
14310,2025-10-07,RK,ROORKEE,0.0,68
14310,2025-10-07,SRE,SAHARANPUR,0.0,103
14310,2025-10-07,DBD,DEOBAND,4.0,137
14310,2025-10-07,MOZ,MUZAFFARNAGAR,5.0,161
14310,2025-10-07,MTC,MEERUT CITY,14.0,217
14310,2025-10-07,GZB,GHAZIABAD,5.0,264
14310,2025-10-07,NZM,H NIZAMUDDIN,2.0,287
14310,2025-10-07,FDB,FARIDABAD,6.0,308
14310,2025-10-07,KSV,KOSI KALAN,10.0,379
14310,2025-10-07,MTJ,MATHURA JN,16.0,420
14310,2025-10-07,RKM,RAJA KI MANDI,28.0,470
14310,2025-10-07,AGC,AGRA CANTT,21.0,474
14310,2025-10-07,DHO,DHAULPUR,5.0,526
14310,2025-10-07,MRA,MORENA,1.0,554
14310,2025-10-07,BAO,BANMOR,2.0,573
14310,2025-10-07,GWL,GWALIOR,1.0,592
14310,2025-10-07,SVPI,SHIVPURI,8.0,718
14310,2025-10-07,KLRS,KOLARAS,,744
14310,2025-10-07,GUNA,GUNA,20.0,820
14310,2025-10-07,RTA,RUTHIYAI,19.0,840
14310,2025-10-07,KHRJ,KUMBHRAJ,19.0,864
14310,2025-10-07,BRRG,BIYAVRA RAJGARH,17.0,917
14310,2025-10-07,PFR,PACHOR ROAD,25.0,947
14310,2025-10-07,SFW,SARANGPUR,,979
14310,2025-10-07,SFY,SHAJAPUR,69.0,1006
14310,2025-10-07,MKC,MAKSI,0.0,1034
14310,2025-10-07,UJN,UJJAIN JN,7.0,1075
14310,2025-10-07,DWX,DEWAS,15.0,1115
14310,2025-10-07,LMNR,LAKSHMIBAI NGR,-30.0,1151
14310,2025-10-08,YNRK,YOGNAGARI RISHIKESH,0.0,0
14310,2025-10-08,RWL,RAIWALA,,11
14310,2025-10-08,MOTC,MOTICHUR,,18
14310,2025-10-08,HW,HARIDWAR JN,0.0,23
14310,2025-10-08,JWP,JWALAPUR,,27
14310,2025-10-08,RK,ROORKEE,0.0,68
14310,2025-10-08,SRE,SAHARANPUR,0.0,103
14310,2025-10-08,DBD,DEOBAND,2.0,137
14310,2025-10-08,MOZ,MUZAFFARNAGAR,4.0,161
14310,2025-10-08,MTC,MEERUT CITY,15.0,217
14310,2025-10-08,GZB,GHAZIABAD,13.0,264
14310,2025-10-08,NZM,H NIZAMUDDIN,11.0,287
14310,2025-10-08,FDB,FARIDABAD,30.0,308
14310,2025-10-08,KSV,KOSI KALAN,32.0,379
14310,2025-10-08,MTJ,MATHURA JN,49.0,420
14310,2025-10-08,RKM,RAJA KI MANDI,48.0,470
14310,2025-10-08,AGC,AGRA CANTT,43.0,474
14310,2025-10-08,DHO,DHAULPUR,30.0,526
14310,2025-10-08,MRA,MORENA,47.0,554
14310,2025-10-08,BAO,BANMOR,49.0,573
14310,2025-10-08,GWL,GWALIOR,78.0,592
14310,2025-10-08,SVPI,SHIVPURI,96.0,718
14310,2025-10-08,KLRS,KOLARAS,,744
14310,2025-10-08,GUNA,GUNA,146.0,820
14310,2025-10-08,RTA,RUTHIYAI,147.0,840
14310,2025-10-08,KHRJ,KUMBHRAJ,148.0,864
14310,2025-10-08,BRRG,BIYAVRA RAJGARH,183.0,917
14310,2025-10-08,PFR,PACHOR ROAD,190.0,947
14310,2025-10-08,SFW,SARANGPUR,,979
14310,2025-10-08,SFY,SHAJAPUR,193.0,1006
14310,2025-10-08,MKC,MAKSI,86.0,1034
14310,2025-10-08,UJN,UJJAIN JN,99.0,1075
14310,2025-10-08,DWX,DEWAS,104.0,1115
14310,2025-10-08,LMNR,LAKSHMIBAI NGR,56.0,1151
14310,2025-10-14,YNRK,YOGNAGARI RISHIKESH,1.0,0
14310,2025-10-14,RWL,RAIWALA,,11
14310,2025-10-14,MOTC,MOTICHUR,,18
14310,2025-10-14,HW,HARIDWAR JN,1.0,23
14310,2025-10-14,JWP,JWALAPUR,,27
14310,2025-10-14,RK,ROORKEE,13.0,68
14310,2025-10-14,SRE,SAHARANPUR,2.0,103
14310,2025-10-14,DBD,DEOBAND,4.0,137
14310,2025-10-14,MOZ,MUZAFFARNAGAR,0.0,161
14310,2025-10-14,MTC,MEERUT CITY,0.0,217
14310,2025-10-14,GZB,GHAZIABAD,2.0,264
14310,2025-10-14,NZM,H NIZAMUDDIN,9.0,287
14310,2025-10-14,FDB,FARIDABAD,20.0,308
14310,2025-10-14,KSV,KOSI KALAN,32.0,379
14310,2025-10-14,MTJ,MATHURA JN,41.0,420
14310,2025-10-14,RKM,RAJA KI MANDI,43.0,470
14310,2025-10-14,AGC,AGRA CANTT,37.0,474
14310,2025-10-14,DHO,DHAULPUR,22.0,526
14310,2025-10-14,MRA,MORENA,15.0,554
14310,2025-10-14,BAO,BANMOR,13.0,573
14310,2025-10-14,GWL,GWALIOR,8.0,592
14310,2025-10-14,SVPI,SHIVPURI,38.0,718
14310,2025-10-14,KLRS,KOLARAS,,744
14310,2025-10-14,GUNA,GUNA,74.0,820
14310,2025-10-14,RTA,RUTHIYAI,74.0,840
14310,2025-10-14,KHRJ,KUMBHRAJ,76.0,864
14310,2025-10-14,BRRG,BIYAVRA RAJGARH,83.0,917
14310,2025-10-14,PFR,PACHOR ROAD,88.0,947
14310,2025-10-14,SFW,SARANGPUR,,979
14310,2025-10-14,SFY,SHAJAPUR,92.0,1006
14310,2025-10-14,MKC,MAKSI,1.0,1034
14310,2025-10-14,UJN,UJJAIN JN,0.0,1075
14310,2025-10-14,DWX,DEWAS,57.0,1115
14310,2025-10-14,LMNR,LAKSHMIBAI NGR,13.0,1151
14310,2025-10-15,YNRK,YOGNAGARI RISHIKESH,2.0,0
14310,2025-10-15,RWL,RAIWALA,,11
14310,2025-10-15,MOTC,MOTICHUR,,18
14310,2025-10-15,HW,HARIDWAR JN,0.0,23
14310,2025-10-15,JWP,JWALAPUR,,27
14310,2025-10-15,RK,ROORKEE,5.0,68
14310,2025-10-15,SRE,SAHARANPUR,1.0,103
14310,2025-10-15,DBD,DEOBAND,7.0,137
14310,2025-10-15,MOZ,MUZAFFARNAGAR,6.0,161
14310,2025-10-15,MTC,MEERUT CITY,6.0,217
14310,2025-10-15,GZB,GHAZIABAD,1.0,264
14310,2025-10-15,NZM,H NIZAMUDDIN,0.0,287
14310,2025-10-15,FDB,FARIDABAD,6.0,308
14310,2025-10-15,KSV,KOSI KALAN,9.0,379
14310,2025-10-15,MTJ,MATHURA JN,30.0,420
14310,2025-10-15,RKM,RAJA KI MANDI,29.0,470
14310,2025-10-15,AGC,AGRA CANTT,25.0,474
14310,2025-10-15,DHO,DHAULPUR,8.0,526
14310,2025-10-15,MRA,MORENA,21.0,554
14310,2025-10-15,BAO,BANMOR,22.0,573
14310,2025-10-15,GWL,GWALIOR,14.0,592
14310,2025-10-15,SVPI,SHIVPURI,14.0,718
14310,2025-10-15,KLRS,KOLARAS,,744
14310,2025-10-15,GUNA,GUNA,0.0,820
14310,2025-10-15,RTA,RUTHIYAI,1.0,840
14310,2025-10-15,KHRJ,KUMBHRAJ,1.0,864
14310,2025-10-15,BRRG,BIYAVRA RAJGARH,1.0,917
14310,2025-10-15,PFR,PACHOR ROAD,6.0,947
14310,2025-10-15,SFW,SARANGPUR,,979
14310,2025-10-15,SFY,SHAJAPUR,74.0,1006
14310,2025-10-15,MKC,MAKSI,0.0,1034
14310,2025-10-15,UJN,UJJAIN JN,9.0,1075
14310,2025-10-15,DWX,DEWAS,46.0,1115
14310,2025-10-15,LMNR,LAKSHMIBAI NGR,-2.0,1151
14310,2025-10-21,YNRK,YOGNAGARI RISHIKESH,8.0,0
14310,2025-10-21,RWL,RAIWALA,,11
14310,2025-10-21,MOTC,MOTICHUR,,18
14310,2025-10-21,HW,HARIDWAR JN,1.0,23
14310,2025-10-21,JWP,JWALAPUR,,27
14310,2025-10-21,RK,ROORKEE,4.0,68
14310,2025-10-21,SRE,SAHARANPUR,1.0,103
14310,2025-10-21,DBD,DEOBAND,5.0,137
14310,2025-10-21,MOZ,MUZAFFARNAGAR,3.0,161
14310,2025-10-21,MTC,MEERUT CITY,10.0,217
14310,2025-10-21,GZB,GHAZIABAD,2.0,264
14310,2025-10-21,NZM,H NIZAMUDDIN,2.0,287
14310,2025-10-21,FDB,FARIDABAD,25.0,308
14310,2025-10-21,KSV,KOSI KALAN,33.0,379
14310,2025-10-21,MTJ,MATHURA JN,38.0,420
14310,2025-10-21,RKM,RAJA KI MANDI,19.0,470
14310,2025-10-21,AGC,AGRA CANTT,32.0,474
14310,2025-10-21,DHO,DHAULPUR,15.0,526
14310,2025-10-21,MRA,MORENA,10.0,554
14310,2025-10-21,BAO,BANMOR,9.0,573
14310,2025-10-21,GWL,GWALIOR,0.0,592
14310,2025-10-21,SVPI,SHIVPURI,41.0,718
14310,2025-10-21,KLRS,KOLARAS,,744
14310,2025-10-21,GUNA,GUNA,19.0,820
14310,2025-10-21,RTA,RUTHIYAI,21.0,840
14310,2025-10-21,KHRJ,KUMBHRAJ,22.0,864
14310,2025-10-21,BRRG,BIYAVRA RAJGARH,24.0,917
14310,2025-10-21,PFR,PACHOR ROAD,34.0,947
14310,2025-10-21,SFW,SARANGPUR,,979
14310,2025-10-21,SFY,SHAJAPUR,81.0,1006
14310,2025-10-21,MKC,MAKSI,0.0,1034
14310,2025-10-21,UJN,UJJAIN JN,21.0,1075
14310,2025-10-21,DWX,DEWAS,20.0,1115
14310,2025-10-21,LMNR,LAKSHMIBAI NGR,-27.0,1151
14310,2025-10-22,YNRK,YOGNAGARI RISHIKESH,0.0,0
14310,2025-10-22,RWL,RAIWALA,,11
14310,2025-10-22,MOTC,MOTICHUR,,18
14310,2025-10-22,HW,HARIDWAR JN,0.0,23
14310,2025-10-22,JWP,JWALAPUR,,27
14310,2025-10-22,RK,ROORKEE,0.0,68
14310,2025-10-22,SRE,SAHARANPUR,2.0,103
14310,2025-10-22,DBD,DEOBAND,2.0,137
14310,2025-10-22,MOZ,MUZAFFARNAGAR,2.0,161
14310,2025-10-22,MTC,MEERUT CITY,0.0,217
14310,2025-10-22,GZB,GHAZIABAD,2.0,264
14310,2025-10-22,NZM,H NIZAMUDDIN,2.0,287
14310,2025-10-22,FDB,FARIDABAD,3.0,308
14310,2025-10-22,KSV,KOSI KALAN,5.0,379
14310,2025-10-22,MTJ,MATHURA JN,61.0,420
14310,2025-10-22,RKM,RAJA KI MANDI,56.0,470
14310,2025-10-22,AGC,AGRA CANTT,51.0,474
14310,2025-10-22,DHO,DHAULPUR,38.0,526
14310,2025-10-22,MRA,MORENA,31.0,554
14310,2025-10-22,BAO,BANMOR,29.0,573
14310,2025-10-22,GWL,GWALIOR,24.0,592
14310,2025-10-22,SVPI,SHIVPURI,32.0,718
14310,2025-10-22,KLRS,KOLARAS,,744
14310,2025-10-22,GUNA,GUNA,126.0,820
14310,2025-10-22,RTA,RUTHIYAI,124.0,840
14310,2025-10-22,KHRJ,KUMBHRAJ,124.0,864
14310,2025-10-22,BRRG,BIYAVRA RAJGARH,121.0,917
14310,2025-10-22,PFR,PACHOR ROAD,124.0,947
14310,2025-10-22,SFW,SARANGPUR,,979
14310,2025-10-22,SFY,SHAJAPUR,125.0,1006
14310,2025-10-22,MKC,MAKSI,15.0,1034
14310,2025-10-22,UJN,UJJAIN JN,15.0,1075
14310,2025-10-22,DWX,DEWAS,13.0,1115
14310,2025-10-22,LMNR,LAKSHMIBAI NGR,-31.0,1151
14310,2025-10-28,YNRK,YOGNAGARI RISHIKESH,1.0,0
14310,2025-10-28,RWL,RAIWALA,,11
14310,2025-10-28,MOTC,MOTICHUR,,18
14310,2025-10-28,HW,HARIDWAR JN,0.0,23
14310,2025-10-28,JWP,JWALAPUR,,27
14310,2025-10-28,RK,ROORKEE,6.0,68
14310,2025-10-28,SRE,SAHARANPUR,0.0,103
14310,2025-10-28,DBD,DEOBAND,0.0,137
14310,2025-10-28,MOZ,MUZAFFARNAGAR,1.0,161
14310,2025-10-28,MTC,MEERUT CITY,10.0,217
14310,2025-10-28,GZB,GHAZIABAD,6.0,264
14310,2025-10-28,NZM,H NIZAMUDDIN,1.0,287
14310,2025-10-28,FDB,FARIDABAD,4.0,308
14310,2025-10-28,KSV,KOSI KALAN,1.0,379
14310,2025-10-28,MTJ,MATHURA JN,20.0,420
14310,2025-10-28,RKM,RAJA KI MANDI,29.0,470
14310,2025-10-28,AGC,AGRA CANTT,22.0,474
14310,2025-10-28,DHO,DHAULPUR,4.0,526
14310,2025-10-28,MRA,MORENA,0.0,554
14310,2025-10-28,BAO,BANMOR,1.0,573
14310,2025-10-28,GWL,GWALIOR,2.0,592
14310,2025-10-28,SVPI,SHIVPURI,10.0,718
14310,2025-10-28,KLRS,KOLARAS,,744
14310,2025-10-28,GUNA,GUNA,24.0,820
14310,2025-10-28,RTA,RUTHIYAI,32.0,840
14310,2025-10-28,KHRJ,KUMBHRAJ,32.0,864
14310,2025-10-28,BRRG,BIYAVRA RAJGARH,44.0,917
14310,2025-10-28,PFR,PACHOR ROAD,47.0,947
14310,2025-10-28,SFW,SARANGPUR,,979
14310,2025-10-28,SFY,SHAJAPUR,82.0,1006
14310,2025-10-28,MKC,MAKSI,0.0,1034
14310,2025-10-28,UJN,UJJAIN JN,8.0,1075
14310,2025-10-28,DWX,DEWAS,4.0,1115
14310,2025-10-28,LMNR,LAKSHMIBAI NGR,-43.0,1151
14310,2025-10-29,YNRK,YOGNAGARI RISHIKESH,1.0,0
14310,2025-10-29,RWL,RAIWALA,,11
14310,2025-10-29,MOTC,MOTICHUR,,18
14310,2025-10-29,HW,HARIDWAR JN,0.0,23
14310,2025-10-29,JWP,JWALAPUR,,27
14310,2025-10-29,RK,ROORKEE,3.0,68
14310,2025-10-29,SRE,SAHARANPUR,5.0,103
14310,2025-10-29,DBD,DEOBAND,4.0,137
14310,2025-10-29,MOZ,MUZAFFARNAGAR,6.0,161
14310,2025-10-29,MTC,MEERUT CITY,8.0,217
14310,2025-10-29,GZB,GHAZIABAD,20.0,264
14310,2025-10-29,NZM,H NIZAMUDDIN,4.0,287
14310,2025-10-29,FDB,FARIDABAD,14.0,308
14310,2025-10-29,KSV,KOSI KALAN,6.0,379
14310,2025-10-29,MTJ,MATHURA JN,14.0,420
14310,2025-10-29,RKM,RAJA KI MANDI,28.0,470
14310,2025-10-29,AGC,AGRA CANTT,21.0,474
14310,2025-10-29,DHO,DHAULPUR,8.0,526
14310,2025-10-29,MRA,MORENA,9.0,554
14310,2025-10-29,BAO,BANMOR,9.0,573
14310,2025-10-29,GWL,GWALIOR,3.0,592
14310,2025-10-29,SVPI,SHIVPURI,13.0,718
14310,2025-10-29,KLRS,KOLARAS,,744
14310,2025-10-29,GUNA,GUNA,58.0,820
14310,2025-10-29,RTA,RUTHIYAI,56.0,840
14310,2025-10-29,KHRJ,KUMBHRAJ,67.0,864
14310,2025-10-29,BRRG,BIYAVRA RAJGARH,60.0,917
14310,2025-10-29,PFR,PACHOR ROAD,61.0,947
14310,2025-10-29,SFW,SARANGPUR,,979
14310,2025-10-29,SFY,SHAJAPUR,86.0,1006
14310,2025-10-29,MKC,MAKSI,0.0,1034
14310,2025-10-29,UJN,UJJAIN JN,23.0,1075
14310,2025-10-29,DWX,DEWAS,26.0,1115
14310,2025-10-29,LMNR,LAKSHMIBAI NGR,-18.0,1151
14310,2025-11-04,YNRK,YOGNAGARI RISHIKESH,0.0,0
14310,2025-11-04,RWL,RAIWALA,,11
14310,2025-11-04,MOTC,MOTICHUR,,18
14310,2025-11-04,HW,HARIDWAR JN,1.0,23
14310,2025-11-04,JWP,JWALAPUR,,27
14310,2025-11-04,RK,ROORKEE,6.0,68
14310,2025-11-04,SRE,SAHARANPUR,0.0,103
14310,2025-11-04,DBD,DEOBAND,4.0,137
14310,2025-11-04,MOZ,MUZAFFARNAGAR,5.0,161
14310,2025-11-04,MTC,MEERUT CITY,7.0,217
14310,2025-11-04,GZB,GHAZIABAD,3.0,264
14310,2025-11-04,NZM,H NIZAMUDDIN,0.0,287
14310,2025-11-04,FDB,FARIDABAD,6.0,308
14310,2025-11-04,KSV,KOSI KALAN,7.0,379
14310,2025-11-04,MTJ,MATHURA JN,30.0,420
14310,2025-11-04,RKM,RAJA KI MANDI,29.0,470
14310,2025-11-04,AGC,AGRA CANTT,33.0,474
14310,2025-11-04,DHO,DHAULPUR,15.0,526
14310,2025-11-04,MRA,MORENA,6.0,554
14310,2025-11-04,BAO,BANMOR,5.0,573
14310,2025-11-04,GWL,GWALIOR,0.0,592
14310,2025-11-04,SVPI,SHIVPURI,3.0,718
14310,2025-11-04,KLRS,KOLARAS,,744
14310,2025-11-04,GUNA,GUNA,13.0,820
14310,2025-11-04,RTA,RUTHIYAI,26.0,840
14310,2025-11-04,KHRJ,KUMBHRAJ,32.0,864
14310,2025-11-04,BRRG,BIYAVRA RAJGARH,37.0,917
14310,2025-11-04,PFR,PACHOR ROAD,41.0,947
14310,2025-11-04,SFW,SARANGPUR,,979
14310,2025-11-04,SFY,SHAJAPUR,75.0,1006
14310,2025-11-04,MKC,MAKSI,0.0,1034
14310,2025-11-04,UJN,UJJAIN JN,4.0,1075
14310,2025-11-04,DWX,DEWAS,11.0,1115
14310,2025-11-04,LMNR,LAKSHMIBAI NGR,-14.0,1151
14310,2025-11-05,YNRK,YOGNAGARI RISHIKESH,0.0,0
14310,2025-11-05,RWL,RAIWALA,,11
14310,2025-11-05,MOTC,MOTICHUR,,18
14310,2025-11-05,HW,HARIDWAR JN,2.0,23
14310,2025-11-05,JWP,JWALAPUR,,27
14310,2025-11-05,RK,ROORKEE,2.0,68
14310,2025-11-05,SRE,SAHARANPUR,1.0,103
14310,2025-11-05,DBD,DEOBAND,4.0,137
14310,2025-11-05,MOZ,MUZAFFARNAGAR,4.0,161
14310,2025-11-05,MTC,MEERUT CITY,8.0,217
14310,2025-11-05,GZB,GHAZIABAD,15.0,264
14310,2025-11-05,NZM,H NIZAMUDDIN,6.0,287
14310,2025-11-05,FDB,FARIDABAD,12.0,308
14310,2025-11-05,KSV,KOSI KALAN,12.0,379
14310,2025-11-05,MTJ,MATHURA JN,33.0,420
14310,2025-11-05,RKM,RAJA KI MANDI,35.0,470
14310,2025-11-05,AGC,AGRA CANTT,33.0,474
14310,2025-11-05,DHO,DHAULPUR,16.0,526
14310,2025-11-05,MRA,MORENA,7.0,554
14310,2025-11-05,BAO,BANMOR,6.0,573
14310,2025-11-05,GWL,GWALIOR,2.0,592
14310,2025-11-05,SVPI,SHIVPURI,2.0,718
14310,2025-11-05,KLRS,KOLARAS,,744
14310,2025-11-05,GUNA,GUNA,1.0,820
14310,2025-11-05,RTA,RUTHIYAI,5.0,840
14310,2025-11-05,KHRJ,KUMBHRAJ,6.0,864
14310,2025-11-05,BRRG,BIYAVRA RAJGARH,1.0,917
14310,2025-11-05,PFR,PACHOR ROAD,4.0,947
14310,2025-11-05,SFW,SARANGPUR,,979
14310,2025-11-05,SFY,SHAJAPUR,71.0,1006
14310,2025-11-05,MKC,MAKSI,1.0,1034
14310,2025-11-05,UJN,UJJAIN JN,4.0,1075
14310,2025-11-05,DWX,DEWAS,1.0,1115
14310,2025-11-05,LMNR,LAKSHMIBAI NGR,-45.0,1151
14310,2025-11-11,YNRK,YOGNAGARI RISHIKESH,2.0,0
14310,2025-11-11,RWL,RAIWALA,,11
14310,2025-11-11,MOTC,MOTICHUR,,18
14310,2025-11-11,HW,HARIDWAR JN,5.0,23
14310,2025-11-11,JWP,JWALAPUR,,27
14310,2025-11-11,RK,ROORKEE,5.0,68
14310,2025-11-11,SRE,SAHARANPUR,1.0,103
14310,2025-11-11,DBD,DEOBAND,7.0,137
14310,2025-11-11,MOZ,MUZAFFARNAGAR,6.0,161
14310,2025-11-11,MTC,MEERUT CITY,5.0,217
14310,2025-11-11,GZB,GHAZIABAD,5.0,264
14310,2025-11-11,NZM,H NIZAMUDDIN,1.0,287
14310,2025-11-11,FDB,FARIDABAD,5.0,308
14310,2025-11-11,KSV,KOSI KALAN,3.0,379
14310,2025-11-11,MTJ,MATHURA JN,11.0,420
14310,2025-11-11,RKM,RAJA KI MANDI,11.0,470
14310,2025-11-11,AGC,AGRA CANTT,20.0,474
14310,2025-11-11,DHO,DHAULPUR,14.0,526
14310,2025-11-11,MRA,MORENA,10.0,554
14310,2025-11-11,BAO,BANMOR,10.0,573
14310,2025-11-11,GWL,GWALIOR,4.0,592
14310,2025-11-11,SVPI,SHIVPURI,32.0,718
14310,2025-11-11,KLRS,KOLARAS,,744
14310,2025-11-11,GUNA,GUNA,24.0,820
14310,2025-11-11,RTA,RUTHIYAI,25.0,840
14310,2025-11-11,KHRJ,KUMBHRAJ,9.0,864
14310,2025-11-11,BRRG,BIYAVRA RAJGARH,19.0,917
14310,2025-11-11,PFR,PACHOR ROAD,30.0,947
14310,2025-11-11,SFW,SARANGPUR,,979
14310,2025-11-11,SFY,SHAJAPUR,80.0,1006
14310,2025-11-11,MKC,MAKSI,5.0,1034
14310,2025-11-11,UJN,UJJAIN JN,12.0,1075
14310,2025-11-11,DWX,DEWAS,9.0,1115
14310,2025-11-11,LMNR,LAKSHMIBAI NGR,-32.0,1151
14310,2025-11-12,YNRK,YOGNAGARI RISHIKESH,0.0,0
14310,2025-11-12,RWL,RAIWALA,,11
14310,2025-11-12,MOTC,MOTICHUR,,18
14310,2025-11-12,HW,HARIDWAR JN,2.0,23
14310,2025-11-12,JWP,JWALAPUR,,27
14310,2025-11-12,RK,ROORKEE,13.0,68
14310,2025-11-12,SRE,SAHARANPUR,0.0,103
14310,2025-11-12,DBD,DEOBAND,0.0,137
14310,2025-11-12,MOZ,MUZAFFARNAGAR,0.0,161
14310,2025-11-12,MTC,MEERUT CITY,12.0,217
14310,2025-11-12,GZB,GHAZIABAD,23.0,264
14310,2025-11-12,NZM,H NIZAMUDDIN,3.0,287
14310,2025-11-12,FDB,FARIDABAD,9.0,308
14310,2025-11-12,KSV,KOSI KALAN,18.0,379
14310,2025-11-12,MTJ,MATHURA JN,35.0,420
14310,2025-11-12,RKM,RAJA KI MANDI,40.0,470
14310,2025-11-12,AGC,AGRA CANTT,32.0,474
14310,2025-11-12,DHO,DHAULPUR,13.0,526
14310,2025-11-12,MRA,MORENA,4.0,554
14310,2025-11-12,BAO,BANMOR,7.0,573
14310,2025-11-12,GWL,GWALIOR,1.0,592
14310,2025-11-12,SVPI,SHIVPURI,6.0,718
14310,2025-11-12,KLRS,KOLARAS,,744
14310,2025-11-12,GUNA,GUNA,72.0,820
14310,2025-11-12,RTA,RUTHIYAI,73.0,840
14310,2025-11-12,KHRJ,KUMBHRAJ,73.0,864
14310,2025-11-12,BRRG,BIYAVRA RAJGARH,76.0,917
14310,2025-11-12,PFR,PACHOR ROAD,79.0,947
14310,2025-11-12,SFW,SARANGPUR,,979
14310,2025-11-12,SFY,SHAJAPUR,86.0,1006
14310,2025-11-12,MKC,MAKSI,0.0,1034
14310,2025-11-12,UJN,UJJAIN JN,19.0,1075
14310,2025-11-12,DWX,DEWAS,19.0,1115
14310,2025-11-12,LMNR,LAKSHMIBAI NGR,-16.0,1151
14310,2025-11-18,YNRK,YOGNAGARI RISHIKESH,14.0,0
14310,2025-11-18,RWL,RAIWALA,,11
14310,2025-11-18,MOTC,MOTICHUR,,18
14310,2025-11-18,HW,HARIDWAR JN,7.0,23
14310,2025-11-18,JWP,JWALAPUR,,27
14310,2025-11-18,RK,ROORKEE,5.0,68
14310,2025-11-18,SRE,SAHARANPUR,0.0,103
14310,2025-11-18,DBD,DEOBAND,0.0,137
14310,2025-11-18,MOZ,MUZAFFARNAGAR,2.0,161
14310,2025-11-18,MTC,MEERUT CITY,13.0,217
14310,2025-11-18,GZB,GHAZIABAD,10.0,264
14310,2025-11-18,NZM,H NIZAMUDDIN,8.0,287
14310,2025-11-18,FDB,FARIDABAD,12.0,308
14310,2025-11-18,KSV,KOSI KALAN,5.0,379
14310,2025-11-18,MTJ,MATHURA JN,14.0,420
14310,2025-11-18,RKM,RAJA KI MANDI,28.0,470
14310,2025-11-18,AGC,AGRA CANTT,27.0,474
14310,2025-11-18,DHO,DHAULPUR,12.0,526
14310,2025-11-18,MRA,MORENA,4.0,554
14310,2025-11-18,BAO,BANMOR,9.0,573
14310,2025-11-18,GWL,GWALIOR,9.0,592
14310,2025-11-18,SVPI,SHIVPURI,15.0,718
14310,2025-11-18,KLRS,KOLARAS,,744
14310,2025-11-18,GUNA,GUNA,30.0,820
14310,2025-11-18,RTA,RUTHIYAI,29.0,840
14310,2025-11-18,KHRJ,KUMBHRAJ,28.0,864
14310,2025-11-18,BRRG,BIYAVRA RAJGARH,41.0,917
14310,2025-11-18,PFR,PACHOR ROAD,46.0,947
14310,2025-11-18,SFW,SARANGPUR,,979
14310,2025-11-18,SFY,SHAJAPUR,86.0,1006
14310,2025-11-18,MKC,MAKSI,1.0,1034
14310,2025-11-18,UJN,UJJAIN JN,24.0,1075
14310,2025-11-18,DWX,DEWAS,20.0,1115
14310,2025-11-18,LMNR,LAKSHMIBAI NGR,-19.0,1151
14310,2025-11-19,YNRK,YOGNAGARI RISHIKESH,0.0,0
14310,2025-11-19,RWL,RAIWALA,,11
14310,2025-11-19,MOTC,MOTICHUR,,18
14310,2025-11-19,HW,HARIDWAR JN,1.0,23
14310,2025-11-19,JWP,JWALAPUR,,27
14310,2025-11-19,RK,ROORKEE,0.0,68
14310,2025-11-19,SRE,SAHARANPUR,2.0,103
14310,2025-11-19,DBD,DEOBAND,0.0,137
14310,2025-11-19,MOZ,MUZAFFARNAGAR,0.0,161
14310,2025-11-19,MTC,MEERUT CITY,11.0,217
14310,2025-11-19,GZB,GHAZIABAD,21.0,264
14310,2025-11-19,NZM,H NIZAMUDDIN,13.0,287
14310,2025-11-19,FDB,FARIDABAD,13.0,308
14310,2025-11-19,KSV,KOSI KALAN,14.0,379
14310,2025-11-19,MTJ,MATHURA JN,30.0,420
14310,2025-11-19,RKM,RAJA KI MANDI,26.0,470
14310,2025-11-19,AGC,AGRA CANTT,19.0,474
14310,2025-11-19,DHO,DHAULPUR,8.0,526
14310,2025-11-19,MRA,MORENA,2.0,554
14310,2025-11-19,BAO,BANMOR,1.0,573
14310,2025-11-19,GWL,GWALIOR,1.0,592
14310,2025-11-19,SVPI,SHIVPURI,17.0,718
14310,2025-11-19,KLRS,KOLARAS,,744
14310,2025-11-19,GUNA,GUNA,38.0,820
14310,2025-11-19,RTA,RUTHIYAI,37.0,840
14310,2025-11-19,KHRJ,KUMBHRAJ,36.0,864
14310,2025-11-19,BRRG,BIYAVRA RAJGARH,29.0,917
14310,2025-11-19,PFR,PACHOR ROAD,34.0,947
14310,2025-11-19,SFW,SARANGPUR,,979
14310,2025-11-19,SFY,SHAJAPUR,42.0,1006
14310,2025-11-19,MKC,MAKSI,0.0,1034
14310,2025-11-19,UJN,UJJAIN JN,37.0,1075
14310,2025-11-19,DWX,DEWAS,32.0,1115
14310,2025-11-19,LMNR,LAKSHMIBAI NGR,-12.0,1151
14310,2025-11-25,YNRK,YOGNAGARI RISHIKESH,0.0,0
14310,2025-11-25,RWL,RAIWALA,,11
14310,2025-11-25,MOTC,MOTICHUR,,18
14310,2025-11-25,HW,HARIDWAR JN,0.0,23
14310,2025-11-25,JWP,JWALAPUR,,27
14310,2025-11-25,RK,ROORKEE,2.0,68
14310,2025-11-25,SRE,SAHARANPUR,1.0,103
14310,2025-11-25,DBD,DEOBAND,2.0,137
14310,2025-11-25,MOZ,MUZAFFARNAGAR,1.0,161
14310,2025-11-25,MTC,MEERUT CITY,8.0,217
14310,2025-11-25,GZB,GHAZIABAD,1.0,264
14310,2025-11-25,NZM,H NIZAMUDDIN,0.0,287
14310,2025-11-25,FDB,FARIDABAD,3.0,308
14310,2025-11-25,KSV,KOSI KALAN,7.0,379
14310,2025-11-25,MTJ,MATHURA JN,17.0,420
14310,2025-11-25,RKM,RAJA KI MANDI,29.0,470
14310,2025-11-25,AGC,AGRA CANTT,24.0,474
14310,2025-11-25,DHO,DHAULPUR,4.0,526
14310,2025-11-25,MRA,MORENA,0.0,554
14310,2025-11-25,BAO,BANMOR,1.0,573
14310,2025-11-25,GWL,GWALIOR,0.0,592
14310,2025-11-25,SVPI,SHIVPURI,18.0,718
14310,2025-11-25,KLRS,KOLARAS,,744
14310,2025-11-25,GUNA,GUNA,61.0,820
14310,2025-11-25,RTA,RUTHIYAI,60.0,840
14310,2025-11-25,KHRJ,KUMBHRAJ,60.0,864
14310,2025-11-25,BRRG,BIYAVRA RAJGARH,79.0,917
14310,2025-11-25,PFR,PACHOR ROAD,88.0,947
14310,2025-11-25,SFW,SARANGPUR,,979
14310,2025-11-25,SFY,SHAJAPUR,99.0,1006
14310,2025-11-25,MKC,MAKSI,0.0,1034
14310,2025-11-25,UJN,UJJAIN JN,15.0,1075
14310,2025-11-25,DWX,DEWAS,15.0,1115
14310,2025-11-25,LMNR,LAKSHMIBAI NGR,-33.0,1151
14310,2025-11-26,YNRK,YOGNAGARI RISHIKESH,2.0,0
14310,2025-11-26,RWL,RAIWALA,,11
14310,2025-11-26,MOTC,MOTICHUR,,18
14310,2025-11-26,HW,HARIDWAR JN,2.0,23
14310,2025-11-26,JWP,JWALAPUR,,27
14310,2025-11-26,RK,ROORKEE,7.0,68
14310,2025-11-26,SRE,SAHARANPUR,0.0,103
14310,2025-11-26,DBD,DEOBAND,2.0,137
14310,2025-11-26,MOZ,MUZAFFARNAGAR,2.0,161
14310,2025-11-26,MTC,MEERUT CITY,8.0,217
14310,2025-11-26,GZB,GHAZIABAD,1.0,264
14310,2025-11-26,NZM,H NIZAMUDDIN,0.0,287
14310,2025-11-26,FDB,FARIDABAD,6.0,308
14310,2025-11-26,KSV,KOSI KALAN,19.0,379
14310,2025-11-26,MTJ,MATHURA JN,33.0,420
14310,2025-11-26,RKM,RAJA KI MANDI,38.0,470
14310,2025-11-26,AGC,AGRA CANTT,31.0,474
14310,2025-11-26,DHO,DHAULPUR,12.0,526
14310,2025-11-26,MRA,MORENA,20.0,554
14310,2025-11-26,BAO,BANMOR,27.0,573
14310,2025-11-26,GWL,GWALIOR,19.0,592
14310,2025-11-26,SVPI,SHIVPURI,15.0,718
14310,2025-11-26,KLRS,KOLARAS,,744
14310,2025-11-26,GUNA,GUNA,59.0,820
14310,2025-11-26,RTA,RUTHIYAI,59.0,840
14310,2025-11-26,KHRJ,KUMBHRAJ,60.0,864
14310,2025-11-26,BRRG,BIYAVRA RAJGARH,55.0,917
14310,2025-11-26,PFR,PACHOR ROAD,61.0,947
14310,2025-11-26,SFW,SARANGPUR,,979
14310,2025-11-26,SFY,SHAJAPUR,68.0,1006
14310,2025-11-26,MKC,MAKSI,0.0,1034
14310,2025-11-26,UJN,UJJAIN JN,25.0,1075
14310,2025-11-26,DWX,DEWAS,21.0,1115
14310,2025-11-26,LMNR,LAKSHMIBAI NGR,-21.0,1151
14310,2025-12-02,YNRK,YOGNAGARI RISHIKESH,2.0,0
14310,2025-12-02,RWL,RAIWALA,,11
14310,2025-12-02,MOTC,MOTICHUR,,18
14310,2025-12-02,HW,HARIDWAR JN,1.0,23
14310,2025-12-02,JWP,JWALAPUR,,27
14310,2025-12-02,RK,ROORKEE,0.0,68
14310,2025-12-02,SRE,SAHARANPUR,0.0,103
14310,2025-12-02,DBD,DEOBAND,9.0,137
14310,2025-12-02,MOZ,MUZAFFARNAGAR,8.0,161
14310,2025-12-02,MTC,MEERUT CITY,23.0,217
14310,2025-12-02,GZB,GHAZIABAD,22.0,264
14310,2025-12-02,NZM,H NIZAMUDDIN,23.0,287
14310,2025-12-02,FDB,FARIDABAD,21.0,308
14310,2025-12-02,KSV,KOSI KALAN,26.0,379
14310,2025-12-02,MTJ,MATHURA JN,45.0,420
14310,2025-12-02,RKM,RAJA KI MANDI,46.0,470
14310,2025-12-02,AGC,AGRA CANTT,48.0,474
14310,2025-12-02,DHO,DHAULPUR,27.0,526
14310,2025-12-02,MRA,MORENA,38.0,554
14310,2025-12-02,BAO,BANMOR,37.0,573
14310,2025-12-02,GWL,GWALIOR,33.0,592
14310,2025-12-02,SVPI,SHIVPURI,39.0,718
14310,2025-12-02,KLRS,KOLARAS,,744
14310,2025-12-02,GUNA,GUNA,54.0,820
14310,2025-12-02,RTA,RUTHIYAI,54.0,840
14310,2025-12-02,KHRJ,KUMBHRAJ,54.0,864
14310,2025-12-02,BRRG,BIYAVRA RAJGARH,51.0,917
14310,2025-12-02,PFR,PACHOR ROAD,57.0,947
14310,2025-12-02,SFW,SARANGPUR,,979
14310,2025-12-02,SFY,SHAJAPUR,67.0,1006
14310,2025-12-02,MKC,MAKSI,0.0,1034
14310,2025-12-02,UJN,UJJAIN JN,18.0,1075
14310,2025-12-02,DWX,DEWAS,12.0,1115
14310,2025-12-02,LMNR,LAKSHMIBAI NGR,-35.0,1151
14310,2025-12-03,YNRK,YOGNAGARI RISHIKESH,1.0,0
14310,2025-12-03,RWL,RAIWALA,,11
14310,2025-12-03,MOTC,MOTICHUR,,18
14310,2025-12-03,HW,HARIDWAR JN,0.0,23
14310,2025-12-03,JWP,JWALAPUR,,27
14310,2025-12-03,RK,ROORKEE,0.0,68
14310,2025-12-03,SRE,SAHARANPUR,1.0,103
14310,2025-12-03,DBD,DEOBAND,5.0,137
14310,2025-12-03,MOZ,MUZAFFARNAGAR,5.0,161
14310,2025-12-03,MTC,MEERUT CITY,5.0,217
14310,2025-12-03,GZB,GHAZIABAD,10.0,264
14310,2025-12-03,NZM,H NIZAMUDDIN,0.0,287
14310,2025-12-03,FDB,FARIDABAD,11.0,308
14310,2025-12-03,KSV,KOSI KALAN,10.0,379
14310,2025-12-03,MTJ,MATHURA JN,16.0,420
14310,2025-12-03,RKM,RAJA KI MANDI,28.0,470
14310,2025-12-03,AGC,AGRA CANTT,21.0,474
14310,2025-12-03,DHO,DHAULPUR,5.0,526
14310,2025-12-03,MRA,MORENA,11.0,554
14310,2025-12-03,BAO,BANMOR,10.0,573
14310,2025-12-03,GWL,GWALIOR,2.0,592
14310,2025-12-03,SVPI,SHIVPURI,10.0,718
14310,2025-12-03,KLRS,KOLARAS,,744
14310,2025-12-03,GUNA,GUNA,62.0,820
14310,2025-12-03,RTA,RUTHIYAI,60.0,840
14310,2025-12-03,KHRJ,KUMBHRAJ,68.0,864
14310,2025-12-03,BRRG,BIYAVRA RAJGARH,89.0,917
14310,2025-12-03,PFR,PACHOR ROAD,95.0,947
14310,2025-12-03,SFW,SARANGPUR,,979
14310,2025-12-03,SFY,SHAJAPUR,102.0,1006
14310,2025-12-03,MKC,MAKSI,0.0,1034
14310,2025-12-03,UJN,UJJAIN JN,25.0,1075
14310,2025-12-03,DWX,DEWAS,21.0,1115
14310,2025-12-03,LMNR,LAKSHMIBAI NGR,-12.0,1151
14310,2025-12-09,YNRK,YOGNAGARI RISHIKESH,1.0,0
14310,2025-12-09,RWL,RAIWALA,,11
14310,2025-12-09,MOTC,MOTICHUR,,18
14310,2025-12-09,HW,HARIDWAR JN,3.0,23
14310,2025-12-09,JWP,JWALAPUR,,27
14310,2025-12-09,RK,ROORKEE,7.0,68
14310,2025-12-09,SRE,SAHARANPUR,2.0,103
14310,2025-12-09,DBD,DEOBAND,5.0,137
14310,2025-12-09,MOZ,MUZAFFARNAGAR,4.0,161
14310,2025-12-09,MTC,MEERUT CITY,3.0,217
14310,2025-12-09,GZB,GHAZIABAD,51.0,264
14310,2025-12-09,NZM,H NIZAMUDDIN,45.0,287
14310,2025-12-09,FDB,FARIDABAD,87.0,308
14310,2025-12-09,KSV,KOSI KALAN,105.0,379
14310,2025-12-09,MTJ,MATHURA JN,122.0,420
14310,2025-12-09,RKM,RAJA KI MANDI,119.0,470
14310,2025-12-09,AGC,AGRA CANTT,112.0,474
14310,2025-12-09,DHO,DHAULPUR,101.0,526
14310,2025-12-09,MRA,MORENA,101.0,554
14310,2025-12-09,BAO,BANMOR,100.0,573
14310,2025-12-09,GWL,GWALIOR,92.0,592
14310,2025-12-09,SVPI,SHIVPURI,134.0,718
14310,2025-12-09,KLRS,KOLARAS,,744
14310,2025-12-09,GUNA,GUNA,128.0,820
14310,2025-12-09,RTA,RUTHIYAI,132.0,840
14310,2025-12-09,KHRJ,KUMBHRAJ,134.0,864
14310,2025-12-09,BRRG,BIYAVRA RAJGARH,150.0,917
14310,2025-12-09,PFR,PACHOR ROAD,156.0,947
14310,2025-12-09,SFW,SARANGPUR,,979
14310,2025-12-09,SFY,SHAJAPUR,182.0,1006
14310,2025-12-09,MKC,MAKSI,70.0,1034
14310,2025-12-09,UJN,UJJAIN JN,78.0,1075
14310,2025-12-09,DWX,DEWAS,72.0,1115
14310,2025-12-09,LMNR,LAKSHMIBAI NGR,25.0,1151
14310,2025-12-10,YNRK,YOGNAGARI RISHIKESH,0.0,0
14310,2025-12-10,RWL,RAIWALA,,11
14310,2025-12-10,MOTC,MOTICHUR,,18
14310,2025-12-10,HW,HARIDWAR JN,1.0,23
14310,2025-12-10,JWP,JWALAPUR,,27
14310,2025-12-10,RK,ROORKEE,0.0,68
14310,2025-12-10,SRE,SAHARANPUR,1.0,103
14310,2025-12-10,DBD,DEOBAND,8.0,137
14310,2025-12-10,MOZ,MUZAFFARNAGAR,8.0,161
14310,2025-12-10,MTC,MEERUT CITY,6.0,217
14310,2025-12-10,GZB,GHAZIABAD,18.0,264
14310,2025-12-10,NZM,H NIZAMUDDIN,1.0,287
14310,2025-12-10,FDB,FARIDABAD,3.0,308
14310,2025-12-10,KSV,KOSI KALAN,8.0,379
14310,2025-12-10,MTJ,MATHURA JN,17.0,420
14310,2025-12-10,RKM,RAJA KI MANDI,17.0,470
14310,2025-12-10,AGC,AGRA CANTT,25.0,474
14310,2025-12-10,DHO,DHAULPUR,15.0,526
14310,2025-12-10,MRA,MORENA,10.0,554
14310,2025-12-10,BAO,BANMOR,7.0,573
14310,2025-12-10,GWL,GWALIOR,1.0,592
14310,2025-12-10,SVPI,SHIVPURI,18.0,718
14310,2025-12-10,KLRS,KOLARAS,,744
14310,2025-12-10,GUNA,GUNA,43.0,820
14310,2025-12-10,RTA,RUTHIYAI,42.0,840
14310,2025-12-10,KHRJ,KUMBHRAJ,51.0,864
14310,2025-12-10,BRRG,BIYAVRA RAJGARH,83.0,917
14310,2025-12-10,PFR,PACHOR ROAD,90.0,947
14310,2025-12-10,SFW,SARANGPUR,,979
14310,2025-12-10,SFY,SHAJAPUR,95.0,1006
14310,2025-12-10,MKC,MAKSI,1.0,1034
14310,2025-12-10,UJN,UJJAIN JN,10.0,1075
14310,2025-12-10,DWX,DEWAS,7.0,1115
14310,2025-12-10,LMNR,LAKSHMIBAI NGR,-41.0,1151
14310,2025-12-16,YNRK,YOGNAGARI RISHIKESH,0.0,0
14310,2025-12-16,RWL,RAIWALA,,11
14310,2025-12-16,MOTC,MOTICHUR,,18
14310,2025-12-16,HW,HARIDWAR JN,1.0,23
14310,2025-12-16,JWP,JWALAPUR,,27
14310,2025-12-16,RK,ROORKEE,7.0,68
14310,2025-12-16,SRE,SAHARANPUR,65.0,103
14310,2025-12-16,DBD,DEOBAND,66.0,137
14310,2025-12-16,MOZ,MUZAFFARNAGAR,67.0,161
14310,2025-12-16,MTC,MEERUT CITY,65.0,217
14310,2025-12-16,GZB,GHAZIABAD,56.0,264
14310,2025-12-16,NZM,H NIZAMUDDIN,63.0,287
14310,2025-12-16,FDB,FARIDABAD,100.0,308
14310,2025-12-16,KSV,KOSI KALAN,129.0,379
14310,2025-12-16,MTJ,MATHURA JN,139.0,420
14310,2025-12-16,RKM,RAJA KI MANDI,137.0,470
14310,2025-12-16,AGC,AGRA CANTT,130.0,474
14310,2025-12-16,DHO,DHAULPUR,106.0,526
14310,2025-12-16,MRA,MORENA,105.0,554
14310,2025-12-16,BAO,BANMOR,103.0,573
14310,2025-12-16,GWL,GWALIOR,94.0,592
14310,2025-12-16,SVPI,SHIVPURI,107.0,718
14310,2025-12-16,KLRS,KOLARAS,,744
14310,2025-12-16,GUNA,GUNA,148.0,820
14310,2025-12-16,RTA,RUTHIYAI,162.0,840
14310,2025-12-16,KHRJ,KUMBHRAJ,160.0,864
14310,2025-12-16,BRRG,BIYAVRA RAJGARH,153.0,917
14310,2025-12-16,PFR,PACHOR ROAD,160.0,947
14310,2025-12-16,SFW,SARANGPUR,,979
14310,2025-12-16,SFY,SHAJAPUR,185.0,1006
14310,2025-12-16,MKC,MAKSI,86.0,1034
14310,2025-12-16,UJN,UJJAIN JN,95.0,1075
14310,2025-12-16,DWX,DEWAS,92.0,1115
14310,2025-12-16,LMNR,LAKSHMIBAI NGR,46.0,1151
14310,2025-12-17,YNRK,YOGNAGARI RISHIKESH,0.0,0
14310,2025-12-17,RWL,RAIWALA,,11
14310,2025-12-17,MOTC,MOTICHUR,,18
14310,2025-12-17,HW,HARIDWAR JN,0.0,23
14310,2025-12-17,JWP,JWALAPUR,,27
14310,2025-12-17,RK,ROORKEE,10.0,68
14310,2025-12-17,SRE,SAHARANPUR,22.0,103
14310,2025-12-17,DBD,DEOBAND,36.0,137
14310,2025-12-17,MOZ,MUZAFFARNAGAR,42.0,161
14310,2025-12-17,MTC,MEERUT CITY,61.0,217
14310,2025-12-17,GZB,GHAZIABAD,59.0,264
14310,2025-12-17,NZM,H NIZAMUDDIN,41.0,287
14310,2025-12-17,FDB,FARIDABAD,60.0,308
14310,2025-12-17,KSV,KOSI KALAN,88.0,379
14310,2025-12-17,MTJ,MATHURA JN,95.0,420
14310,2025-12-17,RKM,RAJA KI MANDI,108.0,470
14310,2025-12-17,AGC,AGRA CANTT,105.0,474
14310,2025-12-17,DHO,DHAULPUR,90.0,526
14310,2025-12-17,MRA,MORENA,86.0,554
14310,2025-12-17,BAO,BANMOR,84.0,573
14310,2025-12-17,GWL,GWALIOR,73.0,592
14310,2025-12-17,SVPI,SHIVPURI,124.0,718
14310,2025-12-17,KLRS,KOLARAS,,744
14310,2025-12-17,GUNA,GUNA,137.0,820
14310,2025-12-17,RTA,RUTHIYAI,140.0,840
14310,2025-12-17,KHRJ,KUMBHRAJ,144.0,864
14310,2025-12-17,BRRG,BIYAVRA RAJGARH,172.0,917
14310,2025-12-17,PFR,PACHOR ROAD,179.0,947
14310,2025-12-17,SFW,SARANGPUR,,979
14310,2025-12-17,SFY,SHAJAPUR,189.0,1006
14310,2025-12-17,MKC,MAKSI,84.0,1034
14310,2025-12-17,UJN,UJJAIN JN,99.0,1075
14310,2025-12-17,DWX,DEWAS,104.0,1115
14310,2025-12-17,LMNR,LAKSHMIBAI NGR,65.0,1151
14310,2025-12-23,YNRK,YOGNAGARI RISHIKESH,1.0,0
14310,2025-12-23,RWL,RAIWALA,,11
14310,2025-12-23,MOTC,MOTICHUR,,18
14310,2025-12-23,HW,HARIDWAR JN,0.0,23
14310,2025-12-23,JWP,JWALAPUR,,27
14310,2025-12-23,RK,ROORKEE,9.0,68
14310,2025-12-23,SRE,SAHARANPUR,0.0,103
14310,2025-12-23,DBD,DEOBAND,6.0,137
14310,2025-12-23,MOZ,MUZAFFARNAGAR,7.0,161
14310,2025-12-23,MTC,MEERUT CITY,7.0,217
14310,2025-12-23,GZB,GHAZIABAD,6.0,264
14310,2025-12-23,NZM,H NIZAMUDDIN,7.0,287
14310,2025-12-23,FDB,FARIDABAD,18.0,308
14310,2025-12-23,KSV,KOSI KALAN,28.0,379
14310,2025-12-23,MTJ,MATHURA JN,39.0,420
14310,2025-12-23,RKM,RAJA KI MANDI,40.0,470
14310,2025-12-23,AGC,AGRA CANTT,33.0,474
14310,2025-12-23,DHO,DHAULPUR,30.0,526
14310,2025-12-23,MRA,MORENA,38.0,554
14310,2025-12-23,BAO,BANMOR,40.0,573
14310,2025-12-23,GWL,GWALIOR,36.0,592
14310,2025-12-23,SVPI,SHIVPURI,41.0,718
14310,2025-12-23,KLRS,KOLARAS,,744
14310,2025-12-23,GUNA,GUNA,50.0,820
14310,2025-12-23,RTA,RUTHIYAI,60.0,840
14310,2025-12-23,KHRJ,KUMBHRAJ,58.0,864
14310,2025-12-23,BRRG,BIYAVRA RAJGARH,60.0,917
14310,2025-12-23,PFR,PACHOR ROAD,66.0,947
14310,2025-12-23,SFW,SARANGPUR,,979
14310,2025-12-23,SFY,SHAJAPUR,74.0,1006
14310,2025-12-23,MKC,MAKSI,6.0,1034
14310,2025-12-23,UJN,UJJAIN JN,10.0,1075
14310,2025-12-23,DWX,DEWAS,10.0,1115
14310,2025-12-23,LMNR,LAKSHMIBAI NGR,-35.0,1151
14310,2025-12-24,YNRK,YOGNAGARI RISHIKESH,0.0,0
14310,2025-12-24,RWL,RAIWALA,,11
14310,2025-12-24,MOTC,MOTICHUR,,18
14310,2025-12-24,HW,HARIDWAR JN,0.0,23
14310,2025-12-24,JWP,JWALAPUR,,27
14310,2025-12-24,RK,ROORKEE,9.0,68
14310,2025-12-24,SRE,SAHARANPUR,17.0,103
14310,2025-12-24,DBD,DEOBAND,23.0,137
14310,2025-12-24,MOZ,MUZAFFARNAGAR,22.0,161
14310,2025-12-24,MTC,MEERUT CITY,17.0,217
14310,2025-12-24,GZB,GHAZIABAD,18.0,264
14310,2025-12-24,NZM,H NIZAMUDDIN,1.0,287
14310,2025-12-24,FDB,FARIDABAD,1.0,308
14310,2025-12-24,KSV,KOSI KALAN,7.0,379
14310,2025-12-24,MTJ,MATHURA JN,17.0,420
14310,2025-12-24,RKM,RAJA KI MANDI,23.0,470
14310,2025-12-24,AGC,AGRA CANTT,17.0,474
14310,2025-12-24,DHO,DHAULPUR,0.0,526
14310,2025-12-24,MRA,MORENA,0.0,554
14310,2025-12-24,BAO,BANMOR,0.0,573
14310,2025-12-24,GWL,GWALIOR,1.0,592
14310,2025-12-24,SVPI,SHIVPURI,5.0,718
14310,2025-12-24,KLRS,KOLARAS,,744
14310,2025-12-24,GUNA,GUNA,10.0,820
14310,2025-12-24,RTA,RUTHIYAI,16.0,840
14310,2025-12-24,KHRJ,KUMBHRAJ,16.0,864
14310,2025-12-24,BRRG,BIYAVRA RAJGARH,10.0,917
14310,2025-12-24,PFR,PACHOR ROAD,24.0,947
14310,2025-12-24,SFW,SARANGPUR,,979
14310,2025-12-24,SFY,SHAJAPUR,75.0,1006
14310,2025-12-24,MKC,MAKSI,11.0,1034
14310,2025-12-24,UJN,UJJAIN JN,21.0,1075
14310,2025-12-24,DWX,DEWAS,19.0,1115
14310,2025-12-24,LMNR,LAKSHMIBAI NGR,-20.0,1151
14310,2025-12-30,YNRK,YOGNAGARI RISHIKESH,5.0,0
14310,2025-12-30,RWL,RAIWALA,,11
14310,2025-12-30,MOTC,MOTICHUR,,18
14310,2025-12-30,HW,HARIDWAR JN,9.0,23
14310,2025-12-30,JWP,JWALAPUR,,27
14310,2025-12-30,RK,ROORKEE,3.0,68
14310,2025-12-30,SRE,SAHARANPUR,18.0,103
14310,2025-12-30,DBD,DEOBAND,30.0,137
14310,2025-12-30,MOZ,MUZAFFARNAGAR,31.0,161
14310,2025-12-30,MTC,MEERUT CITY,28.0,217
14310,2025-12-30,GZB,GHAZIABAD,10.0,264
14310,2025-12-30,NZM,H NIZAMUDDIN,1.0,287
14310,2025-12-30,FDB,FARIDABAD,37.0,308
14310,2025-12-30,KSV,KOSI KALAN,40.0,379
14310,2025-12-30,MTJ,MATHURA JN,61.0,420
14310,2025-12-30,RKM,RAJA KI MANDI,57.0,470
14310,2025-12-30,AGC,AGRA CANTT,50.0,474
14310,2025-12-30,DHO,DHAULPUR,29.0,526
14310,2025-12-30,MRA,MORENA,25.0,554
14310,2025-12-30,BAO,BANMOR,24.0,573
14310,2025-12-30,GWL,GWALIOR,17.0,592
14310,2025-12-30,SVPI,SHIVPURI,24.0,718
14310,2025-12-30,KLRS,KOLARAS,,744
14310,2025-12-30,GUNA,GUNA,60.0,820
14310,2025-12-30,RTA,RUTHIYAI,63.0,840
14310,2025-12-30,KHRJ,KUMBHRAJ,62.0,864
14310,2025-12-30,BRRG,BIYAVRA RAJGARH,68.0,917
14310,2025-12-30,PFR,PACHOR ROAD,89.0,947
14310,2025-12-30,SFW,SARANGPUR,,979
14310,2025-12-30,SFY,SHAJAPUR,97.0,1006
14310,2025-12-30,MKC,MAKSI,0.0,1034
14310,2025-12-30,UJN,UJJAIN JN,25.0,1075
14310,2025-12-30,DWX,DEWAS,23.0,1115
14310,2025-12-30,LMNR,LAKSHMIBAI NGR,-25.0,1151
14310,2025-12-31,YNRK,YOGNAGARI RISHIKESH,1.0,0
14310,2025-12-31,RWL,RAIWALA,,11
14310,2025-12-31,MOTC,MOTICHUR,,18
14310,2025-12-31,HW,HARIDWAR JN,0.0,23
14310,2025-12-31,JWP,JWALAPUR,,27
14310,2025-12-31,RK,ROORKEE,6.0,68
14310,2025-12-31,SRE,SAHARANPUR,0.0,103
14310,2025-12-31,DBD,DEOBAND,52.0,137
14310,2025-12-31,MOZ,MUZAFFARNAGAR,51.0,161
14310,2025-12-31,MTC,MEERUT CITY,50.0,217
14310,2025-12-31,GZB,GHAZIABAD,29.0,264
14310,2025-12-31,NZM,H NIZAMUDDIN,62.0,287
14310,2025-12-31,FDB,FARIDABAD,61.0,308
14310,2025-12-31,KSV,KOSI KALAN,127.0,379
14310,2025-12-31,MTJ,MATHURA JN,141.0,420
14310,2025-12-31,RKM,RAJA KI MANDI,149.0,470
14310,2025-12-31,AGC,AGRA CANTT,151.0,474
14310,2025-12-31,DHO,DHAULPUR,139.0,526
14310,2025-12-31,MRA,MORENA,140.0,554
14310,2025-12-31,BAO,BANMOR,153.0,573
14310,2025-12-31,GWL,GWALIOR,153.0,592
14310,2025-12-31,SVPI,SHIVPURI,204.0,718
14310,2025-12-31,KLRS,KOLARAS,,744
14310,2025-12-31,GUNA,GUNA,267.0,820
14310,2025-12-31,RTA,RUTHIYAI,271.0,840
14310,2025-12-31,KHRJ,KUMBHRAJ,273.0,864
14310,2025-12-31,BRRG,BIYAVRA RAJGARH,275.0,917
14310,2025-12-31,PFR,PACHOR ROAD,292.0,947
14310,2025-12-31,SFW,SARANGPUR,,979
14310,2025-12-31,SFY,SHAJAPUR,303.0,1006
14310,2025-12-31,MKC,MAKSI,196.0,1034
14310,2025-12-31,UJN,UJJAIN JN,205.0,1075
14310,2025-12-31,DWX,DEWAS,202.0,1115
14310,2025-12-31,LMNR,LAKSHMIBAI NGR,170.0,1151
14310,2026-01-06,YNRK,YOGNAGARI RISHIKESH,0.0,0
14310,2026-01-06,RWL,RAIWALA,,11
14310,2026-01-06,MOTC,MOTICHUR,,18
14310,2026-01-06,HW,HARIDWAR JN,1.0,23
14310,2026-01-06,JWP,JWALAPUR,,27
14310,2026-01-06,RK,ROORKEE,9.0,68
14310,2026-01-06,SRE,SAHARANPUR,0.0,103
14310,2026-01-06,DBD,DEOBAND,22.0,137
14310,2026-01-06,MOZ,MUZAFFARNAGAR,20.0,161
14310,2026-01-06,MTC,MEERUT CITY,26.0,217
14310,2026-01-06,GZB,GHAZIABAD,9.0,264
14310,2026-01-06,NZM,H NIZAMUDDIN,1.0,287
14310,2026-01-06,FDB,FARIDABAD,8.0,308
14310,2026-01-06,KSV,KOSI KALAN,30.0,379
14310,2026-01-06,MTJ,MATHURA JN,40.0,420
14310,2026-01-06,RKM,RAJA KI MANDI,42.0,470
14310,2026-01-06,AGC,AGRA CANTT,38.0,474
14310,2026-01-06,DHO,DHAULPUR,21.0,526
14310,2026-01-06,MRA,MORENA,18.0,554
14310,2026-01-06,BAO,BANMOR,22.0,573
14310,2026-01-06,GWL,GWALIOR,19.0,592
14310,2026-01-06,SVPI,SHIVPURI,23.0,718
14310,2026-01-06,KLRS,KOLARAS,,744
14310,2026-01-06,GUNA,GUNA,47.0,820
14310,2026-01-06,RTA,RUTHIYAI,48.0,840
14310,2026-01-06,KHRJ,KUMBHRAJ,50.0,864
14310,2026-01-06,BRRG,BIYAVRA RAJGARH,53.0,917
14310,2026-01-06,PFR,PACHOR ROAD,67.0,947
14310,2026-01-06,SFW,SARANGPUR,,979
14310,2026-01-06,SFY,SHAJAPUR,92.0,1006
14310,2026-01-06,MKC,MAKSI,0.0,1034
14310,2026-01-06,UJN,UJJAIN JN,12.0,1075
14310,2026-01-06,DWX,DEWAS,8.0,1115
14310,2026-01-06,LMNR,LAKSHMIBAI NGR,-39.0,1151
14310,2026-01-07,YNRK,YOGNAGARI RISHIKESH,0.0,0
14310,2026-01-07,RWL,RAIWALA,,11
14310,2026-01-07,MOTC,MOTICHUR,,18
14310,2026-01-07,HW,HARIDWAR JN,0.0,23
14310,2026-01-07,JWP,JWALAPUR,,27
14310,2026-01-07,RK,ROORKEE,0.0,68
14310,2026-01-07,SRE,SAHARANPUR,1.0,103
14310,2026-01-07,DBD,DEOBAND,2.0,137
14310,2026-01-07,MOZ,MUZAFFARNAGAR,9.0,161
14310,2026-01-07,MTC,MEERUT CITY,12.0,217
14310,2026-01-07,GZB,GHAZIABAD,35.0,264
14310,2026-01-07,NZM,H NIZAMUDDIN,34.0,287
14310,2026-01-07,FDB,FARIDABAD,48.0,308
14310,2026-01-07,KSV,KOSI KALAN,56.0,379
14310,2026-01-07,MTJ,MATHURA JN,71.0,420
14310,2026-01-07,RKM,RAJA KI MANDI,82.0,470
14310,2026-01-07,AGC,AGRA CANTT,74.0,474
14310,2026-01-07,DHO,DHAULPUR,56.0,526
14310,2026-01-07,MRA,MORENA,63.0,554
14310,2026-01-07,BAO,BANMOR,62.0,573
14310,2026-01-07,GWL,GWALIOR,46.0,592
14310,2026-01-07,SVPI,SHIVPURI,68.0,718
14310,2026-01-07,KLRS,KOLARAS,,744
14310,2026-01-07,GUNA,GUNA,64.0,820
14310,2026-01-07,RTA,RUTHIYAI,65.0,840
14310,2026-01-07,KHRJ,KUMBHRAJ,65.0,864
14310,2026-01-07,BRRG,BIYAVRA RAJGARH,79.0,917
14310,2026-01-07,PFR,PACHOR ROAD,90.0,947
14310,2026-01-07,SFW,SARANGPUR,,979
14310,2026-01-07,SFY,SHAJAPUR,104.0,1006
14310,2026-01-07,MKC,MAKSI,1.0,1034
14310,2026-01-07,UJN,UJJAIN JN,10.0,1075
14310,2026-01-07,DWX,DEWAS,11.0,1115
14310,2026-01-07,LMNR,LAKSHMIBAI NGR,-32.0,1151
14310,2026-01-13,YNRK,YOGNAGARI RISHIKESH,0.0,0
14310,2026-01-13,RWL,RAIWALA,,11
14310,2026-01-13,MOTC,MOTICHUR,,18
14310,2026-01-13,HW,HARIDWAR JN,1.0,23
14310,2026-01-13,JWP,JWALAPUR,,27
14310,2026-01-13,RK,ROORKEE,5.0,68
14310,2026-01-13,SRE,SAHARANPUR,0.0,103
14310,2026-01-13,DBD,DEOBAND,13.0,137
14310,2026-01-13,MOZ,MUZAFFARNAGAR,12.0,161
14310,2026-01-13,MTC,MEERUT CITY,17.0,217
14310,2026-01-13,GZB,GHAZIABAD,52.0,264
14310,2026-01-13,NZM,H NIZAMUDDIN,65.0,287
14310,2026-01-13,FDB,FARIDABAD,69.0,308
14310,2026-01-13,KSV,KOSI KALAN,85.0,379
14310,2026-01-13,MTJ,MATHURA JN,108.0,420
14310,2026-01-13,RKM,RAJA KI MANDI,106.0,470
14310,2026-01-13,AGC,AGRA CANTT,102.0,474
14310,2026-01-13,DHO,DHAULPUR,88.0,526
14310,2026-01-13,MRA,MORENA,100.0,554
14310,2026-01-13,BAO,BANMOR,96.0,573
14310,2026-01-13,GWL,GWALIOR,90.0,592
14310,2026-01-13,SVPI,SHIVPURI,133.0,718
14310,2026-01-13,KLRS,KOLARAS,,744
14310,2026-01-13,GUNA,GUNA,182.0,820
14310,2026-01-13,RTA,RUTHIYAI,195.0,840
14310,2026-01-13,KHRJ,KUMBHRAJ,204.0,864
14310,2026-01-13,BRRG,BIYAVRA RAJGARH,206.0,917
14310,2026-01-13,PFR,PACHOR ROAD,219.0,947
14310,2026-01-13,SFW,SARANGPUR,,979
14310,2026-01-13,SFY,SHAJAPUR,231.0,1006
14310,2026-01-13,MKC,MAKSI,122.0,1034
14310,2026-01-13,UJN,UJJAIN JN,140.0,1075
14310,2026-01-13,DWX,DEWAS,135.0,1115
14310,2026-01-13,LMNR,LAKSHMIBAI NGR,97.0,1151
14310,2026-01-14,YNRK,YOGNAGARI RISHIKESH,1.0,0
14310,2026-01-14,RWL,RAIWALA,,11
14310,2026-01-14,MOTC,MOTICHUR,,18
14310,2026-01-14,HW,HARIDWAR JN,0.0,23
14310,2026-01-14,JWP,JWALAPUR,,27
14310,2026-01-14,RK,ROORKEE,13.0,68
14310,2026-01-14,SRE,SAHARANPUR,13.0,103
14310,2026-01-14,DBD,DEOBAND,20.0,137
14310,2026-01-14,MOZ,MUZAFFARNAGAR,21.0,161
14310,2026-01-14,MTC,MEERUT CITY,21.0,217
14310,2026-01-14,GZB,GHAZIABAD,40.0,264
14310,2026-01-14,NZM,H NIZAMUDDIN,18.0,287
14310,2026-01-14,FDB,FARIDABAD,44.0,308
14310,2026-01-14,KSV,KOSI KALAN,57.0,379
14310,2026-01-14,MTJ,MATHURA JN,63.0,420
14310,2026-01-14,RKM,RAJA KI MANDI,70.0,470
14310,2026-01-14,AGC,AGRA CANTT,65.0,474
14310,2026-01-14,DHO,DHAULPUR,47.0,526
14310,2026-01-14,MRA,MORENA,52.0,554
14310,2026-01-14,BAO,BANMOR,67.0,573
14310,2026-01-14,GWL,GWALIOR,108.0,592
14310,2026-01-14,SVPI,SHIVPURI,118.0,718
14310,2026-01-14,KLRS,KOLARAS,,744
14310,2026-01-14,GUNA,GUNA,120.0,820
14310,2026-01-14,RTA,RUTHIYAI,119.0,840
14310,2026-01-14,KHRJ,KUMBHRAJ,125.0,864
14310,2026-01-14,BRRG,BIYAVRA RAJGARH,162.0,917
14310,2026-01-14,PFR,PACHOR ROAD,177.0,947
14310,2026-01-14,SFW,SARANGPUR,,979
14310,2026-01-14,SFY,SHAJAPUR,196.0,1006
14310,2026-01-14,MKC,MAKSI,87.0,1034
14310,2026-01-14,UJN,UJJAIN JN,101.0,1075
14310,2026-01-14,DWX,DEWAS,103.0,1115
14310,2026-01-14,LMNR,LAKSHMIBAI NGR,63.0,1151
14310,2026-01-20,YNRK,YOGNAGARI RISHIKESH,0.0,0
14310,2026-01-20,RWL,RAIWALA,,11
14310,2026-01-20,MOTC,MOTICHUR,,18
14310,2026-01-20,HW,HARIDWAR JN,0.0,23
14310,2026-01-20,JWP,JWALAPUR,,27
14310,2026-01-20,RK,ROORKEE,0.0,68
14310,2026-01-20,SRE,SAHARANPUR,0.0,103
14310,2026-01-20,DBD,DEOBAND,0.0,137
14310,2026-01-20,MOZ,MUZAFFARNAGAR,3.0,161
14310,2026-01-20,MTC,MEERUT CITY,19.0,217
14310,2026-01-20,GZB,GHAZIABAD,13.0,264
14310,2026-01-20,NZM,H NIZAMUDDIN,1.0,287
14310,2026-01-20,FDB,FARIDABAD,5.0,308
14310,2026-01-20,KSV,KOSI KALAN,14.0,379
14310,2026-01-20,MTJ,MATHURA JN,51.0,420
14310,2026-01-20,RKM,RAJA KI MANDI,53.0,470
14310,2026-01-20,AGC,AGRA CANTT,54.0,474
14310,2026-01-20,DHO,DHAULPUR,36.0,526
14310,2026-01-20,MRA,MORENA,29.0,554
14310,2026-01-20,BAO,BANMOR,28.0,573
14310,2026-01-20,GWL,GWALIOR,24.0,592
14310,2026-01-20,SVPI,SHIVPURI,50.0,718
14310,2026-01-20,KLRS,KOLARAS,,744
14310,2026-01-20,GUNA,GUNA,30.0,820
14310,2026-01-20,RTA,RUTHIYAI,29.0,840
14310,2026-01-20,KHRJ,KUMBHRAJ,34.0,864
14310,2026-01-20,BRRG,BIYAVRA RAJGARH,37.0,917
14310,2026-01-20,PFR,PACHOR ROAD,49.0,947
14310,2026-01-20,SFW,SARANGPUR,,979
14310,2026-01-20,SFY,SHAJAPUR,77.0,1006
14310,2026-01-20,MKC,MAKSI,0.0,1034
14310,2026-01-20,UJN,UJJAIN JN,8.0,1075
14310,2026-01-20,DWX,DEWAS,3.0,1115
14310,2026-01-20,LMNR,LAKSHMIBAI NGR,-41.0,1151
14310,2026-01-21,YNRK,YOGNAGARI RISHIKESH,0.0,0
14310,2026-01-21,RWL,RAIWALA,,11
14310,2026-01-21,MOTC,MOTICHUR,,18
14310,2026-01-21,HW,HARIDWAR JN,0.0,23
14310,2026-01-21,JWP,JWALAPUR,,27
14310,2026-01-21,RK,ROORKEE,10.0,68
14310,2026-01-21,SRE,SAHARANPUR,0.0,103
14310,2026-01-21,DBD,DEOBAND,11.0,137
14310,2026-01-21,MOZ,MUZAFFARNAGAR,10.0,161
14310,2026-01-21,MTC,MEERUT CITY,16.0,217
14310,2026-01-21,GZB,GHAZIABAD,23.0,264
14310,2026-01-21,NZM,H NIZAMUDDIN,11.0,287
14310,2026-01-21,FDB,FARIDABAD,31.0,308
14310,2026-01-21,KSV,KOSI KALAN,59.0,379
14310,2026-01-21,MTJ,MATHURA JN,80.0,420
14310,2026-01-21,RKM,RAJA KI MANDI,82.0,470
14310,2026-01-21,AGC,AGRA CANTT,77.0,474
14310,2026-01-21,DHO,DHAULPUR,70.0,526
14310,2026-01-21,MRA,MORENA,72.0,554
14310,2026-01-21,BAO,BANMOR,72.0,573
14310,2026-01-21,GWL,GWALIOR,75.0,592
14310,2026-01-21,SVPI,SHIVPURI,143.0,718
14310,2026-01-21,KLRS,KOLARAS,,744
14310,2026-01-21,GUNA,GUNA,171.0,820
14310,2026-01-21,RTA,RUTHIYAI,170.0,840
14310,2026-01-21,KHRJ,KUMBHRAJ,172.0,864
14310,2026-01-21,BRRG,BIYAVRA RAJGARH,200.0,917
14310,2026-01-21,PFR,PACHOR ROAD,214.0,947
14310,2026-01-21,SFW,SARANGPUR,,979
14310,2026-01-21,SFY,SHAJAPUR,228.0,1006
14310,2026-01-21,MKC,MAKSI,120.0,1034
14310,2026-01-21,UJN,UJJAIN JN,141.0,1075
14310,2026-01-21,DWX,DEWAS,140.0,1115
14310,2026-01-21,LMNR,LAKSHMIBAI NGR,93.0,1151
14310,2026-01-27,YNRK,YOGNAGARI RISHIKESH,2.0,0
14310,2026-01-27,RWL,RAIWALA,,11
14310,2026-01-27,MOTC,MOTICHUR,,18
14310,2026-01-27,HW,HARIDWAR JN,1.0,23
14310,2026-01-27,JWP,JWALAPUR,,27
14310,2026-01-27,RK,ROORKEE,4.0,68
14310,2026-01-27,SRE,SAHARANPUR,1.0,103
14310,2026-01-27,DBD,DEOBAND,3.0,137
14310,2026-01-27,MOZ,MUZAFFARNAGAR,3.0,161
14310,2026-01-27,MTC,MEERUT CITY,9.0,217
14310,2026-01-27,GZB,GHAZIABAD,6.0,264
14310,2026-01-27,NZM,H NIZAMUDDIN,12.0,287
14310,2026-01-27,FDB,FARIDABAD,34.0,308
14310,2026-01-27,KSV,KOSI KALAN,57.0,379
14310,2026-01-27,MTJ,MATHURA JN,72.0,420
14310,2026-01-27,RKM,RAJA KI MANDI,72.0,470
14310,2026-01-27,AGC,AGRA CANTT,81.0,474
14310,2026-01-27,DHO,DHAULPUR,66.0,526
14310,2026-01-27,MRA,MORENA,61.0,554
14310,2026-01-27,BAO,BANMOR,65.0,573
14310,2026-01-27,GWL,GWALIOR,79.0,592
14310,2026-01-27,SVPI,SHIVPURI,135.0,718
14310,2026-01-27,KLRS,KOLARAS,,744
14310,2026-01-27,GUNA,GUNA,179.0,820
14310,2026-01-27,RTA,RUTHIYAI,178.0,840
14310,2026-01-27,KHRJ,KUMBHRAJ,181.0,864
14310,2026-01-27,BRRG,BIYAVRA RAJGARH,185.0,917
14310,2026-01-27,PFR,PACHOR ROAD,196.0,947
14310,2026-01-27,SFW,SARANGPUR,,979
14310,2026-01-27,SFY,SHAJAPUR,213.0,1006
14310,2026-01-27,MKC,MAKSI,103.0,1034
14310,2026-01-27,UJN,UJJAIN JN,112.0,1075
14310,2026-01-27,DWX,DEWAS,110.0,1115
14310,2026-01-27,LMNR,LAKSHMIBAI NGR,64.0,1151
14310,2026-01-28,YNRK,YOGNAGARI RISHIKESH,3.0,0
14310,2026-01-28,RWL,RAIWALA,,11
14310,2026-01-28,MOTC,MOTICHUR,,18
14310,2026-01-28,HW,HARIDWAR JN,10.0,23
14310,2026-01-28,JWP,JWALAPUR,,27
14310,2026-01-28,RK,ROORKEE,9.0,68
14310,2026-01-28,SRE,SAHARANPUR,1.0,103
14310,2026-01-28,DBD,DEOBAND,4.0,137
14310,2026-01-28,MOZ,MUZAFFARNAGAR,2.0,161
14310,2026-01-28,MTC,MEERUT CITY,8.0,217
14310,2026-01-28,GZB,GHAZIABAD,1.0,264
14310,2026-01-28,NZM,H NIZAMUDDIN,1.0,287
14310,2026-01-28,FDB,FARIDABAD,7.0,308
14310,2026-01-28,KSV,KOSI KALAN,6.0,379
14310,2026-01-28,MTJ,MATHURA JN,15.0,420
14310,2026-01-28,RKM,RAJA KI MANDI,14.0,470
14310,2026-01-28,AGC,AGRA CANTT,9.0,474
14310,2026-01-28,DHO,DHAULPUR,1.0,526
14310,2026-01-28,MRA,MORENA,0.0,554
14310,2026-01-28,BAO,BANMOR,0.0,573
14310,2026-01-28,GWL,GWALIOR,0.0,592
14310,2026-01-28,SVPI,SHIVPURI,40.0,718
14310,2026-01-28,KLRS,KOLARAS,,744
14310,2026-01-28,GUNA,GUNA,48.0,820
14310,2026-01-28,RTA,RUTHIYAI,50.0,840
14310,2026-01-28,KHRJ,KUMBHRAJ,59.0,864
14310,2026-01-28,BRRG,BIYAVRA RAJGARH,80.0,917
14310,2026-01-28,PFR,PACHOR ROAD,94.0,947
14310,2026-01-28,SFW,SARANGPUR,,979
14310,2026-01-28,SFY,SHAJAPUR,114.0,1006
14310,2026-01-28,MKC,MAKSI,1.0,1034
14310,2026-01-28,UJN,UJJAIN JN,19.0,1075
14310,2026-01-28,DWX,DEWAS,17.0,1115
14310,2026-01-28,LMNR,LAKSHMIBAI NGR,-18.0,1151
14310,2026-02-03,YNRK,YOGNAGARI RISHIKESH,0.0,0
14310,2026-02-03,RWL,RAIWALA,,11
14310,2026-02-03,MOTC,MOTICHUR,,18
14310,2026-02-03,HW,HARIDWAR JN,0.0,23
14310,2026-02-03,JWP,JWALAPUR,,27
14310,2026-02-03,RK,ROORKEE,16.0,68
14310,2026-02-03,SRE,SAHARANPUR,0.0,103
14310,2026-02-03,DBD,DEOBAND,24.0,137
14310,2026-02-03,MOZ,MUZAFFARNAGAR,29.0,161
14310,2026-02-03,MTC,MEERUT CITY,32.0,217
14310,2026-02-03,GZB,GHAZIABAD,34.0,264
14310,2026-02-03,NZM,H NIZAMUDDIN,27.0,287
14310,2026-02-03,FDB,FARIDABAD,45.0,308
14310,2026-02-03,KSV,KOSI KALAN,52.0,379
14310,2026-02-03,MTJ,MATHURA JN,75.0,420
14310,2026-02-03,RKM,RAJA KI MANDI,88.0,470
14310,2026-02-03,AGC,AGRA CANTT,82.0,474
14310,2026-02-03,DHO,DHAULPUR,69.0,526
14310,2026-02-03,MRA,MORENA,62.0,554
14310,2026-02-03,BAO,BANMOR,61.0,573
14310,2026-02-03,GWL,GWALIOR,99.0,592
14310,2026-02-03,SVPI,SHIVPURI,162.0,718
14310,2026-02-03,KLRS,KOLARAS,,744
14310,2026-02-03,GUNA,GUNA,180.0,820
14310,2026-02-03,RTA,RUTHIYAI,177.0,840
14310,2026-02-03,KHRJ,KUMBHRAJ,199.0,864
14310,2026-02-03,BRRG,BIYAVRA RAJGARH,201.0,917
14310,2026-02-03,PFR,PACHOR ROAD,215.0,947
14310,2026-02-03,SFW,SARANGPUR,,979
14310,2026-02-03,SFY,SHAJAPUR,231.0,1006
14310,2026-02-03,MKC,MAKSI,120.0,1034
14310,2026-02-03,UJN,UJJAIN JN,138.0,1075
14310,2026-02-03,DWX,DEWAS,137.0,1115
14310,2026-02-03,LMNR,LAKSHMIBAI NGR,90.0,1151
14310,2026-02-04,YNRK,YOGNAGARI RISHIKESH,0.0,0
14310,2026-02-04,RWL,RAIWALA,,11
14310,2026-02-04,MOTC,MOTICHUR,,18
14310,2026-02-04,HW,HARIDWAR JN,3.0,23
14310,2026-02-04,JWP,JWALAPUR,,27
14310,2026-02-04,RK,ROORKEE,21.0,68
14310,2026-02-04,SRE,SAHARANPUR,11.0,103
14310,2026-02-04,DBD,DEOBAND,19.0,137
14310,2026-02-04,MOZ,MUZAFFARNAGAR,23.0,161
14310,2026-02-04,MTC,MEERUT CITY,48.0,217
14310,2026-02-04,GZB,GHAZIABAD,51.0,264
14310,2026-02-04,NZM,H NIZAMUDDIN,37.0,287
14310,2026-02-04,FDB,FARIDABAD,71.0,308
14310,2026-02-04,KSV,KOSI KALAN,71.0,379
14310,2026-02-04,MTJ,MATHURA JN,80.0,420
14310,2026-02-04,RKM,RAJA KI MANDI,107.0,470
14310,2026-02-04,AGC,AGRA CANTT,99.0,474
14310,2026-02-04,DHO,DHAULPUR,83.0,526
14310,2026-02-04,MRA,MORENA,73.0,554
14310,2026-02-04,BAO,BANMOR,73.0,573
14310,2026-02-04,GWL,GWALIOR,98.0,592
14310,2026-02-04,SVPI,SHIVPURI,111.0,718
14310,2026-02-04,KLRS,KOLARAS,,744
14310,2026-02-04,GUNA,GUNA,192.0,820
14310,2026-02-04,RTA,RUTHIYAI,193.0,840
14310,2026-02-04,KHRJ,KUMBHRAJ,195.0,864
14310,2026-02-04,BRRG,BIYAVRA RAJGARH,193.0,917
14310,2026-02-04,PFR,PACHOR ROAD,199.0,947
14310,2026-02-04,SFW,SARANGPUR,,979
14310,2026-02-04,SFY,SHAJAPUR,218.0,1006
14310,2026-02-04,MKC,MAKSI,105.0,1034
14310,2026-02-04,UJN,UJJAIN JN,116.0,1075
14310,2026-02-04,DWX,DEWAS,114.0,1115
14310,2026-02-04,LMNR,LAKSHMIBAI NGR,69.0,1151
14310,2026-02-10,YNRK,YOGNAGARI RISHIKESH,0.0,0
14310,2026-02-10,RWL,RAIWALA,,11
14310,2026-02-10,MOTC,MOTICHUR,,18
14310,2026-02-10,HW,HARIDWAR JN,8.0,23
14310,2026-02-10,JWP,JWALAPUR,,27
14310,2026-02-10,RK,ROORKEE,7.0,68
14310,2026-02-10,SRE,SAHARANPUR,0.0,103
14310,2026-02-10,DBD,DEOBAND,2.0,137
14310,2026-02-10,MOZ,MUZAFFARNAGAR,6.0,161
14310,2026-02-10,MTC,MEERUT CITY,15.0,217
14310,2026-02-10,GZB,GHAZIABAD,10.0,264
14310,2026-02-10,NZM,H NIZAMUDDIN,0.0,287
14310,2026-02-10,FDB,FARIDABAD,4.0,308
14310,2026-02-10,KSV,KOSI KALAN,1.0,379
14310,2026-02-10,MTJ,MATHURA JN,16.0,420
14310,2026-02-10,RKM,RAJA KI MANDI,35.0,470
14310,2026-02-10,AGC,AGRA CANTT,32.0,474
14310,2026-02-10,DHO,DHAULPUR,12.0,526
14310,2026-02-10,MRA,MORENA,13.0,554
14310,2026-02-10,BAO,BANMOR,11.0,573
14310,2026-02-10,GWL,GWALIOR,6.0,592
14310,2026-02-10,SVPI,SHIVPURI,14.0,718
14310,2026-02-10,KLRS,KOLARAS,,744
14310,2026-02-10,GUNA,GUNA,2.0,820
14310,2026-02-10,RTA,RUTHIYAI,0.0,840
14310,2026-02-10,KHRJ,KUMBHRAJ,5.0,864
14310,2026-02-10,BRRG,BIYAVRA RAJGARH,17.0,917
14310,2026-02-10,PFR,PACHOR ROAD,24.0,947
14310,2026-02-10,SFW,SARANGPUR,,979
14310,2026-02-10,SFY,SHAJAPUR,75.0,1006
14310,2026-02-10,MKC,MAKSI,0.0,1034
14310,2026-02-10,UJN,UJJAIN JN,18.0,1075
14310,2026-02-10,DWX,DEWAS,17.0,1115
14310,2026-02-10,LMNR,LAKSHMIBAI NGR,-27.0,1151
14310,2026-02-11,YNRK,YOGNAGARI RISHIKESH,0.0,0
14310,2026-02-11,RWL,RAIWALA,,11
14310,2026-02-11,MOTC,MOTICHUR,,18
14310,2026-02-11,HW,HARIDWAR JN,4.0,23
14310,2026-02-11,JWP,JWALAPUR,,27
14310,2026-02-11,RK,ROORKEE,7.0,68
14310,2026-02-11,SRE,SAHARANPUR,1.0,103
14310,2026-02-11,DBD,DEOBAND,1.0,137
14310,2026-02-11,MOZ,MUZAFFARNAGAR,3.0,161
14310,2026-02-11,MTC,MEERUT CITY,14.0,217
14310,2026-02-11,GZB,GHAZIABAD,3.0,264
14310,2026-02-11,NZM,H NIZAMUDDIN,8.0,287
14310,2026-02-11,FDB,FARIDABAD,13.0,308
14310,2026-02-11,KSV,KOSI KALAN,17.0,379
14310,2026-02-11,MTJ,MATHURA JN,34.0,420
14310,2026-02-11,RKM,RAJA KI MANDI,37.0,470
14310,2026-02-11,AGC,AGRA CANTT,32.0,474
14310,2026-02-11,DHO,DHAULPUR,13.0,526
14310,2026-02-11,MRA,MORENA,5.0,554
14310,2026-02-11,BAO,BANMOR,4.0,573
14310,2026-02-11,GWL,GWALIOR,6.0,592
14310,2026-02-11,SVPI,SHIVPURI,31.0,718
14310,2026-02-11,KLRS,KOLARAS,,744
14310,2026-02-11,GUNA,GUNA,1.0,820
14310,2026-02-11,RTA,RUTHIYAI,1.0,840
14310,2026-02-11,KHRJ,KUMBHRAJ,5.0,864
14310,2026-02-11,BRRG,BIYAVRA RAJGARH,4.0,917
14310,2026-02-11,PFR,PACHOR ROAD,22.0,947
14310,2026-02-11,SFW,SARANGPUR,,979
14310,2026-02-11,SFY,SHAJAPUR,71.0,1006
14310,2026-02-11,MKC,MAKSI,1.0,1034
14310,2026-02-11,UJN,UJJAIN JN,12.0,1075
14310,2026-02-11,DWX,DEWAS,7.0,1115
14310,2026-02-11,LMNR,LAKSHMIBAI NGR,-36.0,1151
14310,2026-02-17,YNRK,YOGNAGARI RISHIKESH,0.0,0
14310,2026-02-17,RWL,RAIWALA,,11
14310,2026-02-17,MOTC,MOTICHUR,,18
14310,2026-02-17,HW,HARIDWAR JN,10.0,23
14310,2026-02-17,JWP,JWALAPUR,,27
14310,2026-02-17,RK,ROORKEE,7.0,68
14310,2026-02-17,SRE,SAHARANPUR,2.0,103
14310,2026-02-17,DBD,DEOBAND,3.0,137
14310,2026-02-17,MOZ,MUZAFFARNAGAR,5.0,161
14310,2026-02-17,MTC,MEERUT CITY,8.0,217
14310,2026-02-17,GZB,GHAZIABAD,0.0,264
14310,2026-02-17,NZM,H NIZAMUDDIN,115.0,287
14310,2026-02-17,FDB,FARIDABAD,160.0,308
14310,2026-02-17,KSV,KOSI KALAN,164.0,379
14310,2026-02-17,MTJ,MATHURA JN,188.0,420
14310,2026-02-17,RKM,RAJA KI MANDI,193.0,470
14310,2026-02-17,AGC,AGRA CANTT,194.0,474
14310,2026-02-17,DHO,DHAULPUR,169.0,526
14310,2026-02-17,MRA,MORENA,172.0,554
14310,2026-02-17,BAO,BANMOR,174.0,573
14310,2026-02-17,GWL,GWALIOR,180.0,592
14310,2026-02-17,SVPI,SHIVPURI,212.0,718
14310,2026-02-17,KLRS,KOLARAS,,744
14310,2026-02-17,GUNA,GUNA,216.0,820
14310,2026-02-17,RTA,RUTHIYAI,227.0,840
14310,2026-02-17,KHRJ,KUMBHRAJ,284.0,864
14310,2026-02-17,BRRG,BIYAVRA RAJGARH,282.0,917
14310,2026-02-17,PFR,PACHOR ROAD,291.0,947
14310,2026-02-17,SFW,SARANGPUR,,979
14310,2026-02-17,SFY,SHAJAPUR,309.0,1006
14310,2026-02-17,MKC,MAKSI,200.0,1034
14310,2026-02-17,UJN,UJJAIN JN,224.0,1075
14310,2026-02-17,DWX,DEWAS,238.0,1115
14310,2026-02-17,LMNR,LAKSHMIBAI NGR,185.0,1151
14310,2026-02-18,YNRK,YOGNAGARI RISHIKESH,0.0,0
14310,2026-02-18,RWL,RAIWALA,,11
14310,2026-02-18,MOTC,MOTICHUR,,18
14310,2026-02-18,HW,HARIDWAR JN,1.0,23
14310,2026-02-18,JWP,JWALAPUR,,27
14310,2026-02-18,RK,ROORKEE,4.0,68
14310,2026-02-18,SRE,SAHARANPUR,0.0,103
14310,2026-02-18,DBD,DEOBAND,2.0,137
14310,2026-02-18,MOZ,MUZAFFARNAGAR,2.0,161
14310,2026-02-18,MTC,MEERUT CITY,3.0,217
14310,2026-02-18,GZB,GHAZIABAD,2.0,264
14310,2026-02-18,NZM,H NIZAMUDDIN,12.0,287
14310,2026-02-18,FDB,FARIDABAD,68.0,308
14310,2026-02-18,KSV,KOSI KALAN,70.0,379
14310,2026-02-18,MTJ,MATHURA JN,81.0,420
14310,2026-02-18,RKM,RAJA KI MANDI,78.0,470
14310,2026-02-18,AGC,AGRA CANTT,71.0,474
14310,2026-02-18,DHO,DHAULPUR,76.0,526
14310,2026-02-18,MRA,MORENA,77.0,554
14310,2026-02-18,BAO,BANMOR,79.0,573
14310,2026-02-18,GWL,GWALIOR,88.0,592
14310,2026-02-18,SVPI,SHIVPURI,118.0,718
14310,2026-02-18,KLRS,KOLARAS,,744
14310,2026-02-18,GUNA,GUNA,140.0,820
14310,2026-02-18,RTA,RUTHIYAI,155.0,840
14310,2026-02-18,KHRJ,KUMBHRAJ,156.0,864
14310,2026-02-18,BRRG,BIYAVRA RAJGARH,161.0,917
14310,2026-02-18,PFR,PACHOR ROAD,167.0,947
14310,2026-02-18,SFW,SARANGPUR,167.0,979
14310,2026-02-18,SFY,SHAJAPUR,185.0,1006
14310,2026-02-18,MKC,MAKSI,81.0,1034
14310,2026-02-18,UJN,UJJAIN JN,86.0,1075
14310,2026-02-18,DWX,DEWAS,84.0,1115
14310,2026-02-18,LMNR,LAKSHMIBAI NGR,38.0,1151
14310,2026-02-24,YNRK,YOGNAGARI RISHIKESH,0.0,0
14310,2026-02-24,RWL,RAIWALA,,11
14310,2026-02-24,MOTC,MOTICHUR,,18
14310,2026-02-24,HW,HARIDWAR JN,13.0,23
14310,2026-02-24,JWP,JWALAPUR,,27
14310,2026-02-24,RK,ROORKEE,12.0,68
14310,2026-02-24,SRE,SAHARANPUR,1.0,103
14310,2026-02-24,DBD,DEOBAND,1.0,137
14310,2026-02-24,MOZ,MUZAFFARNAGAR,1.0,161
14310,2026-02-24,MTC,MEERUT CITY,11.0,217
14310,2026-02-24,GZB,GHAZIABAD,3.0,264
14310,2026-02-24,NZM,H NIZAMUDDIN,0.0,287
14310,2026-02-24,FDB,FARIDABAD,4.0,308
14310,2026-02-24,KSV,KOSI KALAN,13.0,379
14310,2026-02-24,MTJ,MATHURA JN,30.0,420
14310,2026-02-24,RKM,RAJA KI MANDI,25.0,470
14310,2026-02-24,AGC,AGRA CANTT,17.0,474
14310,2026-02-24,DHO,DHAULPUR,4.0,526
14310,2026-02-24,MRA,MORENA,11.0,554
14310,2026-02-24,BAO,BANMOR,9.0,573
14310,2026-02-24,GWL,GWALIOR,7.0,592
14310,2026-02-24,SVPI,SHIVPURI,14.0,718
14310,2026-02-24,KLRS,KOLARAS,,744
14310,2026-02-24,GUNA,GUNA,0.0,820
14310,2026-02-24,RTA,RUTHIYAI,6.0,840
14310,2026-02-24,KHRJ,KUMBHRAJ,11.0,864
14310,2026-02-24,BRRG,BIYAVRA RAJGARH,29.0,917
14310,2026-02-24,PFR,PACHOR ROAD,44.0,947
14310,2026-02-24,SFW,SARANGPUR,47.0,979
14310,2026-02-24,SFY,SHAJAPUR,67.0,1006
14310,2026-02-24,MKC,MAKSI,0.0,1034
14310,2026-02-24,UJN,UJJAIN JN,13.0,1075
14310,2026-02-24,DWX,DEWAS,9.0,1115
14310,2026-02-24,LMNR,LAKSHMIBAI NGR,-30.0,1151
14310,2026-02-25,YNRK,YOGNAGARI RISHIKESH,3.0,0
14310,2026-02-25,RWL,RAIWALA,,11
14310,2026-02-25,MOTC,MOTICHUR,,18
14310,2026-02-25,HW,HARIDWAR JN,10.0,23
14310,2026-02-25,JWP,JWALAPUR,,27
14310,2026-02-25,RK,ROORKEE,10.0,68
14310,2026-02-25,SRE,SAHARANPUR,0.0,103
14310,2026-02-25,DBD,DEOBAND,4.0,137
14310,2026-02-25,MOZ,MUZAFFARNAGAR,6.0,161
14310,2026-02-25,MTC,MEERUT CITY,7.0,217
14310,2026-02-25,GZB,GHAZIABAD,7.0,264
14310,2026-02-25,NZM,H NIZAMUDDIN,2.0,287
14310,2026-02-25,FDB,FARIDABAD,6.0,308
14310,2026-02-25,KSV,KOSI KALAN,0.0,379
14310,2026-02-25,MTJ,MATHURA JN,30.0,420
14310,2026-02-25,RKM,RAJA KI MANDI,32.0,470
14310,2026-02-25,AGC,AGRA CANTT,34.0,474
14310,2026-02-25,DHO,DHAULPUR,22.0,526
14310,2026-02-25,MRA,MORENA,10.0,554
14310,2026-02-25,BAO,BANMOR,10.0,573
14310,2026-02-25,GWL,GWALIOR,4.0,592
14310,2026-02-25,SVPI,SHIVPURI,10.0,718
14310,2026-02-25,KLRS,KOLARAS,,744
14310,2026-02-25,GUNA,GUNA,1.0,820
14310,2026-02-25,RTA,RUTHIYAI,1.0,840
14310,2026-02-25,KHRJ,KUMBHRAJ,6.0,864
14310,2026-02-25,BRRG,BIYAVRA RAJGARH,13.0,917
14310,2026-02-25,PFR,PACHOR ROAD,26.0,947
14310,2026-02-25,SFW,SARANGPUR,32.0,979
14310,2026-02-25,SFY,SHAJAPUR,68.0,1006
14310,2026-02-25,MKC,MAKSI,0.0,1034
14310,2026-02-25,UJN,UJJAIN JN,8.0,1075
14310,2026-02-25,DWX,DEWAS,4.0,1115
14310,2026-02-25,LMNR,LAKSHMIBAI NGR,-39.0,1151
14310,2026-03-03,YNRK,YOGNAGARI RISHIKESH,0.0,0
14310,2026-03-03,RWL,RAIWALA,,11
14310,2026-03-03,MOTC,MOTICHUR,,18
14310,2026-03-03,HW,HARIDWAR JN,0.0,23
14310,2026-03-03,JWP,JWALAPUR,,27
14310,2026-03-03,RK,ROORKEE,1.0,68
14310,2026-03-03,SRE,SAHARANPUR,1.0,103
14310,2026-03-03,DBD,DEOBAND,2.0,137
14310,2026-03-03,MOZ,MUZAFFARNAGAR,2.0,161
14310,2026-03-03,MTC,MEERUT CITY,3.0,217
14310,2026-03-03,GZB,GHAZIABAD,1.0,264
14310,2026-03-03,NZM,H NIZAMUDDIN,0.0,287
14310,2026-03-03,FDB,FARIDABAD,4.0,308
14310,2026-03-03,KSV,KOSI KALAN,5.0,379
14310,2026-03-03,MTJ,MATHURA JN,16.0,420
14310,2026-03-03,RKM,RAJA KI MANDI,29.0,470
14310,2026-03-03,AGC,AGRA CANTT,23.0,474
14310,2026-03-03,DHO,DHAULPUR,6.0,526
14310,2026-03-03,MRA,MORENA,0.0,554
14310,2026-03-03,BAO,BANMOR,0.0,573
14310,2026-03-03,GWL,GWALIOR,3.0,592
14310,2026-03-03,SVPI,SHIVPURI,7.0,718
14310,2026-03-03,KLRS,KOLARAS,,744
14310,2026-03-03,GUNA,GUNA,16.0,820
14310,2026-03-03,RTA,RUTHIYAI,13.0,840
14310,2026-03-03,KHRJ,KUMBHRAJ,13.0,864
14310,2026-03-03,BRRG,BIYAVRA RAJGARH,16.0,917
14310,2026-03-03,PFR,PACHOR ROAD,27.0,947
14310,2026-03-03,SFW,SARANGPUR,28.0,979
14310,2026-03-03,SFY,SHAJAPUR,73.0,1006
14310,2026-03-03,MKC,MAKSI,0.0,1034
14310,2026-03-03,UJN,UJJAIN JN,9.0,1075
14310,2026-03-03,DWX,DEWAS,8.0,1115
14310,2026-03-03,LMNR,LAKSHMIBAI NGR,-37.0,1151
14310,2026-03-04,YNRK,YOGNAGARI RISHIKESH,1.0,0
14310,2026-03-04,RWL,RAIWALA,,11
14310,2026-03-04,MOTC,MOTICHUR,,18
14310,2026-03-04,HW,HARIDWAR JN,1.0,23
14310,2026-03-04,JWP,JWALAPUR,,27
14310,2026-03-04,RK,ROORKEE,4.0,68
14310,2026-03-04,SRE,SAHARANPUR,1.0,103
14310,2026-03-04,DBD,DEOBAND,3.0,137
14310,2026-03-04,MOZ,MUZAFFARNAGAR,2.0,161
14310,2026-03-04,MTC,MEERUT CITY,2.0,217
14310,2026-03-04,GZB,GHAZIABAD,2.0,264
14310,2026-03-04,NZM,H NIZAMUDDIN,1.0,287
14310,2026-03-04,FDB,FARIDABAD,13.0,308
14310,2026-03-04,KSV,KOSI KALAN,17.0,379
14310,2026-03-04,MTJ,MATHURA JN,30.0,420
14310,2026-03-04,RKM,RAJA KI MANDI,31.0,470
14310,2026-03-04,AGC,AGRA CANTT,27.0,474
14310,2026-03-04,DHO,DHAULPUR,16.0,526
14310,2026-03-04,MRA,MORENA,12.0,554
14310,2026-03-04,BAO,BANMOR,12.0,573
14310,2026-03-04,GWL,GWALIOR,9.0,592
14310,2026-03-04,SVPI,SHIVPURI,13.0,718
14310,2026-03-04,KLRS,KOLARAS,,744
14310,2026-03-04,GUNA,GUNA,7.0,820
14310,2026-03-04,RTA,RUTHIYAI,12.0,840
14310,2026-03-04,KHRJ,KUMBHRAJ,14.0,864
14310,2026-03-04,BRRG,BIYAVRA RAJGARH,16.0,917
14310,2026-03-04,PFR,PACHOR ROAD,26.0,947
14310,2026-03-04,SFW,SARANGPUR,28.0,979
14310,2026-03-04,SFY,SHAJAPUR,75.0,1006
14310,2026-03-04,MKC,MAKSI,1.0,1034
14310,2026-03-04,UJN,UJJAIN JN,21.0,1075
14310,2026-03-04,DWX,DEWAS,17.0,1115
14310,2026-03-04,LMNR,LAKSHMIBAI NGR,-30.0,1151
14310,2026-03-10,YNRK,YOGNAGARI RISHIKESH,1.0,0
14310,2026-03-10,RWL,RAIWALA,,11
14310,2026-03-10,MOTC,MOTICHUR,,18
14310,2026-03-10,HW,HARIDWAR JN,0.0,23
14310,2026-03-10,JWP,JWALAPUR,,27
14310,2026-03-10,RK,ROORKEE,3.0,68
14310,2026-03-10,SRE,SAHARANPUR,2.0,103
14310,2026-03-10,DBD,DEOBAND,2.0,137
14310,2026-03-10,MOZ,MUZAFFARNAGAR,2.0,161
14310,2026-03-10,MTC,MEERUT CITY,16.0,217
14310,2026-03-10,GZB,GHAZIABAD,18.0,264
14310,2026-03-10,NZM,H NIZAMUDDIN,2.0,287
14310,2026-03-10,FDB,FARIDABAD,7.0,308
14310,2026-03-10,KSV,KOSI KALAN,5.0,379
14310,2026-03-10,MTJ,MATHURA JN,9.0,420
14310,2026-03-10,RKM,RAJA KI MANDI,24.0,470
14310,2026-03-10,AGC,AGRA CANTT,18.0,474
14310,2026-03-10,DHO,DHAULPUR,2.0,526
14310,2026-03-10,MRA,MORENA,4.0,554
14310,2026-03-10,BAO,BANMOR,3.0,573
14310,2026-03-10,GWL,GWALIOR,0.0,592
14310,2026-03-10,SVPI,SHIVPURI,34.0,718
14310,2026-03-10,KLRS,KOLARAS,,744
14310,2026-03-10,GUNA,GUNA,31.0,820
14310,2026-03-10,RTA,RUTHIYAI,36.0,840
14310,2026-03-10,KHRJ,KUMBHRAJ,39.0,864
14310,2026-03-10,BRRG,BIYAVRA RAJGARH,47.0,917
14310,2026-03-10,PFR,PACHOR ROAD,57.0,947
14310,2026-03-10,SFW,SARANGPUR,68.0,979
14310,2026-03-10,SFY,SHAJAPUR,88.0,1006
14310,2026-03-10,MKC,MAKSI,1.0,1034
14310,2026-03-10,UJN,UJJAIN JN,21.0,1075
14310,2026-03-10,DWX,DEWAS,17.0,1115
14310,2026-03-10,LMNR,LAKSHMIBAI NGR,-27.0,1151
14310,2026-03-11,YNRK,YOGNAGARI RISHIKESH,0.0,0
14310,2026-03-11,RWL,RAIWALA,,11
14310,2026-03-11,MOTC,MOTICHUR,,18
14310,2026-03-11,HW,HARIDWAR JN,0.0,23
14310,2026-03-11,JWP,JWALAPUR,,27
14310,2026-03-11,RK,ROORKEE,19.0,68
14310,2026-03-11,SRE,SAHARANPUR,14.0,103
14310,2026-03-11,DBD,DEOBAND,27.0,137
14310,2026-03-11,MOZ,MUZAFFARNAGAR,26.0,161
14310,2026-03-11,MTC,MEERUT CITY,37.0,217
14310,2026-03-11,GZB,GHAZIABAD,44.0,264
14310,2026-03-11,NZM,H NIZAMUDDIN,33.0,287
14310,2026-03-11,FDB,FARIDABAD,74.0,308
14310,2026-03-11,KSV,KOSI KALAN,92.0,379
14310,2026-03-11,MTJ,MATHURA JN,111.0,420
14310,2026-03-11,RKM,RAJA KI MANDI,115.0,470
14310,2026-03-11,AGC,AGRA CANTT,110.0,474
14310,2026-03-11,DHO,DHAULPUR,92.0,526
14310,2026-03-11,MRA,MORENA,92.0,554
14310,2026-03-11,BAO,BANMOR,97.0,573
14310,2026-03-11,GWL,GWALIOR,121.0,592
14310,2026-03-11,SVPI,SHIVPURI,213.0,718
14310,2026-03-11,KLRS,KOLARAS,,744
14310,2026-03-11,GUNA,GUNA,212.0,820
14310,2026-03-11,RTA,RUTHIYAI,208.0,840
14310,2026-03-11,KHRJ,KUMBHRAJ,216.0,864
14310,2026-03-11,BRRG,BIYAVRA RAJGARH,221.0,917
14310,2026-03-11,PFR,PACHOR ROAD,230.0,947
14310,2026-03-11,SFW,SARANGPUR,233.0,979
14310,2026-03-11,SFY,SHAJAPUR,251.0,1006
14310,2026-03-11,MKC,MAKSI,143.0,1034
14310,2026-03-11,UJN,UJJAIN JN,160.0,1075
14310,2026-03-11,DWX,DEWAS,161.0,1115
14310,2026-03-11,LMNR,LAKSHMIBAI NGR,118.0,1151
14310,2026-03-17,YNRK,YOGNAGARI RISHIKESH,0.0,0
14310,2026-03-17,RWL,RAIWALA,,11
14310,2026-03-17,MOTC,MOTICHUR,,18
14310,2026-03-17,HW,HARIDWAR JN,1.0,23
14310,2026-03-17,JWP,JWALAPUR,,27
14310,2026-03-17,RK,ROORKEE,0.0,68
14310,2026-03-17,SRE,SAHARANPUR,1.0,103
14310,2026-03-17,DBD,DEOBAND,2.0,137
14310,2026-03-17,MOZ,MUZAFFARNAGAR,2.0,161
14310,2026-03-17,MTC,MEERUT CITY,0.0,217
14310,2026-03-17,GZB,GHAZIABAD,9.0,264
14310,2026-03-17,NZM,H NIZAMUDDIN,0.0,287
14310,2026-03-17,FDB,FARIDABAD,6.0,308
14310,2026-03-17,KSV,KOSI KALAN,0.0,379
14310,2026-03-17,MTJ,MATHURA JN,27.0,420
14310,2026-03-17,RKM,RAJA KI MANDI,27.0,470
14310,2026-03-17,AGC,AGRA CANTT,20.0,474
14310,2026-03-17,DHO,DHAULPUR,6.0,526
14310,2026-03-17,MRA,MORENA,1.0,554
14310,2026-03-17,BAO,BANMOR,9.0,573
14310,2026-03-17,GWL,GWALIOR,4.0,592
14310,2026-03-17,SVPI,SHIVPURI,7.0,718
14310,2026-03-17,KLRS,KOLARAS,,744
14310,2026-03-17,GUNA,GUNA,16.0,820
14310,2026-03-17,RTA,RUTHIYAI,25.0,840
14310,2026-03-17,KHRJ,KUMBHRAJ,26.0,864
14310,2026-03-17,BRRG,BIYAVRA RAJGARH,30.0,917
14310,2026-03-17,PFR,PACHOR ROAD,37.0,947
14310,2026-03-17,SFW,SARANGPUR,41.0,979
14310,2026-03-17,SFY,SHAJAPUR,71.0,1006
14310,2026-03-17,MKC,MAKSI,0.0,1034
14310,2026-03-17,UJN,UJJAIN JN,3.0,1075
14310,2026-03-17,DWX,DEWAS,9.0,1115
14310,2026-03-17,LMNR,LAKSHMIBAI NGR,-36.0,1151
14310,2026-03-18,YNRK,YOGNAGARI RISHIKESH,1.0,0
14310,2026-03-18,RWL,RAIWALA,,11
14310,2026-03-18,MOTC,MOTICHUR,,18
14310,2026-03-18,HW,HARIDWAR JN,0.0,23
14310,2026-03-18,JWP,JWALAPUR,,27
14310,2026-03-18,RK,ROORKEE,3.0,68
14310,2026-03-18,SRE,SAHARANPUR,0.0,103
14310,2026-03-18,DBD,DEOBAND,2.0,137
14310,2026-03-18,MOZ,MUZAFFARNAGAR,6.0,161
14310,2026-03-18,MTC,MEERUT CITY,10.0,217
14310,2026-03-18,GZB,GHAZIABAD,8.0,264
14310,2026-03-18,NZM,H NIZAMUDDIN,0.0,287
14310,2026-03-18,FDB,FARIDABAD,6.0,308
14310,2026-03-18,KSV,KOSI KALAN,2.0,379
14310,2026-03-18,MTJ,MATHURA JN,31.0,420
14310,2026-03-18,RKM,RAJA KI MANDI,41.0,470
14310,2026-03-18,AGC,AGRA CANTT,35.0,474
14310,2026-03-18,DHO,DHAULPUR,18.0,526
14310,2026-03-18,MRA,MORENA,14.0,554
14310,2026-03-18,BAO,BANMOR,19.0,573
14310,2026-03-18,GWL,GWALIOR,17.0,592
14310,2026-03-18,SVPI,SHIVPURI,12.0,718
14310,2026-03-18,KLRS,KOLARAS,,744
14310,2026-03-18,GUNA,GUNA,39.0,820
14310,2026-03-18,RTA,RUTHIYAI,53.0,840
14310,2026-03-18,KHRJ,KUMBHRAJ,54.0,864
14310,2026-03-18,BRRG,BIYAVRA RAJGARH,61.0,917
14310,2026-03-18,PFR,PACHOR ROAD,68.0,947
14310,2026-03-18,SFW,SARANGPUR,69.0,979
14310,2026-03-18,SFY,SHAJAPUR,101.0,1006
14310,2026-03-18,MKC,MAKSI,0.0,1034
14310,2026-03-18,UJN,UJJAIN JN,15.0,1075
14310,2026-03-18,DWX,DEWAS,13.0,1115
14310,2026-03-18,LMNR,LAKSHMIBAI NGR,-31.0,1151
14310,2026-03-24,YNRK,YOGNAGARI RISHIKESH,4.0,0
14310,2026-03-24,RWL,RAIWALA,,11
14310,2026-03-24,MOTC,MOTICHUR,,18
14310,2026-03-24,HW,HARIDWAR JN,0.0,23
14310,2026-03-24,JWP,JWALAPUR,,27
14310,2026-03-24,RK,ROORKEE,0.0,68
14310,2026-03-24,SRE,SAHARANPUR,1.0,103
14310,2026-03-24,DBD,DEOBAND,2.0,137
14310,2026-03-24,MOZ,MUZAFFARNAGAR,8.0,161
14310,2026-03-24,MTC,MEERUT CITY,5.0,217
14310,2026-03-24,GZB,GHAZIABAD,6.0,264
14310,2026-03-24,NZM,H NIZAMUDDIN,2.0,287
14310,2026-03-24,FDB,FARIDABAD,11.0,308
14310,2026-03-24,KSV,KOSI KALAN,12.0,379
14310,2026-03-24,MTJ,MATHURA JN,21.0,420
14310,2026-03-24,RKM,RAJA KI MANDI,27.0,470
14310,2026-03-24,AGC,AGRA CANTT,21.0,474
14310,2026-03-24,DHO,DHAULPUR,7.0,526
14310,2026-03-24,MRA,MORENA,0.0,554
14310,2026-03-24,BAO,BANMOR,3.0,573
14310,2026-03-24,GWL,GWALIOR,1.0,592
14310,2026-03-24,SVPI,SHIVPURI,15.0,718
14310,2026-03-24,KLRS,KOLARAS,,744
14310,2026-03-24,GUNA,GUNA,20.0,820
14310,2026-03-24,RTA,RUTHIYAI,20.0,840
14310,2026-03-24,KHRJ,KUMBHRAJ,22.0,864
14310,2026-03-24,BRRG,BIYAVRA RAJGARH,39.0,917
14310,2026-03-24,PFR,PACHOR ROAD,46.0,947
14310,2026-03-24,SFW,SARANGPUR,52.0,979
14310,2026-03-24,SFY,SHAJAPUR,73.0,1006
14310,2026-03-24,MKC,MAKSI,0.0,1034
14310,2026-03-24,UJN,UJJAIN JN,2.0,1075
14310,2026-03-24,DWX,DEWAS,0.0,1115
14310,2026-03-24,LMNR,LAKSHMIBAI NGR,-43.0,1151
14310,2026-03-25,YNRK,YOGNAGARI RISHIKESH,10.0,0
14310,2026-03-25,RWL,RAIWALA,,11
14310,2026-03-25,MOTC,MOTICHUR,,18
14310,2026-03-25,HW,HARIDWAR JN,1.0,23
14310,2026-03-25,JWP,JWALAPUR,,27
14310,2026-03-25,RK,ROORKEE,0.0,68
14310,2026-03-25,SRE,SAHARANPUR,0.0,103
14310,2026-03-25,DBD,DEOBAND,4.0,137
14310,2026-03-25,MOZ,MUZAFFARNAGAR,4.0,161
14310,2026-03-25,MTC,MEERUT CITY,8.0,217
14310,2026-03-25,GZB,GHAZIABAD,6.0,264
14310,2026-03-25,NZM,H NIZAMUDDIN,8.0,287
14310,2026-03-25,FDB,FARIDABAD,15.0,308
14310,2026-03-25,KSV,KOSI KALAN,12.0,379
14310,2026-03-25,MTJ,MATHURA JN,19.0,420
14310,2026-03-25,RKM,RAJA KI MANDI,28.0,470
14310,2026-03-25,AGC,AGRA CANTT,22.0,474
14310,2026-03-25,DHO,DHAULPUR,5.0,526
14310,2026-03-25,MRA,MORENA,16.0,554
14310,2026-03-25,BAO,BANMOR,19.0,573
14310,2026-03-25,GWL,GWALIOR,10.0,592
14310,2026-03-25,SVPI,SHIVPURI,18.0,718
14310,2026-03-25,KLRS,KOLARAS,,744
14310,2026-03-25,GUNA,GUNA,7.0,820
14310,2026-03-25,RTA,RUTHIYAI,11.0,840
14310,2026-03-25,KHRJ,KUMBHRAJ,1.0,864
14310,2026-03-25,BRRG,BIYAVRA RAJGARH,12.0,917
14310,2026-03-25,PFR,PACHOR ROAD,27.0,947
14310,2026-03-25,SFW,SARANGPUR,33.0,979
14310,2026-03-25,SFY,SHAJAPUR,74.0,1006
14310,2026-03-25,MKC,MAKSI,0.0,1034
14310,2026-03-25,UJN,UJJAIN JN,17.0,1075
14310,2026-03-25,DWX,DEWAS,17.0,1115
14310,2026-03-25,LMNR,LAKSHMIBAI NGR,-19.0,1151
14310,2026-03-31,YNRK,YOGNAGARI RISHIKESH,0.0,0
14310,2026-03-31,RWL,RAIWALA,,11
14310,2026-03-31,MOTC,MOTICHUR,,18
14310,2026-03-31,HW,HARIDWAR JN,4.0,23
14310,2026-03-31,JWP,JWALAPUR,,27
14310,2026-03-31,RK,ROORKEE,3.0,68
14310,2026-03-31,SRE,SAHARANPUR,1.0,103
14310,2026-03-31,DBD,DEOBAND,2.0,137
14310,2026-03-31,MOZ,MUZAFFARNAGAR,4.0,161
14310,2026-03-31,MTC,MEERUT CITY,12.0,217
14310,2026-03-31,GZB,GHAZIABAD,1.0,264
14310,2026-03-31,NZM,H NIZAMUDDIN,0.0,287
14310,2026-03-31,FDB,FARIDABAD,7.0,308
14310,2026-03-31,KSV,KOSI KALAN,1.0,379
14310,2026-03-31,MTJ,MATHURA JN,11.0,420
14310,2026-03-31,RKM,RAJA KI MANDI,23.0,470
14310,2026-03-31,AGC,AGRA CANTT,17.0,474
14310,2026-03-31,DHO,DHAULPUR,7.0,526
14310,2026-03-31,MRA,MORENA,0.0,554
14310,2026-03-31,BAO,BANMOR,2.0,573
14310,2026-03-31,GWL,GWALIOR,4.0,592
14310,2026-03-31,SVPI,SHIVPURI,1.0,718
14310,2026-03-31,KLRS,KOLARAS,,744
14310,2026-03-31,GUNA,GUNA,0.0,820
14310,2026-03-31,RTA,RUTHIYAI,1.0,840
14310,2026-03-31,KHRJ,KUMBHRAJ,4.0,864
14310,2026-03-31,BRRG,BIYAVRA RAJGARH,13.0,917
14310,2026-03-31,PFR,PACHOR ROAD,27.0,947
14310,2026-03-31,SFW,SARANGPUR,37.0,979
14310,2026-03-31,SFY,SHAJAPUR,68.0,1006
14310,2026-03-31,MKC,MAKSI,0.0,1034
14310,2026-03-31,UJN,UJJAIN JN,21.0,1075
14310,2026-03-31,DWX,DEWAS,21.0,1115
14310,2026-03-31,LMNR,LAKSHMIBAI NGR,-21.0,1151
14310,2026-04-01,YNRK,YOGNAGARI RISHIKESH,1.0,0
14310,2026-04-01,RWL,RAIWALA,,11
14310,2026-04-01,MOTC,MOTICHUR,,18
14310,2026-04-01,HW,HARIDWAR JN,1.0,23
14310,2026-04-01,JWP,JWALAPUR,,27
14310,2026-04-01,RK,ROORKEE,4.0,68
14310,2026-04-01,SRE,SAHARANPUR,2.0,103
14310,2026-04-01,DBD,DEOBAND,4.0,137
14310,2026-04-01,MOZ,MUZAFFARNAGAR,3.0,161
14310,2026-04-01,MTC,MEERUT CITY,2.0,217
14310,2026-04-01,GZB,GHAZIABAD,4.0,264
14310,2026-04-01,NZM,H NIZAMUDDIN,1.0,287
14310,2026-04-01,FDB,FARIDABAD,5.0,308
14310,2026-04-01,KSV,KOSI KALAN,6.0,379
14310,2026-04-01,MTJ,MATHURA JN,9.0,420
14310,2026-04-01,RKM,RAJA KI MANDI,25.0,470
14310,2026-04-01,AGC,AGRA CANTT,19.0,474
14310,2026-04-01,DHO,DHAULPUR,10.0,526
14310,2026-04-01,MRA,MORENA,2.0,554
14310,2026-04-01,BAO,BANMOR,9.0,573
14310,2026-04-01,GWL,GWALIOR,1.0,592
14310,2026-04-01,SVPI,SHIVPURI,5.0,718
14310,2026-04-01,KLRS,KOLARAS,,744
14310,2026-04-01,GUNA,GUNA,10.0,820
14310,2026-04-01,RTA,RUTHIYAI,8.0,840
14310,2026-04-01,KHRJ,KUMBHRAJ,9.0,864
14310,2026-04-01,BRRG,BIYAVRA RAJGARH,16.0,917
14310,2026-04-01,PFR,PACHOR ROAD,24.0,947
14310,2026-04-01,SFW,SARANGPUR,28.0,979
14310,2026-04-01,SFY,SHAJAPUR,74.0,1006
14310,2026-04-01,MKC,MAKSI,0.0,1034
14310,2026-04-01,UJN,UJJAIN JN,6.0,1075
14310,2026-04-01,DWX,DEWAS,8.0,1115
14310,2026-04-01,LMNR,LAKSHMIBAI NGR,-30.0,1151
14310,2026-04-07,YNRK,YOGNAGARI RISHIKESH,1.0,0
14310,2026-04-07,RWL,RAIWALA,,11
14310,2026-04-07,MOTC,MOTICHUR,,18
14310,2026-04-07,HW,HARIDWAR JN,5.0,23
14310,2026-04-07,JWP,JWALAPUR,,27
14310,2026-04-07,RK,ROORKEE,3.0,68
14310,2026-04-07,SRE,SAHARANPUR,1.0,103
14310,2026-04-07,DBD,DEOBAND,3.0,137
14310,2026-04-07,MOZ,MUZAFFARNAGAR,2.0,161
14310,2026-04-07,MTC,MEERUT CITY,14.0,217
14310,2026-04-07,GZB,GHAZIABAD,5.0,264
14310,2026-04-07,NZM,H NIZAMUDDIN,0.0,287
14310,2026-04-07,FDB,FARIDABAD,9.0,308
14310,2026-04-07,KSV,KOSI KALAN,2.0,379
14310,2026-04-07,MTJ,MATHURA JN,38.0,420
14310,2026-04-07,RKM,RAJA KI MANDI,36.0,470
14310,2026-04-07,AGC,AGRA CANTT,28.0,474
14310,2026-04-07,DHO,DHAULPUR,11.0,526
14310,2026-04-07,MRA,MORENA,1.0,554
14310,2026-04-07,BAO,BANMOR,1.0,573
14310,2026-04-07,GWL,GWALIOR,2.0,592
14310,2026-04-07,SVPI,SHIVPURI,0.0,718
14310,2026-04-07,KLRS,KOLARAS,,744
14310,2026-04-07,GUNA,GUNA,11.0,820
14310,2026-04-07,RTA,RUTHIYAI,13.0,840
14310,2026-04-07,KHRJ,KUMBHRAJ,14.0,864
14310,2026-04-07,BRRG,BIYAVRA RAJGARH,13.0,917
14310,2026-04-07,PFR,PACHOR ROAD,30.0,947
14310,2026-04-07,SFW,SARANGPUR,34.0,979
14310,2026-04-07,SFY,SHAJAPUR,75.0,1006
14310,2026-04-07,MKC,MAKSI,1.0,1034
14310,2026-04-07,UJN,UJJAIN JN,1.0,1075
14310,2026-04-07,DWX,DEWAS,0.0,1115
14310,2026-04-07,LMNR,LAKSHMIBAI NGR,-43.0,1151
14310,2026-04-08,YNRK,YOGNAGARI RISHIKESH,0.0,0
14310,2026-04-08,RWL,RAIWALA,,11
14310,2026-04-08,MOTC,MOTICHUR,,18
14310,2026-04-08,HW,HARIDWAR JN,1.0,23
14310,2026-04-08,JWP,JWALAPUR,,27
14310,2026-04-08,RK,ROORKEE,0.0,68
14310,2026-04-08,SRE,SAHARANPUR,0.0,103
14310,2026-04-08,DBD,DEOBAND,1.0,137
14310,2026-04-08,MOZ,MUZAFFARNAGAR,2.0,161
14310,2026-04-08,MTC,MEERUT CITY,0.0,217
14310,2026-04-08,GZB,GHAZIABAD,0.0,264
14310,2026-04-08,NZM,H NIZAMUDDIN,0.0,287
14310,2026-04-08,FDB,FARIDABAD,11.0,308
14310,2026-04-08,KSV,KOSI KALAN,4.0,379
14310,2026-04-08,MTJ,MATHURA JN,31.0,420
14310,2026-04-08,RKM,RAJA KI MANDI,27.0,470
14310,2026-04-08,AGC,AGRA CANTT,19.0,474
14310,2026-04-08,DHO,DHAULPUR,3.0,526
14310,2026-04-08,MRA,MORENA,0.0,554
14310,2026-04-08,BAO,BANMOR,0.0,573
14310,2026-04-08,GWL,GWALIOR,2.0,592
14310,2026-04-08,SVPI,SHIVPURI,0.0,718
14310,2026-04-08,KLRS,KOLARAS,,744
14310,2026-04-08,GUNA,GUNA,15.0,820
14310,2026-04-08,RTA,RUTHIYAI,16.0,840
14310,2026-04-08,KHRJ,KUMBHRAJ,18.0,864
14310,2026-04-08,BRRG,BIYAVRA RAJGARH,20.0,917
14310,2026-04-08,PFR,PACHOR ROAD,28.0,947
14310,2026-04-08,SFW,SARANGPUR,38.0,979
14310,2026-04-08,SFY,SHAJAPUR,80.0,1006
14310,2026-04-08,MKC,MAKSI,1.0,1034
14310,2026-04-08,UJN,UJJAIN JN,8.0,1075
14310,2026-04-08,DWX,DEWAS,7.0,1115
14310,2026-04-08,LMNR,LAKSHMIBAI NGR,-35.0,1151
14310,2026-04-14,YNRK,YOGNAGARI RISHIKESH,1.0,0
14310,2026-04-14,RWL,RAIWALA,,11
14310,2026-04-14,MOTC,MOTICHUR,,18
14310,2026-04-14,HW,HARIDWAR JN,13.0,23
14310,2026-04-14,JWP,JWALAPUR,,27
14310,2026-04-14,RK,ROORKEE,19.0,68
14310,2026-04-14,SRE,SAHARANPUR,0.0,103
14310,2026-04-14,DBD,DEOBAND,38.0,137
14310,2026-04-14,MOZ,MUZAFFARNAGAR,40.0,161
14310,2026-04-14,MTC,MEERUT CITY,34.0,217
14310,2026-04-14,GZB,GHAZIABAD,11.0,264
14310,2026-04-14,NZM,H NIZAMUDDIN,14.0,287
14310,2026-04-14,FDB,FARIDABAD,29.0,308
14310,2026-04-14,KSV,KOSI KALAN,32.0,379
14310,2026-04-14,MTJ,MATHURA JN,43.0,420
14310,2026-04-14,RKM,RAJA KI MANDI,42.0,470
14310,2026-04-14,AGC,AGRA CANTT,36.0,474
14310,2026-04-14,DHO,DHAULPUR,19.0,526
14310,2026-04-14,MRA,MORENA,16.0,554
14310,2026-04-14,BAO,BANMOR,23.0,573
14310,2026-04-14,GWL,GWALIOR,21.0,592
14310,2026-04-14,SVPI,SHIVPURI,19.0,718
14310,2026-04-14,KLRS,KOLARAS,,744
14310,2026-04-14,GUNA,GUNA,50.0,820
14310,2026-04-14,RTA,RUTHIYAI,49.0,840
14310,2026-04-14,KHRJ,KUMBHRAJ,55.0,864
14310,2026-04-14,BRRG,BIYAVRA RAJGARH,77.0,917
14310,2026-04-14,PFR,PACHOR ROAD,82.0,947
14310,2026-04-14,SFW,SARANGPUR,82.0,979
14310,2026-04-14,SFY,SHAJAPUR,105.0,1006
14310,2026-04-14,MKC,MAKSI,0.0,1034
14310,2026-04-14,UJN,UJJAIN JN,0.0,1075
14310,2026-04-14,DWX,DEWAS,13.0,1115
14310,2026-04-14,LMNR,LAKSHMIBAI NGR,-26.0,1151
14310,2026-04-15,YNRK,YOGNAGARI RISHIKESH,0.0,0
14310,2026-04-15,RWL,RAIWALA,,11
14310,2026-04-15,MOTC,MOTICHUR,,18
14310,2026-04-15,HW,HARIDWAR JN,0.0,23
14310,2026-04-15,JWP,JWALAPUR,,27
14310,2026-04-15,RK,ROORKEE,3.0,68
14310,2026-04-15,SRE,SAHARANPUR,0.0,103
14310,2026-04-15,DBD,DEOBAND,2.0,137
14310,2026-04-15,MOZ,MUZAFFARNAGAR,2.0,161
14310,2026-04-15,MTC,MEERUT CITY,2.0,217
14310,2026-04-15,GZB,GHAZIABAD,7.0,264
14310,2026-04-15,NZM,H NIZAMUDDIN,1.0,287
14310,2026-04-15,FDB,FARIDABAD,0.0,308
14310,2026-04-15,KSV,KOSI KALAN,1.0,379
14310,2026-04-15,MTJ,MATHURA JN,34.0,420
14310,2026-04-15,RKM,RAJA KI MANDI,28.0,470
14310,2026-04-15,AGC,AGRA CANTT,24.0,474
14310,2026-04-15,DHO,DHAULPUR,8.0,526
14310,2026-04-15,MRA,MORENA,23.0,554
14310,2026-04-15,BAO,BANMOR,29.0,573
14310,2026-04-15,GWL,GWALIOR,29.0,592
14310,2026-04-15,SVPI,SHIVPURI,29.0,718
14310,2026-04-15,KLRS,KOLARAS,,744
14310,2026-04-15,GUNA,GUNA,12.0,820
14310,2026-04-15,RTA,RUTHIYAI,11.0,840
14310,2026-04-15,KHRJ,KUMBHRAJ,15.0,864
14310,2026-04-15,BRRG,BIYAVRA RAJGARH,16.0,917
14310,2026-04-15,PFR,PACHOR ROAD,33.0,947
14310,2026-04-15,SFW,SARANGPUR,67.0,979
14310,2026-04-15,SFY,SHAJAPUR,92.0,1006
14310,2026-04-15,MKC,MAKSI,1.0,1034
14310,2026-04-15,UJN,UJJAIN JN,10.0,1075
14310,2026-04-15,DWX,DEWAS,9.0,1115
14310,2026-04-15,LMNR,LAKSHMIBAI NGR,-35.0,1151
14310,2026-04-21,YNRK,YOGNAGARI RISHIKESH,0.0,0
14310,2026-04-21,RWL,RAIWALA,,11
14310,2026-04-21,MOTC,MOTICHUR,,18
14310,2026-04-21,HW,HARIDWAR JN,2.0,23
14310,2026-04-21,JWP,JWALAPUR,,27
14310,2026-04-21,RK,ROORKEE,0.0,68
14310,2026-04-21,SRE,SAHARANPUR,0.0,103
14310,2026-04-21,DBD,DEOBAND,4.0,137
14310,2026-04-21,MOZ,MUZAFFARNAGAR,4.0,161
14310,2026-04-21,MTC,MEERUT CITY,7.0,217
14310,2026-04-21,GZB,GHAZIABAD,2.0,264
14310,2026-04-21,NZM,H NIZAMUDDIN,3.0,287
14310,2026-04-21,FDB,FARIDABAD,4.0,308
14310,2026-04-21,KSV,KOSI KALAN,8.0,379
14310,2026-04-21,MTJ,MATHURA JN,30.0,420
14310,2026-04-21,RKM,RAJA KI MANDI,29.0,470
14310,2026-04-21,AGC,AGRA CANTT,24.0,474
14310,2026-04-21,DHO,DHAULPUR,11.0,526
14310,2026-04-21,MRA,MORENA,3.0,554
14310,2026-04-21,BAO,BANMOR,2.0,573
14310,2026-04-21,GWL,GWALIOR,5.0,592
14310,2026-04-21,SVPI,SHIVPURI,11.0,718
14310,2026-04-21,KLRS,KOLARAS,,744
14310,2026-04-21,GUNA,GUNA,14.0,820
14310,2026-04-21,RTA,RUTHIYAI,12.0,840
14310,2026-04-21,KHRJ,KUMBHRAJ,14.0,864
14310,2026-04-21,BRRG,BIYAVRA RAJGARH,20.0,917
14310,2026-04-21,PFR,PACHOR ROAD,30.0,947
14310,2026-04-21,SFW,SARANGPUR,74.0,979
14310,2026-04-21,SFY,SHAJAPUR,73.0,1006
14310,2026-04-21,MKC,MAKSI,0.0,1034
14310,2026-04-21,UJN,UJJAIN JN,5.0,1075
14310,2026-04-21,DWX,DEWAS,3.0,1115
14310,2026-04-21,LMNR,LAKSHMIBAI NGR,-38.0,1151
14310,2026-04-22,YNRK,YOGNAGARI RISHIKESH,0.0,0
14310,2026-04-22,RWL,RAIWALA,,11
14310,2026-04-22,MOTC,MOTICHUR,,18
14310,2026-04-22,HW,HARIDWAR JN,1.0,23
14310,2026-04-22,JWP,JWALAPUR,,27
14310,2026-04-22,RK,ROORKEE,11.0,68
14310,2026-04-22,SRE,SAHARANPUR,1.0,103
14310,2026-04-22,DBD,DEOBAND,1.0,137
14310,2026-04-22,MOZ,MUZAFFARNAGAR,0.0,161
14310,2026-04-22,MTC,MEERUT CITY,3.0,217
14310,2026-04-22,GZB,GHAZIABAD,19.0,264
14310,2026-04-22,NZM,H NIZAMUDDIN,23.0,287
14310,2026-04-22,FDB,FARIDABAD,26.0,308
14310,2026-04-22,KSV,KOSI KALAN,43.0,379
14310,2026-04-22,MTJ,MATHURA JN,51.0,420
14310,2026-04-22,RKM,RAJA KI MANDI,54.0,470
14310,2026-04-22,AGC,AGRA CANTT,48.0,474
14310,2026-04-22,DHO,DHAULPUR,29.0,526
14310,2026-04-22,MRA,MORENA,23.0,554
14310,2026-04-22,BAO,BANMOR,23.0,573
14310,2026-04-22,GWL,GWALIOR,19.0,592
14310,2026-04-22,SVPI,SHIVPURI,53.0,718
14310,2026-04-22,KLRS,KOLARAS,,744
14310,2026-04-22,GUNA,GUNA,9.0,820
14310,2026-04-22,RTA,RUTHIYAI,10.0,840
14310,2026-04-22,KHRJ,KUMBHRAJ,10.0,864
14310,2026-04-22,BRRG,BIYAVRA RAJGARH,12.0,917
14310,2026-04-22,PFR,PACHOR ROAD,27.0,947
14310,2026-04-22,SFW,SARANGPUR,27.0,979
14310,2026-04-22,SFY,SHAJAPUR,77.0,1006
14310,2026-04-22,MKC,MAKSI,8.0,1034
14310,2026-04-22,UJN,UJJAIN JN,14.0,1075
14310,2026-04-22,DWX,DEWAS,32.0,1115
14310,2026-04-22,LMNR,LAKSHMIBAI NGR,-10.0,1151
14310,2026-04-28,YNRK,YOGNAGARI RISHIKESH,0.0,0
14310,2026-04-28,RWL,RAIWALA,,11
14310,2026-04-28,MOTC,MOTICHUR,,18
14310,2026-04-28,HW,HARIDWAR JN,6.0,23
14310,2026-04-28,JWP,JWALAPUR,,27
14310,2026-04-28,RK,ROORKEE,1.0,68
14310,2026-04-28,SRE,SAHARANPUR,1.0,103
14310,2026-04-28,DBD,DEOBAND,2.0,137
14310,2026-04-28,MOZ,MUZAFFARNAGAR,2.0,161
14310,2026-04-28,MTC,MEERUT CITY,2.0,217
14310,2026-04-28,GZB,GHAZIABAD,2.0,264
14310,2026-04-28,NZM,H NIZAMUDDIN,1.0,287
14310,2026-04-28,FDB,FARIDABAD,2.0,308
14310,2026-04-28,KSV,KOSI KALAN,6.0,379
14310,2026-04-28,MTJ,MATHURA JN,17.0,420
14310,2026-04-28,RKM,RAJA KI MANDI,23.0,470
14310,2026-04-28,AGC,AGRA CANTT,20.0,474
14310,2026-04-28,DHO,DHAULPUR,9.0,526
14310,2026-04-28,MRA,MORENA,1.0,554
14310,2026-04-28,BAO,BANMOR,6.0,573
14310,2026-04-28,GWL,GWALIOR,2.0,592
14310,2026-04-28,SVPI,SHIVPURI,17.0,718
14310,2026-04-28,KLRS,KOLARAS,,744
14310,2026-04-28,GUNA,GUNA,3.0,820
14310,2026-04-28,RTA,RUTHIYAI,3.0,840
14310,2026-04-28,KHRJ,KUMBHRAJ,13.0,864
14310,2026-04-28,BRRG,BIYAVRA RAJGARH,12.0,917
14310,2026-04-28,PFR,PACHOR ROAD,22.0,947
14310,2026-04-28,SFW,SARANGPUR,21.0,979
14310,2026-04-28,SFY,SHAJAPUR,46.0,1006
14310,2026-04-28,MKC,MAKSI,0.0,1034
14310,2026-04-28,UJN,UJJAIN JN,7.0,1075
14310,2026-04-28,DWX,DEWAS,5.0,1115
14310,2026-04-28,LMNR,LAKSHMIBAI NGR,-40.0,1151
14310,2026-04-29,YNRK,YOGNAGARI RISHIKESH,0.0,0
14310,2026-04-29,RWL,RAIWALA,,11
14310,2026-04-29,MOTC,MOTICHUR,,18
14310,2026-04-29,HW,HARIDWAR JN,0.0,23
14310,2026-04-29,JWP,JWALAPUR,,27
14310,2026-04-29,RK,ROORKEE,0.0,68
14310,2026-04-29,SRE,SAHARANPUR,1.0,103
14310,2026-04-29,DBD,DEOBAND,1.0,137
14310,2026-04-29,MOZ,MUZAFFARNAGAR,2.0,161
14310,2026-04-29,MTC,MEERUT CITY,5.0,217
14310,2026-04-29,GZB,GHAZIABAD,0.0,264
14310,2026-04-29,NZM,H NIZAMUDDIN,1.0,287
14310,2026-04-29,FDB,FARIDABAD,6.0,308
14310,2026-04-29,KSV,KOSI KALAN,1.0,379
14310,2026-04-29,MTJ,MATHURA JN,14.0,420
14310,2026-04-29,RKM,RAJA KI MANDI,21.0,470
14310,2026-04-29,AGC,AGRA CANTT,22.0,474
14310,2026-04-29,DHO,DHAULPUR,12.0,526
14310,2026-04-29,MRA,MORENA,7.0,554
14310,2026-04-29,BAO,BANMOR,5.0,573
14310,2026-04-29,GWL,GWALIOR,0.0,592
14310,2026-04-29,SVPI,SHIVPURI,9.0,718
14310,2026-04-29,KLRS,KOLARAS,,744
14310,2026-04-29,GUNA,GUNA,1.0,820
14310,2026-04-29,RTA,RUTHIYAI,0.0,840
14310,2026-04-29,KHRJ,KUMBHRAJ,2.0,864
14310,2026-04-29,BRRG,BIYAVRA RAJGARH,5.0,917
14310,2026-04-29,PFR,PACHOR ROAD,12.0,947
14310,2026-04-29,SFW,SARANGPUR,16.0,979
14310,2026-04-29,SFY,SHAJAPUR,71.0,1006
14310,2026-04-29,MKC,MAKSI,1.0,1034
14310,2026-04-29,UJN,UJJAIN JN,11.0,1075
14310,2026-04-29,DWX,DEWAS,18.0,1115
14310,2026-04-29,LMNR,LAKSHMIBAI NGR,-17.0,1151
14310,2026-05-05,YNRK,YOGNAGARI RISHIKESH,0.0,0
14310,2026-05-05,RWL,RAIWALA,,11
14310,2026-05-05,MOTC,MOTICHUR,,18
14310,2026-05-05,HW,HARIDWAR JN,0.0,23
14310,2026-05-05,JWP,JWALAPUR,,27
14310,2026-05-05,RK,ROORKEE,0.0,68
14310,2026-05-05,SRE,SAHARANPUR,0.0,103
14310,2026-05-05,DBD,DEOBAND,0.0,137
14310,2026-05-05,MOZ,MUZAFFARNAGAR,2.0,161
14310,2026-05-05,MTC,MEERUT CITY,2.0,217
14310,2026-05-05,GZB,GHAZIABAD,1.0,264
14310,2026-05-05,NZM,H NIZAMUDDIN,0.0,287
14310,2026-05-05,FDB,FARIDABAD,6.0,308
14310,2026-05-05,KSV,KOSI KALAN,2.0,379
14310,2026-05-05,MTJ,MATHURA JN,26.0,420
14310,2026-05-05,RKM,RAJA KI MANDI,26.0,470
14310,2026-05-05,AGC,AGRA CANTT,20.0,474
14310,2026-05-05,DHO,DHAULPUR,14.0,526
14310,2026-05-05,MRA,MORENA,3.0,554
14310,2026-05-05,BAO,BANMOR,2.0,573
14310,2026-05-05,GWL,GWALIOR,2.0,592
14310,2026-05-05,SVPI,SHIVPURI,1.0,718
14310,2026-05-05,KLRS,KOLARAS,,744
14310,2026-05-05,GUNA,GUNA,0.0,820
14310,2026-05-05,RTA,RUTHIYAI,6.0,840
14310,2026-05-05,KHRJ,KUMBHRAJ,7.0,864
14310,2026-05-05,BRRG,BIYAVRA RAJGARH,14.0,917
14310,2026-05-05,PFR,PACHOR ROAD,22.0,947
14310,2026-05-05,SFW,SARANGPUR,21.0,979
14310,2026-05-05,SFY,SHAJAPUR,73.0,1006
14310,2026-05-05,MKC,MAKSI,0.0,1034
14310,2026-05-05,UJN,UJJAIN JN,2.0,1075
14310,2026-05-05,DWX,DEWAS,26.0,1115
14310,2026-05-05,LMNR,LAKSHMIBAI NGR,-14.0,1151
14310,2026-05-06,YNRK,YOGNAGARI RISHIKESH,0.0,0
14310,2026-05-06,RWL,RAIWALA,,11
14310,2026-05-06,MOTC,MOTICHUR,,18
14310,2026-05-06,HW,HARIDWAR JN,13.0,23
14310,2026-05-06,JWP,JWALAPUR,,27
14310,2026-05-06,RK,ROORKEE,9.0,68
14310,2026-05-06,SRE,SAHARANPUR,0.0,103
14310,2026-05-06,DBD,DEOBAND,4.0,137
14310,2026-05-06,MOZ,MUZAFFARNAGAR,2.0,161
14310,2026-05-06,MTC,MEERUT CITY,6.0,217
14310,2026-05-06,GZB,GHAZIABAD,2.0,264
14310,2026-05-06,NZM,H NIZAMUDDIN,0.0,287
14310,2026-05-06,FDB,FARIDABAD,0.0,308
14310,2026-05-06,KSV,KOSI KALAN,1.0,379
14310,2026-05-06,MTJ,MATHURA JN,32.0,420
14310,2026-05-06,RKM,RAJA KI MANDI,11.0,470
14310,2026-05-06,AGC,AGRA CANTT,25.0,474
14310,2026-05-06,DHO,DHAULPUR,16.0,526
14310,2026-05-06,MRA,MORENA,9.0,554
14310,2026-05-06,BAO,BANMOR,7.0,573
14310,2026-05-06,GWL,GWALIOR,1.0,592
14310,2026-05-06,SVPI,SHIVPURI,12.0,718
14310,2026-05-06,KLRS,KOLARAS,,744
14310,2026-05-06,GUNA,GUNA,2.0,820
14310,2026-05-06,RTA,RUTHIYAI,2.0,840
14310,2026-05-06,KHRJ,KUMBHRAJ,2.0,864
14310,2026-05-06,BRRG,BIYAVRA RAJGARH,7.0,917
14310,2026-05-06,PFR,PACHOR ROAD,18.0,947
14310,2026-05-06,SFW,SARANGPUR,16.0,979
14310,2026-05-06,SFY,SHAJAPUR,74.0,1006
14310,2026-05-06,MKC,MAKSI,0.0,1034
14310,2026-05-06,UJN,UJJAIN JN,22.0,1075
14310,2026-05-06,DWX,DEWAS,26.0,1115
14310,2026-05-06,LMNR,LAKSHMIBAI NGR,-9.0,1151
14310,2026-05-12,YNRK,YOGNAGARI RISHIKESH,0.0,0
14310,2026-05-12,RWL,RAIWALA,,11
14310,2026-05-12,MOTC,MOTICHUR,,18
14310,2026-05-12,HW,HARIDWAR JN,0.0,23
14310,2026-05-12,JWP,JWALAPUR,,27
14310,2026-05-12,RK,ROORKEE,1.0,68
14310,2026-05-12,SRE,SAHARANPUR,1.0,103
14310,2026-05-12,DBD,DEOBAND,2.0,137
14310,2026-05-12,MOZ,MUZAFFARNAGAR,2.0,161
14310,2026-05-12,MTC,MEERUT CITY,1.0,217
14310,2026-05-12,GZB,GHAZIABAD,0.0,264
14310,2026-05-12,NZM,H NIZAMUDDIN,0.0,287
14310,2026-05-12,FDB,FARIDABAD,10.0,308
14310,2026-05-12,KSV,KOSI KALAN,5.0,379
14310,2026-05-12,MTJ,MATHURA JN,12.0,420
14310,2026-05-12,RKM,RAJA KI MANDI,19.0,470
14310,2026-05-12,AGC,AGRA CANTT,14.0,474
14310,2026-05-12,DHO,DHAULPUR,1.0,526
14310,2026-05-12,MRA,MORENA,0.0,554
14310,2026-05-12,BAO,BANMOR,6.0,573
14310,2026-05-12,GWL,GWALIOR,0.0,592
14310,2026-05-12,SVPI,SHIVPURI,6.0,718
14310,2026-05-12,KLRS,KOLARAS,,744
14310,2026-05-12,GUNA,GUNA,12.0,820
14310,2026-05-12,RTA,RUTHIYAI,14.0,840
14310,2026-05-12,KHRJ,KUMBHRAJ,19.0,864
14310,2026-05-12,BRRG,BIYAVRA RAJGARH,23.0,917
14310,2026-05-12,PFR,PACHOR ROAD,28.0,947
14310,2026-05-12,SFW,SARANGPUR,26.0,979
14310,2026-05-12,SFY,SHAJAPUR,68.0,1006
14310,2026-05-12,MKC,MAKSI,0.0,1034
14310,2026-05-12,UJN,UJJAIN JN,12.0,1075
14310,2026-05-12,DWX,DEWAS,11.0,1115
14310,2026-05-12,LMNR,LAKSHMIBAI NGR,-32.0,1151
14310,2026-05-13,YNRK,YOGNAGARI RISHIKESH,0.0,0
14310,2026-05-13,RWL,RAIWALA,,11
14310,2026-05-13,MOTC,MOTICHUR,,18
14310,2026-05-13,HW,HARIDWAR JN,1.0,23
14310,2026-05-13,JWP,JWALAPUR,,27
14310,2026-05-13,RK,ROORKEE,0.0,68
14310,2026-05-13,SRE,SAHARANPUR,0.0,103
14310,2026-05-13,DBD,DEOBAND,2.0,137
14310,2026-05-13,MOZ,MUZAFFARNAGAR,2.0,161
14310,2026-05-13,MTC,MEERUT CITY,1.0,217
14310,2026-05-13,GZB,GHAZIABAD,0.0,264
14310,2026-05-13,NZM,H NIZAMUDDIN,0.0,287
14310,2026-05-13,FDB,FARIDABAD,6.0,308
14310,2026-05-13,KSV,KOSI KALAN,0.0,379
14310,2026-05-13,MTJ,MATHURA JN,9.0,420
14310,2026-05-13,RKM,RAJA KI MANDI,31.0,470
14310,2026-05-13,AGC,AGRA CANTT,27.0,474
14310,2026-05-13,DHO,DHAULPUR,12.0,526
14310,2026-05-13,MRA,MORENA,4.0,554
14310,2026-05-13,BAO,BANMOR,3.0,573
14310,2026-05-13,GWL,GWALIOR,3.0,592
14310,2026-05-13,SVPI,SHIVPURI,6.0,718
14310,2026-05-13,KLRS,KOLARAS,,744
14310,2026-05-13,GUNA,GUNA,7.0,820
14310,2026-05-13,RTA,RUTHIYAI,16.0,840
14310,2026-05-13,KHRJ,KUMBHRAJ,22.0,864
14310,2026-05-13,BRRG,BIYAVRA RAJGARH,26.0,917
14310,2026-05-13,PFR,PACHOR ROAD,33.0,947
14310,2026-05-13,SFW,SARANGPUR,30.0,979
14310,2026-05-13,SFY,SHAJAPUR,68.0,1006
14310,2026-05-13,MKC,MAKSI,0.0,1034
14310,2026-05-13,UJN,UJJAIN JN,5.0,1075
14310,2026-05-13,DWX,DEWAS,6.0,1115
14310,2026-05-13,LMNR,LAKSHMIBAI NGR,-37.0,1151
14310,2026-05-19,YNRK,YOGNAGARI RISHIKESH,315.0,0
14310,2026-05-19,RWL,RAIWALA,,11
14310,2026-05-19,MOTC,MOTICHUR,,18
14310,2026-05-19,HW,HARIDWAR JN,346.0,23
14310,2026-05-19,JWP,JWALAPUR,,27
14310,2026-05-19,RK,ROORKEE,356.0,68
14310,2026-05-19,SRE,SAHARANPUR,335.0,103
14310,2026-05-19,DBD,DEOBAND,348.0,137
14310,2026-05-19,MOZ,MUZAFFARNAGAR,349.0,161
14310,2026-05-19,MTC,MEERUT CITY,382.0,217
14310,2026-05-19,GZB,GHAZIABAD,367.0,264
14310,2026-05-19,NZM,H NIZAMUDDIN,360.0,287
14310,2026-05-19,FDB,FARIDABAD,359.0,308
14310,2026-05-19,KSV,KOSI KALAN,381.0,379
14310,2026-05-19,MTJ,MATHURA JN,377.0,420
14310,2026-05-19,RKM,RAJA KI MANDI,318.0,470
14310,2026-05-19,AGC,AGRA CANTT,315.0,474
14310,2026-05-19,DHO,DHAULPUR,391.0,526
14310,2026-05-19,MRA,MORENA,389.0,554
14310,2026-05-19,BAO,BANMOR,388.0,573
14310,2026-05-19,GWL,GWALIOR,260.0,592
14310,2026-05-19,SVPI,SHIVPURI,383.0,718
14310,2026-05-19,KLRS,KOLARAS,,744
14310,2026-05-19,GUNA,GUNA,371.0,820
14310,2026-05-19,RTA,RUTHIYAI,365.0,840
14310,2026-05-19,KHRJ,KUMBHRAJ,373.0,864
14310,2026-05-19,BRRG,BIYAVRA RAJGARH,383.0,917
14310,2026-05-19,PFR,PACHOR ROAD,389.0,947
14310,2026-05-19,SFW,SARANGPUR,387.0,979
14310,2026-05-19,SFY,SHAJAPUR,410.0,1006
14310,2026-05-19,MKC,MAKSI,299.0,1034
14310,2026-05-19,UJN,UJJAIN JN,305.0,1075
14310,2026-05-19,DWX,DEWAS,303.0,1115
14310,2026-05-19,LMNR,LAKSHMIBAI NGR,263.0,1151
14310,2026-05-20,YNRK,YOGNAGARI RISHIKESH,1000.0,0
14310,2026-05-20,RWL,RAIWALA,,11
14310,2026-05-20,MOTC,MOTICHUR,,18
14310,2026-05-20,HW,HARIDWAR JN,964.0,23
14310,2026-05-20,JWP,JWALAPUR,,27
14310,2026-05-20,RK,ROORKEE,959.0,68
14310,2026-05-20,SRE,SAHARANPUR,960.0,103
14310,2026-05-20,DBD,DEOBAND,968.0,137
14310,2026-05-20,MOZ,MUZAFFARNAGAR,963.0,161
14310,2026-05-20,MTC,MEERUT CITY,959.0,217
14310,2026-05-20,GZB,GHAZIABAD,959.0,264
14310,2026-05-20,NZM,H NIZAMUDDIN,978.0,287
14310,2026-05-20,FDB,FARIDABAD,1003.0,308
14310,2026-05-20,KSV,KOSI KALAN,999.0,379
14310,2026-05-20,MTJ,MATHURA JN,1009.0,420
14310,2026-05-20,RKM,RAJA KI MANDI,1014.0,470
14310,2026-05-20,AGC,AGRA CANTT,1006.0,474
14310,2026-05-20,DHO,DHAULPUR,1001.0,526
14310,2026-05-20,MRA,MORENA,993.0,554
14310,2026-05-20,BAO,BANMOR,991.0,573
14310,2026-05-20,GWL,GWALIOR,988.0,592
14310,2026-05-20,SVPI,SHIVPURI,982.0,718
14310,2026-05-20,KLRS,KOLARAS,,744
14310,2026-05-20,GUNA,GUNA,1015.0,820
14310,2026-05-20,RTA,RUTHIYAI,1003.0,840
14310,2026-05-20,KHRJ,KUMBHRAJ,1017.0,864
14310,2026-05-20,BRRG,BIYAVRA RAJGARH,1024.0,917
14310,2026-05-20,PFR,PACHOR ROAD,1034.0,947
14310,2026-05-20,SFW,SARANGPUR,1057.0,979
14310,2026-05-20,SFY,SHAJAPUR,1082.0,1006
14310,2026-05-20,MKC,MAKSI,977.0,1034
14310,2026-05-20,UJN,UJJAIN JN,980.0,1075
14310,2026-05-20,DWX,DEWAS,983.0,1115
14310,2026-05-20,LMNR,LAKSHMIBAI NGR,935.0,1151
14310,2026-05-26,YNRK,YOGNAGARI RISHIKESH,15.0,0
14310,2026-05-26,RWL,RAIWALA,,11
14310,2026-05-26,MOTC,MOTICHUR,,18
14310,2026-05-26,HW,HARIDWAR JN,7.0,23
14310,2026-05-26,JWP,JWALAPUR,,27
14310,2026-05-26,RK,ROORKEE,9.0,68
14310,2026-05-26,SRE,SAHARANPUR,1.0,103
14310,2026-05-26,DBD,DEOBAND,3.0,137
14310,2026-05-26,MOZ,MUZAFFARNAGAR,2.0,161
14310,2026-05-26,MTC,MEERUT CITY,7.0,217
14310,2026-05-26,GZB,GHAZIABAD,3.0,264
14310,2026-05-26,NZM,H NIZAMUDDIN,2.0,287
14310,2026-05-26,FDB,FARIDABAD,13.0,308
14310,2026-05-26,KSV,KOSI KALAN,4.0,379
14310,2026-05-26,MTJ,MATHURA JN,37.0,420
14310,2026-05-26,RKM,RAJA KI MANDI,33.0,470
14310,2026-05-26,AGC,AGRA CANTT,29.0,474
14310,2026-05-26,DHO,DHAULPUR,26.0,526
14310,2026-05-26,MRA,MORENA,19.0,554
14310,2026-05-26,BAO,BANMOR,17.0,573
14310,2026-05-26,GWL,GWALIOR,0.0,592
14310,2026-05-26,SVPI,SHIVPURI,29.0,718
14310,2026-05-26,KLRS,KOLARAS,,744
14310,2026-05-26,GUNA,GUNA,15.0,820
14310,2026-05-26,RTA,RUTHIYAI,15.0,840
14310,2026-05-26,KHRJ,KUMBHRAJ,17.0,864
14310,2026-05-26,BRRG,BIYAVRA RAJGARH,41.0,917
14310,2026-05-26,PFR,PACHOR ROAD,47.0,947
14310,2026-05-26,SFW,SARANGPUR,46.0,979
14310,2026-05-26,SFY,SHAJAPUR,84.0,1006
14310,2026-05-26,MKC,MAKSI,0.0,1034
14310,2026-05-26,UJN,UJJAIN JN,15.0,1075
14310,2026-05-26,DWX,DEWAS,13.0,1115
14310,2026-05-26,LMNR,LAKSHMIBAI NGR,-30.0,1151
14310,2026-05-27,YNRK,YOGNAGARI RISHIKESH,0.0,0
14310,2026-05-27,RWL,RAIWALA,,11
14310,2026-05-27,MOTC,MOTICHUR,,18
14310,2026-05-27,HW,HARIDWAR JN,1.0,23
14310,2026-05-27,JWP,JWALAPUR,,27
14310,2026-05-27,RK,ROORKEE,0.0,68
14310,2026-05-27,SRE,SAHARANPUR,0.0,103
14310,2026-05-27,DBD,DEOBAND,1.0,137
14310,2026-05-27,MOZ,MUZAFFARNAGAR,0.0,161
14310,2026-05-27,MTC,MEERUT CITY,5.0,217
14310,2026-05-27,GZB,GHAZIABAD,2.0,264
14310,2026-05-27,NZM,H NIZAMUDDIN,0.0,287
14310,2026-05-27,FDB,FARIDABAD,1.0,308
14310,2026-05-27,KSV,KOSI KALAN,1.0,379
14310,2026-05-27,MTJ,MATHURA JN,5.0,420
14310,2026-05-27,RKM,RAJA KI MANDI,0.0,470
14310,2026-05-27,AGC,AGRA CANTT,10.0,474
14310,2026-05-27,DHO,DHAULPUR,0.0,526
14310,2026-05-27,MRA,MORENA,0.0,554
14310,2026-05-27,BAO,BANMOR,0.0,573
14310,2026-05-27,GWL,GWALIOR,0.0,592
14310,2026-05-27,SVPI,SHIVPURI,1.0,718
14310,2026-05-27,KLRS,KOLARAS,,744
14310,2026-05-27,GUNA,GUNA,13.0,820
14310,2026-05-27,RTA,RUTHIYAI,13.0,840
14310,2026-05-27,KHRJ,KUMBHRAJ,16.0,864
14310,2026-05-27,BRRG,BIYAVRA RAJGARH,23.0,917
14310,2026-05-27,PFR,PACHOR ROAD,31.0,947
14310,2026-05-27,SFW,SARANGPUR,30.0,979
14310,2026-05-27,SFY,SHAJAPUR,73.0,1006
14310,2026-05-27,MKC,MAKSI,1.0,1034
14310,2026-05-27,UJN,UJJAIN JN,9.0,1075
14310,2026-05-27,DWX,DEWAS,7.0,1115
14310,2026-05-27,LMNR,LAKSHMIBAI NGR,-35.0,1151
14310,2026-06-02,YNRK,YOGNAGARI RISHIKESH,1.0,0
14310,2026-06-02,RWL,RAIWALA,,11
14310,2026-06-02,MOTC,MOTICHUR,,18
14310,2026-06-02,HW,HARIDWAR JN,1.0,23
14310,2026-06-02,JWP,JWALAPUR,,27
14310,2026-06-02,RK,ROORKEE,8.0,68
14310,2026-06-02,SRE,SAHARANPUR,0.0,103
14310,2026-06-02,DBD,DEOBAND,3.0,137
14310,2026-06-02,MOZ,MUZAFFARNAGAR,4.0,161
14310,2026-06-02,MTC,MEERUT CITY,1.0,217
14310,2026-06-02,GZB,GHAZIABAD,5.0,264
14310,2026-06-02,NZM,H NIZAMUDDIN,1.0,287
14310,2026-06-02,FDB,FARIDABAD,6.0,308
14310,2026-06-02,KSV,KOSI KALAN,27.0,379
14310,2026-06-02,MTJ,MATHURA JN,47.0,420
14310,2026-06-02,RKM,RAJA KI MANDI,42.0,470
14310,2026-06-02,AGC,AGRA CANTT,34.0,474
14310,2026-06-02,DHO,DHAULPUR,19.0,526
14310,2026-06-02,MRA,MORENA,10.0,554
14310,2026-06-02,BAO,BANMOR,9.0,573
14310,2026-06-02,GWL,GWALIOR,5.0,592
14310,2026-06-02,SVPI,SHIVPURI,2.0,718
14310,2026-06-02,KLRS,KOLARAS,,744
14310,2026-06-02,GUNA,GUNA,20.0,820
14310,2026-06-02,RTA,RUTHIYAI,20.0,840
14310,2026-06-02,KHRJ,KUMBHRAJ,21.0,864
14310,2026-06-02,BRRG,BIYAVRA RAJGARH,30.0,917
14310,2026-06-02,PFR,PACHOR ROAD,35.0,947
14310,2026-06-02,SFW,SARANGPUR,37.0,979
14310,2026-06-02,SFY,SHAJAPUR,75.0,1006
14310,2026-06-02,MKC,MAKSI,0.0,1034
14310,2026-06-02,UJN,UJJAIN JN,5.0,1075
14310,2026-06-02,DWX,DEWAS,0.0,1115
14310,2026-06-02,LMNR,LAKSHMIBAI NGR,-43.0,1151
14310,2026-06-03,YNRK,YOGNAGARI RISHIKESH,2.0,0
14310,2026-06-03,RWL,RAIWALA,,11
14310,2026-06-03,MOTC,MOTICHUR,,18
14310,2026-06-03,HW,HARIDWAR JN,16.0,23
14310,2026-06-03,JWP,JWALAPUR,,27
14310,2026-06-03,RK,ROORKEE,16.0,68
14310,2026-06-03,SRE,SAHARANPUR,1.0,103
14310,2026-06-03,DBD,DEOBAND,6.0,137
14310,2026-06-03,MOZ,MUZAFFARNAGAR,7.0,161
14310,2026-06-03,MTC,MEERUT CITY,13.0,217
14310,2026-06-03,GZB,GHAZIABAD,17.0,264
14310,2026-06-03,NZM,H NIZAMUDDIN,6.0,287
14310,2026-06-03,FDB,FARIDABAD,30.0,308
14310,2026-06-03,KSV,KOSI KALAN,32.0,379
14310,2026-06-03,MTJ,MATHURA JN,40.0,420
14310,2026-06-03,RKM,RAJA KI MANDI,160.0,470
14310,2026-06-03,AGC,AGRA CANTT,163.0,474
14310,2026-06-03,DHO,DHAULPUR,155.0,526
14310,2026-06-03,MRA,MORENA,153.0,554
14310,2026-06-03,BAO,BANMOR,156.0,573
14310,2026-06-03,GWL,GWALIOR,161.0,592
14310,2026-06-03,SVPI,SHIVPURI,223.0,718
14310,2026-06-03,KLRS,KOLARAS,,744
14310,2026-06-03,GUNA,GUNA,219.0,820
14310,2026-06-03,RTA,RUTHIYAI,230.0,840
14310,2026-06-03,KHRJ,KUMBHRAJ,232.0,864
14310,2026-06-03,BRRG,BIYAVRA RAJGARH,246.0,917
14310,2026-06-03,PFR,PACHOR ROAD,252.0,947
14310,2026-06-03,SFW,SARANGPUR,255.0,979
14310,2026-06-03,SFY,SHAJAPUR,280.0,1006
14310,2026-06-03,MKC,MAKSI,170.0,1034
14310,2026-06-03,UJN,UJJAIN JN,187.0,1075
14310,2026-06-03,DWX,DEWAS,195.0,1115
14310,2026-06-03,LMNR,LAKSHMIBAI NGR,157.0,1151
14310,2026-06-09,YNRK,YOGNAGARI RISHIKESH,0.0,0
14310,2026-06-09,RWL,RAIWALA,,11
14310,2026-06-09,MOTC,MOTICHUR,,18
14310,2026-06-09,HW,HARIDWAR JN,0.0,23
14310,2026-06-09,JWP,JWALAPUR,,27
14310,2026-06-09,RK,ROORKEE,5.0,68
14310,2026-06-09,SRE,SAHARANPUR,18.0,103
14310,2026-06-09,DBD,DEOBAND,22.0,137
14310,2026-06-09,MOZ,MUZAFFARNAGAR,22.0,161
14310,2026-06-09,MTC,MEERUT CITY,19.0,217
14310,2026-06-09,GZB,GHAZIABAD,3.0,264
14310,2026-06-09,NZM,H NIZAMUDDIN,3.0,287
14310,2026-06-09,FDB,FARIDABAD,7.0,308
14310,2026-06-09,KSV,KOSI KALAN,1.0,379
14310,2026-06-09,MTJ,MATHURA JN,29.0,420
14310,2026-06-09,RKM,RAJA KI MANDI,28.0,470
14310,2026-06-09,AGC,AGRA CANTT,23.0,474
14310,2026-06-09,DHO,DHAULPUR,16.0,526
14310,2026-06-09,MRA,MORENA,7.0,554
14310,2026-06-09,BAO,BANMOR,11.0,573
14310,2026-06-09,GWL,GWALIOR,8.0,592
14310,2026-06-09,SVPI,SHIVPURI,6.0,718
14310,2026-06-09,KLRS,KOLARAS,,744
14310,2026-06-09,GUNA,GUNA,2.0,820
14310,2026-06-09,RTA,RUTHIYAI,5.0,840
14310,2026-06-09,KHRJ,KUMBHRAJ,11.0,864
14310,2026-06-09,BRRG,BIYAVRA RAJGARH,25.0,917
14310,2026-06-09,PFR,PACHOR ROAD,32.0,947
14310,2026-06-09,SFW,SARANGPUR,30.0,979
14310,2026-06-09,SFY,SHAJAPUR,73.0,1006
14310,2026-06-09,MKC,MAKSI,0.0,1034
14310,2026-06-09,UJN,UJJAIN JN,4.0,1075
14310,2026-06-09,DWX,DEWAS,5.0,1115
14310,2026-06-09,LMNR,LAKSHMIBAI NGR,-23.0,1151
14310,2026-06-10,YNRK,YOGNAGARI RISHIKESH,0.0,0
14310,2026-06-10,RWL,RAIWALA,,11
14310,2026-06-10,MOTC,MOTICHUR,,18
14310,2026-06-10,HW,HARIDWAR JN,0.0,23
14310,2026-06-10,JWP,JWALAPUR,,27
14310,2026-06-10,RK,ROORKEE,1.0,68
14310,2026-06-10,SRE,SAHARANPUR,1.0,103
14310,2026-06-10,DBD,DEOBAND,7.0,137
14310,2026-06-10,MOZ,MUZAFFARNAGAR,3.0,161
14310,2026-06-10,MTC,MEERUT CITY,14.0,217
14310,2026-06-10,GZB,GHAZIABAD,3.0,264
14310,2026-06-10,NZM,H NIZAMUDDIN,1.0,287
14310,2026-06-10,FDB,FARIDABAD,15.0,308
14310,2026-06-10,KSV,KOSI KALAN,10.0,379
14310,2026-06-10,MTJ,MATHURA JN,31.0,420
14310,2026-06-10,RKM,RAJA KI MANDI,32.0,470
14310,2026-06-10,AGC,AGRA CANTT,27.0,474
14310,2026-06-10,DHO,DHAULPUR,15.0,526
14310,2026-06-10,MRA,MORENA,16.0,554
14310,2026-06-10,BAO,BANMOR,17.0,573
14310,2026-06-10,GWL,GWALIOR,6.0,592
14310,2026-06-10,SVPI,SHIVPURI,22.0,718
14310,2026-06-10,KLRS,KOLARAS,,744
14310,2026-06-10,GUNA,GUNA,9.0,820
14310,2026-06-10,RTA,RUTHIYAI,10.0,840
14310,2026-06-10,KHRJ,KUMBHRAJ,16.0,864
14310,2026-06-10,BRRG,BIYAVRA RAJGARH,22.0,917
14310,2026-06-10,PFR,PACHOR ROAD,55.0,947
14310,2026-06-10,SFW,SARANGPUR,58.0,979
14310,2026-06-10,SFY,SHAJAPUR,84.0,1006
14310,2026-06-10,MKC,MAKSI,2.0,1034
14310,2026-06-10,UJN,UJJAIN JN,7.0,1075
14310,2026-06-10,DWX,DEWAS,4.0,1115
14310,2026-06-10,LMNR,LAKSHMIBAI NGR,138.0,1151
14310,2026-06-16,YNRK,YOGNAGARI RISHIKESH,1.0,0
14310,2026-06-16,RWL,RAIWALA,,11
14310,2026-06-16,MOTC,MOTICHUR,,18
14310,2026-06-16,HW,HARIDWAR JN,1.0,23
14310,2026-06-16,JWP,JWALAPUR,,27
14310,2026-06-16,RK,ROORKEE,3.0,68
14310,2026-06-16,SRE,SAHARANPUR,8.0,103
14310,2026-06-16,DBD,DEOBAND,13.0,137
14310,2026-06-16,MOZ,MUZAFFARNAGAR,12.0,161
14310,2026-06-16,MTC,MEERUT CITY,20.0,217
14310,2026-06-16,GZB,GHAZIABAD,16.0,264
14310,2026-06-16,NZM,H NIZAMUDDIN,21.0,287
14310,2026-06-16,FDB,FARIDABAD,27.0,308
14310,2026-06-16,KSV,KOSI KALAN,35.0,379
14310,2026-06-16,MTJ,MATHURA JN,55.0,420
14310,2026-06-16,RKM,RAJA KI MANDI,48.0,470
14310,2026-06-16,AGC,AGRA CANTT,41.0,474
14310,2026-06-16,DHO,DHAULPUR,23.0,526
14310,2026-06-16,MRA,MORENA,14.0,554
14310,2026-06-16,BAO,BANMOR,13.0,573
14310,2026-06-16,GWL,GWALIOR,13.0,592
14310,2026-06-16,SVPI,SHIVPURI,22.0,718
14310,2026-06-16,KLRS,KOLARAS,,744
14310,2026-06-16,GUNA,GUNA,13.0,820
14310,2026-06-16,RTA,RUTHIYAI,11.0,840
14310,2026-06-16,KHRJ,KUMBHRAJ,12.0,864
14310,2026-06-16,BRRG,BIYAVRA RAJGARH,31.0,917
14310,2026-06-16,PFR,PACHOR ROAD,38.0,947
14310,2026-06-16,SFW,SARANGPUR,36.0,979
14310,2026-06-16,SFY,SHAJAPUR,80.0,1006
14310,2026-06-16,MKC,MAKSI,0.0,1034
14310,2026-06-16,UJN,UJJAIN JN,9.0,1075
14310,2026-06-16,DWX,DEWAS,4.0,1115
14310,2026-06-16,LMNR,LAKSHMIBAI NGR,-41.0,1151
14310,2026-06-17,YNRK,YOGNAGARI RISHIKESH,1.0,0
14310,2026-06-17,RWL,RAIWALA,,11
14310,2026-06-17,MOTC,MOTICHUR,,18
14310,2026-06-17,HW,HARIDWAR JN,2.0,23
14310,2026-06-17,JWP,JWALAPUR,,27
14310,2026-06-17,RK,ROORKEE,1.0,68
14310,2026-06-17,SRE,SAHARANPUR,0.0,103
14310,2026-06-17,DBD,DEOBAND,6.0,137
14310,2026-06-17,MOZ,MUZAFFARNAGAR,8.0,161
14310,2026-06-17,MTC,MEERUT CITY,12.0,217
14310,2026-06-17,GZB,GHAZIABAD,9.0,264
14310,2026-06-17,NZM,H NIZAMUDDIN,1.0,287
14310,2026-06-17,FDB,FARIDABAD,9.0,308
14310,2026-06-17,KSV,KOSI KALAN,37.0,379
14310,2026-06-17,MTJ,MATHURA JN,159.0,420
14310,2026-06-17,RKM,RAJA KI MANDI,184.0,470
14310,2026-06-17,AGC,AGRA CANTT,200.0,474
14310,2026-06-17,DHO,DHAULPUR,192.0,526
14310,2026-06-17,MRA,MORENA,187.0,554
14310,2026-06-17,BAO,BANMOR,188.0,573
14310,2026-06-17,GWL,GWALIOR,202.0,592
14310,2026-06-17,SVPI,SHIVPURI,282.0,718
14310,2026-06-17,KLRS,KOLARAS,,744
14310,2026-06-17,GUNA,GUNA,257.0,820
14310,2026-06-17,RTA,RUTHIYAI,273.0,840
14310,2026-06-17,KHRJ,KUMBHRAJ,274.0,864
14310,2026-06-17,BRRG,BIYAVRA RAJGARH,280.0,917
14310,2026-06-17,PFR,PACHOR ROAD,285.0,947
14310,2026-06-17,SFW,SARANGPUR,286.0,979
14310,2026-06-17,SFY,SHAJAPUR,310.0,1006
14310,2026-06-17,MKC,MAKSI,200.0,1034
14310,2026-06-17,UJN,UJJAIN JN,207.0,1075
14310,2026-06-17,DWX,DEWAS,218.0,1115
14310,2026-06-17,LMNR,LAKSHMIBAI NGR,175.0,1151
14310,2026-06-23,YNRK,YOGNAGARI RISHIKESH,2.0,0
14310,2026-06-23,RWL,RAIWALA,,11
14310,2026-06-23,MOTC,MOTICHUR,,18
14310,2026-06-23,HW,HARIDWAR JN,2.0,23
14310,2026-06-23,JWP,JWALAPUR,,27
14310,2026-06-23,RK,ROORKEE,0.0,68
14310,2026-06-23,SRE,SAHARANPUR,0.0,103
14310,2026-06-23,DBD,DEOBAND,5.0,137
14310,2026-06-23,MOZ,MUZAFFARNAGAR,8.0,161
14310,2026-06-23,MTC,MEERUT CITY,8.0,217
14310,2026-06-23,GZB,GHAZIABAD,8.0,264
14310,2026-06-23,NZM,H NIZAMUDDIN,0.0,287
14310,2026-06-23,FDB,FARIDABAD,6.0,308
14310,2026-06-23,KSV,KOSI KALAN,7.0,379
14310,2026-06-23,MTJ,MATHURA JN,39.0,420
14310,2026-06-23,RKM,RAJA KI MANDI,35.0,470
14310,2026-06-23,AGC,AGRA CANTT,31.0,474
14310,2026-06-23,DHO,DHAULPUR,14.0,526
14310,2026-06-23,MRA,MORENA,5.0,554
14310,2026-06-23,BAO,BANMOR,6.0,573
14310,2026-06-23,GWL,GWALIOR,1.0,592
14310,2026-06-23,SVPI,SHIVPURI,1.0,718
14310,2026-06-23,KLRS,KOLARAS,,744
14310,2026-06-23,GUNA,GUNA,17.0,820
14310,2026-06-23,RTA,RUTHIYAI,17.0,840
14310,2026-06-23,KHRJ,KUMBHRAJ,22.0,864
14310,2026-06-23,BRRG,BIYAVRA RAJGARH,38.0,917
14310,2026-06-23,PFR,PACHOR ROAD,47.0,947
14310,2026-06-23,SFW,SARANGPUR,47.0,979
14310,2026-06-23,SFY,SHAJAPUR,78.0,1006
14310,2026-06-23,MKC,MAKSI,0.0,1034
14310,2026-06-23,UJN,UJJAIN JN,9.0,1075
14310,2026-06-23,DWX,DEWAS,6.0,1115
14310,2026-06-23,LMNR,LAKSHMIBAI NGR,-26.0,1151
14310,2026-06-24,YNRK,YOGNAGARI RISHIKESH,2.0,0
14310,2026-06-24,RWL,RAIWALA,,11
14310,2026-06-24,MOTC,MOTICHUR,,18
14310,2026-06-24,HW,HARIDWAR JN,1.0,23
14310,2026-06-24,JWP,JWALAPUR,,27
14310,2026-06-24,RK,ROORKEE,0.0,68
14310,2026-06-24,SRE,SAHARANPUR,0.0,103
14310,2026-06-24,DBD,DEOBAND,2.0,137
14310,2026-06-24,MOZ,MUZAFFARNAGAR,9.0,161
14310,2026-06-24,MTC,MEERUT CITY,8.0,217
14310,2026-06-24,GZB,GHAZIABAD,38.0,264
14310,2026-06-24,NZM,H NIZAMUDDIN,52.0,287
14310,2026-06-24,FDB,FARIDABAD,100.0,308
14310,2026-06-24,KSV,KOSI KALAN,114.0,379
14310,2026-06-24,MTJ,MATHURA JN,134.0,420
14310,2026-06-24,RKM,RAJA KI MANDI,133.0,470
14310,2026-06-24,AGC,AGRA CANTT,133.0,474
14310,2026-06-24,DHO,DHAULPUR,117.0,526
14310,2026-06-24,MRA,MORENA,111.0,554
14310,2026-06-24,BAO,BANMOR,119.0,573
14310,2026-06-24,GWL,GWALIOR,170.0,592
14310,2026-06-24,SVPI,SHIVPURI,254.0,718
14310,2026-06-24,KLRS,KOLARAS,,744
14310,2026-06-24,GUNA,GUNA,241.0,820
14310,2026-06-24,RTA,RUTHIYAI,250.0,840
14310,2026-06-24,KHRJ,KUMBHRAJ,259.0,864
14310,2026-06-24,BRRG,BIYAVRA RAJGARH,270.0,917
14310,2026-06-24,PFR,PACHOR ROAD,278.0,947
14310,2026-06-24,SFW,SARANGPUR,278.0,979
14310,2026-06-24,SFY,SHAJAPUR,304.0,1006
14310,2026-06-24,MKC,MAKSI,203.0,1034
14310,2026-06-24,UJN,UJJAIN JN,208.0,1075
14310,2026-06-24,DWX,DEWAS,196.0,1115
14310,2026-06-24,LMNR,LAKSHMIBAI NGR,180.0,1151
14310,2026-06-30,YNRK,YOGNAGARI RISHIKESH,1.0,0
14310,2026-06-30,RWL,RAIWALA,,11
14310,2026-06-30,MOTC,MOTICHUR,,18
14310,2026-06-30,HW,HARIDWAR JN,11.0,23
14310,2026-06-30,JWP,JWALAPUR,,27
14310,2026-06-30,RK,ROORKEE,7.0,68
14310,2026-06-30,SRE,SAHARANPUR,0.0,103
14310,2026-06-30,DBD,DEOBAND,3.0,137
14310,2026-06-30,MOZ,MUZAFFARNAGAR,0.0,161
14310,2026-06-30,MTC,MEERUT CITY,2.0,217
14310,2026-06-30,GZB,GHAZIABAD,2.0,264
14310,2026-06-30,NZM,H NIZAMUDDIN,1.0,287
14310,2026-06-30,FDB,FARIDABAD,7.0,308
14310,2026-06-30,KSV,KOSI KALAN,6.0,379
14310,2026-06-30,MTJ,MATHURA JN,11.0,420
14310,2026-06-30,RKM,RAJA KI MANDI,27.0,470
14310,2026-06-30,AGC,AGRA CANTT,20.0,474
14310,2026-06-30,DHO,DHAULPUR,5.0,526
14310,2026-06-30,MRA,MORENA,1.0,554
14310,2026-06-30,BAO,BANMOR,0.0,573
14310,2026-06-30,GWL,GWALIOR,3.0,592
14310,2026-06-30,SVPI,SHIVPURI,12.0,718
14310,2026-06-30,KLRS,KOLARAS,,744
14310,2026-06-30,GUNA,GUNA,47.0,820
14310,2026-06-30,RTA,RUTHIYAI,51.0,840
14310,2026-06-30,KHRJ,KUMBHRAJ,52.0,864
14310,2026-06-30,BRRG,BIYAVRA RAJGARH,57.0,917
14310,2026-06-30,PFR,PACHOR ROAD,64.0,947
14310,2026-06-30,SFW,SARANGPUR,64.0,979
14310,2026-06-30,SFY,SHAJAPUR,93.0,1006
14310,2026-06-30,MKC,MAKSI,2.0,1034
14310,2026-06-30,UJN,UJJAIN JN,17.0,1075
14310,2026-06-30,DWX,DEWAS,12.0,1115
14310,2026-06-30,LMNR,LAKSHMIBAI NGR,-33.0,1151
14310,2026-07-01,YNRK,YOGNAGARI RISHIKESH,7.0,0
14310,2026-07-01,RWL,RAIWALA,,11
14310,2026-07-01,MOTC,MOTICHUR,,18
14310,2026-07-01,HW,HARIDWAR JN,0.0,23
14310,2026-07-01,JWP,JWALAPUR,,27
14310,2026-07-01,RK,ROORKEE,0.0,68
14310,2026-07-01,SRE,SAHARANPUR,1.0,103
14310,2026-07-01,DBD,DEOBAND,2.0,137
14310,2026-07-01,MOZ,MUZAFFARNAGAR,2.0,161
14310,2026-07-01,MTC,MEERUT CITY,11.0,217
14310,2026-07-01,GZB,GHAZIABAD,21.0,264
14310,2026-07-01,NZM,H NIZAMUDDIN,3.0,287
14310,2026-07-01,FDB,FARIDABAD,30.0,308
14310,2026-07-01,KSV,KOSI KALAN,23.0,379
14310,2026-07-01,MTJ,MATHURA JN,50.0,420
14310,2026-07-01,RKM,RAJA KI MANDI,34.0,470
14310,2026-07-01,AGC,AGRA CANTT,46.0,474
14310,2026-07-01,DHO,DHAULPUR,28.0,526
14310,2026-07-01,MRA,MORENA,17.0,554
14310,2026-07-01,BAO,BANMOR,16.0,573
14310,2026-07-01,GWL,GWALIOR,7.0,592
14310,2026-07-01,SVPI,SHIVPURI,9.0,718
14310,2026-07-01,KLRS,KOLARAS,,744
14310,2026-07-01,GUNA,GUNA,19.0,820
14310,2026-07-01,RTA,RUTHIYAI,27.0,840
14310,2026-07-01,KHRJ,KUMBHRAJ,28.0,864
14310,2026-07-01,BRRG,BIYAVRA RAJGARH,34.0,917
14310,2026-07-01,PFR,PACHOR ROAD,40.0,947
14310,2026-07-01,SFW,SARANGPUR,56.0,979
14310,2026-07-01,SFY,SHAJAPUR,81.0,1006
14310,2026-07-01,MKC,MAKSI,4.0,1034
14310,2026-07-01,UJN,UJJAIN JN,10.0,1075
14310,2026-07-01,DWX,DEWAS,10.0,1115
14310,2026-07-01,LMNR,LAKSHMIBAI NGR,-17.0,1151
14310,2026-07-07,YNRK,YOGNAGARI RISHIKESH,1.0,0
14310,2026-07-07,RWL,RAIWALA,,11
14310,2026-07-07,MOTC,MOTICHUR,,18
14310,2026-07-07,HW,HARIDWAR JN,6.0,23
14310,2026-07-07,JWP,JWALAPUR,,27
14310,2026-07-07,RK,ROORKEE,3.0,68
14310,2026-07-07,SRE,SAHARANPUR,0.0,103
14310,2026-07-07,DBD,DEOBAND,11.0,137
14310,2026-07-07,MOZ,MUZAFFARNAGAR,5.0,161
14310,2026-07-07,MTC,MEERUT CITY,9.0,217
14310,2026-07-07,GZB,GHAZIABAD,3.0,264
14310,2026-07-07,NZM,H NIZAMUDDIN,1.0,287
14310,2026-07-07,FDB,FARIDABAD,0.0,308
14310,2026-07-07,KSV,KOSI KALAN,1.0,379
14310,2026-07-07,MTJ,MATHURA JN,11.0,420
14310,2026-07-07,RKM,RAJA KI MANDI,6.0,470
14310,2026-07-07,AGC,AGRA CANTT,21.0,474
14310,2026-07-07,DHO,DHAULPUR,13.0,526
14310,2026-07-07,MRA,MORENA,12.0,554
14310,2026-07-07,BAO,BANMOR,10.0,573
14310,2026-07-07,GWL,GWALIOR,5.0,592
14310,2026-07-07,SVPI,SHIVPURI,9.0,718
14310,2026-07-07,KLRS,KOLARAS,,744
14310,2026-07-07,GUNA,GUNA,35.0,820
14310,2026-07-07,RTA,RUTHIYAI,34.0,840
14310,2026-07-07,KHRJ,KUMBHRAJ,45.0,864
14310,2026-07-07,BRRG,BIYAVRA RAJGARH,66.0,917
14310,2026-07-07,PFR,PACHOR ROAD,75.0,947
14310,2026-07-07,SFW,SARANGPUR,74.0,979
14310,2026-07-07,SFY,SHAJAPUR,98.0,1006
14310,2026-07-07,MKC,MAKSI,2.0,1034
14310,2026-07-07,UJN,UJJAIN JN,11.0,1075
14310,2026-07-07,DWX,DEWAS,6.0,1115
14310,2026-07-07,LMNR,LAKSHMIBAI NGR,-41.0,1151
14310,2026-07-08,YNRK,YOGNAGARI RISHIKESH,1.0,0
14310,2026-07-08,RWL,RAIWALA,,11
14310,2026-07-08,MOTC,MOTICHUR,,18
14310,2026-07-08,HW,HARIDWAR JN,35.0,23
14310,2026-07-08,JWP,JWALAPUR,,27
14310,2026-07-08,RK,ROORKEE,29.0,68
14310,2026-07-08,SRE,SAHARANPUR,5.0,103
14310,2026-07-08,DBD,DEOBAND,6.0,137
14310,2026-07-08,MOZ,MUZAFFARNAGAR,6.0,161
14310,2026-07-08,MTC,MEERUT CITY,2.0,217
14310,2026-07-08,GZB,GHAZIABAD,0.0,264
14310,2026-07-08,NZM,H NIZAMUDDIN,0.0,287
14310,2026-07-08,FDB,FARIDABAD,6.0,308
14310,2026-07-08,KSV,KOSI KALAN,10.0,379
14310,2026-07-08,MTJ,MATHURA JN,16.0,420
14310,2026-07-08,RKM,RAJA KI MANDI,27.0,470
14310,2026-07-08,AGC,AGRA CANTT,21.0,474
14310,2026-07-08,DHO,DHAULPUR,10.0,526
14310,2026-07-08,MRA,MORENA,3.0,554
14310,2026-07-08,BAO,BANMOR,4.0,573
14310,2026-07-08,GWL,GWALIOR,2.0,592
14310,2026-07-08,SVPI,SHIVPURI,7.0,718
14310,2026-07-08,KLRS,KOLARAS,,744
14310,2026-07-08,GUNA,GUNA,26.0,820
14310,2026-07-08,RTA,RUTHIYAI,29.0,840
14310,2026-07-08,KHRJ,KUMBHRAJ,32.0,864
14310,2026-07-08,BRRG,BIYAVRA RAJGARH,38.0,917
14310,2026-07-08,PFR,PACHOR ROAD,47.0,947
14310,2026-07-08,SFW,SARANGPUR,45.0,979
14310,2026-07-08,SFY,SHAJAPUR,71.0,1006
14310,2026-07-08,MKC,MAKSI,0.0,1034
14310,2026-07-08,UJN,UJJAIN JN,10.0,1075
14310,2026-07-08,DWX,DEWAS,7.0,1115
14310,2026-07-08,LMNR,LAKSHMIBAI NGR,-15.0,1151
14310,2026-07-14,YNRK,YOGNAGARI RISHIKESH,2.0,0
14310,2026-07-14,RWL,RAIWALA,,11
14310,2026-07-14,MOTC,MOTICHUR,,18
14310,2026-07-14,HW,HARIDWAR JN,0.0,23
14310,2026-07-14,JWP,JWALAPUR,,27
14310,2026-07-14,RK,ROORKEE,0.0,68
14310,2026-07-14,SRE,SAHARANPUR,0.0,103
14310,2026-07-14,DBD,DEOBAND,2.0,137
14310,2026-07-14,MOZ,MUZAFFARNAGAR,2.0,161
14310,2026-07-14,MTC,MEERUT CITY,6.0,217
14310,2026-07-14,GZB,GHAZIABAD,6.0,264
14310,2026-07-14,NZM,H NIZAMUDDIN,0.0,287
14310,2026-07-14,FDB,FARIDABAD,5.0,308
14310,2026-07-14,KSV,KOSI KALAN,6.0,379
14310,2026-07-14,MTJ,MATHURA JN,24.0,420
14310,2026-07-14,RKM,RAJA KI MANDI,33.0,470
14310,2026-07-14,AGC,AGRA CANTT,28.0,474
14310,2026-07-14,DHO,DHAULPUR,14.0,526
14310,2026-07-14,MRA,MORENA,11.0,554
14310,2026-07-14,BAO,BANMOR,9.0,573
14310,2026-07-14,GWL,GWALIOR,4.0,592
14310,2026-07-14,SVPI,SHIVPURI,27.0,718
14310,2026-07-14,KLRS,KOLARAS,,744
14310,2026-07-14,GUNA,GUNA,90.0,820
14310,2026-07-14,RTA,RUTHIYAI,102.0,840
14310,2026-07-14,KHRJ,KUMBHRAJ,93.0,864
14310,2026-07-14,BRRG,BIYAVRA RAJGARH,127.0,917
14310,2026-07-14,PFR,PACHOR ROAD,132.0,947
14310,2026-07-14,SFW,SARANGPUR,130.0,979
14310,2026-07-14,SFY,SHAJAPUR,152.0,1006
14310,2026-07-14,MKC,MAKSI,46.0,1034
14310,2026-07-14,UJN,UJJAIN JN,54.0,1075
14310,2026-07-14,DWX,DEWAS,48.0,1115
14310,2026-07-14,LMNR,LAKSHMIBAI NGR,3.0,1151
14310,2026-07-15,YNRK,YOGNAGARI RISHIKESH,1.0,0
14310,2026-07-15,RWL,RAIWALA,,11
14310,2026-07-15,MOTC,MOTICHUR,,18
14310,2026-07-15,HW,HARIDWAR JN,6.0,23
14310,2026-07-15,JWP,JWALAPUR,,27
14310,2026-07-15,RK,ROORKEE,1.0,68
14310,2026-07-15,SRE,SAHARANPUR,0.0,103
14310,2026-07-15,DBD,DEOBAND,2.0,137
14310,2026-07-15,MOZ,MUZAFFARNAGAR,2.0,161
14310,2026-07-15,MTC,MEERUT CITY,9.0,217
14310,2026-07-15,GZB,GHAZIABAD,3.0,264
14310,2026-07-15,NZM,H NIZAMUDDIN,0.0,287
14310,2026-07-15,FDB,FARIDABAD,10.0,308
14310,2026-07-15,KSV,KOSI KALAN,14.0,379
14310,2026-07-15,MTJ,MATHURA JN,49.0,420
14310,2026-07-15,RKM,RAJA KI MANDI,45.0,470
14310,2026-07-15,AGC,AGRA CANTT,45.0,474
14310,2026-07-15,DHO,DHAULPUR,30.0,526
14310,2026-07-15,MRA,MORENA,22.0,554
14310,2026-07-15,BAO,BANMOR,21.0,573
14310,2026-07-15,GWL,GWALIOR,12.0,592
14310,2026-07-15,SVPI,SHIVPURI,12.0,718
14310,2026-07-15,KLRS,KOLARAS,,744
14310,2026-07-15,GUNA,GUNA,5.0,820
14310,2026-07-15,RTA,RUTHIYAI,15.0,840
14310,2026-07-15,KHRJ,KUMBHRAJ,18.0,864
14310,2026-07-15,BRRG,BIYAVRA RAJGARH,24.0,917
14310,2026-07-15,PFR,PACHOR ROAD,42.0,947
14310,2026-07-15,SFW,SARANGPUR,59.0,979
14310,2026-07-15,SFY,SHAJAPUR,102.0,1006
14310,2026-07-15,MKC,MAKSI,0.0,1034
14310,2026-07-15,UJN,UJJAIN JN,11.0,1075
14310,2026-07-15,DWX,DEWAS,7.0,1115
14310,2026-07-15,LMNR,LAKSHMIBAI NGR,-36.0,1151
14310,2026-07-21,YNRK,YOGNAGARI RISHIKESH,0.0,0
14310,2026-07-21,RWL,RAIWALA,,11
14310,2026-07-21,MOTC,MOTICHUR,,18
14310,2026-07-21,HW,HARIDWAR JN,10.0,23
14310,2026-07-21,JWP,JWALAPUR,,27
14310,2026-07-21,RK,ROORKEE,12.0,68
14310,2026-07-21,SRE,SAHARANPUR,0.0,103
14310,2026-07-21,DBD,DEOBAND,2.0,137
14310,2026-07-21,MOZ,MUZAFFARNAGAR,2.0,161
14310,2026-07-21,MTC,MEERUT CITY,41.0,217
14310,2026-07-21,GZB,GHAZIABAD,,264
14310,2026-07-21,NZM,H NIZAMUDDIN,,287
14310,2026-07-21,FDB,FARIDABAD,,308
14310,2026-07-21,KSV,KOSI KALAN,,379
14310,2026-07-21,MTJ,MATHURA JN,,420
14310,2026-07-21,RKM,RAJA KI MANDI,,470
14310,2026-07-21,AGC,AGRA CANTT,147.0,474
14310,2026-07-21,DHO,DHAULPUR,145.0,526
14310,2026-07-21,MRA,MORENA,137.0,554
14310,2026-07-21,BAO,BANMOR,140.0,573
14310,2026-07-21,GWL,GWALIOR,125.0,592
14310,2026-07-21,SVPI,SHIVPURI,224.0,718
14310,2026-07-21,KLRS,KOLARAS,,744
14310,2026-07-21,GUNA,GUNA,271.0,820
14310,2026-07-21,RTA,RUTHIYAI,276.0,840
14310,2026-07-21,KHRJ,KUMBHRAJ,284.0,864
14310,2026-07-21,BRRG,BIYAVRA RAJGARH,288.0,917
14310,2026-07-21,PFR,PACHOR ROAD,294.0,947
14310,2026-07-21,SFW,SARANGPUR,292.0,979
14310,2026-07-21,SFY,SHAJAPUR,317.0,1006
14310,2026-07-21,MKC,MAKSI,215.0,1034
14310,2026-07-21,UJN,UJJAIN JN,235.0,1075
14310,2026-07-21,DWX,DEWAS,226.0,1115
14310,2026-07-21,LMNR,LAKSHMIBAI NGR,175.0,1151
14310,2026-07-22,YNRK,YOGNAGARI RISHIKESH,0.0,0
14310,2026-07-22,RWL,RAIWALA,,11
14310,2026-07-22,MOTC,MOTICHUR,,18
14310,2026-07-22,HW,HARIDWAR JN,1.0,23
14310,2026-07-22,JWP,JWALAPUR,,27
14310,2026-07-22,RK,ROORKEE,1.0,68
14310,2026-07-22,SRE,SAHARANPUR,0.0,103
14310,2026-07-22,DBD,DEOBAND,11.0,137
14310,2026-07-22,MOZ,MUZAFFARNAGAR,10.0,161
14310,2026-07-22,MTC,MEERUT CITY,24.0,217
14310,2026-07-22,GZB,GHAZIABAD,40.0,264
14310,2026-07-22,NZM,H NIZAMUDDIN,68.0,287
14310,2026-07-22,FDB,FARIDABAD,118.0,308
14310,2026-07-22,KSV,KOSI KALAN,111.0,379
14310,2026-07-22,MTJ,MATHURA JN,120.0,420
14310,2026-07-22,RKM,RAJA KI MANDI,115.0,470
14310,2026-07-22,AGC,AGRA CANTT,110.0,474
14310,2026-07-22,DHO,DHAULPUR,93.0,526
14310,2026-07-22,MRA,MORENA,87.0,554
14310,2026-07-22,BAO,BANMOR,87.0,573
14310,2026-07-22,GWL,GWALIOR,77.0,592
14310,2026-07-22,SVPI,SHIVPURI,111.0,718
14310,2026-07-22,KLRS,KOLARAS,,744
14310,2026-07-22,GUNA,GUNA,203.0,820
14310,2026-07-22,RTA,RUTHIYAI,215.0,840
14310,2026-07-22,KHRJ,KUMBHRAJ,219.0,864
14310,2026-07-22,BRRG,BIYAVRA RAJGARH,232.0,917
14310,2026-07-22,PFR,PACHOR ROAD,239.0,947
14310,2026-07-22,SFW,SARANGPUR,238.0,979
14310,2026-07-22,SFY,SHAJAPUR,265.0,1006
14310,2026-07-22,MKC,MAKSI,160.0,1034
14310,2026-07-22,UJN,UJJAIN JN,191.0,1075
14310,2026-07-22,DWX,DEWAS,188.0,1115
14310,2026-07-22,LMNR,LAKSHMIBAI NGR,144.0,1151
14310,2026-07-28,YNRK,YOGNAGARI RISHIKESH,0.0,0
14310,2026-07-28,RWL,RAIWALA,,11
14310,2026-07-28,MOTC,MOTICHUR,,18
14310,2026-07-28,HW,HARIDWAR JN,0.0,23
14310,2026-07-28,JWP,JWALAPUR,,27
14310,2026-07-28,RK,ROORKEE,0.0,68
14310,2026-07-28,SRE,SAHARANPUR,2.0,103
14310,2026-07-28,DBD,DEOBAND,3.0,137
14310,2026-07-28,MOZ,MUZAFFARNAGAR,2.0,161
14310,2026-07-28,MTC,MEERUT CITY,17.0,217
14310,2026-07-28,GZB,GHAZIABAD,14.0,264
14310,2026-07-28,NZM,H NIZAMUDDIN,17.0,287
14310,2026-07-28,FDB,FARIDABAD,37.0,308
14310,2026-07-28,KSV,KOSI KALAN,31.0,379
14310,2026-07-28,MTJ,MATHURA JN,60.0,420
14310,2026-07-28,RKM,RAJA KI MANDI,58.0,470
14310,2026-07-28,AGC,AGRA CANTT,63.0,474
14310,2026-07-28,DHO,DHAULPUR,51.0,526
14310,2026-07-28,MRA,MORENA,44.0,554
14310,2026-07-28,BAO,BANMOR,43.0,573
14310,2026-07-28,GWL,GWALIOR,28.0,592
14310,2026-07-28,SVPI,SHIVPURI,33.0,718
14310,2026-07-28,KLRS,KOLARAS,,744
14310,2026-07-28,GUNA,GUNA,49.0,820
14310,2026-07-28,RTA,RUTHIYAI,51.0,840
14310,2026-07-28,KHRJ,KUMBHRAJ,55.0,864
14310,2026-07-28,BRRG,BIYAVRA RAJGARH,90.0,917
14310,2026-07-28,PFR,PACHOR ROAD,109.0,947
14310,2026-07-28,SFW,SARANGPUR,96.0,979
14310,2026-07-28,SFY,SHAJAPUR,133.0,1006
14310,2026-07-28,MKC,MAKSI,22.0,1034
14310,2026-07-28,UJN,UJJAIN JN,19.0,1075
14310,2026-07-28,DWX,DEWAS,15.0,1115
14310,2026-07-28,LMNR,LAKSHMIBAI NGR,-30.0,1151
14310,2026-07-29,YNRK,YOGNAGARI RISHIKESH,0.0,0
14310,2026-07-29,RWL,RAIWALA,,11
14310,2026-07-29,MOTC,MOTICHUR,,18
14310,2026-07-29,HW,HARIDWAR JN,0.0,23
14310,2026-07-29,JWP,JWALAPUR,,27
14310,2026-07-29,RK,ROORKEE,0.0,68
14310,2026-07-29,SRE,SAHARANPUR,0.0,103
14310,2026-07-29,DBD,DEOBAND,8.0,137
14310,2026-07-29,MOZ,MUZAFFARNAGAR,7.0,161
14310,2026-07-29,MTC,MEERUT CITY,28.0,217
14310,2026-07-29,GZB,GHAZIABAD,33.0,264
14310,2026-07-29,NZM,H NIZAMUDDIN,38.0,287
14310,2026-07-29,FDB,FARIDABAD,103.0,308
14310,2026-07-29,KSV,KOSI KALAN,111.0,379
14310,2026-07-29,MTJ,MATHURA JN,139.0,420
14310,2026-07-29,RKM,RAJA KI MANDI,140.0,470
14310,2026-07-29,AGC,AGRA CANTT,137.0,474
14310,2026-07-29,DHO,DHAULPUR,115.0,526
14310,2026-07-29,MRA,MORENA,141.0,554
14310,2026-07-29,BAO,BANMOR,141.0,573
14310,2026-07-29,GWL,GWALIOR,139.0,592
14310,2026-07-29,SVPI,SHIVPURI,147.0,718
14310,2026-07-29,KLRS,KOLARAS,,744
14310,2026-07-29,GUNA,GUNA,151.0,820
14310,2026-07-29,RTA,RUTHIYAI,148.0,840
14310,2026-07-29,KHRJ,KUMBHRAJ,148.0,864
14310,2026-07-29,BRRG,BIYAVRA RAJGARH,169.0,917
14310,2026-07-29,PFR,PACHOR ROAD,175.0,947
14310,2026-07-29,SFW,SARANGPUR,172.0,979
14310,2026-07-29,SFY,SHAJAPUR,195.0,1006
14310,2026-07-29,MKC,MAKSI,82.0,1034
14310,2026-07-29,UJN,UJJAIN JN,94.0,1075
14310,2026-07-29,DWX,DEWAS,102.0,1115
14310,2026-07-29,LMNR,LAKSHMIBAI NGR,60.0,1151
14310,2026-08-04,YNRK,YOGNAGARI RISHIKESH,2.0,0
14310,2026-08-04,RWL,RAIWALA,19.0,11
14310,2026-08-04,MOTC,MOTICHUR,18.0,18
14310,2026-08-04,HW,HARIDWAR JN,23.0,23
14310,2026-08-04,JWP,JWALAPUR,33.0,27
14310,2026-08-04,RK,ROORKEE,69.0,68
14310,2026-08-04,SRE,SAHARANPUR,81.0,103
14310,2026-08-04,DBD,DEOBAND,98.0,137
14310,2026-08-04,MOZ,MUZAFFARNAGAR,95.0,161
14310,2026-08-04,MTC,MEERUT CITY,96.0,217
14310,2026-08-04,GZB,GHAZIABAD,101.0,264
14310,2026-08-04,NZM,H NIZAMUDDIN,133.0,287
14310,2026-08-04,FDB,FARIDABAD,155.0,308
14310,2026-08-04,KSV,KOSI KALAN,157.0,379
14310,2026-08-04,MTJ,MATHURA JN,182.0,420
14310,2026-08-04,RKM,RAJA KI MANDI,184.0,470
14310,2026-08-04,AGC,AGRA CANTT,185.0,474
14310,2026-08-04,DHO,DHAULPUR,167.0,526
14310,2026-08-04,MRA,MORENA,158.0,554
14310,2026-08-04,BAO,BANMOR,160.0,573
14310,2026-08-04,GWL,GWALIOR,159.0,592
14310,2026-08-04,SVPI,SHIVPURI,233.0,718
14310,2026-08-04,KLRS,KOLARAS,,744
14310,2026-08-04,GUNA,GUNA,196.0,820
14310,2026-08-04,RTA,RUTHIYAI,195.0,840
14310,2026-08-04,KHRJ,KUMBHRAJ,201.0,864
14310,2026-08-04,BRRG,BIYAVRA RAJGARH,208.0,917
14310,2026-08-04,PFR,PACHOR ROAD,217.0,947
14310,2026-08-04,SFW,SARANGPUR,216.0,979
14310,2026-08-04,SFY,SHAJAPUR,242.0,1006
14310,2026-08-04,MKC,MAKSI,133.0,1034
14310,2026-08-04,UJN,UJJAIN JN,154.0,1075
14310,2026-08-04,DWX,DEWAS,159.0,1115
14310,2026-08-04,LMNR,LAKSHMIBAI NGR,116.0,1151
14310,2026-08-05,YNRK,YOGNAGARI RISHIKESH,1.0,0
14310,2026-08-05,RWL,RAIWALA,13.0,11
14310,2026-08-05,MOTC,MOTICHUR,13.0,18
14310,2026-08-05,HW,HARIDWAR JN,13.0,23
14310,2026-08-05,JWP,JWALAPUR,14.0,27
14310,2026-08-05,RK,ROORKEE,14.0,68
14310,2026-08-05,SRE,SAHARANPUR,50.0,103
14310,2026-08-05,DBD,DEOBAND,59.0,137
14310,2026-08-05,MOZ,MUZAFFARNAGAR,59.0,161
14310,2026-08-05,MTC,MEERUT CITY,74.0,217
14310,2026-08-05,GZB,GHAZIABAD,82.0,264
14310,2026-08-05,NZM,H NIZAMUDDIN,97.0,287
14310,2026-08-05,FDB,FARIDABAD,116.0,308
14310,2026-08-05,KSV,KOSI KALAN,117.0,379
14310,2026-08-05,MTJ,MATHURA JN,141.0,420
14310,2026-08-05,RKM,RAJA KI MANDI,184.0,470
14310,2026-08-05,AGC,AGRA CANTT,181.0,474
14310,2026-08-05,DHO,DHAULPUR,175.0,526
14310,2026-08-05,MRA,MORENA,169.0,554
14310,2026-08-05,BAO,BANMOR,170.0,573
14310,2026-08-05,GWL,GWALIOR,159.0,592
14310,2026-08-05,SVPI,SHIVPURI,297.0,718
14310,2026-08-05,KLRS,KOLARAS,,744
14310,2026-08-05,GUNA,GUNA,269.0,820
14310,2026-08-05,RTA,RUTHIYAI,277.0,840
14310,2026-08-05,KHRJ,KUMBHRAJ,279.0,864
14310,2026-08-05,BRRG,BIYAVRA RAJGARH,289.0,917
14310,2026-08-05,PFR,PACHOR ROAD,295.0,947
14310,2026-08-05,SFW,SARANGPUR,296.0,979
14310,2026-08-05,SFY,SHAJAPUR,321.0,1006
14310,2026-08-05,MKC,MAKSI,227.0,1034
14310,2026-08-05,UJN,UJJAIN JN,225.0,1075
14310,2026-08-05,DWX,DEWAS,214.0,1115
14310,2026-08-05,LMNR,LAKSHMIBAI NGR,195.0,1151
14310,2026-08-11,YNRK,YOGNAGARI RISHIKESH,0.0,0
14310,2026-08-11,RWL,RAIWALA,4.0,11
14310,2026-08-11,MOTC,MOTICHUR,7.0,18
14310,2026-08-11,HW,HARIDWAR JN,8.0,23
14310,2026-08-11,JWP,JWALAPUR,8.0,27
14310,2026-08-11,RK,ROORKEE,10.0,68
14310,2026-08-11,SRE,SAHARANPUR,0.0,103
14310,2026-08-11,DBD,DEOBAND,4.0,137
14310,2026-08-11,MOZ,MUZAFFARNAGAR,3.0,161
14310,2026-08-11,MTC,MEERUT CITY,16.0,217
14310,2026-08-11,GZB,GHAZIABAD,1.0,264
14310,2026-08-11,NZM,H NIZAMUDDIN,0.0,287
14310,2026-08-11,FDB,FARIDABAD,10.0,308
14310,2026-08-11,KSV,KOSI KALAN,5.0,379
14310,2026-08-11,MTJ,MATHURA JN,13.0,420
14310,2026-08-11,RKM,RAJA KI MANDI,26.0,470
14310,2026-08-11,AGC,AGRA CANTT,22.0,474
14310,2026-08-11,DHO,DHAULPUR,9.0,526
14310,2026-08-11,MRA,MORENA,3.0,554
14310,2026-08-11,BAO,BANMOR,6.0,573
14310,2026-08-11,GWL,GWALIOR,1.0,592
14310,2026-08-11,SVPI,SHIVPURI,22.0,718
14310,2026-08-11,KLRS,KOLARAS,,744
14310,2026-08-11,GUNA,GUNA,39.0,820
14310,2026-08-11,RTA,RUTHIYAI,41.0,840
14310,2026-08-11,KHRJ,KUMBHRAJ,42.0,864
14310,2026-08-11,BRRG,BIYAVRA RAJGARH,61.0,917
14310,2026-08-11,PFR,PACHOR ROAD,67.0,947
14310,2026-08-11,SFW,SARANGPUR,69.0,979
14310,2026-08-11,SFY,SHAJAPUR,95.0,1006
14310,2026-08-11,MKC,MAKSI,0.0,1034
14310,2026-08-11,UJN,UJJAIN JN,0.0,1075
14310,2026-08-11,DWX,DEWAS,13.0,1115
14310,2026-08-11,LMNR,LAKSHMIBAI NGR,-27.0,1151
14310,2026-08-12,YNRK,YOGNAGARI RISHIKESH,0.0,0
14310,2026-08-12,RWL,RAIWALA,3.0,11
14310,2026-08-12,MOTC,MOTICHUR,10.0,18
14310,2026-08-12,HW,HARIDWAR JN,9.0,23
14310,2026-08-12,JWP,JWALAPUR,11.0,27
14310,2026-08-12,RK,ROORKEE,16.0,68
14310,2026-08-12,SRE,SAHARANPUR,0.0,103
14310,2026-08-12,DBD,DEOBAND,9.0,137
14310,2026-08-12,MOZ,MUZAFFARNAGAR,7.0,161
14310,2026-08-12,MTC,MEERUT CITY,15.0,217
14310,2026-08-12,GZB,GHAZIABAD,5.0,264
14310,2026-08-12,NZM,H NIZAMUDDIN,0.0,287
14310,2026-08-12,FDB,FARIDABAD,6.0,308
14310,2026-08-12,KSV,KOSI KALAN,4.0,379
14310,2026-08-12,MTJ,MATHURA JN,17.0,420
14310,2026-08-12,RKM,RAJA KI MANDI,32.0,470
14310,2026-08-12,AGC,AGRA CANTT,25.0,474
14310,2026-08-12,DHO,DHAULPUR,9.0,526
14310,2026-08-12,MRA,MORENA,4.0,554
14310,2026-08-12,BAO,BANMOR,3.0,573
14310,2026-08-12,GWL,GWALIOR,0.0,592
14310,2026-08-12,SVPI,SHIVPURI,27.0,718
14310,2026-08-12,KLRS,KOLARAS,,744
14310,2026-08-12,GUNA,GUNA,57.0,820
14310,2026-08-12,RTA,RUTHIYAI,59.0,840
14310,2026-08-12,KHRJ,KUMBHRAJ,59.0,864
14310,2026-08-12,BRRG,BIYAVRA RAJGARH,64.0,917
14310,2026-08-12,PFR,PACHOR ROAD,70.0,947
14310,2026-08-12,SFW,SARANGPUR,69.0,979
14310,2026-08-12,SFY,SHAJAPUR,94.0,1006
14310,2026-08-12,MKC,MAKSI,1.0,1034
14310,2026-08-12,UJN,UJJAIN JN,19.0,1075
14310,2026-08-12,DWX,DEWAS,18.0,1115
14310,2026-08-12,LMNR,LAKSHMIBAI NGR,-25.0,1151
14310,2026-08-18,YNRK,YOGNAGARI RISHIKESH,7.0,0
14310,2026-08-18,RWL,RAIWALA,,11
14310,2026-08-18,MOTC,MOTICHUR,,18
14310,2026-08-18,HW,HARIDWAR JN,0.0,23
14310,2026-08-18,JWP,JWALAPUR,,27
14310,2026-08-18,RK,ROORKEE,0.0,68
14310,2026-08-18,SRE,SAHARANPUR,0.0,103
14310,2026-08-18,DBD,DEOBAND,3.0,137
14310,2026-08-18,MOZ,MUZAFFARNAGAR,3.0,161
14310,2026-08-18,MTC,MEERUT CITY,25.0,217
14310,2026-08-18,GZB,GHAZIABAD,17.0,264
14310,2026-08-18,NZM,H NIZAMUDDIN,7.0,287
14310,2026-08-18,FDB,FARIDABAD,14.0,308
14310,2026-08-18,KSV,KOSI KALAN,8.0,379
14310,2026-08-18,MTJ,MATHURA JN,13.0,420
14310,2026-08-18,RKM,RAJA KI MANDI,9.0,470
14310,2026-08-18,AGC,AGRA CANTT,2.0,474
14310,2026-08-18,DHO,DHAULPUR,0.0,526
14310,2026-08-18,MRA,MORENA,0.0,554
14310,2026-08-18,BAO,BANMOR,0.0,573
14310,2026-08-18,GWL,GWALIOR,0.0,592
14310,2026-08-18,SVPI,SHIVPURI,14.0,718
14310,2026-08-18,KLRS,KOLARAS,11.0,744
14310,2026-08-18,GUNA,GUNA,15.0,820
14310,2026-08-18,RTA,RUTHIYAI,17.0,840
14310,2026-08-18,KHRJ,KUMBHRAJ,18.0,864
14310,2026-08-18,BRRG,BIYAVRA RAJGARH,44.0,917
14310,2026-08-18,PFR,PACHOR ROAD,51.0,947
14310,2026-08-18,SFW,SARANGPUR,58.0,979
14310,2026-08-18,SFY,SHAJAPUR,85.0,1006
14310,2026-08-18,MKC,MAKSI,0.0,1034
14310,2026-08-18,UJN,UJJAIN JN,10.0,1075
14310,2026-08-18,DWX,DEWAS,10.0,1115
14310,2026-08-18,LMNR,LAKSHMIBAI NGR,-33.0,1151
14310,2026-08-19,YNRK,YOGNAGARI RISHIKESH,6.0,0
14310,2026-08-19,RWL,RAIWALA,,11
14310,2026-08-19,MOTC,MOTICHUR,,18
14310,2026-08-19,HW,HARIDWAR JN,3.0,23
14310,2026-08-19,JWP,JWALAPUR,,27
14310,2026-08-19,RK,ROORKEE,1.0,68
14310,2026-08-19,SRE,SAHARANPUR,2.0,103
14310,2026-08-19,DBD,DEOBAND,2.0,137
14310,2026-08-19,MOZ,MUZAFFARNAGAR,0.0,161
14310,2026-08-19,MTC,MEERUT CITY,0.0,217
14310,2026-08-19,GZB,GHAZIABAD,9.0,264
14310,2026-08-19,NZM,H NIZAMUDDIN,1.0,287
14310,2026-08-19,FDB,FARIDABAD,1.0,308
14310,2026-08-19,KSV,KOSI KALAN,5.0,379
14310,2026-08-19,MTJ,MATHURA JN,9.0,420
14310,2026-08-19,RKM,RAJA KI MANDI,27.0,470
14310,2026-08-19,AGC,AGRA CANTT,21.0,474
14310,2026-08-19,DHO,DHAULPUR,10.0,526
14310,2026-08-19,MRA,MORENA,6.0,554
14310,2026-08-19,BAO,BANMOR,5.0,573
14310,2026-08-19,GWL,GWALIOR,2.0,592
14310,2026-08-19,SVPI,SHIVPURI,0.0,718
14310,2026-08-19,KLRS,KOLARAS,0.0,744
14310,2026-08-19,GUNA,GUNA,8.0,820
14310,2026-08-19,RTA,RUTHIYAI,9.0,840
14310,2026-08-19,KHRJ,KUMBHRAJ,15.0,864
14310,2026-08-19,BRRG,BIYAVRA RAJGARH,32.0,917
14310,2026-08-19,PFR,PACHOR ROAD,41.0,947
14310,2026-08-19,SFW,SARANGPUR,40.0,979
14310,2026-08-19,SFY,SHAJAPUR,74.0,1006
14310,2026-08-19,MKC,MAKSI,1.0,1034
14310,2026-08-19,UJN,UJJAIN JN,20.0,1075
14310,2026-08-19,DWX,DEWAS,20.0,1115
14310,2026-08-19,LMNR,LAKSHMIBAI NGR,-21.0,1151
14310,2026-08-25,YNRK,YOGNAGARI RISHIKESH,2.0,0
14310,2026-08-25,RWL,RAIWALA,,11
14310,2026-08-25,MOTC,MOTICHUR,,18
14310,2026-08-25,HW,HARIDWAR JN,4.0,23
14310,2026-08-25,JWP,JWALAPUR,,27
14310,2026-08-25,RK,ROORKEE,9.0,68
14310,2026-08-25,SRE,SAHARANPUR,0.0,103
14310,2026-08-25,DBD,DEOBAND,5.0,137
14310,2026-08-25,MOZ,MUZAFFARNAGAR,4.0,161
14310,2026-08-25,MTC,MEERUT CITY,19.0,217
14310,2026-08-25,GZB,GHAZIABAD,16.0,264
14310,2026-08-25,NZM,H NIZAMUDDIN,1.0,287
14310,2026-08-25,FDB,FARIDABAD,9.0,308
14310,2026-08-25,KSV,KOSI KALAN,21.0,379
14310,2026-08-25,MTJ,MATHURA JN,38.0,420
14310,2026-08-25,RKM,RAJA KI MANDI,39.0,470
14310,2026-08-25,AGC,AGRA CANTT,33.0,474
14310,2026-08-25,DHO,DHAULPUR,19.0,526
14310,2026-08-25,MRA,MORENA,14.0,554
14310,2026-08-25,BAO,BANMOR,13.0,573
14310,2026-08-25,GWL,GWALIOR,6.0,592
14310,2026-08-25,SVPI,SHIVPURI,46.0,718
14310,2026-08-25,KLRS,KOLARAS,,744
14310,2026-08-25,GUNA,GUNA,62.0,820
14310,2026-08-25,RTA,RUTHIYAI,60.0,840
14310,2026-08-25,KHRJ,KUMBHRAJ,63.0,864
14310,2026-08-25,BRRG,BIYAVRA RAJGARH,72.0,917
14310,2026-08-25,PFR,PACHOR ROAD,78.0,947
14310,2026-08-25,SFW,SARANGPUR,75.0,979
14310,2026-08-25,SFY,SHAJAPUR,101.0,1006
14310,2026-08-25,MKC,MAKSI,0.0,1034
14310,2026-08-25,UJN,UJJAIN JN,12.0,1075
14310,2026-08-25,DWX,DEWAS,9.0,1115
14310,2026-08-25,LMNR,LAKSHMIBAI NGR,-36.0,1151
14310,2026-08-26,YNRK,YOGNAGARI RISHIKESH,0.0,0
14310,2026-08-26,RWL,RAIWALA,,11
14310,2026-08-26,MOTC,MOTICHUR,,18
14310,2026-08-26,HW,HARIDWAR JN,1.0,23
14310,2026-08-26,JWP,JWALAPUR,,27
14310,2026-08-26,RK,ROORKEE,0.0,68
14310,2026-08-26,SRE,SAHARANPUR,0.0,103
14310,2026-08-26,DBD,DEOBAND,2.0,137
14310,2026-08-26,MOZ,MUZAFFARNAGAR,2.0,161
14310,2026-08-26,MTC,MEERUT CITY,0.0,217
14310,2026-08-26,GZB,GHAZIABAD,2.0,264
14310,2026-08-26,NZM,H NIZAMUDDIN,0.0,287
14310,2026-08-26,FDB,FARIDABAD,7.0,308
14310,2026-08-26,KSV,KOSI KALAN,1.0,379
14310,2026-08-26,MTJ,MATHURA JN,12.0,420
14310,2026-08-26,RKM,RAJA KI MANDI,26.0,470
14310,2026-08-26,AGC,AGRA CANTT,20.0,474
14310,2026-08-26,DHO,DHAULPUR,20.0,526
14310,2026-08-26,MRA,MORENA,20.0,554
14310,2026-08-26,BAO,BANMOR,19.0,573
14310,2026-08-26,GWL,GWALIOR,8.0,592
14310,2026-08-26,SVPI,SHIVPURI,12.0,718
14310,2026-08-26,KLRS,KOLARAS,,744
14310,2026-08-26,GUNA,GUNA,1.0,820
14310,2026-08-26,RTA,RUTHIYAI,1.0,840
14310,2026-08-26,KHRJ,KUMBHRAJ,2.0,864
14310,2026-08-26,BRRG,BIYAVRA RAJGARH,3.0,917
14310,2026-08-26,PFR,PACHOR ROAD,9.0,947
14310,2026-08-26,SFW,SARANGPUR,42.0,979
14310,2026-08-26,SFY,SHAJAPUR,70.0,1006
14310,2026-08-26,MKC,MAKSI,2.0,1034
14310,2026-08-26,UJN,UJJAIN JN,9.0,1075
14310,2026-08-26,DWX,DEWAS,16.0,1115
14310,2026-08-26,LMNR,LAKSHMIBAI NGR,-30.0,1151
14310,2026-09-01,YNRK,YOGNAGARI RISHIKESH,0.0,0
14310,2026-09-01,RWL,RAIWALA,,11
14310,2026-09-01,MOTC,MOTICHUR,,18
14310,2026-09-01,HW,HARIDWAR JN,1.0,23
14310,2026-09-01,JWP,JWALAPUR,,27
14310,2026-09-01,RK,ROORKEE,0.0,68
14310,2026-09-01,SRE,SAHARANPUR,0.0,103
14310,2026-09-01,DBD,DEOBAND,3.0,137
14310,2026-09-01,MOZ,MUZAFFARNAGAR,3.0,161
14310,2026-09-01,MTC,MEERUT CITY,6.0,217
14310,2026-09-01,GZB,GHAZIABAD,8.0,264
14310,2026-09-01,NZM,H NIZAMUDDIN,2.0,287
14310,2026-09-01,FDB,FARIDABAD,33.0,308
14310,2026-09-01,KSV,KOSI KALAN,47.0,379
14310,2026-09-01,MTJ,MATHURA JN,55.0,420
14310,2026-09-01,RKM,RAJA KI MANDI,58.0,470
14310,2026-09-01,AGC,AGRA CANTT,51.0,474
14310,2026-09-01,DHO,DHAULPUR,38.0,526
14310,2026-09-01,MRA,MORENA,32.0,554
14310,2026-09-01,BAO,BANMOR,33.0,573
14310,2026-09-01,GWL,GWALIOR,19.0,592
14310,2026-09-01,SVPI,SHIVPURI,30.0,718
14310,2026-09-01,KLRS,KOLARAS,32.0,744
14310,2026-09-01,GUNA,GUNA,18.0,820
14310,2026-09-01,RTA,RUTHIYAI,13.0,840
14310,2026-09-01,KHRJ,KUMBHRAJ,15.0,864
14310,2026-09-01,BRRG,BIYAVRA RAJGARH,70.0,917
14310,2026-09-01,PFR,PACHOR ROAD,77.0,947
14310,2026-09-01,SFW,SARANGPUR,78.0,979
14310,2026-09-01,SFY,SHAJAPUR,103.0,1006
14310,2026-09-01,MKC,MAKSI,0.0,1034
14310,2026-09-01,UJN,UJJAIN JN,16.0,1075
14310,2026-09-01,DWX,DEWAS,17.0,1115
14310,2026-09-01,LMNR,LAKSHMIBAI NGR,-29.0,1151
14310,2026-09-02,YNRK,YOGNAGARI RISHIKESH,0.0,0
14310,2026-09-02,RWL,RAIWALA,,11
14310,2026-09-02,MOTC,MOTICHUR,,18
14310,2026-09-02,HW,HARIDWAR JN,2.0,23
14310,2026-09-02,JWP,JWALAPUR,,27
14310,2026-09-02,RK,ROORKEE,3.0,68
14310,2026-09-02,SRE,SAHARANPUR,0.0,103
14310,2026-09-02,DBD,DEOBAND,1.0,137
14310,2026-09-02,MOZ,MUZAFFARNAGAR,2.0,161
14310,2026-09-02,MTC,MEERUT CITY,2.0,217
14310,2026-09-02,GZB,GHAZIABAD,14.0,264
14310,2026-09-02,NZM,H NIZAMUDDIN,10.0,287
14310,2026-09-02,FDB,FARIDABAD,36.0,308
14310,2026-09-02,KSV,KOSI KALAN,42.0,379
14310,2026-09-02,MTJ,MATHURA JN,48.0,420
14310,2026-09-02,RKM,RAJA KI MANDI,49.0,470
14310,2026-09-02,AGC,AGRA CANTT,43.0,474
14310,2026-09-02,DHO,DHAULPUR,38.0,526
14310,2026-09-02,MRA,MORENA,29.0,554
14310,2026-09-02,BAO,BANMOR,33.0,573
14310,2026-09-02,GWL,GWALIOR,27.0,592
14310,2026-09-02,SVPI,SHIVPURI,36.0,718
14310,2026-09-02,KLRS,KOLARAS,40.0,744
14310,2026-09-02,GUNA,GUNA,16.0,820
14310,2026-09-02,RTA,RUTHIYAI,16.0,840
14310,2026-09-02,KHRJ,KUMBHRAJ,16.0,864
14310,2026-09-02,BRRG,BIYAVRA RAJGARH,18.0,917
14310,2026-09-02,PFR,PACHOR ROAD,27.0,947
14310,2026-09-02,SFW,SARANGPUR,25.0,979
14310,2026-09-02,SFY,SHAJAPUR,70.0,1006
14310,2026-09-02,MKC,MAKSI,2.0,1034
14310,2026-09-02,UJN,UJJAIN JN,15.0,1075
14310,2026-09-02,DWX,DEWAS,12.0,1115
14310,2026-09-02,LMNR,LAKSHMIBAI NGR,-37.0,1151
