train_no,date,station_code,station_name,delay,DISTANCE
20807,9/5/2025,VSKP,VISAKHAPATNAM,0,0
20807,9/5/2025,VZM,VIZIANAGRAM JN,21,61
20807,9/5/2025,CHE,SRIKAKULAM ROAD,21,131
20807,9/5/2025,PSA,PALASA,1,203
20807,9/5/2025,BAM,BRAHMAPUR,18,277
20807,9/5/2025,CAP,CHATRAPUR,16,299
20807,9/5/2025,BALU,BALUGAN,15,353
20807,9/5/2025,KUR,KHURDA ROAD JN,14,424
20807,9/5/2025,BBS,BHUBANESWAR,0,443
20807,9/5/2025,NQR,NARAJ MARTHAPUR,0,468
20807,9/5/2025,DNKL,DHENKANAL,13,505
20807,9/5/2025,TLHR,TALCHER,33,558
20807,9/5/2025,ANGL,ANGUL,31,576
20807,9/5/2025,RAIR,RAIRAKHOL,33,661
20807,9/5/2025,RGDA,RAYAGADA,,
20807,9/5/2025,TIG,TITLAGARH,,
20807,9/5/2025,SBP,SAMBALPUR,44,732
20807,9/5/2025,JSGR,JHARSUGUDA ROAD,40,779
20807,9/5/2025,BRJN,BRAJRAJNAGAR,35,790
20807,9/5/2025,BPH,BELPAHAR,42,799
20807,9/5/2025,RIG,RAIGARH,55,850
20807,9/5/2025,KHS,KHARSIA,77,884
20807,9/5/2025,SKT,SAKTI,78,900
20807,9/5/2025,CPH,CHAMPA,86,930
20807,9/5/2025,AKT,AKALTARA,86,956
20807,9/5/2025,BSP,BILASPUR JN,68,983
20807,9/5/2025,PND,PENDRA ROAD,78,1086
20807,9/5/2025,APR,ANUPPUR JN,80,1136
20807,9/5/2025,BUH,BURHAR,82,1157
20807,9/5/2025,SDL,SHAHDOL,87,1177
20807,9/5/2025,UMR,UMARIA,88,1244
20807,9/5/2025,KMZ,KATNI MURWARA,92,1302
20807,9/5/2025,DMO,DAMOH,105,1411
20807,9/5/2025,SGO,SAUGOR,111,1489
20807,9/5/2025,KYE,KHURAI,101,1542
20807,9/5/2025,MAKR,BINA MALKHEDI JN,85,1560
20807,9/5/2025,LAR,LALITPUR,86,1622
20807,9/5/2025,VGLJ,V LAKSHMIBAI JHANSI,86,1712
20807,9/5/2025,DAA,DATIA,86,1737
20807,9/5/2025,GWL,GWALIOR,70,1809
20807,9/5/2025,AGC,AGRA CANTT,49,1928
20807,9/5/2025,MTJ,MATHURA JN,43,1982
20807,9/5/2025,NZM,H NIZAMUDDIN,14,2115
20807,9/5/2025,NDLS,NEW DELHI,33,2122
20807,9/5/2025,BDMJ,BHODWAL MAJRI,,
20807,9/5/2025,PNP,PANIPAT JN,28,2212
20807,9/5/2025,UMB,AMBALA CANT JN,1,2320
20807,9/5/2025,LDH,LUDHIANA JN,35,2434
20807,9/5/2025,JUC,JALANDHAR CITY,0,2491
20807,9/5/2025,BEAS,BEAS,2,2527
20807,9/5/2025,ASR,AMRITSAR JN,-2,2570
20807,9/6/2025,VSKP,VISAKHAPATNAM,10,0
20807,9/6/2025,VZM,VIZIANAGRAM JN,26,61
20807,9/6/2025,CHE,SRIKAKULAM ROAD,29,131
20807,9/6/2025,PSA,PALASA,7,203
20807,9/6/2025,BAM,BRAHMAPUR,22,277
20807,9/6/2025,CAP,CHATRAPUR,21,299
20807,9/6/2025,BALU,BALUGAN,24,353
20807,9/6/2025,KUR,KHURDA ROAD JN,39,424
20807,9/6/2025,BBS,BHUBANESWAR,22,443
20807,9/6/2025,NQR,NARAJ MARTHAPUR,8,468
20807,9/6/2025,DNKL,DHENKANAL,16,505
20807,9/6/2025,TLHR,TALCHER,16,558
20807,9/6/2025,ANGL,ANGUL,18,576
20807,9/6/2025,RAIR,RAIRAKHOL,20,661
20807,9/6/2025,RGDA,RAYAGADA,,
20807,9/6/2025,TIG,TITLAGARH,,
20807,9/6/2025,SBP,SAMBALPUR,18,732
20807,9/6/2025,JSGR,JHARSUGUDA ROAD,20,779
20807,9/6/2025,BRJN,BRAJRAJNAGAR,3,790
20807,9/6/2025,BPH,BELPAHAR,4,799
20807,9/6/2025,RIG,RAIGARH,43,850
20807,9/6/2025,KHS,KHARSIA,61,884
20807,9/6/2025,SKT,SAKTI,64,900
20807,9/6/2025,CPH,CHAMPA,66,930
20807,9/6/2025,AKT,AKALTARA,62,956
20807,9/6/2025,BSP,BILASPUR JN,58,983
20807,9/6/2025,PND,PENDRA ROAD,101,1086
20807,9/6/2025,APR,ANUPPUR JN,92,1136
20807,9/6/2025,BUH,BURHAR,100,1157
20807,9/6/2025,SDL,SHAHDOL,102,1177
20807,9/6/2025,UMR,UMARIA,108,1244
20807,9/6/2025,KMZ,KATNI MURWARA,99,1302
20807,9/6/2025,DMO,DAMOH,110,1411
20807,9/6/2025,SGO,SAUGOR,113,1489
20807,9/6/2025,KYE,KHURAI,107,1542
20807,9/6/2025,MAKR,BINA MALKHEDI JN,85,1560
20807,9/6/2025,LAR,LALITPUR,74,1622
20807,9/6/2025,VGLJ,V LAKSHMIBAI JHANSI,63,1712
20807,9/6/2025,DAA,DATIA,61,1737
20807,9/6/2025,GWL,GWALIOR,63,1809
20807,9/6/2025,AGC,AGRA CANTT,48,1928
20807,9/6/2025,MTJ,MATHURA JN,44,1982
20807,9/6/2025,NZM,H NIZAMUDDIN,15,2115
20807,9/6/2025,NDLS,NEW DELHI,10,2122
20807,9/6/2025,BDMJ,BHODWAL MAJRI,,
20807,9/6/2025,PNP,PANIPAT JN,25,2212
20807,9/6/2025,UMB,AMBALA CANT JN,4,2320
20807,9/6/2025,LDH,LUDHIANA JN,48,2434
20807,9/6/2025,JUC,JALANDHAR CITY,0,2491
20807,9/6/2025,BEAS,BEAS,2,2527
20807,9/6/2025,ASR,AMRITSAR JN,30,2570
20807,9/9/2025,VSKP,VISAKHAPATNAM,22,0
20807,9/9/2025,VZM,VIZIANAGRAM JN,18,61
20807,9/9/2025,CHE,SRIKAKULAM ROAD,18,131
20807,9/9/2025,PSA,PALASA,0,203
20807,9/9/2025,BAM,BRAHMAPUR,10,277
20807,9/9/2025,CAP,CHATRAPUR,7,299
20807,9/9/2025,BALU,BALUGAN,11,353
20807,9/9/2025,KUR,KHURDA ROAD JN,5,424
20807,9/9/2025,BBS,BHUBANESWAR,0,443
20807,9/9/2025,NQR,NARAJ MARTHAPUR,0,468
20807,9/9/2025,DNKL,DHENKANAL,22,505
20807,9/9/2025,TLHR,TALCHER,33,558
20807,9/9/2025,ANGL,ANGUL,28,576
20807,9/9/2025,RAIR,RAIRAKHOL,29,661
20807,9/9/2025,RGDA,RAYAGADA,,
20807,9/9/2025,TIG,TITLAGARH,,
20807,9/9/2025,SBP,SAMBALPUR,7,732
20807,9/9/2025,JSGR,JHARSUGUDA ROAD,15,779
20807,9/9/2025,BRJN,BRAJRAJNAGAR,1,790
20807,9/9/2025,BPH,BELPAHAR,4,799
20807,9/9/2025,RIG,RAIGARH,41,850
20807,9/9/2025,KHS,KHARSIA,55,884
20807,9/9/2025,SKT,SAKTI,69,900
20807,9/9/2025,CPH,CHAMPA,71,930
20807,9/9/2025,AKT,AKALTARA,72,956
20807,9/9/2025,BSP,BILASPUR JN,98,983
20807,9/9/2025,PND,PENDRA ROAD,275,1086
20807,9/9/2025,APR,ANUPPUR JN,259,1136
20807,9/9/2025,BUH,BURHAR,263,1157
20807,9/9/2025,SDL,SHAHDOL,257,1177
20807,9/9/2025,UMR,UMARIA,254,1244
20807,9/9/2025,KMZ,KATNI MURWARA,261,1302
20807,9/9/2025,DMO,DAMOH,293,1411
20807,9/9/2025,SGO,SAUGOR,298,1489
20807,9/9/2025,KYE,KHURAI,286,1542
20807,9/9/2025,MAKR,BINA MALKHEDI JN,266,1560
20807,9/9/2025,LAR,LALITPUR,246,1622
20807,9/9/2025,VGLJ,V LAKSHMIBAI JHANSI,250,1712
20807,9/9/2025,DAA,DATIA,256,1737
20807,9/9/2025,GWL,GWALIOR,269,1809
20807,9/9/2025,AGC,AGRA CANTT,249,1928
20807,9/9/2025,MTJ,MATHURA JN,250,1982
20807,9/9/2025,NZM,H NIZAMUDDIN,291,2115
20807,9/9/2025,NDLS,NEW DELHI,288,2122
20807,9/9/2025,BDMJ,BHODWAL MAJRI,,
20807,9/9/2025,PNP,PANIPAT JN,291,2212
20807,9/9/2025,UMB,AMBALA CANT JN,239,2320
20807,9/9/2025,LDH,LUDHIANA JN,237,2434
20807,9/9/2025,JUC,JALANDHAR CITY,181,2491
20807,9/9/2025,BEAS,BEAS,180,2527
20807,9/9/2025,ASR,AMRITSAR JN,161,2570
20807,9/12/2025,VSKP,VISAKHAPATNAM,2,0
20807,9/12/2025,VZM,VIZIANAGRAM JN,27,61
20807,9/12/2025,CHE,SRIKAKULAM ROAD,24,131
20807,9/12/2025,PSA,PALASA,7,203
20807,9/12/2025,BAM,BRAHMAPUR,15,277
20807,9/12/2025,CAP,CHATRAPUR,15,299
20807,9/12/2025,BALU,BALUGAN,18,353
20807,9/12/2025,KUR,KHURDA ROAD JN,9,424
20807,9/12/2025,BBS,BHUBANESWAR,1,443
20807,9/12/2025,NQR,NARAJ MARTHAPUR,0,468
20807,9/12/2025,DNKL,DHENKANAL,20,505
20807,9/12/2025,TLHR,TALCHER,1,558
20807,9/12/2025,ANGL,ANGUL,12,576
20807,9/12/2025,RAIR,RAIRAKHOL,11,661
20807,9/12/2025,RGDA,RAYAGADA,,
20807,9/12/2025,TIG,TITLAGARH,,
20807,9/12/2025,SBP,SAMBALPUR,3,732
20807,9/12/2025,JSGR,JHARSUGUDA ROAD,0,779
20807,9/12/2025,BRJN,BRAJRAJNAGAR,0,790
20807,9/12/2025,BPH,BELPAHAR,15,799
20807,9/12/2025,RIG,RAIGARH,61,850
20807,9/12/2025,KHS,KHARSIA,65,884
20807,9/12/2025,SKT,SAKTI,68,900
20807,9/12/2025,CPH,CHAMPA,69,930
20807,9/12/2025,AKT,AKALTARA,65,956
20807,9/12/2025,BSP,BILASPUR JN,55,983
20807,9/12/2025,PND,PENDRA ROAD,98,1086
20807,9/12/2025,APR,ANUPPUR JN,104,1136
20807,9/12/2025,BUH,BURHAR,104,1157
20807,9/12/2025,SDL,SHAHDOL,104,1177
20807,9/12/2025,UMR,UMARIA,109,1244
20807,9/12/2025,KMZ,KATNI MURWARA,143,1302
20807,9/12/2025,DMO,DAMOH,142,1411
20807,9/12/2025,SGO,SAUGOR,153,1489
20807,9/12/2025,KYE,KHURAI,145,1542
20807,9/12/2025,MAKR,BINA MALKHEDI JN,122,1560
20807,9/12/2025,LAR,LALITPUR,99,1622
20807,9/12/2025,VGLJ,V LAKSHMIBAI JHANSI,88,1712
20807,9/12/2025,DAA,DATIA,85,1737
20807,9/12/2025,GWL,GWALIOR,72,1809
20807,9/12/2025,AGC,AGRA CANTT,51,1928
20807,9/12/2025,MTJ,MATHURA JN,63,1982
20807,9/12/2025,NZM,H NIZAMUDDIN,41,2115
20807,9/12/2025,NDLS,NEW DELHI,44,2122
20807,9/12/2025,BDMJ,BHODWAL MAJRI,,
20807,9/12/2025,PNP,PANIPAT JN,44,2212
20807,9/12/2025,UMB,AMBALA CANT JN,17,2320
20807,9/12/2025,LDH,LUDHIANA JN,41,2434
20807,9/12/2025,JUC,JALANDHAR CITY,39,2491
20807,9/12/2025,BEAS,BEAS,42,2527
20807,9/12/2025,ASR,AMRITSAR JN,-2,2570
20807,9/13/2025,VSKP,VISAKHAPATNAM,6,0
20807,9/13/2025,VZM,VIZIANAGRAM JN,16,61
20807,9/13/2025,CHE,SRIKAKULAM ROAD,25,131
20807,9/13/2025,PSA,PALASA,10,203
20807,9/13/2025,BAM,BRAHMAPUR,27,277
20807,9/13/2025,CAP,CHATRAPUR,30,299
20807,9/13/2025,BALU,BALUGAN,36,353
20807,9/13/2025,KUR,KHURDA ROAD JN,48,424
20807,9/13/2025,BBS,BHUBANESWAR,32,443
20807,9/13/2025,NQR,NARAJ MARTHAPUR,24,468
20807,9/13/2025,DNKL,DHENKANAL,36,505
20807,9/13/2025,TLHR,TALCHER,44,558
20807,9/13/2025,ANGL,ANGUL,44,576
20807,9/13/2025,RAIR,RAIRAKHOL,46,661
20807,9/13/2025,RGDA,RAYAGADA,,
20807,9/13/2025,TIG,TITLAGARH,,
20807,9/13/2025,SBP,SAMBALPUR,43,732
20807,9/13/2025,JSGR,JHARSUGUDA ROAD,37,779
20807,9/13/2025,BRJN,BRAJRAJNAGAR,25,790
20807,9/13/2025,BPH,BELPAHAR,38,799
20807,9/13/2025,RIG,RAIGARH,63,850
20807,9/13/2025,KHS,KHARSIA,97,884
20807,9/13/2025,SKT,SAKTI,104,900
20807,9/13/2025,CPH,CHAMPA,118,930
20807,9/13/2025,AKT,AKALTARA,123,956
20807,9/13/2025,BSP,BILASPUR JN,99,983
20807,9/13/2025,PND,PENDRA ROAD,150,1086
20807,9/13/2025,APR,ANUPPUR JN,136,1136
20807,9/13/2025,BUH,BURHAR,138,1157
20807,9/13/2025,SDL,SHAHDOL,131,1177
20807,9/13/2025,UMR,UMARIA,131,1244
20807,9/13/2025,KMZ,KATNI MURWARA,108,1302
20807,9/13/2025,DMO,DAMOH,115,1411
20807,9/13/2025,SGO,SAUGOR,143,1489
20807,9/13/2025,KYE,KHURAI,133,1542
20807,9/13/2025,MAKR,BINA MALKHEDI JN,113,1560
20807,9/13/2025,LAR,LALITPUR,122,1622
20807,9/13/2025,VGLJ,V LAKSHMIBAI JHANSI,124,1712
20807,9/13/2025,DAA,DATIA,126,1737
20807,9/13/2025,GWL,GWALIOR,115,1809
20807,9/13/2025,AGC,AGRA CANTT,89,1928
20807,9/13/2025,MTJ,MATHURA JN,90,1982
20807,9/13/2025,NZM,H NIZAMUDDIN,72,2115
20807,9/13/2025,NDLS,NEW DELHI,72,2122
20807,9/13/2025,BDMJ,BHODWAL MAJRI,,
20807,9/13/2025,PNP,PANIPAT JN,70,2212
20807,9/13/2025,UMB,AMBALA CANT JN,14,2320
20807,9/13/2025,LDH,LUDHIANA JN,23,2434
20807,9/13/2025,JUC,JALANDHAR CITY,0,2491
20807,9/13/2025,BEAS,BEAS,1,2527
20807,9/13/2025,ASR,AMRITSAR JN,0,2570
20807,9/16/2025,VSKP,VISAKHAPATNAM,0,0
20807,9/16/2025,VZM,VIZIANAGRAM JN,14,61
20807,9/16/2025,CHE,SRIKAKULAM ROAD,23,131
20807,9/16/2025,PSA,PALASA,11,203
20807,9/16/2025,BAM,BRAHMAPUR,28,277
20807,9/16/2025,CAP,CHATRAPUR,34,299
20807,9/16/2025,BALU,BALUGAN,38,353
20807,9/16/2025,KUR,KHURDA ROAD JN,51,424
20807,9/16/2025,BBS,BHUBANESWAR,35,443
20807,9/16/2025,NQR,NARAJ MARTHAPUR,29,468
20807,9/16/2025,DNKL,DHENKANAL,40,505
20807,9/16/2025,TLHR,TALCHER,57,558
20807,9/16/2025,ANGL,ANGUL,68,576
20807,9/16/2025,RAIR,RAIRAKHOL,80,661
20807,9/16/2025,RGDA,RAYAGADA,,
20807,9/16/2025,TIG,TITLAGARH,,
20807,9/16/2025,SBP,SAMBALPUR,79,732
20807,9/16/2025,JSGR,JHARSUGUDA ROAD,80,779
20807,9/16/2025,BRJN,BRAJRAJNAGAR,66,790
20807,9/16/2025,BPH,BELPAHAR,92,799
20807,9/16/2025,RIG,RAIGARH,133,850
20807,9/16/2025,KHS,KHARSIA,150,884
20807,9/16/2025,SKT,SAKTI,164,900
20807,9/16/2025,CPH,CHAMPA,179,930
20807,9/16/2025,AKT,AKALTARA,178,956
20807,9/16/2025,BSP,BILASPUR JN,156,983
20807,9/16/2025,PND,PENDRA ROAD,171,1086
20807,9/16/2025,APR,ANUPPUR JN,157,1136
20807,9/16/2025,BUH,BURHAR,159,1157
20807,9/16/2025,SDL,SHAHDOL,147,1177
20807,9/16/2025,UMR,UMARIA,151,1244
20807,9/16/2025,KMZ,KATNI MURWARA,182,1302
20807,9/16/2025,DMO,DAMOH,188,1411
20807,9/16/2025,SGO,SAUGOR,209,1489
20807,9/16/2025,KYE,KHURAI,212,1542
20807,9/16/2025,MAKR,BINA MALKHEDI JN,195,1560
20807,9/16/2025,LAR,LALITPUR,181,1622
20807,9/16/2025,VGLJ,V LAKSHMIBAI JHANSI,181,1712
20807,9/16/2025,DAA,DATIA,186,1737
20807,9/16/2025,GWL,GWALIOR,203,1809
20807,9/16/2025,AGC,AGRA CANTT,212,1928
20807,9/16/2025,MTJ,MATHURA JN,202,1982
20807,9/16/2025,NZM,H NIZAMUDDIN,195,2115
20807,9/16/2025,NDLS,NEW DELHI,211,2122
20807,9/16/2025,BDMJ,BHODWAL MAJRI,,
20807,9/16/2025,PNP,PANIPAT JN,215,2212
20807,9/16/2025,UMB,AMBALA CANT JN,170,2320
20807,9/16/2025,LDH,LUDHIANA JN,162,2434
20807,9/16/2025,JUC,JALANDHAR CITY,144,2491
20807,9/16/2025,BEAS,BEAS,145,2527
20807,9/16/2025,ASR,AMRITSAR JN,122,2570
20807,9/19/2025,VSKP,VISAKHAPATNAM,0,0
20807,9/19/2025,VZM,VIZIANAGRAM JN,42,61
20807,9/19/2025,CHE,SRIKAKULAM ROAD,48,131
20807,9/19/2025,PSA,PALASA,32,203
20807,9/19/2025,BAM,BRAHMAPUR,68,277
20807,9/19/2025,CAP,CHATRAPUR,73,299
20807,9/19/2025,BALU,BALUGAN,78,353
20807,9/19/2025,KUR,KHURDA ROAD JN,85,424
20807,9/19/2025,BBS,BHUBANESWAR,68,443
20807,9/19/2025,NQR,NARAJ MARTHAPUR,64,468
20807,9/19/2025,DNKL,DHENKANAL,76,505
20807,9/19/2025,TLHR,TALCHER,107,558
20807,9/19/2025,ANGL,ANGUL,116,576
20807,9/19/2025,RAIR,RAIRAKHOL,118,661
20807,9/19/2025,RGDA,RAYAGADA,,
20807,9/19/2025,TIG,TITLAGARH,,
20807,9/19/2025,SBP,SAMBALPUR,115,732
20807,9/19/2025,JSGR,JHARSUGUDA ROAD,114,779
20807,9/19/2025,BRJN,BRAJRAJNAGAR,107,790
20807,9/19/2025,BPH,BELPAHAR,115,799
20807,9/19/2025,RIG,RAIGARH,161,850
20807,9/19/2025,KHS,KHARSIA,179,884
20807,9/19/2025,SKT,SAKTI,190,900
20807,9/19/2025,CPH,CHAMPA,196,930
20807,9/19/2025,AKT,AKALTARA,207,956
20807,9/19/2025,BSP,BILASPUR JN,200,983
20807,9/19/2025,PND,PENDRA ROAD,231,1086
20807,9/19/2025,APR,ANUPPUR JN,213,1136
20807,9/19/2025,BUH,BURHAR,216,1157
20807,9/19/2025,SDL,SHAHDOL,204,1177
20807,9/19/2025,UMR,UMARIA,219,1244
20807,9/19/2025,KMZ,KATNI MURWARA,176,1302
20807,9/19/2025,DMO,DAMOH,182,1411
20807,9/19/2025,SGO,SAUGOR,193,1489
20807,9/19/2025,KYE,KHURAI,186,1542
20807,9/19/2025,MAKR,BINA MALKHEDI JN,169,1560
20807,9/19/2025,LAR,LALITPUR,158,1622
20807,9/19/2025,VGLJ,V LAKSHMIBAI JHANSI,148,1712
20807,9/19/2025,DAA,DATIA,146,1737
20807,9/19/2025,GWL,GWALIOR,144,1809
20807,9/19/2025,AGC,AGRA CANTT,150,1928
20807,9/19/2025,MTJ,MATHURA JN,147,1982
20807,9/19/2025,NZM,H NIZAMUDDIN,167,2115
20807,9/19/2025,NDLS,NEW DELHI,166,2122
20807,9/19/2025,BDMJ,BHODWAL MAJRI,,
20807,9/19/2025,PNP,PANIPAT JN,159,2212
20807,9/19/2025,UMB,AMBALA CANT JN,107,2320
20807,9/19/2025,LDH,LUDHIANA JN,100,2434
20807,9/19/2025,JUC,JALANDHAR CITY,47,2491
20807,9/19/2025,BEAS,BEAS,49,2527
20807,9/19/2025,ASR,AMRITSAR JN,64,2570
20807,9/20/2025,VSKP,VISAKHAPATNAM,1,0
20807,9/20/2025,VZM,VIZIANAGRAM JN,15,61
20807,9/20/2025,CHE,SRIKAKULAM ROAD,15,131
20807,9/20/2025,PSA,PALASA,6,203
20807,9/20/2025,BAM,BRAHMAPUR,17,277
20807,9/20/2025,CAP,CHATRAPUR,24,299
20807,9/20/2025,BALU,BALUGAN,30,353
20807,9/20/2025,KUR,KHURDA ROAD JN,39,424
20807,9/20/2025,BBS,BHUBANESWAR,40,443
20807,9/20/2025,NQR,NARAJ MARTHAPUR,25,468
20807,9/20/2025,DNKL,DHENKANAL,29,505
20807,9/20/2025,TLHR,TALCHER,48,558
20807,9/20/2025,ANGL,ANGUL,56,576
20807,9/20/2025,RAIR,RAIRAKHOL,57,661
20807,9/20/2025,RGDA,RAYAGADA,,
20807,9/20/2025,TIG,TITLAGARH,,
20807,9/20/2025,SBP,SAMBALPUR,75,732
20807,9/20/2025,JSGR,JHARSUGUDA ROAD,102,779
20807,9/20/2025,BRJN,BRAJRAJNAGAR,87,790
20807,9/20/2025,BPH,BELPAHAR,140,799
20807,9/20/2025,RIG,RAIGARH,193,850
20807,9/20/2025,KHS,KHARSIA,273,884
20807,9/20/2025,SKT,SAKTI,293,900
20807,9/20/2025,CPH,CHAMPA,300,930
20807,9/20/2025,AKT,AKALTARA,298,956
20807,9/20/2025,BSP,BILASPUR JN,280,983
20807,9/20/2025,PND,PENDRA ROAD,351,1086
20807,9/20/2025,APR,ANUPPUR JN,336,1136
20807,9/20/2025,BUH,BURHAR,342,1157
20807,9/20/2025,SDL,SHAHDOL,344,1177
20807,9/20/2025,UMR,UMARIA,340,1244
20807,9/20/2025,KMZ,KATNI MURWARA,385,1302
20807,9/20/2025,DMO,DAMOH,421,1411
20807,9/20/2025,SGO,SAUGOR,543,1489
20807,9/20/2025,KYE,KHURAI,545,1542
20807,9/20/2025,MAKR,BINA MALKHEDI JN,525,1560
20807,9/20/2025,LAR,LALITPUR,500,1622
20807,9/20/2025,VGLJ,V LAKSHMIBAI JHANSI,502,1712
20807,9/20/2025,DAA,DATIA,502,1737
20807,9/20/2025,GWL,GWALIOR,486,1809
20807,9/20/2025,AGC,AGRA CANTT,458,1928
20807,9/20/2025,MTJ,MATHURA JN,463,1982
20807,9/20/2025,NZM,H NIZAMUDDIN,453,2115
20807,9/20/2025,NDLS,NEW DELHI,456,2122
20807,9/20/2025,BDMJ,BHODWAL MAJRI,,
20807,9/20/2025,PNP,PANIPAT JN,456,2212
20807,9/20/2025,UMB,AMBALA CANT JN,550,2320
20807,9/20/2025,LDH,LUDHIANA JN,553,2434
20807,9/20/2025,JUC,JALANDHAR CITY,496,2491
20807,9/20/2025,BEAS,BEAS,504,2527
20807,9/20/2025,ASR,AMRITSAR JN,505,2570
20807,9/23/2025,VSKP,VISAKHAPATNAM,2,0
20807,9/23/2025,VZM,VIZIANAGRAM JN,13,61
20807,9/23/2025,CHE,SRIKAKULAM ROAD,31,131
20807,9/23/2025,PSA,PALASA,14,203
20807,9/23/2025,BAM,BRAHMAPUR,23,277
20807,9/23/2025,CAP,CHATRAPUR,29,299
20807,9/23/2025,BALU,BALUGAN,38,353
20807,9/23/2025,KUR,KHURDA ROAD JN,54,424
20807,9/23/2025,BBS,BHUBANESWAR,43,443
20807,9/23/2025,NQR,NARAJ MARTHAPUR,27,468
20807,9/23/2025,DNKL,DHENKANAL,65,505
20807,9/23/2025,TLHR,TALCHER,87,558
20807,9/23/2025,ANGL,ANGUL,84,576
20807,9/23/2025,RAIR,RAIRAKHOL,93,661
20807,9/23/2025,RGDA,RAYAGADA,,
20807,9/23/2025,TIG,TITLAGARH,,
20807,9/23/2025,SBP,SAMBALPUR,99,732
20807,9/23/2025,JSGR,JHARSUGUDA ROAD,162,779
20807,9/23/2025,BRJN,BRAJRAJNAGAR,155,790
20807,9/23/2025,BPH,BELPAHAR,168,799
20807,9/23/2025,RIG,RAIGARH,222,850
20807,9/23/2025,KHS,KHARSIA,244,884
20807,9/23/2025,SKT,SAKTI,250,900
20807,9/23/2025,CPH,CHAMPA,263,930
20807,9/23/2025,AKT,AKALTARA,263,956
20807,9/23/2025,BSP,BILASPUR JN,237,983
20807,9/23/2025,PND,PENDRA ROAD,330,1086
20807,9/23/2025,APR,ANUPPUR JN,317,1136
20807,9/23/2025,BUH,BURHAR,321,1157
20807,9/23/2025,SDL,SHAHDOL,310,1177
20807,9/23/2025,UMR,UMARIA,319,1244
20807,9/23/2025,KMZ,KATNI MURWARA,341,1302
20807,9/23/2025,DMO,DAMOH,354,1411
20807,9/23/2025,SGO,SAUGOR,369,1489
20807,9/23/2025,KYE,KHURAI,363,1542
20807,9/23/2025,MAKR,BINA MALKHEDI JN,343,1560
20807,9/23/2025,LAR,LALITPUR,330,1622
20807,9/23/2025,VGLJ,V LAKSHMIBAI JHANSI,345,1712
20807,9/23/2025,DAA,DATIA,342,1737
20807,9/23/2025,GWL,GWALIOR,345,1809
20807,9/23/2025,AGC,AGRA CANTT,321,1928
20807,9/23/2025,MTJ,MATHURA JN,324,1982
20807,9/23/2025,NZM,H NIZAMUDDIN,309,2115
20807,9/23/2025,NDLS,NEW DELHI,308,2122
20807,9/23/2025,BDMJ,BHODWAL MAJRI,,
20807,9/23/2025,PNP,PANIPAT JN,311,2212
20807,9/23/2025,UMB,AMBALA CANT JN,260,2320
20807,9/23/2025,LDH,LUDHIANA JN,254,2434
20807,9/23/2025,JUC,JALANDHAR CITY,194,2491
20807,9/23/2025,BEAS,BEAS,190,2527
20807,9/23/2025,ASR,AMRITSAR JN,171,2570
20807,9/26/2025,VSKP,VISAKHAPATNAM,14,0
20807,9/26/2025,VZM,VIZIANAGRAM JN,25,61
20807,9/26/2025,CHE,SRIKAKULAM ROAD,29,131
20807,9/26/2025,PSA,PALASA,9,203
20807,9/26/2025,BAM,BRAHMAPUR,54,277
20807,9/26/2025,CAP,CHATRAPUR,59,299
20807,9/26/2025,BALU,BALUGAN,61,353
20807,9/26/2025,KUR,KHURDA ROAD JN,65,424
20807,9/26/2025,BBS,BHUBANESWAR,52,443
20807,9/26/2025,NQR,NARAJ MARTHAPUR,39,468
20807,9/26/2025,DNKL,DHENKANAL,56,505
20807,9/26/2025,TLHR,TALCHER,60,558
20807,9/26/2025,ANGL,ANGUL,56,576
20807,9/26/2025,RAIR,RAIRAKHOL,75,661
20807,9/26/2025,RGDA,RAYAGADA,,
20807,9/26/2025,TIG,TITLAGARH,,
20807,9/26/2025,SBP,SAMBALPUR,51,732
20807,9/26/2025,JSGR,JHARSUGUDA ROAD,27,779
20807,9/26/2025,BRJN,BRAJRAJNAGAR,124,790
20807,9/26/2025,BPH,BELPAHAR,124,799
20807,9/26/2025,RIG,RAIGARH,154,850
20807,9/26/2025,KHS,KHARSIA,221,884
20807,9/26/2025,SKT,SAKTI,226,900
20807,9/26/2025,CPH,CHAMPA,228,930
20807,9/26/2025,AKT,AKALTARA,227,956
20807,9/26/2025,BSP,BILASPUR JN,219,983
20807,9/26/2025,PND,PENDRA ROAD,237,1086
20807,9/26/2025,APR,ANUPPUR JN,220,1136
20807,9/26/2025,BUH,BURHAR,223,1157
20807,9/26/2025,SDL,SHAHDOL,212,1177
20807,9/26/2025,UMR,UMARIA,206,1244
20807,9/26/2025,KMZ,KATNI MURWARA,207,1302
20807,9/26/2025,DMO,DAMOH,212,1411
20807,9/26/2025,SGO,SAUGOR,239,1489
20807,9/26/2025,KYE,KHURAI,231,1542
20807,9/26/2025,MAKR,BINA MALKHEDI JN,211,1560
20807,9/26/2025,LAR,LALITPUR,192,1622
20807,9/26/2025,VGLJ,V LAKSHMIBAI JHANSI,199,1712
20807,9/26/2025,DAA,DATIA,204,1737
20807,9/26/2025,GWL,GWALIOR,209,1809
20807,9/26/2025,AGC,AGRA CANTT,206,1928
20807,9/26/2025,MTJ,MATHURA JN,196,1982
20807,9/26/2025,NZM,H NIZAMUDDIN,249,2115
20807,9/26/2025,NDLS,NEW DELHI,278,2122
20807,9/26/2025,BDMJ,BHODWAL MAJRI,,
20807,9/26/2025,PNP,PANIPAT JN,280,2212
20807,9/26/2025,UMB,AMBALA CANT JN,222,2320
20807,9/26/2025,LDH,LUDHIANA JN,211,2434
20807,9/26/2025,JUC,JALANDHAR CITY,190,2491
20807,9/26/2025,BEAS,BEAS,196,2527
20807,9/26/2025,ASR,AMRITSAR JN,242,2570
20807,9/27/2025,VSKP,VISAKHAPATNAM,8,0
20807,9/27/2025,VZM,VIZIANAGRAM JN,20,61
20807,9/27/2025,CHE,SRIKAKULAM ROAD,32,131
20807,9/27/2025,PSA,PALASA,24,203
20807,9/27/2025,BAM,BRAHMAPUR,57,277
20807,9/27/2025,CAP,CHATRAPUR,61,299
20807,9/27/2025,BALU,BALUGAN,63,353
20807,9/27/2025,KUR,KHURDA ROAD JN,73,424
20807,9/27/2025,BBS,BHUBANESWAR,61,443
20807,9/27/2025,NQR,NARAJ MARTHAPUR,45,468
20807,9/27/2025,DNKL,DHENKANAL,50,505
20807,9/27/2025,TLHR,TALCHER,45,558
20807,9/27/2025,ANGL,ANGUL,71,576
20807,9/27/2025,RAIR,RAIRAKHOL,71,661
20807,9/27/2025,RGDA,RAYAGADA,,
20807,9/27/2025,TIG,TITLAGARH,,
20807,9/27/2025,SBP,SAMBALPUR,59,732
20807,9/27/2025,JSGR,JHARSUGUDA ROAD,74,779
20807,9/27/2025,BRJN,BRAJRAJNAGAR,63,790
20807,9/27/2025,BPH,BELPAHAR,64,799
20807,9/27/2025,RIG,RAIGARH,76,850
20807,9/27/2025,KHS,KHARSIA,78,884
20807,9/27/2025,SKT,SAKTI,78,900
20807,9/27/2025,CPH,CHAMPA,87,930
20807,9/27/2025,AKT,AKALTARA,87,956
20807,9/27/2025,BSP,BILASPUR JN,70,983
20807,9/27/2025,PND,PENDRA ROAD,115,1086
20807,9/27/2025,APR,ANUPPUR JN,105,1136
20807,9/27/2025,BUH,BURHAR,113,1157
20807,9/27/2025,SDL,SHAHDOL,112,1177
20807,9/27/2025,UMR,UMARIA,115,1244
20807,9/27/2025,KMZ,KATNI MURWARA,126,1302
20807,9/27/2025,DMO,DAMOH,139,1411
20807,9/27/2025,SGO,SAUGOR,149,1489
20807,9/27/2025,KYE,KHURAI,138,1542
20807,9/27/2025,MAKR,BINA MALKHEDI JN,116,1560
20807,9/27/2025,LAR,LALITPUR,111,1622
20807,9/27/2025,VGLJ,V LAKSHMIBAI JHANSI,101,1712
20807,9/27/2025,DAA,DATIA,113,1737
20807,9/27/2025,GWL,GWALIOR,100,1809
20807,9/27/2025,AGC,AGRA CANTT,84,1928
20807,9/27/2025,MTJ,MATHURA JN,79,1982
20807,9/27/2025,NZM,H NIZAMUDDIN,57,2115
20807,9/27/2025,NDLS,NEW DELHI,71,2122
20807,9/27/2025,BDMJ,BHODWAL MAJRI,,
20807,9/27/2025,PNP,PANIPAT JN,111,2212
20807,9/27/2025,UMB,AMBALA CANT JN,70,2320
20807,9/27/2025,LDH,LUDHIANA JN,76,2434
20807,9/27/2025,JUC,JALANDHAR CITY,36,2491
20807,9/27/2025,BEAS,BEAS,38,2527
20807,9/27/2025,ASR,AMRITSAR JN,17,2570
20807,9/30/2025,VSKP,VISAKHAPATNAM,8,0
20807,9/30/2025,VZM,VIZIANAGRAM JN,25,61
20807,9/30/2025,CHE,SRIKAKULAM ROAD,25,131
20807,9/30/2025,PSA,PALASA,11,203
20807,9/30/2025,BAM,BRAHMAPUR,25,277
20807,9/30/2025,CAP,CHATRAPUR,29,299
20807,9/30/2025,BALU,BALUGAN,34,353
20807,9/30/2025,KUR,KHURDA ROAD JN,51,424
20807,9/30/2025,BBS,BHUBANESWAR,30,443
20807,9/30/2025,NQR,NARAJ MARTHAPUR,35,468
20807,9/30/2025,DNKL,DHENKANAL,47,505
20807,9/30/2025,TLHR,TALCHER,85,558
20807,9/30/2025,ANGL,ANGUL,72,576
20807,9/30/2025,RAIR,RAIRAKHOL,95,661
20807,9/30/2025,RGDA,RAYAGADA,,
20807,9/30/2025,TIG,TITLAGARH,,
20807,9/30/2025,SBP,SAMBALPUR,94,732
20807,9/30/2025,JSGR,JHARSUGUDA ROAD,91,779
20807,9/30/2025,BRJN,BRAJRAJNAGAR,75,790
20807,9/30/2025,BPH,BELPAHAR,78,799
20807,9/30/2025,RIG,RAIGARH,83,850
20807,9/30/2025,KHS,KHARSIA,87,884
20807,9/30/2025,SKT,SAKTI,100,900
20807,9/30/2025,CPH,CHAMPA,105,930
20807,9/30/2025,AKT,AKALTARA,111,956
20807,9/30/2025,BSP,BILASPUR JN,99,983
20807,9/30/2025,PND,PENDRA ROAD,141,1086
20807,9/30/2025,APR,ANUPPUR JN,126,1136
20807,9/30/2025,BUH,BURHAR,129,1157
20807,9/30/2025,SDL,SHAHDOL,122,1177
20807,9/30/2025,UMR,UMARIA,124,1244
20807,9/30/2025,KMZ,KATNI MURWARA,131,1302
20807,9/30/2025,DMO,DAMOH,143,1411
20807,9/30/2025,SGO,SAUGOR,154,1489
20807,9/30/2025,KYE,KHURAI,145,1542
20807,9/30/2025,MAKR,BINA MALKHEDI JN,126,1560
20807,9/30/2025,LAR,LALITPUR,118,1622
20807,9/30/2025,VGLJ,V LAKSHMIBAI JHANSI,114,1712
20807,9/30/2025,DAA,DATIA,111,1737
20807,9/30/2025,GWL,GWALIOR,115,1809
20807,9/30/2025,AGC,AGRA CANTT,94,1928
20807,9/30/2025,MTJ,MATHURA JN,90,1982
20807,9/30/2025,NZM,H NIZAMUDDIN,85,2115
20807,9/30/2025,NDLS,NEW DELHI,82,2122
20807,9/30/2025,BDMJ,BHODWAL MAJRI,,
20807,9/30/2025,PNP,PANIPAT JN,79,2212
20807,9/30/2025,UMB,AMBALA CANT JN,59,2320
20807,9/30/2025,LDH,LUDHIANA JN,66,2434
20807,9/30/2025,JUC,JALANDHAR CITY,36,2491
20807,9/30/2025,BEAS,BEAS,37,2527
20807,9/30/2025,ASR,AMRITSAR JN,21,2570
20807,10/3/2025,VSKP,VISAKHAPATNAM,4,0
20807,10/3/2025,VZM,VIZIANAGRAM JN,9,61
20807,10/3/2025,CHE,SRIKAKULAM ROAD,16,131
20807,10/3/2025,PSA,PALASA,54,203
20807,10/3/2025,BAM,BRAHMAPUR,70,277
20807,10/3/2025,CAP,CHATRAPUR,73,299
20807,10/3/2025,BALU,BALUGAN,78,353
20807,10/3/2025,KUR,KHURDA ROAD JN,86,424
20807,10/3/2025,BBS,BHUBANESWAR,72,443
20807,10/3/2025,NQR,NARAJ MARTHAPUR,60,468
20807,10/3/2025,DNKL,DHENKANAL,67,505
20807,10/3/2025,TLHR,TALCHER,76,558
20807,10/3/2025,ANGL,ANGUL,75,576
20807,10/3/2025,RAIR,RAIRAKHOL,77,661
20807,10/3/2025,RGDA,RAYAGADA,,
20807,10/3/2025,TIG,TITLAGARH,,
20807,10/3/2025,SBP,SAMBALPUR,97,732
20807,10/3/2025,JSGR,JHARSUGUDA ROAD,105,779
20807,10/3/2025,BRJN,BRAJRAJNAGAR,91,790
20807,10/3/2025,BPH,BELPAHAR,101,799
20807,10/3/2025,RIG,RAIGARH,107,850
20807,10/3/2025,KHS,KHARSIA,131,884
20807,10/3/2025,SKT,SAKTI,133,900
20807,10/3/2025,CPH,CHAMPA,172,930
20807,10/3/2025,AKT,AKALTARA,170,956
20807,10/3/2025,BSP,BILASPUR JN,180,983
20807,10/3/2025,PND,PENDRA ROAD,232,1086
20807,10/3/2025,APR,ANUPPUR JN,228,1136
20807,10/3/2025,BUH,BURHAR,230,1157
20807,10/3/2025,SDL,SHAHDOL,222,1177
20807,10/3/2025,UMR,UMARIA,216,1244
20807,10/3/2025,KMZ,KATNI MURWARA,191,1302
20807,10/3/2025,DMO,DAMOH,219,1411
20807,10/3/2025,SGO,SAUGOR,250,1489
20807,10/3/2025,KYE,KHURAI,246,1542
20807,10/3/2025,MAKR,BINA MALKHEDI JN,224,1560
20807,10/3/2025,LAR,LALITPUR,207,1622
20807,10/3/2025,VGLJ,V LAKSHMIBAI JHANSI,198,1712
20807,10/3/2025,DAA,DATIA,204,1737
20807,10/3/2025,GWL,GWALIOR,198,1809
20807,10/3/2025,AGC,AGRA CANTT,194,1928
20807,10/3/2025,MTJ,MATHURA JN,180,1982
20807,10/3/2025,NZM,H NIZAMUDDIN,190,2115
20807,10/3/2025,NDLS,NEW DELHI,216,2122
20807,10/3/2025,BDMJ,BHODWAL MAJRI,,
20807,10/3/2025,PNP,PANIPAT JN,216,2212
20807,10/3/2025,UMB,AMBALA CANT JN,172,2320
20807,10/3/2025,LDH,LUDHIANA JN,209,2434
20807,10/3/2025,JUC,JALANDHAR CITY,169,2491
20807,10/3/2025,BEAS,BEAS,161,2527
20807,10/3/2025,ASR,AMRITSAR JN,152,2570
20807,10/4/2025,VSKP,VISAKHAPATNAM,3,0
20807,10/4/2025,VZM,VIZIANAGRAM JN,0,61
20807,10/4/2025,CHE,SRIKAKULAM ROAD,0,131
20807,10/4/2025,PSA,PALASA,1,203
20807,10/4/2025,BAM,BRAHMAPUR,7,277
20807,10/4/2025,CAP,CHATRAPUR,9,299
20807,10/4/2025,BALU,BALUGAN,0,353
20807,10/4/2025,KUR,KHURDA ROAD JN,20,424
20807,10/4/2025,BBS,BHUBANESWAR,19,443
20807,10/4/2025,NQR,NARAJ MARTHAPUR,8,468
20807,10/4/2025,DNKL,DHENKANAL,4,505
20807,10/4/2025,TLHR,TALCHER,8,558
20807,10/4/2025,ANGL,ANGUL,10,576
20807,10/4/2025,RAIR,RAIRAKHOL,17,661
20807,10/4/2025,RGDA,RAYAGADA,,
20807,10/4/2025,TIG,TITLAGARH,,
20807,10/4/2025,SBP,SAMBALPUR,12,732
20807,10/4/2025,JSGR,JHARSUGUDA ROAD,18,779
20807,10/4/2025,BRJN,BRAJRAJNAGAR,6,790
20807,10/4/2025,BPH,BELPAHAR,8,799
20807,10/4/2025,RIG,RAIGARH,51,850
20807,10/4/2025,KHS,KHARSIA,53,884
20807,10/4/2025,SKT,SAKTI,62,900
20807,10/4/2025,CPH,CHAMPA,63,930
20807,10/4/2025,AKT,AKALTARA,61,956
20807,10/4/2025,BSP,BILASPUR JN,25,983
20807,10/4/2025,PND,PENDRA ROAD,107,1086
20807,10/4/2025,APR,ANUPPUR JN,100,1136
20807,10/4/2025,BUH,BURHAR,104,1157
20807,10/4/2025,SDL,SHAHDOL,95,1177
20807,10/4/2025,UMR,UMARIA,100,1244
20807,10/4/2025,KMZ,KATNI MURWARA,87,1302
20807,10/4/2025,DMO,DAMOH,92,1411
20807,10/4/2025,SGO,SAUGOR,106,1489
20807,10/4/2025,KYE,KHURAI,94,1542
20807,10/4/2025,MAKR,BINA MALKHEDI JN,76,1560
20807,10/4/2025,LAR,LALITPUR,58,1622
20807,10/4/2025,VGLJ,V LAKSHMIBAI JHANSI,54,1712
20807,10/4/2025,DAA,DATIA,52,1737
20807,10/4/2025,GWL,GWALIOR,60,1809
20807,10/4/2025,AGC,AGRA CANTT,33,1928
20807,10/4/2025,MTJ,MATHURA JN,16,1982
20807,10/4/2025,NZM,H NIZAMUDDIN,21,2115
20807,10/4/2025,NDLS,NEW DELHI,17,2122
20807,10/4/2025,BDMJ,BHODWAL MAJRI,,
20807,10/4/2025,PNP,PANIPAT JN,36,2212
20807,10/4/2025,UMB,AMBALA CANT JN,4,2320
20807,10/4/2025,LDH,LUDHIANA JN,12,2434
20807,10/4/2025,JUC,JALANDHAR CITY,1,2491
20807,10/4/2025,BEAS,BEAS,0,2527
20807,10/4/2025,ASR,AMRITSAR JN,47,2570
20807,10/7/2025,VSKP,VISAKHAPATNAM,0,0
20807,10/7/2025,VZM,VIZIANAGRAM JN,8,61
20807,10/7/2025,CHE,SRIKAKULAM ROAD,6,131
20807,10/7/2025,PSA,PALASA,5,203
20807,10/7/2025,BAM,BRAHMAPUR,18,277
20807,10/7/2025,CAP,CHATRAPUR,19,299
20807,10/7/2025,BALU,BALUGAN,23,353
20807,10/7/2025,KUR,KHURDA ROAD JN,32,424
20807,10/7/2025,BBS,BHUBANESWAR,18,443
20807,10/7/2025,NQR,NARAJ MARTHAPUR,9,468
20807,10/7/2025,DNKL,DHENKANAL,10,505
20807,10/7/2025,TLHR,TALCHER,34,558
20807,10/7/2025,ANGL,ANGUL,60,576
20807,10/7/2025,RAIR,RAIRAKHOL,65,661
20807,10/7/2025,RGDA,RAYAGADA,,
20807,10/7/2025,TIG,TITLAGARH,,
20807,10/7/2025,SBP,SAMBALPUR,58,732
20807,10/7/2025,JSGR,JHARSUGUDA ROAD,63,779
20807,10/7/2025,BRJN,BRAJRAJNAGAR,76,790
20807,10/7/2025,BPH,BELPAHAR,75,799
20807,10/7/2025,RIG,RAIGARH,80,850
20807,10/7/2025,KHS,KHARSIA,107,884
20807,10/7/2025,SKT,SAKTI,120,900
20807,10/7/2025,CPH,CHAMPA,158,930
20807,10/7/2025,AKT,AKALTARA,168,956
20807,10/7/2025,BSP,BILASPUR JN,156,983
20807,10/7/2025,PND,PENDRA ROAD,178,1086
20807,10/7/2025,APR,ANUPPUR JN,160,1136
20807,10/7/2025,BUH,BURHAR,164,1157
20807,10/7/2025,SDL,SHAHDOL,153,1177
20807,10/7/2025,UMR,UMARIA,151,1244
20807,10/7/2025,KMZ,KATNI MURWARA,122,1302
20807,10/7/2025,DMO,DAMOH,133,1411
20807,10/7/2025,SGO,SAUGOR,144,1489
20807,10/7/2025,KYE,KHURAI,134,1542
20807,10/7/2025,MAKR,BINA MALKHEDI JN,111,1560
20807,10/7/2025,LAR,LALITPUR,100,1622
20807,10/7/2025,VGLJ,V LAKSHMIBAI JHANSI,112,1712
20807,10/7/2025,DAA,DATIA,111,1737
20807,10/7/2025,GWL,GWALIOR,95,1809
20807,10/7/2025,AGC,AGRA CANTT,77,1928
20807,10/7/2025,MTJ,MATHURA JN,61,1982
20807,10/7/2025,NZM,H NIZAMUDDIN,70,2115
20807,10/7/2025,NDLS,NEW DELHI,92,2122
20807,10/7/2025,BDMJ,BHODWAL MAJRI,107,
20807,10/7/2025,PNP,PANIPAT JN,114,2212
20807,10/7/2025,UMB,AMBALA CANT JN,112,2320
20807,10/7/2025,LDH,LUDHIANA JN,95,2434
20807,10/7/2025,JUC,JALANDHAR CITY,51,2491
20807,10/7/2025,BEAS,BEAS,61,2527
20807,10/7/2025,ASR,AMRITSAR JN,62,2570
20807,10/10/2025,VSKP,VISAKHAPATNAM,0,0
20807,10/10/2025,VZM,VIZIANAGRAM JN,22,61
20807,10/10/2025,CHE,SRIKAKULAM ROAD,21,131
20807,10/10/2025,PSA,PALASA,0,203
20807,10/10/2025,BAM,BRAHMAPUR,16,277
20807,10/10/2025,CAP,CHATRAPUR,17,299
20807,10/10/2025,BALU,BALUGAN,23,353
20807,10/10/2025,KUR,KHURDA ROAD JN,34,424
20807,10/10/2025,BBS,BHUBANESWAR,20,443
20807,10/10/2025,NQR,NARAJ MARTHAPUR,8,468
20807,10/10/2025,DNKL,DHENKANAL,12,505
20807,10/10/2025,TLHR,TALCHER,10,558
20807,10/10/2025,ANGL,ANGUL,10,576
20807,10/10/2025,RAIR,RAIRAKHOL,12,661
20807,10/10/2025,RGDA,RAYAGADA,,
20807,10/10/2025,TIG,TITLAGARH,,
20807,10/10/2025,SBP,SAMBALPUR,5,732
20807,10/10/2025,JSGR,JHARSUGUDA ROAD,21,779
20807,10/10/2025,BRJN,BRAJRAJNAGAR,11,790
20807,10/10/2025,BPH,BELPAHAR,16,799
20807,10/10/2025,RIG,RAIGARH,10,850
20807,10/10/2025,KHS,KHARSIA,18,884
20807,10/10/2025,SKT,SAKTI,26,900
20807,10/10/2025,CPH,CHAMPA,30,930
20807,10/10/2025,AKT,AKALTARA,28,956
20807,10/10/2025,BSP,BILASPUR JN,18,983
20807,10/10/2025,PND,PENDRA ROAD,62,1086
20807,10/10/2025,APR,ANUPPUR JN,44,1136
20807,10/10/2025,BUH,BURHAR,46,1157
20807,10/10/2025,SDL,SHAHDOL,45,1177
20807,10/10/2025,UMR,UMARIA,45,1244
20807,10/10/2025,KMZ,KATNI MURWARA,41,1302
20807,10/10/2025,DMO,DAMOH,55,1411
20807,10/10/2025,SGO,SAUGOR,68,1489
20807,10/10/2025,KYE,KHURAI,65,1542
20807,10/10/2025,MAKR,BINA MALKHEDI JN,45,1560
20807,10/10/2025,LAR,LALITPUR,45,1622
20807,10/10/2025,VGLJ,V LAKSHMIBAI JHANSI,36,1712
20807,10/10/2025,DAA,DATIA,38,1737
20807,10/10/2025,GWL,GWALIOR,25,1809
20807,10/10/2025,AGC,AGRA CANTT,1,1928
20807,10/10/2025,MTJ,MATHURA JN,0,1982
20807,10/10/2025,NZM,H NIZAMUDDIN,14,2115
20807,10/10/2025,NDLS,NEW DELHI,9,2122
20807,10/10/2025,BDMJ,BHODWAL MAJRI,15,
20807,10/10/2025,PNP,PANIPAT JN,25,2212
20807,10/10/2025,UMB,AMBALA CANT JN,2,2320
20807,10/10/2025,LDH,LUDHIANA JN,42,2434
20807,10/10/2025,JUC,JALANDHAR CITY,12,2491
20807,10/10/2025,BEAS,BEAS,10,2527
20807,10/10/2025,ASR,AMRITSAR JN,15,2570
20807,10/11/2025,VSKP,VISAKHAPATNAM,9,0
20807,10/11/2025,VZM,VIZIANAGRAM JN,31,61
20807,10/11/2025,CHE,SRIKAKULAM ROAD,29,131
20807,10/11/2025,PSA,PALASA,4,203
20807,10/11/2025,BAM,BRAHMAPUR,7,277
20807,10/11/2025,CAP,CHATRAPUR,9,299
20807,10/11/2025,BALU,BALUGAN,10,353
20807,10/11/2025,KUR,KHURDA ROAD JN,13,424
20807,10/11/2025,BBS,BHUBANESWAR,12,443
20807,10/11/2025,NQR,NARAJ MARTHAPUR,0,468
20807,10/11/2025,DNKL,DHENKANAL,20,505
20807,10/11/2025,TLHR,TALCHER,21,558
20807,10/11/2025,ANGL,ANGUL,43,576
20807,10/11/2025,RAIR,RAIRAKHOL,45,661
20807,10/11/2025,RGDA,RAYAGADA,,
20807,10/11/2025,TIG,TITLAGARH,,
20807,10/11/2025,SBP,SAMBALPUR,87,732
20807,10/11/2025,JSGR,JHARSUGUDA ROAD,94,779
20807,10/11/2025,BRJN,BRAJRAJNAGAR,77,790
20807,10/11/2025,BPH,BELPAHAR,91,799
20807,10/11/2025,RIG,RAIGARH,99,850
20807,10/11/2025,KHS,KHARSIA,107,884
20807,10/11/2025,SKT,SAKTI,116,900
20807,10/11/2025,CPH,CHAMPA,132,930
20807,10/11/2025,AKT,AKALTARA,129,956
20807,10/11/2025,BSP,BILASPUR JN,107,983
20807,10/11/2025,PND,PENDRA ROAD,134,1086
20807,10/11/2025,APR,ANUPPUR JN,117,1136
20807,10/11/2025,BUH,BURHAR,119,1157
20807,10/11/2025,SDL,SHAHDOL,109,1177
20807,10/11/2025,UMR,UMARIA,103,1244
20807,10/11/2025,KMZ,KATNI MURWARA,75,1302
20807,10/11/2025,DMO,DAMOH,85,1411
20807,10/11/2025,SGO,SAUGOR,98,1489
20807,10/11/2025,KYE,KHURAI,85,1542
20807,10/11/2025,MAKR,BINA MALKHEDI JN,63,1560
20807,10/11/2025,LAR,LALITPUR,57,1622
20807,10/11/2025,VGLJ,V LAKSHMIBAI JHANSI,55,1712
20807,10/11/2025,DAA,DATIA,53,1737
20807,10/11/2025,GWL,GWALIOR,64,1809
20807,10/11/2025,AGC,AGRA CANTT,33,1928
20807,10/11/2025,MTJ,MATHURA JN,21,1982
20807,10/11/2025,NZM,H NIZAMUDDIN,4,2115
20807,10/11/2025,NDLS,NEW DELHI,12,2122
20807,10/11/2025,BDMJ,BHODWAL MAJRI,33,
20807,10/11/2025,PNP,PANIPAT JN,41,2212
20807,10/11/2025,UMB,AMBALA CANT JN,4,2320
20807,10/11/2025,LDH,LUDHIANA JN,2,2434
20807,10/11/2025,JUC,JALANDHAR CITY,0,2491
20807,10/11/2025,BEAS,BEAS,2,2527
20807,10/11/2025,ASR,AMRITSAR JN,-12,2570
20807,10/14/2025,VSKP,VISAKHAPATNAM,2,0
20807,10/14/2025,VZM,VIZIANAGRAM JN,20,61
20807,10/14/2025,CHE,SRIKAKULAM ROAD,21,131
20807,10/14/2025,PSA,PALASA,8,203
20807,10/14/2025,BAM,BRAHMAPUR,33,277
20807,10/14/2025,CAP,CHATRAPUR,57,299
20807,10/14/2025,BALU,BALUGAN,61,353
20807,10/14/2025,KUR,KHURDA ROAD JN,77,424
20807,10/14/2025,BBS,BHUBANESWAR,70,443
20807,10/14/2025,NQR,NARAJ MARTHAPUR,58,468
20807,10/14/2025,DNKL,DHENKANAL,69,505
20807,10/14/2025,TLHR,TALCHER,90,558
20807,10/14/2025,ANGL,ANGUL,85,576
20807,10/14/2025,RAIR,RAIRAKHOL,107,661
20807,10/14/2025,RGDA,RAYAGADA,,
20807,10/14/2025,TIG,TITLAGARH,,
20807,10/14/2025,SBP,SAMBALPUR,100,732
20807,10/14/2025,JSGR,JHARSUGUDA ROAD,107,779
20807,10/14/2025,BRJN,BRAJRAJNAGAR,114,790
20807,10/14/2025,BPH,BELPAHAR,116,799
20807,10/14/2025,RIG,RAIGARH,118,850
20807,10/14/2025,KHS,KHARSIA,128,884
20807,10/14/2025,SKT,SAKTI,130,900
20807,10/14/2025,CPH,CHAMPA,146,930
20807,10/14/2025,AKT,AKALTARA,143,956
20807,10/14/2025,BSP,BILASPUR JN,117,983
20807,10/14/2025,PND,PENDRA ROAD,138,1086
20807,10/14/2025,APR,ANUPPUR JN,122,1136
20807,10/14/2025,BUH,BURHAR,127,1157
20807,10/14/2025,SDL,SHAHDOL,116,1177
20807,10/14/2025,UMR,UMARIA,112,1244
20807,10/14/2025,KMZ,KATNI MURWARA,92,1302
20807,10/14/2025,DMO,DAMOH,117,1411
20807,10/14/2025,SGO,SAUGOR,133,1489
20807,10/14/2025,KYE,KHURAI,125,1542
20807,10/14/2025,MAKR,BINA MALKHEDI JN,118,1560
20807,10/14/2025,LAR,LALITPUR,118,1622
20807,10/14/2025,VGLJ,V LAKSHMIBAI JHANSI,107,1712
20807,10/14/2025,DAA,DATIA,109,1737
20807,10/14/2025,GWL,GWALIOR,96,1809
20807,10/14/2025,AGC,AGRA CANTT,63,1928
20807,10/14/2025,MTJ,MATHURA JN,68,1982
20807,10/14/2025,NZM,H NIZAMUDDIN,60,2115
20807,10/14/2025,NDLS,NEW DELHI,72,2122
20807,10/14/2025,BDMJ,BHODWAL MAJRI,67,
20807,10/14/2025,PNP,PANIPAT JN,74,2212
20807,10/14/2025,UMB,AMBALA CANT JN,48,2320
20807,10/14/2025,LDH,LUDHIANA JN,53,2434
20807,10/14/2025,JUC,JALANDHAR CITY,25,2491
20807,10/14/2025,BEAS,BEAS,20,2527
20807,10/14/2025,ASR,AMRITSAR JN,6,2570
20807,10/17/2025,VSKP,VISAKHAPATNAM,1,0
20807,10/17/2025,VZM,VIZIANAGRAM JN,32,61
20807,10/17/2025,CHE,SRIKAKULAM ROAD,32,131
20807,10/17/2025,PSA,PALASA,6,203
20807,10/17/2025,BAM,BRAHMAPUR,2,277
20807,10/17/2025,CAP,CHATRAPUR,8,299
20807,10/17/2025,BALU,BALUGAN,7,353
20807,10/17/2025,KUR,KHURDA ROAD JN,7,424
20807,10/17/2025,BBS,BHUBANESWAR,0,443
20807,10/17/2025,NQR,NARAJ MARTHAPUR,0,468
20807,10/17/2025,DNKL,DHENKANAL,3,505
20807,10/17/2025,TLHR,TALCHER,0,558
20807,10/17/2025,ANGL,ANGUL,13,576
20807,10/17/2025,RAIR,RAIRAKHOL,15,661
20807,10/17/2025,RGDA,RAYAGADA,,
20807,10/17/2025,TIG,TITLAGARH,,
20807,10/17/2025,SBP,SAMBALPUR,20,732
20807,10/17/2025,JSGR,JHARSUGUDA ROAD,13,779
20807,10/17/2025,BRJN,BRAJRAJNAGAR,1,790
20807,10/17/2025,BPH,BELPAHAR,2,799
20807,10/17/2025,RIG,RAIGARH,40,850
20807,10/17/2025,KHS,KHARSIA,39,884
20807,10/17/2025,SKT,SAKTI,41,900
20807,10/17/2025,CPH,CHAMPA,37,930
20807,10/17/2025,AKT,AKALTARA,45,956
20807,10/17/2025,BSP,BILASPUR JN,33,983
20807,10/17/2025,PND,PENDRA ROAD,67,1086
20807,10/17/2025,APR,ANUPPUR JN,52,1136
20807,10/17/2025,BUH,BURHAR,63,1157
20807,10/17/2025,SDL,SHAHDOL,51,1177
20807,10/17/2025,UMR,UMARIA,47,1244
20807,10/17/2025,KMZ,KATNI MURWARA,92,1302
20807,10/17/2025,DMO,DAMOH,112,1411
20807,10/17/2025,SGO,SAUGOR,141,1489
20807,10/17/2025,KYE,KHURAI,145,1542
20807,10/17/2025,MAKR,BINA MALKHEDI JN,127,1560
20807,10/17/2025,LAR,LALITPUR,112,1622
20807,10/17/2025,VGLJ,V LAKSHMIBAI JHANSI,102,1712
20807,10/17/2025,DAA,DATIA,107,1737
20807,10/17/2025,GWL,GWALIOR,108,1809
20807,10/17/2025,AGC,AGRA CANTT,79,1928
20807,10/17/2025,MTJ,MATHURA JN,59,1982
20807,10/17/2025,NZM,H NIZAMUDDIN,61,2115
20807,10/17/2025,NDLS,NEW DELHI,66,2122
20807,10/17/2025,BDMJ,BHODWAL MAJRI,78,
20807,10/17/2025,PNP,PANIPAT JN,85,2212
20807,10/17/2025,UMB,AMBALA CANT JN,65,2320
20807,10/17/2025,LDH,LUDHIANA JN,83,2434
20807,10/17/2025,JUC,JALANDHAR CITY,55,2491
20807,10/17/2025,BEAS,BEAS,51,2527
20807,10/17/2025,ASR,AMRITSAR JN,29,2570
20807,10/18/2025,VSKP,VISAKHAPATNAM,7,0
20807,10/18/2025,VZM,VIZIANAGRAM JN,37,61
20807,10/18/2025,CHE,SRIKAKULAM ROAD,38,131
20807,10/18/2025,PSA,PALASA,19,203
20807,10/18/2025,BAM,BRAHMAPUR,20,277
20807,10/18/2025,CAP,CHATRAPUR,28,299
20807,10/18/2025,BALU,BALUGAN,35,353
20807,10/18/2025,KUR,KHURDA ROAD JN,67,424
20807,10/18/2025,BBS,BHUBANESWAR,50,443
20807,10/18/2025,NQR,NARAJ MARTHAPUR,39,468
20807,10/18/2025,DNKL,DHENKANAL,46,505
20807,10/18/2025,TLHR,TALCHER,46,558
20807,10/18/2025,ANGL,ANGUL,43,576
20807,10/18/2025,RAIR,RAIRAKHOL,42,661
20807,10/18/2025,RGDA,RAYAGADA,,
20807,10/18/2025,TIG,TITLAGARH,,
20807,10/18/2025,SBP,SAMBALPUR,33,732
20807,10/18/2025,JSGR,JHARSUGUDA ROAD,50,779
20807,10/18/2025,BRJN,BRAJRAJNAGAR,46,790
20807,10/18/2025,BPH,BELPAHAR,48,799
20807,10/18/2025,RIG,RAIGARH,60,850
20807,10/18/2025,KHS,KHARSIA,108,884
20807,10/18/2025,SKT,SAKTI,115,900
20807,10/18/2025,CPH,CHAMPA,119,930
20807,10/18/2025,AKT,AKALTARA,115,956
20807,10/18/2025,BSP,BILASPUR JN,87,983
20807,10/18/2025,PND,PENDRA ROAD,103,1086
20807,10/18/2025,APR,ANUPPUR JN,93,1136
20807,10/18/2025,BUH,BURHAR,96,1157
20807,10/18/2025,SDL,SHAHDOL,92,1177
20807,10/18/2025,UMR,UMARIA,96,1244
20807,10/18/2025,KMZ,KATNI MURWARA,84,1302
20807,10/18/2025,DMO,DAMOH,98,1411
20807,10/18/2025,SGO,SAUGOR,104,1489
20807,10/18/2025,KYE,KHURAI,96,1542
20807,10/18/2025,MAKR,BINA MALKHEDI JN,81,1560
20807,10/18/2025,LAR,LALITPUR,68,1622
20807,10/18/2025,VGLJ,V LAKSHMIBAI JHANSI,66,1712
20807,10/18/2025,DAA,DATIA,75,1737
20807,10/18/2025,GWL,GWALIOR,74,1809
20807,10/18/2025,AGC,AGRA CANTT,37,1928
20807,10/18/2025,MTJ,MATHURA JN,20,1982
20807,10/18/2025,NZM,H NIZAMUDDIN,5,2115
20807,10/18/2025,NDLS,NEW DELHI,25,2122
20807,10/18/2025,BDMJ,BHODWAL MAJRI,22,
20807,10/18/2025,PNP,PANIPAT JN,30,2212
20807,10/18/2025,UMB,AMBALA CANT JN,3,2320
20807,10/18/2025,LDH,LUDHIANA JN,0,2434
20807,10/18/2025,JUC,JALANDHAR CITY,0,2491
20807,10/18/2025,BEAS,BEAS,18,2527
20807,10/18/2025,ASR,AMRITSAR JN,-6,2570
20807,10/21/2025,VSKP,VISAKHAPATNAM,0,0
20807,10/21/2025,VZM,VIZIANAGRAM JN,10,61
20807,10/21/2025,CHE,SRIKAKULAM ROAD,19,131
20807,10/21/2025,PSA,PALASA,0,203
20807,10/21/2025,BAM,BRAHMAPUR,9,277
20807,10/21/2025,CAP,CHATRAPUR,17,299
20807,10/21/2025,BALU,BALUGAN,19,353
20807,10/21/2025,KUR,KHURDA ROAD JN,12,424
20807,10/21/2025,BBS,BHUBANESWAR,0,443
20807,10/21/2025,NQR,NARAJ MARTHAPUR,0,468
20807,10/21/2025,DNKL,DHENKANAL,8,505
20807,10/21/2025,TLHR,TALCHER,1,558
20807,10/21/2025,ANGL,ANGUL,0,576
20807,10/21/2025,RAIR,RAIRAKHOL,14,661
20807,10/21/2025,RGDA,RAYAGADA,,
20807,10/21/2025,TIG,TITLAGARH,,
20807,10/21/2025,SBP,SAMBALPUR,9,732
20807,10/21/2025,JSGR,JHARSUGUDA ROAD,16,779
20807,10/21/2025,BRJN,BRAJRAJNAGAR,1,790
20807,10/21/2025,BPH,BELPAHAR,5,799
20807,10/21/2025,RIG,RAIGARH,27,850
20807,10/21/2025,KHS,KHARSIA,31,884
20807,10/21/2025,SKT,SAKTI,32,900
20807,10/21/2025,CPH,CHAMPA,24,930
20807,10/21/2025,AKT,AKALTARA,36,956
20807,10/21/2025,BSP,BILASPUR JN,20,983
20807,10/21/2025,PND,PENDRA ROAD,40,1086
20807,10/21/2025,APR,ANUPPUR JN,27,1136
20807,10/21/2025,BUH,BURHAR,32,1157
20807,10/21/2025,SDL,SHAHDOL,23,1177
20807,10/21/2025,UMR,UMARIA,19,1244
20807,10/21/2025,KMZ,KATNI MURWARA,0,1302
20807,10/21/2025,DMO,DAMOH,9,1411
20807,10/21/2025,SGO,SAUGOR,6,1489
20807,10/21/2025,KYE,KHURAI,33,1542
20807,10/21/2025,MAKR,BINA MALKHEDI JN,21,1560
20807,10/21/2025,LAR,LALITPUR,12,1622
20807,10/21/2025,VGLJ,V LAKSHMIBAI JHANSI,55,1712
20807,10/21/2025,DAA,DATIA,53,1737
20807,10/21/2025,GWL,GWALIOR,54,1809
20807,10/21/2025,AGC,AGRA CANTT,245,1928
20807,10/21/2025,MTJ,MATHURA JN,269,1982
20807,10/21/2025,NZM,H NIZAMUDDIN,282,2115
20807,10/21/2025,NDLS,NEW DELHI,304,2122
20807,10/21/2025,BDMJ,BHODWAL MAJRI,311,
20807,10/21/2025,PNP,PANIPAT JN,326,2212
20807,10/21/2025,UMB,AMBALA CANT JN,295,2320
20807,10/21/2025,LDH,LUDHIANA JN,316,2434
20807,10/21/2025,JUC,JALANDHAR CITY,309,2491
20807,10/21/2025,BEAS,BEAS,320,2527
20807,10/21/2025,ASR,AMRITSAR JN,295,2570
20807,10/24/2025,VSKP,VISAKHAPATNAM,16,0
20807,10/24/2025,VZM,VIZIANAGRAM JN,36,61
20807,10/24/2025,CHE,SRIKAKULAM ROAD,41,131
20807,10/24/2025,PSA,PALASA,17,203
20807,10/24/2025,BAM,BRAHMAPUR,14,277
20807,10/24/2025,CAP,CHATRAPUR,22,299
20807,10/24/2025,BALU,BALUGAN,20,353
20807,10/24/2025,KUR,KHURDA ROAD JN,31,424
20807,10/24/2025,BBS,BHUBANESWAR,31,443
20807,10/24/2025,NQR,NARAJ MARTHAPUR,20,468
20807,10/24/2025,DNKL,DHENKANAL,20,505
20807,10/24/2025,TLHR,TALCHER,0,558
20807,10/24/2025,ANGL,ANGUL,48,576
20807,10/24/2025,RAIR,RAIRAKHOL,52,661
20807,10/24/2025,RGDA,RAYAGADA,,
20807,10/24/2025,TIG,TITLAGARH,,
20807,10/24/2025,SBP,SAMBALPUR,55,732
20807,10/24/2025,JSGR,JHARSUGUDA ROAD,113,779
20807,10/24/2025,BRJN,BRAJRAJNAGAR,95,790
20807,10/24/2025,BPH,BELPAHAR,102,799
20807,10/24/2025,RIG,RAIGARH,131,850
20807,10/24/2025,KHS,KHARSIA,174,884
20807,10/24/2025,SKT,SAKTI,182,900
20807,10/24/2025,CPH,CHAMPA,177,930
20807,10/24/2025,AKT,AKALTARA,176,956
20807,10/24/2025,BSP,BILASPUR JN,158,983
20807,10/24/2025,PND,PENDRA ROAD,181,1086
20807,10/24/2025,APR,ANUPPUR JN,164,1136
20807,10/24/2025,BUH,BURHAR,169,1157
20807,10/24/2025,SDL,SHAHDOL,157,1177
20807,10/24/2025,UMR,UMARIA,153,1244
20807,10/24/2025,KMZ,KATNI MURWARA,135,1302
20807,10/24/2025,DMO,DAMOH,147,1411
20807,10/24/2025,SGO,SAUGOR,170,1489
20807,10/24/2025,KYE,KHURAI,161,1542
20807,10/24/2025,MAKR,BINA MALKHEDI JN,140,1560
20807,10/24/2025,LAR,LALITPUR,135,1622
20807,10/24/2025,VGLJ,V LAKSHMIBAI JHANSI,122,1712
20807,10/24/2025,DAA,DATIA,122,1737
20807,10/24/2025,GWL,GWALIOR,105,1809
20807,10/24/2025,AGC,AGRA CANTT,72,1928
20807,10/24/2025,MTJ,MATHURA JN,60,1982
20807,10/24/2025,NZM,H NIZAMUDDIN,59,2115
20807,10/24/2025,NDLS,NEW DELHI,64,2122
20807,10/24/2025,BDMJ,BHODWAL MAJRI,59,
20807,10/24/2025,PNP,PANIPAT JN,67,2212
20807,10/24/2025,UMB,AMBALA CANT JN,10,2320
20807,10/24/2025,LDH,LUDHIANA JN,66,2434
20807,10/24/2025,JUC,JALANDHAR CITY,22,2491
20807,10/24/2025,BEAS,BEAS,21,2527
20807,10/24/2025,ASR,AMRITSAR JN,12,2570
20807,10/25/2025,VSKP,VISAKHAPATNAM,1,0
20807,10/25/2025,VZM,VIZIANAGRAM JN,15,61
20807,10/25/2025,CHE,SRIKAKULAM ROAD,13,131
20807,10/25/2025,PSA,PALASA,0,203
20807,10/25/2025,BAM,BRAHMAPUR,0,277
20807,10/25/2025,CAP,CHATRAPUR,7,299
20807,10/25/2025,BALU,BALUGAN,7,353
20807,10/25/2025,KUR,KHURDA ROAD JN,16,424
20807,10/25/2025,BBS,BHUBANESWAR,7,443
20807,10/25/2025,NQR,NARAJ MARTHAPUR,4,468
20807,10/25/2025,DNKL,DHENKANAL,4,505
20807,10/25/2025,TLHR,TALCHER,0,558
20807,10/25/2025,ANGL,ANGUL,29,576
20807,10/25/2025,RAIR,RAIRAKHOL,37,661
20807,10/25/2025,RGDA,RAYAGADA,,
20807,10/25/2025,TIG,TITLAGARH,,
20807,10/25/2025,SBP,SAMBALPUR,25,732
20807,10/25/2025,JSGR,JHARSUGUDA ROAD,30,779
20807,10/25/2025,BRJN,BRAJRAJNAGAR,19,790
20807,10/25/2025,BPH,BELPAHAR,30,799
20807,10/25/2025,RIG,RAIGARH,44,850
20807,10/25/2025,KHS,KHARSIA,75,884
20807,10/25/2025,SKT,SAKTI,82,900
20807,10/25/2025,CPH,CHAMPA,84,930
20807,10/25/2025,AKT,AKALTARA,80,956
20807,10/25/2025,BSP,BILASPUR JN,57,983
20807,10/25/2025,PND,PENDRA ROAD,92,1086
20807,10/25/2025,APR,ANUPPUR JN,87,1136
20807,10/25/2025,BUH,BURHAR,96,1157
20807,10/25/2025,SDL,SHAHDOL,96,1177
20807,10/25/2025,UMR,UMARIA,97,1244
20807,10/25/2025,KMZ,KATNI MURWARA,107,1302
20807,10/25/2025,DMO,DAMOH,111,1411
20807,10/25/2025,SGO,SAUGOR,127,1489
20807,10/25/2025,KYE,KHURAI,123,1542
20807,10/25/2025,MAKR,BINA MALKHEDI JN,114,1560
20807,10/25/2025,LAR,LALITPUR,122,1622
20807,10/25/2025,VGLJ,V LAKSHMIBAI JHANSI,126,1712
20807,10/25/2025,DAA,DATIA,124,1737
20807,10/25/2025,GWL,GWALIOR,108,1809
20807,10/25/2025,AGC,AGRA CANTT,71,1928
20807,10/25/2025,MTJ,MATHURA JN,79,1982
20807,10/25/2025,NZM,H NIZAMUDDIN,88,2115
20807,10/25/2025,NDLS,NEW DELHI,80,2122
20807,10/25/2025,BDMJ,BHODWAL MAJRI,95,
20807,10/25/2025,PNP,PANIPAT JN,100,2212
20807,10/25/2025,UMB,AMBALA CANT JN,71,2320
20807,10/25/2025,LDH,LUDHIANA JN,104,2434
20807,10/25/2025,JUC,JALANDHAR CITY,67,2491
20807,10/25/2025,BEAS,BEAS,63,2527
20807,10/25/2025,ASR,AMRITSAR JN,50,2570
20807,10/28/2025,VSKP,VISAKHAPATNAM,7,0
20807,10/28/2025,VZM,VIZIANAGRAM JN,30,61
20807,10/28/2025,CHE,SRIKAKULAM ROAD,44,131
20807,10/28/2025,PSA,PALASA,30,203
20807,10/28/2025,BAM,BRAHMAPUR,48,277
20807,10/28/2025,CAP,CHATRAPUR,59,299
20807,10/28/2025,BALU,BALUGAN,83,353
20807,10/28/2025,KUR,KHURDA ROAD JN,99,424
20807,10/28/2025,BBS,BHUBANESWAR,87,443
20807,10/28/2025,NQR,NARAJ MARTHAPUR,87,468
20807,10/28/2025,DNKL,DHENKANAL,90,505
20807,10/28/2025,TLHR,TALCHER,96,558
20807,10/28/2025,ANGL,ANGUL,90,576
20807,10/28/2025,RAIR,RAIRAKHOL,107,661
20807,10/28/2025,RGDA,RAYAGADA,,
20807,10/28/2025,TIG,TITLAGARH,,
20807,10/28/2025,SBP,SAMBALPUR,113,732
20807,10/28/2025,JSGR,JHARSUGUDA ROAD,125,779
20807,10/28/2025,BRJN,BRAJRAJNAGAR,112,790
20807,10/28/2025,BPH,BELPAHAR,111,799
20807,10/28/2025,RIG,RAIGARH,117,850
20807,10/28/2025,KHS,KHARSIA,137,884
20807,10/28/2025,SKT,SAKTI,152,900
20807,10/28/2025,CPH,CHAMPA,158,930
20807,10/28/2025,AKT,AKALTARA,160,956
20807,10/28/2025,BSP,BILASPUR JN,153,983
20807,10/28/2025,PND,PENDRA ROAD,195,1086
20807,10/28/2025,APR,ANUPPUR JN,183,1136
20807,10/28/2025,BUH,BURHAR,187,1157
20807,10/28/2025,SDL,SHAHDOL,177,1177
20807,10/28/2025,UMR,UMARIA,174,1244
20807,10/28/2025,KMZ,KATNI MURWARA,144,1302
20807,10/28/2025,DMO,DAMOH,154,1411
20807,10/28/2025,SGO,SAUGOR,186,1489
20807,10/28/2025,KYE,KHURAI,186,1542
20807,10/28/2025,MAKR,BINA MALKHEDI JN,165,1560
20807,10/28/2025,LAR,LALITPUR,214,1622
20807,10/28/2025,VGLJ,V LAKSHMIBAI JHANSI,209,1712
20807,10/28/2025,DAA,DATIA,214,1737
20807,10/28/2025,GWL,GWALIOR,212,1809
20807,10/28/2025,AGC,AGRA CANTT,225,1928
20807,10/28/2025,MTJ,MATHURA JN,232,1982
20807,10/28/2025,NZM,H NIZAMUDDIN,285,2115
20807,10/28/2025,NDLS,NEW DELHI,287,2122
20807,10/28/2025,BDMJ,BHODWAL MAJRI,287,
20807,10/28/2025,PNP,PANIPAT JN,296,2212
20807,10/28/2025,UMB,AMBALA CANT JN,238,2320
20807,10/28/2025,LDH,LUDHIANA JN,255,2434
20807,10/28/2025,JUC,JALANDHAR CITY,203,2491
20807,10/28/2025,BEAS,BEAS,198,2527
20807,10/28/2025,ASR,AMRITSAR JN,173,2570
20807,10/31/2025,VSKP,VISAKHAPATNAM,19,0
20807,10/31/2025,VZM,VIZIANAGRAM JN,51,61
20807,10/31/2025,CHE,SRIKAKULAM ROAD,72,131
20807,10/31/2025,PSA,PALASA,66,203
20807,10/31/2025,BAM,BRAHMAPUR,74,277
20807,10/31/2025,CAP,CHATRAPUR,90,299
20807,10/31/2025,BALU,BALUGAN,93,353
20807,10/31/2025,KUR,KHURDA ROAD JN,105,424
20807,10/31/2025,BBS,BHUBANESWAR,92,443
20807,10/31/2025,NQR,NARAJ MARTHAPUR,79,468
20807,10/31/2025,DNKL,DHENKANAL,81,505
20807,10/31/2025,TLHR,TALCHER,102,558
20807,10/31/2025,ANGL,ANGUL,98,576
20807,10/31/2025,RAIR,RAIRAKHOL,106,661
20807,10/31/2025,RGDA,RAYAGADA,,
20807,10/31/2025,TIG,TITLAGARH,,
20807,10/31/2025,SBP,SAMBALPUR,132,732
20807,10/31/2025,JSGR,JHARSUGUDA ROAD,116,779
20807,10/31/2025,BRJN,BRAJRAJNAGAR,94,790
20807,10/31/2025,BPH,BELPAHAR,104,799
20807,10/31/2025,RIG,RAIGARH,119,850
20807,10/31/2025,KHS,KHARSIA,146,884
20807,10/31/2025,SKT,SAKTI,149,900
20807,10/31/2025,CPH,CHAMPA,147,930
20807,10/31/2025,AKT,AKALTARA,148,956
20807,10/31/2025,BSP,BILASPUR JN,165,983
20807,10/31/2025,PND,PENDRA ROAD,188,1086
20807,10/31/2025,APR,ANUPPUR JN,172,1136
20807,10/31/2025,BUH,BURHAR,175,1157
20807,10/31/2025,SDL,SHAHDOL,165,1177
20807,10/31/2025,UMR,UMARIA,161,1244
20807,10/31/2025,KMZ,KATNI MURWARA,143,1302
20807,10/31/2025,DMO,DAMOH,148,1411
20807,10/31/2025,SGO,SAUGOR,155,1489
20807,10/31/2025,KYE,KHURAI,145,1542
20807,10/31/2025,MAKR,BINA MALKHEDI JN,123,1560
20807,10/31/2025,LAR,LALITPUR,103,1622
20807,10/31/2025,VGLJ,V LAKSHMIBAI JHANSI,87,1712
20807,10/31/2025,DAA,DATIA,83,1737
20807,10/31/2025,GWL,GWALIOR,70,1809
20807,10/31/2025,AGC,AGRA CANTT,34,1928
20807,10/31/2025,MTJ,MATHURA JN,74,1982
20807,10/31/2025,NZM,H NIZAMUDDIN,58,2115
20807,10/31/2025,NDLS,NEW DELHI,73,2122
20807,10/31/2025,BDMJ,BHODWAL MAJRI,74,
20807,10/31/2025,PNP,PANIPAT JN,84,2212
20807,10/31/2025,UMB,AMBALA CANT JN,62,2320
20807,10/31/2025,LDH,LUDHIANA JN,63,2434
20807,10/31/2025,JUC,JALANDHAR CITY,37,2491
20807,10/31/2025,BEAS,BEAS,38,2527
20807,10/31/2025,ASR,AMRITSAR JN,32,2570
20807,11/1/2025,VSKP,VISAKHAPATNAM,1,0
20807,11/1/2025,VZM,VIZIANAGRAM JN,32,61
20807,11/1/2025,CHE,SRIKAKULAM ROAD,34,131
20807,11/1/2025,PSA,PALASA,12,203
20807,11/1/2025,BAM,BRAHMAPUR,29,277
20807,11/1/2025,CAP,CHATRAPUR,42,299
20807,11/1/2025,BALU,BALUGAN,57,353
20807,11/1/2025,KUR,KHURDA ROAD JN,56,424
20807,11/1/2025,BBS,BHUBANESWAR,46,443
20807,11/1/2025,NQR,NARAJ MARTHAPUR,33,468
20807,11/1/2025,DNKL,DHENKANAL,34,505
20807,11/1/2025,TLHR,TALCHER,34,558
20807,11/1/2025,ANGL,ANGUL,45,576
20807,11/1/2025,RAIR,RAIRAKHOL,54,661
20807,11/1/2025,RGDA,RAYAGADA,,
20807,11/1/2025,TIG,TITLAGARH,,
20807,11/1/2025,SBP,SAMBALPUR,56,732
20807,11/1/2025,JSGR,JHARSUGUDA ROAD,54,779
20807,11/1/2025,BRJN,BRAJRAJNAGAR,40,790
20807,11/1/2025,BPH,BELPAHAR,42,799
20807,11/1/2025,RIG,RAIGARH,61,850
20807,11/1/2025,KHS,KHARSIA,74,884
20807,11/1/2025,SKT,SAKTI,80,900
20807,11/1/2025,CPH,CHAMPA,88,930
20807,11/1/2025,AKT,AKALTARA,91,956
20807,11/1/2025,BSP,BILASPUR JN,70,983
20807,11/1/2025,PND,PENDRA ROAD,108,1086
20807,11/1/2025,APR,ANUPPUR JN,92,1136
20807,11/1/2025,BUH,BURHAR,96,1157
20807,11/1/2025,SDL,SHAHDOL,97,1177
20807,11/1/2025,UMR,UMARIA,103,1244
20807,11/1/2025,KMZ,KATNI MURWARA,106,1302
20807,11/1/2025,DMO,DAMOH,112,1411
20807,11/1/2025,SGO,SAUGOR,126,1489
20807,11/1/2025,KYE,KHURAI,122,1542
20807,11/1/2025,MAKR,BINA MALKHEDI JN,101,1560
20807,11/1/2025,LAR,LALITPUR,83,1622
20807,11/1/2025,VGLJ,V LAKSHMIBAI JHANSI,78,1712
20807,11/1/2025,DAA,DATIA,79,1737
20807,11/1/2025,GWL,GWALIOR,70,1809
20807,11/1/2025,AGC,AGRA CANTT,39,1928
20807,11/1/2025,MTJ,MATHURA JN,45,1982
20807,11/1/2025,NZM,H NIZAMUDDIN,19,2115
20807,11/1/2025,NDLS,NEW DELHI,19,2122
20807,11/1/2025,BDMJ,BHODWAL MAJRI,35,
20807,11/1/2025,PNP,PANIPAT JN,52,2212
20807,11/1/2025,UMB,AMBALA CANT JN,4,2320
20807,11/1/2025,LDH,LUDHIANA JN,2,2434
20807,11/1/2025,JUC,JALANDHAR CITY,0,2491
20807,11/1/2025,BEAS,BEAS,1,2527
20807,11/1/2025,ASR,AMRITSAR JN,-26,2570
20807,11/4/2025,VSKP,VISAKHAPATNAM,4,0
20807,11/4/2025,VZM,VIZIANAGRAM JN,26,61
20807,11/4/2025,CHE,SRIKAKULAM ROAD,24,131
20807,11/4/2025,PSA,PALASA,3,203
20807,11/4/2025,BAM,BRAHMAPUR,9,277
20807,11/4/2025,CAP,CHATRAPUR,17,299
20807,11/4/2025,BALU,BALUGAN,43,353
20807,11/4/2025,KUR,KHURDA ROAD JN,51,424
20807,11/4/2025,BBS,BHUBANESWAR,41,443
20807,11/4/2025,NQR,NARAJ MARTHAPUR,25,468
20807,11/4/2025,DNKL,DHENKANAL,31,505
20807,11/4/2025,TLHR,TALCHER,31,558
20807,11/4/2025,ANGL,ANGUL,41,576
20807,11/4/2025,RAIR,RAIRAKHOL,47,661
20807,11/4/2025,RGDA,RAYAGADA,,
20807,11/4/2025,TIG,TITLAGARH,,
20807,11/4/2025,SBP,SAMBALPUR,40,732
20807,11/4/2025,JSGR,JHARSUGUDA ROAD,31,779
20807,11/4/2025,BRJN,BRAJRAJNAGAR,19,790
20807,11/4/2025,BPH,BELPAHAR,22,799
20807,11/4/2025,RIG,RAIGARH,283,850
20807,11/4/2025,KHS,KHARSIA,288,884
20807,11/4/2025,SKT,SAKTI,292,900
20807,11/4/2025,CPH,CHAMPA,296,930
20807,11/4/2025,AKT,AKALTARA,294,956
20807,11/4/2025,BSP,BILASPUR JN,274,983
20807,11/4/2025,PND,PENDRA ROAD,328,1086
20807,11/4/2025,APR,ANUPPUR JN,322,1136
20807,11/4/2025,BUH,BURHAR,325,1157
20807,11/4/2025,SDL,SHAHDOL,323,1177
20807,11/4/2025,UMR,UMARIA,351,1244
20807,11/4/2025,KMZ,KATNI MURWARA,353,1302
20807,11/4/2025,DMO,DAMOH,364,1411
20807,11/4/2025,SGO,SAUGOR,376,1489
20807,11/4/2025,KYE,KHURAI,368,1542
20807,11/4/2025,MAKR,BINA MALKHEDI JN,347,1560
20807,11/4/2025,LAR,LALITPUR,358,1622
20807,11/4/2025,VGLJ,V LAKSHMIBAI JHANSI,350,1712
20807,11/4/2025,DAA,DATIA,347,1737
20807,11/4/2025,GWL,GWALIOR,359,1809
20807,11/4/2025,AGC,AGRA CANTT,342,1928
20807,11/4/2025,MTJ,MATHURA JN,327,1982
20807,11/4/2025,NZM,H NIZAMUDDIN,305,2115
20807,11/4/2025,NDLS,NEW DELHI,303,2122
20807,11/4/2025,BDMJ,BHODWAL MAJRI,296,
20807,11/4/2025,PNP,PANIPAT JN,306,2212
20807,11/4/2025,UMB,AMBALA CANT JN,240,2320
20807,11/4/2025,LDH,LUDHIANA JN,224,2434
20807,11/4/2025,JUC,JALANDHAR CITY,177,2491
20807,11/4/2025,BEAS,BEAS,173,2527
20807,11/4/2025,ASR,AMRITSAR JN,174,2570
20807,11/7/2025,VSKP,VISAKHAPATNAM,4,0
20807,11/7/2025,VZM,VIZIANAGRAM JN,11,61
20807,11/7/2025,CHE,SRIKAKULAM ROAD,24,131
20807,11/7/2025,PSA,PALASA,2,203
20807,11/7/2025,BAM,BRAHMAPUR,4,277
20807,11/7/2025,CAP,CHATRAPUR,14,299
20807,11/7/2025,BALU,BALUGAN,17,353
20807,11/7/2025,KUR,KHURDA ROAD JN,26,424
20807,11/7/2025,BBS,BHUBANESWAR,10,443
20807,11/7/2025,NQR,NARAJ MARTHAPUR,5,468
20807,11/7/2025,DNKL,DHENKANAL,8,505
20807,11/7/2025,TLHR,TALCHER,25,558
20807,11/7/2025,ANGL,ANGUL,21,576
20807,11/7/2025,RAIR,RAIRAKHOL,24,661
20807,11/7/2025,RGDA,RAYAGADA,,
20807,11/7/2025,TIG,TITLAGARH,,
20807,11/7/2025,SBP,SAMBALPUR,10,732
20807,11/7/2025,JSGR,JHARSUGUDA ROAD,27,779
20807,11/7/2025,BRJN,BRAJRAJNAGAR,17,790
20807,11/7/2025,BPH,BELPAHAR,18,799
20807,11/7/2025,RIG,RAIGARH,25,850
20807,11/7/2025,KHS,KHARSIA,40,884
20807,11/7/2025,SKT,SAKTI,65,900
20807,11/7/2025,CPH,CHAMPA,66,930
20807,11/7/2025,AKT,AKALTARA,64,956
20807,11/7/2025,BSP,BILASPUR JN,79,983
20807,11/7/2025,PND,PENDRA ROAD,98,1086
20807,11/7/2025,APR,ANUPPUR JN,89,1136
20807,11/7/2025,BUH,BURHAR,93,1157
20807,11/7/2025,SDL,SHAHDOL,98,1177
20807,11/7/2025,UMR,UMARIA,99,1244
20807,11/7/2025,KMZ,KATNI MURWARA,107,1302
20807,11/7/2025,DMO,DAMOH,106,1411
20807,11/7/2025,SGO,SAUGOR,124,1489
20807,11/7/2025,KYE,KHURAI,129,1542
20807,11/7/2025,MAKR,BINA MALKHEDI JN,107,1560
20807,11/7/2025,LAR,LALITPUR,87,1622
20807,11/7/2025,VGLJ,V LAKSHMIBAI JHANSI,89,1712
20807,11/7/2025,DAA,DATIA,86,1737
20807,11/7/2025,GWL,GWALIOR,86,1809
20807,11/7/2025,AGC,AGRA CANTT,59,1928
20807,11/7/2025,MTJ,MATHURA JN,79,1982
20807,11/7/2025,NZM,H NIZAMUDDIN,88,2115
20807,11/7/2025,NDLS,NEW DELHI,83,2122
20807,11/7/2025,BDMJ,BHODWAL MAJRI,125,
20807,11/7/2025,PNP,PANIPAT JN,161,2212
20807,11/7/2025,UMB,AMBALA CANT JN,143,2320
20807,11/7/2025,LDH,LUDHIANA JN,162,2434
20807,11/7/2025,JUC,JALANDHAR CITY,137,2491
20807,11/7/2025,BEAS,BEAS,137,2527
20807,11/7/2025,ASR,AMRITSAR JN,111,2570
20807,11/8/2025,VSKP,VISAKHAPATNAM,7,0
20807,11/8/2025,VZM,VIZIANAGRAM JN,20,61
20807,11/8/2025,CHE,SRIKAKULAM ROAD,25,131
20807,11/8/2025,PSA,PALASA,1,203
20807,11/8/2025,BAM,BRAHMAPUR,14,277
20807,11/8/2025,CAP,CHATRAPUR,23,299
20807,11/8/2025,BALU,BALUGAN,30,353
20807,11/8/2025,KUR,KHURDA ROAD JN,38,424
20807,11/8/2025,BBS,BHUBANESWAR,25,443
20807,11/8/2025,NQR,NARAJ MARTHAPUR,16,468
20807,11/8/2025,DNKL,DHENKANAL,31,505
20807,11/8/2025,TLHR,TALCHER,25,558
20807,11/8/2025,ANGL,ANGUL,23,576
20807,11/8/2025,RAIR,RAIRAKHOL,28,661
20807,11/8/2025,RGDA,RAYAGADA,,
20807,11/8/2025,TIG,TITLAGARH,,
20807,11/8/2025,SBP,SAMBALPUR,42,732
20807,11/8/2025,JSGR,JHARSUGUDA ROAD,42,779
20807,11/8/2025,BRJN,BRAJRAJNAGAR,29,790
20807,11/8/2025,BPH,BELPAHAR,30,799
20807,11/8/2025,RIG,RAIGARH,58,850
20807,11/8/2025,KHS,KHARSIA,123,884
20807,11/8/2025,SKT,SAKTI,150,900
20807,11/8/2025,CPH,CHAMPA,170,930
20807,11/8/2025,AKT,AKALTARA,179,956
20807,11/8/2025,BSP,BILASPUR JN,150,983
20807,11/8/2025,PND,PENDRA ROAD,188,1086
20807,11/8/2025,APR,ANUPPUR JN,172,1136
20807,11/8/2025,BUH,BURHAR,176,1157
20807,11/8/2025,SDL,SHAHDOL,165,1177
20807,11/8/2025,UMR,UMARIA,174,1244
20807,11/8/2025,KMZ,KATNI MURWARA,182,1302
20807,11/8/2025,DMO,DAMOH,186,1411
20807,11/8/2025,SGO,SAUGOR,197,1489
20807,11/8/2025,KYE,KHURAI,188,1542
20807,11/8/2025,MAKR,BINA MALKHEDI JN,168,1560
20807,11/8/2025,LAR,LALITPUR,167,1622
20807,11/8/2025,VGLJ,V LAKSHMIBAI JHANSI,179,1712
20807,11/8/2025,DAA,DATIA,187,1737
20807,11/8/2025,GWL,GWALIOR,218,1809
20807,11/8/2025,AGC,AGRA CANTT,220,1928
20807,11/8/2025,MTJ,MATHURA JN,216,1982
20807,11/8/2025,NZM,H NIZAMUDDIN,238,2115
20807,11/8/2025,NDLS,NEW DELHI,252,2122
20807,11/8/2025,BDMJ,BHODWAL MAJRI,,
20807,11/8/2025,PNP,PANIPAT JN,247,2212
20807,11/8/2025,UMB,AMBALA CANT JN,223,2320
20807,11/8/2025,LDH,LUDHIANA JN,227,2434
20807,11/8/2025,JUC,JALANDHAR CITY,176,2491
20807,11/8/2025,BEAS,BEAS,173,2527
20807,11/8/2025,ASR,AMRITSAR JN,190,2570
20807,11/11/2025,VSKP,VISAKHAPATNAM,5,0
20807,11/11/2025,VZM,VIZIANAGRAM JN,16,61
20807,11/11/2025,CHE,SRIKAKULAM ROAD,16,131
20807,11/11/2025,PSA,PALASA,0,203
20807,11/11/2025,BAM,BRAHMAPUR,11,277
20807,11/11/2025,CAP,CHATRAPUR,17,299
20807,11/11/2025,BALU,BALUGAN,26,353
20807,11/11/2025,KUR,KHURDA ROAD JN,33,424
20807,11/11/2025,BBS,BHUBANESWAR,32,443
20807,11/11/2025,NQR,NARAJ MARTHAPUR,29,468
20807,11/11/2025,DNKL,DHENKANAL,50,505
20807,11/11/2025,TLHR,TALCHER,141,558
20807,11/11/2025,ANGL,ANGUL,135,576
20807,11/11/2025,RAIR,RAIRAKHOL,159,661
20807,11/11/2025,RGDA,RAYAGADA,,
20807,11/11/2025,TIG,TITLAGARH,,
20807,11/11/2025,SBP,SAMBALPUR,160,732
20807,11/11/2025,JSGR,JHARSUGUDA ROAD,221,779
20807,11/11/2025,BRJN,BRAJRAJNAGAR,219,790
20807,11/11/2025,BPH,BELPAHAR,229,799
20807,11/11/2025,RIG,RAIGARH,288,850
20807,11/11/2025,KHS,KHARSIA,294,884
20807,11/11/2025,SKT,SAKTI,302,900
20807,11/11/2025,CPH,CHAMPA,305,930
20807,11/11/2025,AKT,AKALTARA,310,956
20807,11/11/2025,BSP,BILASPUR JN,304,983
20807,11/11/2025,PND,PENDRA ROAD,353,1086
20807,11/11/2025,APR,ANUPPUR JN,341,1136
20807,11/11/2025,BUH,BURHAR,345,1157
20807,11/11/2025,SDL,SHAHDOL,336,1177
20807,11/11/2025,UMR,UMARIA,332,1244
20807,11/11/2025,KMZ,KATNI MURWARA,331,1302
20807,11/11/2025,DMO,DAMOH,344,1411
20807,11/11/2025,SGO,SAUGOR,364,1489
20807,11/11/2025,KYE,KHURAI,359,1542
20807,11/11/2025,MAKR,BINA MALKHEDI JN,340,1560
20807,11/11/2025,LAR,LALITPUR,337,1622
20807,11/11/2025,VGLJ,V LAKSHMIBAI JHANSI,343,1712
20807,11/11/2025,DAA,DATIA,343,1737
20807,11/11/2025,GWL,GWALIOR,340,1809
20807,11/11/2025,AGC,AGRA CANTT,353,1928
20807,11/11/2025,MTJ,MATHURA JN,378,1982
20807,11/11/2025,NZM,H NIZAMUDDIN,391,2115
20807,11/11/2025,NDLS,NEW DELHI,427,2122
20807,11/11/2025,BDMJ,BHODWAL MAJRI,,
20807,11/11/2025,PNP,PANIPAT JN,449,2212
20807,11/11/2025,UMB,AMBALA CANT JN,427,2320
20807,11/11/2025,LDH,LUDHIANA JN,429,2434
20807,11/11/2025,JUC,JALANDHAR CITY,371,2491
20807,11/11/2025,BEAS,BEAS,375,2527
20807,11/11/2025,ASR,AMRITSAR JN,371,2570
20807,11/14/2025,VSKP,VISAKHAPATNAM,0,0
20807,11/14/2025,VZM,VIZIANAGRAM JN,30,61
20807,11/14/2025,CHE,SRIKAKULAM ROAD,14,131
20807,11/14/2025,PSA,PALASA,1,203
20807,11/14/2025,BAM,BRAHMAPUR,11,277
20807,11/14/2025,CAP,CHATRAPUR,20,299
20807,11/14/2025,BALU,BALUGAN,35,353
20807,11/14/2025,KUR,KHURDA ROAD JN,58,424
20807,11/14/2025,BBS,BHUBANESWAR,60,443
20807,11/14/2025,NQR,NARAJ MARTHAPUR,47,468
20807,11/14/2025,DNKL,DHENKANAL,53,505
20807,11/14/2025,TLHR,TALCHER,59,558
20807,11/14/2025,ANGL,ANGUL,60,576
20807,11/14/2025,RAIR,RAIRAKHOL,53,661
20807,11/14/2025,RGDA,RAYAGADA,,
20807,11/14/2025,TIG,TITLAGARH,,
20807,11/14/2025,SBP,SAMBALPUR,55,732
20807,11/14/2025,JSGR,JHARSUGUDA ROAD,67,779
20807,11/14/2025,BRJN,BRAJRAJNAGAR,55,790
20807,11/14/2025,BPH,BELPAHAR,62,799
20807,11/14/2025,RIG,RAIGARH,82,850
20807,11/14/2025,KHS,KHARSIA,97,884
20807,11/14/2025,SKT,SAKTI,101,900
20807,11/14/2025,CPH,CHAMPA,116,930
20807,11/14/2025,AKT,AKALTARA,125,956
20807,11/14/2025,BSP,BILASPUR JN,96,983
20807,11/14/2025,PND,PENDRA ROAD,137,1086
20807,11/14/2025,APR,ANUPPUR JN,121,1136
20807,11/14/2025,BUH,BURHAR,124,1157
20807,11/14/2025,SDL,SHAHDOL,122,1177
20807,11/14/2025,UMR,UMARIA,122,1244
20807,11/14/2025,KMZ,KATNI MURWARA,101,1302
20807,11/14/2025,DMO,DAMOH,104,1411
20807,11/14/2025,SGO,SAUGOR,126,1489
20807,11/14/2025,KYE,KHURAI,114,1542
20807,11/14/2025,MAKR,BINA MALKHEDI JN,103,1560
20807,11/14/2025,LAR,LALITPUR,86,1622
20807,11/14/2025,VGLJ,V LAKSHMIBAI JHANSI,69,1712
20807,11/14/2025,DAA,DATIA,70,1737
20807,11/14/2025,GWL,GWALIOR,71,1809
20807,11/14/2025,AGC,AGRA CANTT,51,1928
20807,11/14/2025,MTJ,MATHURA JN,49,1982
20807,11/14/2025,NZM,H NIZAMUDDIN,25,2115
20807,11/14/2025,NDLS,NEW DELHI,34,2122
20807,11/14/2025,BDMJ,BHODWAL MAJRI,,
20807,11/14/2025,PNP,PANIPAT JN,44,2212
20807,11/14/2025,UMB,AMBALA CANT JN,1,2320
20807,11/14/2025,LDH,LUDHIANA JN,3,2434
20807,11/14/2025,JUC,JALANDHAR CITY,0,2491
20807,11/14/2025,BEAS,BEAS,0,2527
20807,11/14/2025,ASR,AMRITSAR JN,-7,2570
20807,11/15/2025,VSKP,VISAKHAPATNAM,1,0
20807,11/15/2025,VZM,VIZIANAGRAM JN,26,61
20807,11/15/2025,CHE,SRIKAKULAM ROAD,25,131
20807,11/15/2025,PSA,PALASA,7,203
20807,11/15/2025,BAM,BRAHMAPUR,30,277
20807,11/15/2025,CAP,CHATRAPUR,32,299
20807,11/15/2025,BALU,BALUGAN,41,353
20807,11/15/2025,KUR,KHURDA ROAD JN,62,424
20807,11/15/2025,BBS,BHUBANESWAR,52,443
20807,11/15/2025,NQR,NARAJ MARTHAPUR,42,468
20807,11/15/2025,DNKL,DHENKANAL,42,505
20807,11/15/2025,TLHR,TALCHER,70,558
20807,11/15/2025,ANGL,ANGUL,67,576
20807,11/15/2025,RAIR,RAIRAKHOL,83,661
20807,11/15/2025,RGDA,RAYAGADA,,
20807,11/15/2025,TIG,TITLAGARH,,
20807,11/15/2025,SBP,SAMBALPUR,82,732
20807,11/15/2025,JSGR,JHARSUGUDA ROAD,102,779
20807,11/15/2025,BRJN,BRAJRAJNAGAR,88,790
20807,11/15/2025,BPH,BELPAHAR,88,799
20807,11/15/2025,RIG,RAIGARH,118,850
20807,11/15/2025,KHS,KHARSIA,134,884
20807,11/15/2025,SKT,SAKTI,136,900
20807,11/15/2025,CPH,CHAMPA,162,930
20807,11/15/2025,AKT,AKALTARA,170,956
20807,11/15/2025,BSP,BILASPUR JN,150,983
20807,11/15/2025,PND,PENDRA ROAD,177,1086
20807,11/15/2025,APR,ANUPPUR JN,160,1136
20807,11/15/2025,BUH,BURHAR,162,1157
20807,11/15/2025,SDL,SHAHDOL,153,1177
20807,11/15/2025,UMR,UMARIA,154,1244
20807,11/15/2025,KMZ,KATNI MURWARA,181,1302
20807,11/15/2025,DMO,DAMOH,187,1411
20807,11/15/2025,SGO,SAUGOR,198,1489
20807,11/15/2025,KYE,KHURAI,190,1542
20807,11/15/2025,MAKR,BINA MALKHEDI JN,169,1560
20807,11/15/2025,LAR,LALITPUR,153,1622
20807,11/15/2025,VGLJ,V LAKSHMIBAI JHANSI,147,1712
20807,11/15/2025,DAA,DATIA,148,1737
20807,11/15/2025,GWL,GWALIOR,144,1809
20807,11/15/2025,AGC,AGRA CANTT,189,1928
20807,11/15/2025,MTJ,MATHURA JN,177,1982
20807,11/15/2025,NZM,H NIZAMUDDIN,206,2115
20807,11/15/2025,NDLS,NEW DELHI,220,2122
20807,11/15/2025,BDMJ,BHODWAL MAJRI,,
20807,11/15/2025,PNP,PANIPAT JN,226,2212
20807,11/15/2025,UMB,AMBALA CANT JN,175,2320
20807,11/15/2025,LDH,LUDHIANA JN,158,2434
20807,11/15/2025,JUC,JALANDHAR CITY,117,2491
20807,11/15/2025,BEAS,BEAS,112,2527
20807,11/15/2025,ASR,AMRITSAR JN,100,2570
20807,11/18/2025,VSKP,VISAKHAPATNAM,30,0
20807,11/18/2025,VZM,VIZIANAGRAM JN,37,61
20807,11/18/2025,CHE,SRIKAKULAM ROAD,29,131
20807,11/18/2025,PSA,PALASA,24,203
20807,11/18/2025,BAM,BRAHMAPUR,39,277
20807,11/18/2025,CAP,CHATRAPUR,42,299
20807,11/18/2025,BALU,BALUGAN,51,353
20807,11/18/2025,KUR,KHURDA ROAD JN,65,424
20807,11/18/2025,BBS,BHUBANESWAR,54,443
20807,11/18/2025,NQR,NARAJ MARTHAPUR,43,468
20807,11/18/2025,DNKL,DHENKANAL,61,505
20807,11/18/2025,TLHR,TALCHER,47,558
20807,11/18/2025,ANGL,ANGUL,80,576
20807,11/18/2025,RAIR,RAIRAKHOL,89,661
20807,11/18/2025,RGDA,RAYAGADA,,
20807,11/18/2025,TIG,TITLAGARH,,
20807,11/18/2025,SBP,SAMBALPUR,69,732
20807,11/18/2025,JSGR,JHARSUGUDA ROAD,93,779
20807,11/18/2025,BRJN,BRAJRAJNAGAR,82,790
20807,11/18/2025,BPH,BELPAHAR,83,799
20807,11/18/2025,RIG,RAIGARH,169,850
20807,11/18/2025,KHS,KHARSIA,169,884
20807,11/18/2025,SKT,SAKTI,171,900
20807,11/18/2025,CPH,CHAMPA,166,930
20807,11/18/2025,AKT,AKALTARA,168,956
20807,11/18/2025,BSP,BILASPUR JN,160,983
20807,11/18/2025,PND,PENDRA ROAD,199,1086
20807,11/18/2025,APR,ANUPPUR JN,185,1136
20807,11/18/2025,BUH,BURHAR,196,1157
20807,11/18/2025,SDL,SHAHDOL,185,1177
20807,11/18/2025,UMR,UMARIA,182,1244
20807,11/18/2025,KMZ,KATNI MURWARA,152,1302
20807,11/18/2025,DMO,DAMOH,155,1411
20807,11/18/2025,SGO,SAUGOR,176,1489
20807,11/18/2025,KYE,KHURAI,173,1542
20807,11/18/2025,MAKR,BINA MALKHEDI JN,154,1560
20807,11/18/2025,LAR,LALITPUR,143,1622
20807,11/18/2025,VGLJ,V LAKSHMIBAI JHANSI,139,1712
20807,11/18/2025,DAA,DATIA,135,1737
20807,11/18/2025,GWL,GWALIOR,112,1809
20807,11/18/2025,AGC,AGRA CANTT,79,1928
20807,11/18/2025,MTJ,MATHURA JN,66,1982
20807,11/18/2025,NZM,H NIZAMUDDIN,55,2115
20807,11/18/2025,NDLS,NEW DELHI,68,2122
20807,11/18/2025,BDMJ,BHODWAL MAJRI,,
20807,11/18/2025,PNP,PANIPAT JN,62,2212
20807,11/18/2025,UMB,AMBALA CANT JN,6,2320
20807,11/18/2025,LDH,LUDHIANA JN,23,2434
20807,11/18/2025,JUC,JALANDHAR CITY,9,2491
20807,11/18/2025,BEAS,BEAS,4,2527
20807,11/18/2025,ASR,AMRITSAR JN,0,2570
20807,11/21/2025,VSKP,VISAKHAPATNAM,0,0
20807,11/21/2025,VZM,VIZIANAGRAM JN,9,61
20807,11/21/2025,CHE,SRIKAKULAM ROAD,2,131
20807,11/21/2025,PSA,PALASA,0,203
20807,11/21/2025,BAM,BRAHMAPUR,15,277
20807,11/21/2025,CAP,CHATRAPUR,18,299
20807,11/21/2025,BALU,BALUGAN,30,353
20807,11/21/2025,KUR,KHURDA ROAD JN,33,424
20807,11/21/2025,BBS,BHUBANESWAR,23,443
20807,11/21/2025,NQR,NARAJ MARTHAPUR,14,468
20807,11/21/2025,DNKL,DHENKANAL,25,505
20807,11/21/2025,TLHR,TALCHER,3,558
20807,11/21/2025,ANGL,ANGUL,22,576
20807,11/21/2025,RAIR,RAIRAKHOL,31,661
20807,11/21/2025,RGDA,RAYAGADA,,
20807,11/21/2025,TIG,TITLAGARH,,
20807,11/21/2025,SBP,SAMBALPUR,50,732
20807,11/21/2025,JSGR,JHARSUGUDA ROAD,50,779
20807,11/21/2025,BRJN,BRAJRAJNAGAR,33,790
20807,11/21/2025,BPH,BELPAHAR,37,799
20807,11/21/2025,RIG,RAIGARH,93,850
20807,11/21/2025,KHS,KHARSIA,95,884
20807,11/21/2025,SKT,SAKTI,115,900
20807,11/21/2025,CPH,CHAMPA,115,930
20807,11/21/2025,AKT,AKALTARA,117,956
20807,11/21/2025,BSP,BILASPUR JN,116,983
20807,11/21/2025,PND,PENDRA ROAD,135,1086
20807,11/21/2025,APR,ANUPPUR JN,122,1136
20807,11/21/2025,BUH,BURHAR,128,1157
20807,11/21/2025,SDL,SHAHDOL,116,1177
20807,11/21/2025,UMR,UMARIA,113,1244
20807,11/21/2025,KMZ,KATNI MURWARA,96,1302
20807,11/21/2025,DMO,DAMOH,105,1411
20807,11/21/2025,SGO,SAUGOR,114,1489
20807,11/21/2025,KYE,KHURAI,109,1542
20807,11/21/2025,MAKR,BINA MALKHEDI JN,100,1560
20807,11/21/2025,LAR,LALITPUR,92,1622
20807,11/21/2025,VGLJ,V LAKSHMIBAI JHANSI,94,1712
20807,11/21/2025,DAA,DATIA,91,1737
20807,11/21/2025,GWL,GWALIOR,77,1809
20807,11/21/2025,AGC,AGRA CANTT,49,1928
20807,11/21/2025,MTJ,MATHURA JN,55,1982
20807,11/21/2025,NZM,H NIZAMUDDIN,36,2115
20807,11/21/2025,NDLS,NEW DELHI,27,2122
20807,11/21/2025,BDMJ,BHODWAL MAJRI,,
20807,11/21/2025,PNP,PANIPAT JN,76,2212
20807,11/21/2025,UMB,AMBALA CANT JN,75,2320
20807,11/21/2025,LDH,LUDHIANA JN,92,2434
20807,11/21/2025,JUC,JALANDHAR CITY,45,2491
20807,11/21/2025,BEAS,BEAS,41,2527
20807,11/21/2025,ASR,AMRITSAR JN,47,2570
20807,11/22/2025,VSKP,VISAKHAPATNAM,10,0
20807,11/22/2025,VZM,VIZIANAGRAM JN,24,61
20807,11/22/2025,CHE,SRIKAKULAM ROAD,17,131
20807,11/22/2025,PSA,PALASA,9,203
20807,11/22/2025,BAM,BRAHMAPUR,15,277
20807,11/22/2025,CAP,CHATRAPUR,23,299
20807,11/22/2025,BALU,BALUGAN,33,353
20807,11/22/2025,KUR,KHURDA ROAD JN,55,424
20807,11/22/2025,BBS,BHUBANESWAR,51,443
20807,11/22/2025,NQR,NARAJ MARTHAPUR,38,468
20807,11/22/2025,DNKL,DHENKANAL,41,505
20807,11/22/2025,TLHR,TALCHER,49,558
20807,11/22/2025,ANGL,ANGUL,45,576
20807,11/22/2025,RAIR,RAIRAKHOL,48,661
20807,11/22/2025,RGDA,RAYAGADA,,
20807,11/22/2025,TIG,TITLAGARH,,
20807,11/22/2025,SBP,SAMBALPUR,37,732
20807,11/22/2025,JSGR,JHARSUGUDA ROAD,30,779
20807,11/22/2025,BRJN,BRAJRAJNAGAR,15,790
20807,11/22/2025,BPH,BELPAHAR,20,799
20807,11/22/2025,RIG,RAIGARH,42,850
20807,11/22/2025,KHS,KHARSIA,66,884
20807,11/22/2025,SKT,SAKTI,69,900
20807,11/22/2025,CPH,CHAMPA,68,930
20807,11/22/2025,AKT,AKALTARA,72,956
20807,11/22/2025,BSP,BILASPUR JN,61,983
20807,11/22/2025,PND,PENDRA ROAD,123,1086
20807,11/22/2025,APR,ANUPPUR JN,113,1136
20807,11/22/2025,BUH,BURHAR,121,1157
20807,11/22/2025,SDL,SHAHDOL,124,1177
20807,11/22/2025,UMR,UMARIA,125,1244
20807,11/22/2025,KMZ,KATNI MURWARA,93,1302
20807,11/22/2025,DMO,DAMOH,105,1411
20807,11/22/2025,SGO,SAUGOR,116,1489
20807,11/22/2025,KYE,KHURAI,107,1542
20807,11/22/2025,MAKR,BINA MALKHEDI JN,87,1560
20807,11/22/2025,LAR,LALITPUR,90,1622
20807,11/22/2025,VGLJ,V LAKSHMIBAI JHANSI,74,1712
20807,11/22/2025,DAA,DATIA,75,1737
20807,11/22/2025,GWL,GWALIOR,60,1809
20807,11/22/2025,AGC,AGRA CANTT,42,1928
20807,11/22/2025,MTJ,MATHURA JN,29,1982
20807,11/22/2025,NZM,H NIZAMUDDIN,0,2115
20807,11/22/2025,NDLS,NEW DELHI,2,2122
20807,11/22/2025,BDMJ,BHODWAL MAJRI,,
20807,11/22/2025,PNP,PANIPAT JN,70,2212
20807,11/22/2025,UMB,AMBALA CANT JN,72,2320
20807,11/22/2025,LDH,LUDHIANA JN,89,2434
20807,11/22/2025,JUC,JALANDHAR CITY,41,2491
20807,11/22/2025,BEAS,BEAS,38,2527
20807,11/22/2025,ASR,AMRITSAR JN,28,2570
20807,11/25/2025,VSKP,VISAKHAPATNAM,8,0
20807,11/25/2025,VZM,VIZIANAGRAM JN,25,61
20807,11/25/2025,CHE,SRIKAKULAM ROAD,16,131
20807,11/25/2025,PSA,PALASA,1,203
20807,11/25/2025,BAM,BRAHMAPUR,16,277
20807,11/25/2025,CAP,CHATRAPUR,22,299
20807,11/25/2025,BALU,BALUGAN,34,353
20807,11/25/2025,KUR,KHURDA ROAD JN,37,424
20807,11/25/2025,BBS,BHUBANESWAR,25,443
20807,11/25/2025,NQR,NARAJ MARTHAPUR,16,468
20807,11/25/2025,DNKL,DHENKANAL,27,505
20807,11/25/2025,TLHR,TALCHER,29,558
20807,11/25/2025,ANGL,ANGUL,54,576
20807,11/25/2025,RAIR,RAIRAKHOL,72,661
20807,11/25/2025,RGDA,RAYAGADA,,
20807,11/25/2025,TIG,TITLAGARH,,
20807,11/25/2025,SBP,SAMBALPUR,89,732
20807,11/25/2025,JSGR,JHARSUGUDA ROAD,80,779
20807,11/25/2025,BRJN,BRAJRAJNAGAR,77,790
20807,11/25/2025,BPH,BELPAHAR,78,799
20807,11/25/2025,RIG,RAIGARH,81,850
20807,11/25/2025,KHS,KHARSIA,101,884
20807,11/25/2025,SKT,SAKTI,108,900
20807,11/25/2025,CPH,CHAMPA,109,930
20807,11/25/2025,AKT,AKALTARA,109,956
20807,11/25/2025,BSP,BILASPUR JN,84,983
20807,11/25/2025,PND,PENDRA ROAD,134,1086
20807,11/25/2025,APR,ANUPPUR JN,120,1136
20807,11/25/2025,BUH,BURHAR,127,1157
20807,11/25/2025,SDL,SHAHDOL,143,1177
20807,11/25/2025,UMR,UMARIA,140,1244
20807,11/25/2025,KMZ,KATNI MURWARA,141,1302
20807,11/25/2025,DMO,DAMOH,157,1411
20807,11/25/2025,SGO,SAUGOR,168,1489
20807,11/25/2025,KYE,KHURAI,156,1542
20807,11/25/2025,MAKR,BINA MALKHEDI JN,137,1560
20807,11/25/2025,LAR,LALITPUR,127,1622
20807,11/25/2025,VGLJ,V LAKSHMIBAI JHANSI,112,1712
20807,11/25/2025,DAA,DATIA,113,1737
20807,11/25/2025,GWL,GWALIOR,119,1809
20807,11/25/2025,AGC,AGRA CANTT,98,1928
20807,11/25/2025,MTJ,MATHURA JN,78,1982
20807,11/25/2025,NZM,H NIZAMUDDIN,64,2115
20807,11/25/2025,NDLS,NEW DELHI,62,2122
20807,11/25/2025,BDMJ,BHODWAL MAJRI,,
20807,11/25/2025,PNP,PANIPAT JN,62,2212
20807,11/25/2025,UMB,AMBALA CANT JN,15,2320
20807,11/25/2025,LDH,LUDHIANA JN,46,2434
20807,11/25/2025,JUC,JALANDHAR CITY,1,2491
20807,11/25/2025,BEAS,BEAS,2,2527
20807,11/25/2025,ASR,AMRITSAR JN,3,2570
20807,11/28/2025,VSKP,VISAKHAPATNAM,0,0
20807,11/28/2025,VZM,VIZIANAGRAM JN,24,61
20807,11/28/2025,CHE,SRIKAKULAM ROAD,15,131
20807,11/28/2025,PSA,PALASA,0,203
20807,11/28/2025,BAM,BRAHMAPUR,17,277
20807,11/28/2025,CAP,CHATRAPUR,23,299
20807,11/28/2025,BALU,BALUGAN,33,353
20807,11/28/2025,KUR,KHURDA ROAD JN,57,424
20807,11/28/2025,BBS,BHUBANESWAR,45,443
20807,11/28/2025,NQR,NARAJ MARTHAPUR,34,468
20807,11/28/2025,DNKL,DHENKANAL,33,505
20807,11/28/2025,TLHR,TALCHER,66,558
20807,11/28/2025,ANGL,ANGUL,66,576
20807,11/28/2025,RAIR,RAIRAKHOL,66,661
20807,11/28/2025,RGDA,RAYAGADA,,
20807,11/28/2025,TIG,TITLAGARH,,
20807,11/28/2025,SBP,SAMBALPUR,52,732
20807,11/28/2025,JSGR,JHARSUGUDA ROAD,87,779
20807,11/28/2025,BRJN,BRAJRAJNAGAR,75,790
20807,11/28/2025,BPH,BELPAHAR,87,799
20807,11/28/2025,RIG,RAIGARH,86,850
20807,11/28/2025,KHS,KHARSIA,100,884
20807,11/28/2025,SKT,SAKTI,109,900
20807,11/28/2025,CPH,CHAMPA,119,930
20807,11/28/2025,AKT,AKALTARA,120,956
20807,11/28/2025,BSP,BILASPUR JN,105,983
20807,11/28/2025,PND,PENDRA ROAD,115,1086
20807,11/28/2025,APR,ANUPPUR JN,101,1136
20807,11/28/2025,BUH,BURHAR,109,1157
20807,11/28/2025,SDL,SHAHDOL,98,1177
20807,11/28/2025,UMR,UMARIA,99,1244
20807,11/28/2025,KMZ,KATNI MURWARA,117,1302
20807,11/28/2025,DMO,DAMOH,125,1411
20807,11/28/2025,SGO,SAUGOR,134,1489
20807,11/28/2025,KYE,KHURAI,123,1542
20807,11/28/2025,MAKR,BINA MALKHEDI JN,102,1560
20807,11/28/2025,LAR,LALITPUR,95,1622
20807,11/28/2025,VGLJ,V LAKSHMIBAI JHANSI,80,1712
20807,11/28/2025,DAA,DATIA,80,1737
20807,11/28/2025,GWL,GWALIOR,84,1809
20807,11/28/2025,AGC,AGRA CANTT,77,1928
20807,11/28/2025,MTJ,MATHURA JN,69,1982
20807,11/28/2025,NZM,H NIZAMUDDIN,86,2115
20807,11/28/2025,NDLS,NEW DELHI,89,2122
20807,11/28/2025,BDMJ,BHODWAL MAJRI,,
20807,11/28/2025,PNP,PANIPAT JN,117,2212
20807,11/28/2025,UMB,AMBALA CANT JN,81,2320
20807,11/28/2025,LDH,LUDHIANA JN,84,2434
20807,11/28/2025,JUC,JALANDHAR CITY,39,2491
20807,11/28/2025,BEAS,BEAS,36,2527
20807,11/28/2025,ASR,AMRITSAR JN,53,2570
20807,11/29/2025,VSKP,VISAKHAPATNAM,1,0
20807,11/29/2025,VZM,VIZIANAGRAM JN,11,61
20807,11/29/2025,CHE,SRIKAKULAM ROAD,11,131
20807,11/29/2025,PSA,PALASA,0,203
20807,11/29/2025,BAM,BRAHMAPUR,4,277
20807,11/29/2025,CAP,CHATRAPUR,9,299
20807,11/29/2025,BALU,BALUGAN,13,353
20807,11/29/2025,KUR,KHURDA ROAD JN,20,424
20807,11/29/2025,BBS,BHUBANESWAR,3,443
20807,11/29/2025,NQR,NARAJ MARTHAPUR,8,468
20807,11/29/2025,DNKL,DHENKANAL,17,505
20807,11/29/2025,TLHR,TALCHER,11,558
20807,11/29/2025,ANGL,ANGUL,19,576
20807,11/29/2025,RAIR,RAIRAKHOL,19,661
20807,11/29/2025,RGDA,RAYAGADA,,
20807,11/29/2025,TIG,TITLAGARH,,
20807,11/29/2025,SBP,SAMBALPUR,24,732
20807,11/29/2025,JSGR,JHARSUGUDA ROAD,127,779
20807,11/29/2025,BRJN,BRAJRAJNAGAR,111,790
20807,11/29/2025,BPH,BELPAHAR,118,799
20807,11/29/2025,RIG,RAIGARH,164,850
20807,11/29/2025,KHS,KHARSIA,167,884
20807,11/29/2025,SKT,SAKTI,174,900
20807,11/29/2025,CPH,CHAMPA,179,930
20807,11/29/2025,AKT,AKALTARA,180,956
20807,11/29/2025,BSP,BILASPUR JN,156,983
20807,11/29/2025,PND,PENDRA ROAD,220,1086
20807,11/29/2025,APR,ANUPPUR JN,213,1136
20807,11/29/2025,BUH,BURHAR,226,1157
20807,11/29/2025,SDL,SHAHDOL,231,1177
20807,11/29/2025,UMR,UMARIA,225,1244
20807,11/29/2025,KMZ,KATNI MURWARA,251,1302
20807,11/29/2025,DMO,DAMOH,261,1411
20807,11/29/2025,SGO,SAUGOR,270,1489
20807,11/29/2025,KYE,KHURAI,255,1542
20807,11/29/2025,MAKR,BINA MALKHEDI JN,236,1560
20807,11/29/2025,LAR,LALITPUR,220,1622
20807,11/29/2025,VGLJ,V LAKSHMIBAI JHANSI,219,1712
20807,11/29/2025,DAA,DATIA,223,1737
20807,11/29/2025,GWL,GWALIOR,267,1809
20807,11/29/2025,AGC,AGRA CANTT,268,1928
20807,11/29/2025,MTJ,MATHURA JN,257,1982
20807,11/29/2025,NZM,H NIZAMUDDIN,245,2115
20807,11/29/2025,NDLS,NEW DELHI,246,2122
20807,11/29/2025,BDMJ,BHODWAL MAJRI,,
20807,11/29/2025,PNP,PANIPAT JN,259,2212
20807,11/29/2025,UMB,AMBALA CANT JN,223,2320
20807,11/29/2025,LDH,LUDHIANA JN,217,2434
20807,11/29/2025,JUC,JALANDHAR CITY,156,2491
20807,11/29/2025,BEAS,BEAS,155,2527
20807,11/29/2025,ASR,AMRITSAR JN,129,2570
20807,12/2/2025,VSKP,VISAKHAPATNAM,4,0
20807,12/2/2025,VZM,VIZIANAGRAM JN,23,61
20807,12/2/2025,CHE,SRIKAKULAM ROAD,21,131
20807,12/2/2025,PSA,PALASA,4,203
20807,12/2/2025,BAM,BRAHMAPUR,9,277
20807,12/2/2025,CAP,CHATRAPUR,18,299
20807,12/2/2025,BALU,BALUGAN,24,353
20807,12/2/2025,KUR,KHURDA ROAD JN,28,424
20807,12/2/2025,BBS,BHUBANESWAR,23,443
20807,12/2/2025,NQR,NARAJ MARTHAPUR,9,468
20807,12/2/2025,DNKL,DHENKANAL,14,505
20807,12/2/2025,TLHR,TALCHER,29,558
20807,12/2/2025,ANGL,ANGUL,27,576
20807,12/2/2025,RAIR,RAIRAKHOL,39,661
20807,12/2/2025,RGDA,RAYAGADA,,
20807,12/2/2025,TIG,TITLAGARH,,
20807,12/2/2025,SBP,SAMBALPUR,48,732
20807,12/2/2025,JSGR,JHARSUGUDA ROAD,38,779
20807,12/2/2025,BRJN,BRAJRAJNAGAR,14,790
20807,12/2/2025,BPH,BELPAHAR,40,799
20807,12/2/2025,RIG,RAIGARH,295,850
20807,12/2/2025,KHS,KHARSIA,296,884
20807,12/2/2025,SKT,SAKTI,303,900
20807,12/2/2025,CPH,CHAMPA,293,930
20807,12/2/2025,AKT,AKALTARA,296,956
20807,12/2/2025,BSP,BILASPUR JN,271,983
20807,12/2/2025,PND,PENDRA ROAD,309,1086
20807,12/2/2025,APR,ANUPPUR JN,303,1136
20807,12/2/2025,BUH,BURHAR,310,1157
20807,12/2/2025,SDL,SHAHDOL,315,1177
20807,12/2/2025,UMR,UMARIA,318,1244
20807,12/2/2025,KMZ,KATNI MURWARA,299,1302
20807,12/2/2025,DMO,DAMOH,305,1411
20807,12/2/2025,SGO,SAUGOR,328,1489
20807,12/2/2025,KYE,KHURAI,321,1542
20807,12/2/2025,MAKR,BINA MALKHEDI JN,320,1560
20807,12/2/2025,LAR,LALITPUR,309,1622
20807,12/2/2025,VGLJ,V LAKSHMIBAI JHANSI,309,1712
20807,12/2/2025,DAA,DATIA,300,1737
20807,12/2/2025,GWL,GWALIOR,321,1809
20807,12/2/2025,AGC,AGRA CANTT,371,1928
20807,12/2/2025,MTJ,MATHURA JN,359,1982
20807,12/2/2025,NZM,H NIZAMUDDIN,359,2115
20807,12/2/2025,NDLS,NEW DELHI,362,2122
20807,12/2/2025,BDMJ,BHODWAL MAJRI,,
20807,12/2/2025,PNP,PANIPAT JN,392,2212
20807,12/2/2025,UMB,AMBALA CANT JN,356,2320
20807,12/2/2025,LDH,LUDHIANA JN,356,2434
20807,12/2/2025,JUC,JALANDHAR CITY,305,2491
20807,12/2/2025,BEAS,BEAS,303,2527
20807,12/2/2025,ASR,AMRITSAR JN,283,2570
20807,12/5/2025,VSKP,VISAKHAPATNAM,2,0
20807,12/5/2025,VZM,VIZIANAGRAM JN,12,61
20807,12/5/2025,CHE,SRIKAKULAM ROAD,7,131
20807,12/5/2025,PSA,PALASA,0,203
20807,12/5/2025,BAM,BRAHMAPUR,16,277
20807,12/5/2025,CAP,CHATRAPUR,22,299
20807,12/5/2025,BALU,BALUGAN,26,353
20807,12/5/2025,KUR,KHURDA ROAD JN,41,424
20807,12/5/2025,BBS,BHUBANESWAR,24,443
20807,12/5/2025,NQR,NARAJ MARTHAPUR,16,468
20807,12/5/2025,DNKL,DHENKANAL,15,505
20807,12/5/2025,TLHR,TALCHER,0,558
20807,12/5/2025,ANGL,ANGUL,12,576
20807,12/5/2025,RAIR,RAIRAKHOL,13,661
20807,12/5/2025,RGDA,RAYAGADA,,
20807,12/5/2025,TIG,TITLAGARH,,
20807,12/5/2025,SBP,SAMBALPUR,19,732
20807,12/5/2025,JSGR,JHARSUGUDA ROAD,34,779
20807,12/5/2025,BRJN,BRAJRAJNAGAR,17,790
20807,12/5/2025,BPH,BELPAHAR,24,799
20807,12/5/2025,RIG,RAIGARH,33,850
20807,12/5/2025,KHS,KHARSIA,44,884
20807,12/5/2025,SKT,SAKTI,49,900
20807,12/5/2025,CPH,CHAMPA,47,930
20807,12/5/2025,AKT,AKALTARA,58,956
20807,12/5/2025,BSP,BILASPUR JN,88,983
20807,12/5/2025,PND,PENDRA ROAD,119,1086
20807,12/5/2025,APR,ANUPPUR JN,106,1136
20807,12/5/2025,BUH,BURHAR,120,1157
20807,12/5/2025,SDL,SHAHDOL,110,1177
20807,12/5/2025,UMR,UMARIA,126,1244
20807,12/5/2025,KMZ,KATNI MURWARA,113,1302
20807,12/5/2025,DMO,DAMOH,119,1411
20807,12/5/2025,SGO,SAUGOR,124,1489
20807,12/5/2025,KYE,KHURAI,123,1542
20807,12/5/2025,MAKR,BINA MALKHEDI JN,101,1560
20807,12/5/2025,LAR,LALITPUR,124,1622
20807,12/5/2025,VGLJ,V LAKSHMIBAI JHANSI,118,1712
20807,12/5/2025,DAA,DATIA,116,1737
20807,12/5/2025,GWL,GWALIOR,105,1809
20807,12/5/2025,AGC,AGRA CANTT,133,1928
20807,12/5/2025,MTJ,MATHURA JN,190,1982
20807,12/5/2025,NZM,H NIZAMUDDIN,206,2115
20807,12/5/2025,NDLS,NEW DELHI,199,2122
20807,12/5/2025,BDMJ,BHODWAL MAJRI,,
20807,12/5/2025,PNP,PANIPAT JN,259,2212
20807,12/5/2025,UMB,AMBALA CANT JN,267,2320
20807,12/5/2025,LDH,LUDHIANA JN,280,2434
20807,12/5/2025,JUC,JALANDHAR CITY,238,2491
20807,12/5/2025,BEAS,BEAS,234,2527
20807,12/5/2025,ASR,AMRITSAR JN,209,2570
20807,12/6/2025,VSKP,VISAKHAPATNAM,0,0
20807,12/6/2025,VZM,VIZIANAGRAM JN,19,61
20807,12/6/2025,CHE,SRIKAKULAM ROAD,31,131
20807,12/6/2025,PSA,PALASA,9,203
20807,12/6/2025,BAM,BRAHMAPUR,15,277
20807,12/6/2025,CAP,CHATRAPUR,34,299
20807,12/6/2025,BALU,BALUGAN,34,353
20807,12/6/2025,KUR,KHURDA ROAD JN,61,424
20807,12/6/2025,BBS,BHUBANESWAR,47,443
20807,12/6/2025,NQR,NARAJ MARTHAPUR,36,468
20807,12/6/2025,DNKL,DHENKANAL,38,505
20807,12/6/2025,TLHR,TALCHER,28,558
20807,12/6/2025,ANGL,ANGUL,33,576
20807,12/6/2025,RAIR,RAIRAKHOL,34,661
20807,12/6/2025,RGDA,RAYAGADA,,
20807,12/6/2025,TIG,TITLAGARH,,
20807,12/6/2025,SBP,SAMBALPUR,127,732
20807,12/6/2025,JSGR,JHARSUGUDA ROAD,106,779
20807,12/6/2025,BRJN,BRAJRAJNAGAR,71,790
20807,12/6/2025,BPH,BELPAHAR,70,799
20807,12/6/2025,RIG,RAIGARH,63,850
20807,12/6/2025,KHS,KHARSIA,88,884
20807,12/6/2025,SKT,SAKTI,96,900
20807,12/6/2025,CPH,CHAMPA,96,930
20807,12/6/2025,AKT,AKALTARA,98,956
20807,12/6/2025,BSP,BILASPUR JN,68,983
20807,12/6/2025,PND,PENDRA ROAD,94,1086
20807,12/6/2025,APR,ANUPPUR JN,85,1136
20807,12/6/2025,BUH,BURHAR,101,1157
20807,12/6/2025,SDL,SHAHDOL,95,1177
20807,12/6/2025,UMR,UMARIA,104,1244
20807,12/6/2025,KMZ,KATNI MURWARA,74,1302
20807,12/6/2025,DMO,DAMOH,95,1411
20807,12/6/2025,SGO,SAUGOR,113,1489
20807,12/6/2025,KYE,KHURAI,110,1542
20807,12/6/2025,MAKR,BINA MALKHEDI JN,92,1560
20807,12/6/2025,LAR,LALITPUR,83,1622
20807,12/6/2025,VGLJ,V LAKSHMIBAI JHANSI,78,1712
20807,12/6/2025,DAA,DATIA,78,1737
20807,12/6/2025,GWL,GWALIOR,80,1809
20807,12/6/2025,AGC,AGRA CANTT,69,1928
20807,12/6/2025,MTJ,MATHURA JN,59,1982
20807,12/6/2025,NZM,H NIZAMUDDIN,57,2115
20807,12/6/2025,NDLS,NEW DELHI,63,2122
20807,12/6/2025,BDMJ,BHODWAL MAJRI,,
20807,12/6/2025,PNP,PANIPAT JN,96,2212
20807,12/6/2025,UMB,AMBALA CANT JN,74,2320
20807,12/6/2025,LDH,LUDHIANA JN,82,2434
20807,12/6/2025,JUC,JALANDHAR CITY,39,2491
20807,12/6/2025,BEAS,BEAS,40,2527
20807,12/6/2025,ASR,AMRITSAR JN,28,2570
20807,12/9/2025,VSKP,VISAKHAPATNAM,3,0
20807,12/9/2025,VZM,VIZIANAGRAM JN,14,61
20807,12/9/2025,CHE,SRIKAKULAM ROAD,8,131
20807,12/9/2025,PSA,PALASA,0,203
20807,12/9/2025,BAM,BRAHMAPUR,4,277
20807,12/9/2025,CAP,CHATRAPUR,14,299
20807,12/9/2025,BALU,BALUGAN,22,353
20807,12/9/2025,KUR,KHURDA ROAD JN,21,424
20807,12/9/2025,BBS,BHUBANESWAR,18,443
20807,12/9/2025,NQR,NARAJ MARTHAPUR,8,468
20807,12/9/2025,DNKL,DHENKANAL,7,505
20807,12/9/2025,TLHR,TALCHER,30,558
20807,12/9/2025,ANGL,ANGUL,28,576
20807,12/9/2025,RAIR,RAIRAKHOL,43,661
20807,12/9/2025,RGDA,RAYAGADA,,
20807,12/9/2025,TIG,TITLAGARH,,
20807,12/9/2025,SBP,SAMBALPUR,37,732
20807,12/9/2025,JSGR,JHARSUGUDA ROAD,40,779
20807,12/9/2025,BRJN,BRAJRAJNAGAR,28,790
20807,12/9/2025,BPH,BELPAHAR,32,799
20807,12/9/2025,RIG,RAIGARH,43,850
20807,12/9/2025,KHS,KHARSIA,123,884
20807,12/9/2025,SKT,SAKTI,151,900
20807,12/9/2025,CPH,CHAMPA,155,930
20807,12/9/2025,AKT,AKALTARA,160,956
20807,12/9/2025,BSP,BILASPUR JN,146,983
20807,12/9/2025,PND,PENDRA ROAD,193,1086
20807,12/9/2025,APR,ANUPPUR JN,177,1136
20807,12/9/2025,BUH,BURHAR,190,1157
20807,12/9/2025,SDL,SHAHDOL,184,1177
20807,12/9/2025,UMR,UMARIA,180,1244
20807,12/9/2025,KMZ,KATNI MURWARA,139,1302
20807,12/9/2025,DMO,DAMOH,151,1411
20807,12/9/2025,SGO,SAUGOR,165,1489
20807,12/9/2025,KYE,KHURAI,163,1542
20807,12/9/2025,MAKR,BINA MALKHEDI JN,142,1560
20807,12/9/2025,LAR,LALITPUR,124,1622
20807,12/9/2025,VGLJ,V LAKSHMIBAI JHANSI,125,1712
20807,12/9/2025,DAA,DATIA,132,1737
20807,12/9/2025,GWL,GWALIOR,126,1809
20807,12/9/2025,AGC,AGRA CANTT,118,1928
20807,12/9/2025,MTJ,MATHURA JN,102,1982
20807,12/9/2025,NZM,H NIZAMUDDIN,123,2115
20807,12/9/2025,NDLS,NEW DELHI,124,2122
20807,12/9/2025,BDMJ,BHODWAL MAJRI,,
20807,12/9/2025,PNP,PANIPAT JN,176,2212
20807,12/9/2025,UMB,AMBALA CANT JN,188,2320
20807,12/9/2025,LDH,LUDHIANA JN,204,2434
20807,12/9/2025,JUC,JALANDHAR CITY,160,2491
20807,12/9/2025,BEAS,BEAS,163,2527
20807,12/9/2025,ASR,AMRITSAR JN,159,2570
20807,12/12/2025,VSKP,VISAKHAPATNAM,27,0
20807,12/12/2025,VZM,VIZIANAGRAM JN,40,61
20807,12/12/2025,CHE,SRIKAKULAM ROAD,,131
20807,12/12/2025,PSA,PALASA,,203
20807,12/12/2025,BAM,BRAHMAPUR,,277
20807,12/12/2025,CAP,CHATRAPUR,,299
20807,12/12/2025,BALU,BALUGAN,,353
20807,12/12/2025,KUR,KHURDA ROAD JN,,424
20807,12/12/2025,BBS,BHUBANESWAR,,443
20807,12/12/2025,NQR,NARAJ MARTHAPUR,,468
20807,12/12/2025,DNKL,DHENKANAL,,505
20807,12/12/2025,TLHR,TALCHER,,558
20807,12/12/2025,ANGL,ANGUL,,576
20807,12/12/2025,RAIR,RAIRAKHOL,,661
20807,12/12/2025,RGDA,RAYAGADA,,
20807,12/12/2025,TIG,TITLAGARH,,
20807,12/12/2025,SBP,SAMBALPUR,2,732
20807,12/12/2025,JSGR,JHARSUGUDA ROAD,20,779
20807,12/12/2025,BRJN,BRAJRAJNAGAR,8,790
20807,12/12/2025,BPH,BELPAHAR,15,799
20807,12/12/2025,RIG,RAIGARH,43,850
20807,12/12/2025,KHS,KHARSIA,42,884
20807,12/12/2025,SKT,SAKTI,81,900
20807,12/12/2025,CPH,CHAMPA,89,930
20807,12/12/2025,AKT,AKALTARA,92,956
20807,12/12/2025,BSP,BILASPUR JN,73,983
20807,12/12/2025,PND,PENDRA ROAD,117,1086
20807,12/12/2025,APR,ANUPPUR JN,102,1136
20807,12/12/2025,BUH,BURHAR,114,1157
20807,12/12/2025,SDL,SHAHDOL,109,1177
20807,12/12/2025,UMR,UMARIA,111,1244
20807,12/12/2025,KMZ,KATNI MURWARA,88,1302
20807,12/12/2025,DMO,DAMOH,96,1411
20807,12/12/2025,SGO,SAUGOR,120,1489
20807,12/12/2025,KYE,KHURAI,132,1542
20807,12/12/2025,MAKR,BINA MALKHEDI JN,112,1560
20807,12/12/2025,LAR,LALITPUR,114,1622
20807,12/12/2025,VGLJ,V LAKSHMIBAI JHANSI,114,1712
20807,12/12/2025,DAA,DATIA,111,1737
20807,12/12/2025,GWL,GWALIOR,107,1809
20807,12/12/2025,AGC,AGRA CANTT,80,1928
20807,12/12/2025,MTJ,MATHURA JN,60,1982
20807,12/12/2025,NZM,H NIZAMUDDIN,71,2115
20807,12/12/2025,NDLS,NEW DELHI,61,2122
20807,12/12/2025,BDMJ,BHODWAL MAJRI,,
20807,12/12/2025,PNP,PANIPAT JN,92,2212
20807,12/12/2025,UMB,AMBALA CANT JN,67,2320
20807,12/12/2025,LDH,LUDHIANA JN,94,2434
20807,12/12/2025,JUC,JALANDHAR CITY,57,2491
20807,12/12/2025,BEAS,BEAS,54,2527
20807,12/12/2025,ASR,AMRITSAR JN,85,2570
20807,12/13/2025,VSKP,VISAKHAPATNAM,8,0
20807,12/13/2025,VZM,VIZIANAGRAM JN,38,61
20807,12/13/2025,CHE,SRIKAKULAM ROAD,,131
20807,12/13/2025,PSA,PALASA,,203
20807,12/13/2025,BAM,BRAHMAPUR,,277
20807,12/13/2025,CAP,CHATRAPUR,,299
20807,12/13/2025,BALU,BALUGAN,,353
20807,12/13/2025,KUR,KHURDA ROAD JN,,424
20807,12/13/2025,BBS,BHUBANESWAR,,443
20807,12/13/2025,NQR,NARAJ MARTHAPUR,,468
20807,12/13/2025,DNKL,DHENKANAL,,505
20807,12/13/2025,TLHR,TALCHER,,558
20807,12/13/2025,ANGL,ANGUL,,576
20807,12/13/2025,RAIR,RAIRAKHOL,,661
20807,12/13/2025,RGDA,RAYAGADA,,
20807,12/13/2025,TIG,TITLAGARH,,
20807,12/13/2025,SBP,SAMBALPUR,11,732
20807,12/13/2025,JSGR,JHARSUGUDA ROAD,61,779
20807,12/13/2025,BRJN,BRAJRAJNAGAR,43,790
20807,12/13/2025,BPH,BELPAHAR,50,799
20807,12/13/2025,RIG,RAIGARH,77,850
20807,12/13/2025,KHS,KHARSIA,84,884
20807,12/13/2025,SKT,SAKTI,85,900
20807,12/13/2025,CPH,CHAMPA,101,930
20807,12/13/2025,AKT,AKALTARA,106,956
20807,12/13/2025,BSP,BILASPUR JN,87,983
20807,12/13/2025,PND,PENDRA ROAD,116,1086
20807,12/13/2025,APR,ANUPPUR JN,93,1136
20807,12/13/2025,BUH,BURHAR,110,1157
20807,12/13/2025,SDL,SHAHDOL,100,1177
20807,12/13/2025,UMR,UMARIA,101,1244
20807,12/13/2025,KMZ,KATNI MURWARA,76,1302
20807,12/13/2025,DMO,DAMOH,91,1411
20807,12/13/2025,SGO,SAUGOR,105,1489
20807,12/13/2025,KYE,KHURAI,99,1542
20807,12/13/2025,MAKR,BINA MALKHEDI JN,91,1560
20807,12/13/2025,LAR,LALITPUR,85,1622
20807,12/13/2025,VGLJ,V LAKSHMIBAI JHANSI,97,1712
20807,12/13/2025,DAA,DATIA,94,1737
20807,12/13/2025,GWL,GWALIOR,80,1809
20807,12/13/2025,AGC,AGRA CANTT,61,1928
20807,12/13/2025,MTJ,MATHURA JN,60,1982
20807,12/13/2025,NZM,H NIZAMUDDIN,117,2115
20807,12/13/2025,NDLS,NEW DELHI,112,2122
20807,12/13/2025,BDMJ,BHODWAL MAJRI,,
20807,12/13/2025,PNP,PANIPAT JN,110,2212
20807,12/13/2025,UMB,AMBALA CANT JN,122,2320
20807,12/13/2025,LDH,LUDHIANA JN,138,2434
20807,12/13/2025,JUC,JALANDHAR CITY,89,2491
20807,12/13/2025,BEAS,BEAS,92,2527
20807,12/13/2025,ASR,AMRITSAR JN,77,2570
20807,12/16/2025,VSKP,VISAKHAPATNAM,31,0
20807,12/16/2025,VZM,VIZIANAGRAM JN,34,61
20807,12/16/2025,CHE,SRIKAKULAM ROAD,,131
20807,12/16/2025,PSA,PALASA,,203
20807,12/16/2025,BAM,BRAHMAPUR,,277
20807,12/16/2025,CAP,CHATRAPUR,,299
20807,12/16/2025,BALU,BALUGAN,,353
20807,12/16/2025,KUR,KHURDA ROAD JN,,424
20807,12/16/2025,BBS,BHUBANESWAR,,443
20807,12/16/2025,NQR,NARAJ MARTHAPUR,,468
20807,12/16/2025,DNKL,DHENKANAL,,505
20807,12/16/2025,TLHR,TALCHER,,558
20807,12/16/2025,ANGL,ANGUL,,576
20807,12/16/2025,RAIR,RAIRAKHOL,,661
20807,12/16/2025,RGDA,RAYAGADA,,
20807,12/16/2025,TIG,TITLAGARH,,
20807,12/16/2025,SBP,SAMBALPUR,9,732
20807,12/16/2025,JSGR,JHARSUGUDA ROAD,40,779
20807,12/16/2025,BRJN,BRAJRAJNAGAR,19,790
20807,12/16/2025,BPH,BELPAHAR,24,799
20807,12/16/2025,RIG,RAIGARH,69,850
20807,12/16/2025,KHS,KHARSIA,103,884
20807,12/16/2025,SKT,SAKTI,121,900
20807,12/16/2025,CPH,CHAMPA,123,930
20807,12/16/2025,AKT,AKALTARA,135,956
20807,12/16/2025,BSP,BILASPUR JN,124,983
20807,12/16/2025,PND,PENDRA ROAD,159,1086
20807,12/16/2025,APR,ANUPPUR JN,142,1136
20807,12/16/2025,BUH,BURHAR,155,1157
20807,12/16/2025,SDL,SHAHDOL,151,1177
20807,12/16/2025,UMR,UMARIA,152,1244
20807,12/16/2025,KMZ,KATNI MURWARA,124,1302
20807,12/16/2025,DMO,DAMOH,138,1411
20807,12/16/2025,SGO,SAUGOR,156,1489
20807,12/16/2025,KYE,KHURAI,147,1542
20807,12/16/2025,MAKR,BINA MALKHEDI JN,134,1560
20807,12/16/2025,LAR,LALITPUR,120,1622
20807,12/16/2025,VGLJ,V LAKSHMIBAI JHANSI,108,1712
20807,12/16/2025,DAA,DATIA,108,1737
20807,12/16/2025,GWL,GWALIOR,90,1809
20807,12/16/2025,AGC,AGRA CANTT,70,1928
20807,12/16/2025,MTJ,MATHURA JN,50,1982
20807,12/16/2025,NZM,H NIZAMUDDIN,37,2115
20807,12/16/2025,NDLS,NEW DELHI,44,2122
20807,12/16/2025,BDMJ,BHODWAL MAJRI,,
20807,12/16/2025,PNP,PANIPAT JN,98,2212
20807,12/16/2025,UMB,AMBALA CANT JN,112,2320
20807,12/16/2025,LDH,LUDHIANA JN,109,2434
20807,12/16/2025,JUC,JALANDHAR CITY,60,2491
20807,12/16/2025,BEAS,BEAS,64,2527
20807,12/16/2025,ASR,AMRITSAR JN,52,2570
20807,12/19/2025,VSKP,VISAKHAPATNAM,0,0
20807,12/19/2025,VZM,VIZIANAGRAM JN,22,61
20807,12/19/2025,CHE,SRIKAKULAM ROAD,21,131
20807,12/19/2025,PSA,PALASA,0,203
20807,12/19/2025,BAM,BRAHMAPUR,9,277
20807,12/19/2025,CAP,CHATRAPUR,14,299
20807,12/19/2025,BALU,BALUGAN,18,353
20807,12/19/2025,KUR,KHURDA ROAD JN,20,424
20807,12/19/2025,BBS,BHUBANESWAR,14,443
20807,12/19/2025,NQR,NARAJ MARTHAPUR,17,468
20807,12/19/2025,DNKL,DHENKANAL,40,505
20807,12/19/2025,TLHR,TALCHER,21,558
20807,12/19/2025,ANGL,ANGUL,12,576
20807,12/19/2025,RAIR,RAIRAKHOL,36,661
20807,12/19/2025,RGDA,RAYAGADA,,
20807,12/19/2025,TIG,TITLAGARH,,
20807,12/19/2025,SBP,SAMBALPUR,13,732
20807,12/19/2025,JSGR,JHARSUGUDA ROAD,28,779
20807,12/19/2025,BRJN,BRAJRAJNAGAR,15,790
20807,12/19/2025,BPH,BELPAHAR,16,799
20807,12/19/2025,RIG,RAIGARH,33,850
20807,12/19/2025,KHS,KHARSIA,55,884
20807,12/19/2025,SKT,SAKTI,56,900
20807,12/19/2025,CPH,CHAMPA,72,930
20807,12/19/2025,AKT,AKALTARA,77,956
20807,12/19/2025,BSP,BILASPUR JN,81,983
20807,12/19/2025,PND,PENDRA ROAD,113,1086
20807,12/19/2025,APR,ANUPPUR JN,98,1136
20807,12/19/2025,BUH,BURHAR,111,1157
20807,12/19/2025,SDL,SHAHDOL,102,1177
20807,12/19/2025,UMR,UMARIA,103,1244
20807,12/19/2025,KMZ,KATNI MURWARA,81,1302
20807,12/19/2025,DMO,DAMOH,103,1411
20807,12/19/2025,SGO,SAUGOR,122,1489
20807,12/19/2025,KYE,KHURAI,112,1542
20807,12/19/2025,MAKR,BINA MALKHEDI JN,97,1560
20807,12/19/2025,LAR,LALITPUR,114,1622
20807,12/19/2025,VGLJ,V LAKSHMIBAI JHANSI,115,1712
20807,12/19/2025,DAA,DATIA,116,1737
20807,12/19/2025,GWL,GWALIOR,110,1809
20807,12/19/2025,AGC,AGRA CANTT,96,1928
20807,12/19/2025,MTJ,MATHURA JN,101,1982
20807,12/19/2025,NZM,H NIZAMUDDIN,148,2115
20807,12/19/2025,NDLS,NEW DELHI,150,2122
20807,12/19/2025,BDMJ,BHODWAL MAJRI,,
20807,12/19/2025,PNP,PANIPAT JN,178,2212
20807,12/19/2025,UMB,AMBALA CANT JN,146,2320
20807,12/19/2025,LDH,LUDHIANA JN,198,2434
20807,12/19/2025,JUC,JALANDHAR CITY,170,2491
20807,12/19/2025,BEAS,BEAS,171,2527
20807,12/19/2025,ASR,AMRITSAR JN,226,2570
20807,12/20/2025,VSKP,VISAKHAPATNAM,0,0
20807,12/20/2025,VZM,VIZIANAGRAM JN,11,61
20807,12/20/2025,CHE,SRIKAKULAM ROAD,9,131
20807,12/20/2025,PSA,PALASA,0,203
20807,12/20/2025,BAM,BRAHMAPUR,0,277
20807,12/20/2025,CAP,CHATRAPUR,4,299
20807,12/20/2025,BALU,BALUGAN,3,353
20807,12/20/2025,KUR,KHURDA ROAD JN,5,424
20807,12/20/2025,BBS,BHUBANESWAR,13,443
20807,12/20/2025,NQR,NARAJ MARTHAPUR,1,468
20807,12/20/2025,DNKL,DHENKANAL,25,505
20807,12/20/2025,TLHR,TALCHER,32,558
20807,12/20/2025,ANGL,ANGUL,43,576
20807,12/20/2025,RAIR,RAIRAKHOL,58,661
20807,12/20/2025,RGDA,RAYAGADA,,
20807,12/20/2025,TIG,TITLAGARH,,
20807,12/20/2025,SBP,SAMBALPUR,49,732
20807,12/20/2025,JSGR,JHARSUGUDA ROAD,62,779
20807,12/20/2025,BRJN,BRAJRAJNAGAR,46,790
20807,12/20/2025,BPH,BELPAHAR,48,799
20807,12/20/2025,RIG,RAIGARH,65,850
20807,12/20/2025,KHS,KHARSIA,117,884
20807,12/20/2025,SKT,SAKTI,120,900
20807,12/20/2025,CPH,CHAMPA,114,930
20807,12/20/2025,AKT,AKALTARA,120,956
20807,12/20/2025,BSP,BILASPUR JN,99,983
20807,12/20/2025,PND,PENDRA ROAD,142,1086
20807,12/20/2025,APR,ANUPPUR JN,125,1136
20807,12/20/2025,BUH,BURHAR,142,1157
20807,12/20/2025,SDL,SHAHDOL,133,1177
20807,12/20/2025,UMR,UMARIA,139,1244
20807,12/20/2025,KMZ,KATNI MURWARA,158,1302
20807,12/20/2025,DMO,DAMOH,184,1411
20807,12/20/2025,SGO,SAUGOR,192,1489
20807,12/20/2025,KYE,KHURAI,192,1542
20807,12/20/2025,MAKR,BINA MALKHEDI JN,173,1560
20807,12/20/2025,LAR,LALITPUR,176,1622
20807,12/20/2025,VGLJ,V LAKSHMIBAI JHANSI,201,1712
20807,12/20/2025,DAA,DATIA,200,1737
20807,12/20/2025,GWL,GWALIOR,184,1809
20807,12/20/2025,AGC,AGRA CANTT,168,1928
20807,12/20/2025,MTJ,MATHURA JN,151,1982
20807,12/20/2025,NZM,H NIZAMUDDIN,204,2115
20807,12/20/2025,NDLS,NEW DELHI,210,2122
20807,12/20/2025,BDMJ,BHODWAL MAJRI,,
20807,12/20/2025,PNP,PANIPAT JN,249,2212
20807,12/20/2025,UMB,AMBALA CANT JN,193,2320
20807,12/20/2025,LDH,LUDHIANA JN,203,2434
20807,12/20/2025,JUC,JALANDHAR CITY,161,2491
20807,12/20/2025,BEAS,BEAS,173,2527
20807,12/20/2025,ASR,AMRITSAR JN,169,2570
20807,12/23/2025,VSKP,VISAKHAPATNAM,0,0
20807,12/23/2025,VZM,VIZIANAGRAM JN,5,61
20807,12/23/2025,CHE,SRIKAKULAM ROAD,0,131
20807,12/23/2025,PSA,PALASA,0,203
20807,12/23/2025,BAM,BRAHMAPUR,0,277
20807,12/23/2025,CAP,CHATRAPUR,2,299
20807,12/23/2025,BALU,BALUGAN,4,353
20807,12/23/2025,KUR,KHURDA ROAD JN,0,424
20807,12/23/2025,BBS,BHUBANESWAR,2,443
20807,12/23/2025,NQR,NARAJ MARTHAPUR,0,468
20807,12/23/2025,DNKL,DHENKANAL,5,505
20807,12/23/2025,TLHR,TALCHER,34,558
20807,12/23/2025,ANGL,ANGUL,22,576
20807,12/23/2025,RAIR,RAIRAKHOL,37,661
20807,12/23/2025,RGDA,RAYAGADA,,
20807,12/23/2025,TIG,TITLAGARH,,
20807,12/23/2025,SBP,SAMBALPUR,33,732
20807,12/23/2025,JSGR,JHARSUGUDA ROAD,40,779
20807,12/23/2025,BRJN,BRAJRAJNAGAR,26,790
20807,12/23/2025,BPH,BELPAHAR,33,799
20807,12/23/2025,RIG,RAIGARH,25,850
20807,12/23/2025,KHS,KHARSIA,58,884
20807,12/23/2025,SKT,SAKTI,66,900
20807,12/23/2025,CPH,CHAMPA,77,930
20807,12/23/2025,AKT,AKALTARA,66,956
20807,12/23/2025,BSP,BILASPUR JN,40,983
20807,12/23/2025,PND,PENDRA ROAD,96,1086
20807,12/23/2025,APR,ANUPPUR JN,101,1136
20807,12/23/2025,BUH,BURHAR,109,1157
20807,12/23/2025,SDL,SHAHDOL,100,1177
20807,12/23/2025,UMR,UMARIA,115,1244
20807,12/23/2025,KMZ,KATNI MURWARA,102,1302
20807,12/23/2025,DMO,DAMOH,109,1411
20807,12/23/2025,SGO,SAUGOR,119,1489
20807,12/23/2025,KYE,KHURAI,120,1542
20807,12/23/2025,MAKR,BINA MALKHEDI JN,104,1560
20807,12/23/2025,LAR,LALITPUR,97,1622
20807,12/23/2025,VGLJ,V LAKSHMIBAI JHANSI,117,1712
20807,12/23/2025,DAA,DATIA,118,1737
20807,12/23/2025,GWL,GWALIOR,107,1809
20807,12/23/2025,AGC,AGRA CANTT,139,1928
20807,12/23/2025,MTJ,MATHURA JN,160,1982
20807,12/23/2025,NZM,H NIZAMUDDIN,204,2115
20807,12/23/2025,NDLS,NEW DELHI,204,2122
20807,12/23/2025,BDMJ,BHODWAL MAJRI,,
20807,12/23/2025,PNP,PANIPAT JN,232,2212
20807,12/23/2025,UMB,AMBALA CANT JN,200,2320
20807,12/23/2025,LDH,LUDHIANA JN,216,2434
20807,12/23/2025,JUC,JALANDHAR CITY,164,2491
20807,12/23/2025,BEAS,BEAS,167,2527
20807,12/23/2025,ASR,AMRITSAR JN,142,2570
20807,12/26/2025,VSKP,VISAKHAPATNAM,1,0
20807,12/26/2025,VZM,VIZIANAGRAM JN,13,61
20807,12/26/2025,CHE,SRIKAKULAM ROAD,46,131
20807,12/26/2025,PSA,PALASA,40,203
20807,12/26/2025,BAM,BRAHMAPUR,60,277
20807,12/26/2025,CAP,CHATRAPUR,65,299
20807,12/26/2025,BALU,BALUGAN,81,353
20807,12/26/2025,KUR,KHURDA ROAD JN,90,424
20807,12/26/2025,BBS,BHUBANESWAR,80,443
20807,12/26/2025,NQR,NARAJ MARTHAPUR,70,468
20807,12/26/2025,DNKL,DHENKANAL,78,505
20807,12/26/2025,TLHR,TALCHER,85,558
20807,12/26/2025,ANGL,ANGUL,84,576
20807,12/26/2025,RAIR,RAIRAKHOL,82,661
20807,12/26/2025,RGDA,RAYAGADA,,
20807,12/26/2025,TIG,TITLAGARH,,
20807,12/26/2025,SBP,SAMBALPUR,63,732
20807,12/26/2025,JSGR,JHARSUGUDA ROAD,90,779
20807,12/26/2025,BRJN,BRAJRAJNAGAR,73,790
20807,12/26/2025,BPH,BELPAHAR,76,799
20807,12/26/2025,RIG,RAIGARH,76,850
20807,12/26/2025,KHS,KHARSIA,93,884
20807,12/26/2025,SKT,SAKTI,95,900
20807,12/26/2025,CPH,CHAMPA,90,930
20807,12/26/2025,AKT,AKALTARA,105,956
20807,12/26/2025,BSP,BILASPUR JN,84,983
20807,12/26/2025,PND,PENDRA ROAD,169,1086
20807,12/26/2025,APR,ANUPPUR JN,158,1136
20807,12/26/2025,BUH,BURHAR,164,1157
20807,12/26/2025,SDL,SHAHDOL,153,1177
20807,12/26/2025,UMR,UMARIA,148,1244
20807,12/26/2025,KMZ,KATNI MURWARA,120,1302
20807,12/26/2025,DMO,DAMOH,131,1411
20807,12/26/2025,SGO,SAUGOR,153,1489
20807,12/26/2025,KYE,KHURAI,147,1542
20807,12/26/2025,MAKR,BINA MALKHEDI JN,139,1560
20807,12/26/2025,LAR,LALITPUR,123,1622
20807,12/26/2025,VGLJ,V LAKSHMIBAI JHANSI,156,1712
20807,12/26/2025,DAA,DATIA,154,1737
20807,12/26/2025,GWL,GWALIOR,134,1809
20807,12/26/2025,AGC,AGRA CANTT,123,1928
20807,12/26/2025,MTJ,MATHURA JN,136,1982
20807,12/26/2025,NZM,H NIZAMUDDIN,204,2115
20807,12/26/2025,NDLS,NEW DELHI,203,2122
20807,12/26/2025,BDMJ,BHODWAL MAJRI,,
20807,12/26/2025,PNP,PANIPAT JN,238,2212
20807,12/26/2025,UMB,AMBALA CANT JN,195,2320
20807,12/26/2025,LDH,LUDHIANA JN,224,2434
20807,12/26/2025,JUC,JALANDHAR CITY,199,2491
20807,12/26/2025,BEAS,BEAS,211,2527
20807,12/26/2025,ASR,AMRITSAR JN,206,2570
20807,12/27/2025,VSKP,VISAKHAPATNAM,0,0
20807,12/27/2025,VZM,VIZIANAGRAM JN,6,61
20807,12/27/2025,CHE,SRIKAKULAM ROAD,0,131
20807,12/27/2025,PSA,PALASA,0,203
20807,12/27/2025,BAM,BRAHMAPUR,5,277
20807,12/27/2025,CAP,CHATRAPUR,10,299
20807,12/27/2025,BALU,BALUGAN,20,353
20807,12/27/2025,KUR,KHURDA ROAD JN,30,424
20807,12/27/2025,BBS,BHUBANESWAR,17,443
20807,12/27/2025,NQR,NARAJ MARTHAPUR,9,468
20807,12/27/2025,DNKL,DHENKANAL,15,505
20807,12/27/2025,TLHR,TALCHER,26,558
20807,12/27/2025,ANGL,ANGUL,20,576
20807,12/27/2025,RAIR,RAIRAKHOL,42,661
20807,12/27/2025,RGDA,RAYAGADA,,
20807,12/27/2025,TIG,TITLAGARH,,
20807,12/27/2025,SBP,SAMBALPUR,25,732
20807,12/27/2025,JSGR,JHARSUGUDA ROAD,30,779
20807,12/27/2025,BRJN,BRAJRAJNAGAR,22,790
20807,12/27/2025,BPH,BELPAHAR,32,799
20807,12/27/2025,RIG,RAIGARH,34,850
20807,12/27/2025,KHS,KHARSIA,36,884
20807,12/27/2025,SKT,SAKTI,38,900
20807,12/27/2025,CPH,CHAMPA,45,930
20807,12/27/2025,AKT,AKALTARA,44,956
20807,12/27/2025,BSP,BILASPUR JN,14,983
20807,12/27/2025,PND,PENDRA ROAD,74,1086
20807,12/27/2025,APR,ANUPPUR JN,57,1136
20807,12/27/2025,BUH,BURHAR,67,1157
20807,12/27/2025,SDL,SHAHDOL,56,1177
20807,12/27/2025,UMR,UMARIA,61,1244
20807,12/27/2025,KMZ,KATNI MURWARA,62,1302
20807,12/27/2025,DMO,DAMOH,77,1411
20807,12/27/2025,SGO,SAUGOR,93,1489
20807,12/27/2025,KYE,KHURAI,94,1542
20807,12/27/2025,MAKR,BINA MALKHEDI JN,78,1560
20807,12/27/2025,LAR,LALITPUR,69,1622
20807,12/27/2025,VGLJ,V LAKSHMIBAI JHANSI,71,1712
20807,12/27/2025,DAA,DATIA,70,1737
20807,12/27/2025,GWL,GWALIOR,86,1809
20807,12/27/2025,AGC,AGRA CANTT,134,1928
20807,12/27/2025,MTJ,MATHURA JN,141,1982
20807,12/27/2025,NZM,H NIZAMUDDIN,135,2115
20807,12/27/2025,NDLS,NEW DELHI,150,2122
20807,12/27/2025,BDMJ,BHODWAL MAJRI,,
20807,12/27/2025,PNP,PANIPAT JN,177,2212
20807,12/27/2025,UMB,AMBALA CANT JN,185,2320
20807,12/27/2025,LDH,LUDHIANA JN,192,2434
20807,12/27/2025,JUC,JALANDHAR CITY,193,2491
20807,12/27/2025,BEAS,BEAS,205,2527
20807,12/27/2025,ASR,AMRITSAR JN,193,2570
20807,12/30/2025,VSKP,VISAKHAPATNAM,2,0
20807,12/30/2025,VZM,VIZIANAGRAM JN,32,61
20807,12/30/2025,CHE,SRIKAKULAM ROAD,27,131
20807,12/30/2025,PSA,PALASA,8,203
20807,12/30/2025,BAM,BRAHMAPUR,19,277
20807,12/30/2025,CAP,CHATRAPUR,22,299
20807,12/30/2025,BALU,BALUGAN,26,353
20807,12/30/2025,KUR,KHURDA ROAD JN,36,424
20807,12/30/2025,BBS,BHUBANESWAR,27,443
20807,12/30/2025,NQR,NARAJ MARTHAPUR,38,468
20807,12/30/2025,DNKL,DHENKANAL,62,505
20807,12/30/2025,TLHR,TALCHER,76,558
20807,12/30/2025,ANGL,ANGUL,85,576
20807,12/30/2025,RAIR,RAIRAKHOL,97,661
20807,12/30/2025,RGDA,RAYAGADA,,
20807,12/30/2025,TIG,TITLAGARH,,
20807,12/30/2025,SBP,SAMBALPUR,137,732
20807,12/30/2025,JSGR,JHARSUGUDA ROAD,152,779
20807,12/30/2025,BRJN,BRAJRAJNAGAR,132,790
20807,12/30/2025,BPH,BELPAHAR,139,799
20807,12/30/2025,RIG,RAIGARH,177,850
20807,12/30/2025,KHS,KHARSIA,209,884
20807,12/30/2025,SKT,SAKTI,210,900
20807,12/30/2025,CPH,CHAMPA,207,930
20807,12/30/2025,AKT,AKALTARA,221,956
20807,12/30/2025,BSP,BILASPUR JN,196,983
20807,12/30/2025,PND,PENDRA ROAD,241,1086
20807,12/30/2025,APR,ANUPPUR JN,233,1136
20807,12/30/2025,BUH,BURHAR,237,1157
20807,12/30/2025,SDL,SHAHDOL,226,1177
20807,12/30/2025,UMR,UMARIA,234,1244
20807,12/30/2025,KMZ,KATNI MURWARA,214,1302
20807,12/30/2025,DMO,DAMOH,236,1411
20807,12/30/2025,SGO,SAUGOR,252,1489
20807,12/30/2025,KYE,KHURAI,247,1542
20807,12/30/2025,MAKR,BINA MALKHEDI JN,227,1560
20807,12/30/2025,LAR,LALITPUR,212,1622
20807,12/30/2025,VGLJ,V LAKSHMIBAI JHANSI,224,1712
20807,12/30/2025,DAA,DATIA,226,1737
20807,12/30/2025,GWL,GWALIOR,248,1809
20807,12/30/2025,AGC,AGRA CANTT,280,1928
20807,12/30/2025,MTJ,MATHURA JN,270,1982
20807,12/30/2025,NZM,H NIZAMUDDIN,272,2115
20807,12/30/2025,NDLS,NEW DELHI,279,2122
20807,12/30/2025,BDMJ,BHODWAL MAJRI,,
20807,12/30/2025,PNP,PANIPAT JN,320,2212
20807,12/30/2025,UMB,AMBALA CANT JN,278,2320
20807,12/30/2025,LDH,LUDHIANA JN,310,2434
20807,12/30/2025,JUC,JALANDHAR CITY,254,2491
20807,12/30/2025,BEAS,BEAS,254,2527
20807,12/30/2025,ASR,AMRITSAR JN,226,2570
20807,1/2/2026,VSKP,VISAKHAPATNAM,8,0
20807,1/2/2026,VZM,VIZIANAGRAM JN,15,61
20807,1/2/2026,CHE,SRIKAKULAM ROAD,6,131
20807,1/2/2026,PSA,PALASA,1,203
20807,1/2/2026,BAM,BRAHMAPUR,19,277
20807,1/2/2026,CAP,CHATRAPUR,33,299
20807,1/2/2026,BALU,BALUGAN,32,353
20807,1/2/2026,KUR,KHURDA ROAD JN,31,424
20807,1/2/2026,BBS,BHUBANESWAR,14,443
20807,1/2/2026,NQR,NARAJ MARTHAPUR,15,468
20807,1/2/2026,DNKL,DHENKANAL,10,505
20807,1/2/2026,TLHR,TALCHER,67,558
20807,1/2/2026,ANGL,ANGUL,55,576
20807,1/2/2026,RAIR,RAIRAKHOL,40,661
20807,1/2/2026,RGDA,RAYAGADA,,
20807,1/2/2026,TIG,TITLAGARH,,
20807,1/2/2026,SBP,SAMBALPUR,43,732
20807,1/2/2026,JSGR,JHARSUGUDA ROAD,60,779
20807,1/2/2026,BRJN,BRAJRAJNAGAR,54,790
20807,1/2/2026,BPH,BELPAHAR,60,799
20807,1/2/2026,RIG,RAIGARH,83,850
20807,1/2/2026,KHS,KHARSIA,95,884
20807,1/2/2026,SKT,SAKTI,102,900
20807,1/2/2026,CPH,CHAMPA,100,930
20807,1/2/2026,AKT,AKALTARA,111,956
20807,1/2/2026,BSP,BILASPUR JN,85,983
20807,1/2/2026,PND,PENDRA ROAD,112,1086
20807,1/2/2026,APR,ANUPPUR JN,107,1136
20807,1/2/2026,BUH,BURHAR,115,1157
20807,1/2/2026,SDL,SHAHDOL,121,1177
20807,1/2/2026,UMR,UMARIA,121,1244
20807,1/2/2026,KMZ,KATNI MURWARA,126,1302
20807,1/2/2026,DMO,DAMOH,154,1411
20807,1/2/2026,SGO,SAUGOR,171,1489
20807,1/2/2026,KYE,KHURAI,165,1542
20807,1/2/2026,MAKR,BINA MALKHEDI JN,145,1560
20807,1/2/2026,LAR,LALITPUR,141,1622
20807,1/2/2026,VGLJ,V LAKSHMIBAI JHANSI,144,1712
20807,1/2/2026,DAA,DATIA,144,1737
20807,1/2/2026,GWL,GWALIOR,125,1809
20807,1/2/2026,AGC,AGRA CANTT,106,1928
20807,1/2/2026,MTJ,MATHURA JN,92,1982
20807,1/2/2026,NZM,H NIZAMUDDIN,89,2115
20807,1/2/2026,NDLS,NEW DELHI,124,2122
20807,1/2/2026,BDMJ,BHODWAL MAJRI,,
20807,1/2/2026,PNP,PANIPAT JN,181,2212
20807,1/2/2026,UMB,AMBALA CANT JN,158,2320
20807,1/2/2026,LDH,LUDHIANA JN,150,2434
20807,1/2/2026,JUC,JALANDHAR CITY,94,2491
20807,1/2/2026,BEAS,BEAS,89,2527
20807,1/2/2026,ASR,AMRITSAR JN,86,2570
20807,1/3/2026,VSKP,VISAKHAPATNAM,2,0
20807,1/3/2026,VZM,VIZIANAGRAM JN,19,61
20807,1/3/2026,CHE,SRIKAKULAM ROAD,15,131
20807,1/3/2026,PSA,PALASA,1,203
20807,1/3/2026,BAM,BRAHMAPUR,2,277
20807,1/3/2026,CAP,CHATRAPUR,8,299
20807,1/3/2026,BALU,BALUGAN,8,353
20807,1/3/2026,KUR,KHURDA ROAD JN,10,424
20807,1/3/2026,BBS,BHUBANESWAR,28,443
20807,1/3/2026,NQR,NARAJ MARTHAPUR,33,468
20807,1/3/2026,DNKL,DHENKANAL,47,505
20807,1/3/2026,TLHR,TALCHER,53,558
20807,1/3/2026,ANGL,ANGUL,70,576
20807,1/3/2026,RAIR,RAIRAKHOL,72,661
20807,1/3/2026,RGDA,RAYAGADA,,
20807,1/3/2026,TIG,TITLAGARH,,
20807,1/3/2026,SBP,SAMBALPUR,78,732
20807,1/3/2026,JSGR,JHARSUGUDA ROAD,89,779
20807,1/3/2026,BRJN,BRAJRAJNAGAR,74,790
20807,1/3/2026,BPH,BELPAHAR,78,799
20807,1/3/2026,RIG,RAIGARH,97,850
20807,1/3/2026,KHS,KHARSIA,117,884
20807,1/3/2026,SKT,SAKTI,120,900
20807,1/3/2026,CPH,CHAMPA,127,930
20807,1/3/2026,AKT,AKALTARA,132,956
20807,1/3/2026,BSP,BILASPUR JN,106,983
20807,1/3/2026,PND,PENDRA ROAD,143,1086
20807,1/3/2026,APR,ANUPPUR JN,133,1136
20807,1/3/2026,BUH,BURHAR,140,1157
20807,1/3/2026,SDL,SHAHDOL,130,1177
20807,1/3/2026,UMR,UMARIA,131,1244
20807,1/3/2026,KMZ,KATNI MURWARA,113,1302
20807,1/3/2026,DMO,DAMOH,132,1411
20807,1/3/2026,SGO,SAUGOR,138,1489
20807,1/3/2026,KYE,KHURAI,135,1542
20807,1/3/2026,MAKR,BINA MALKHEDI JN,115,1560
20807,1/3/2026,LAR,LALITPUR,98,1622
20807,1/3/2026,VGLJ,V LAKSHMIBAI JHANSI,117,1712
20807,1/3/2026,DAA,DATIA,116,1737
20807,1/3/2026,GWL,GWALIOR,102,1809
20807,1/3/2026,AGC,AGRA CANTT,77,1928
20807,1/3/2026,MTJ,MATHURA JN,60,1982
20807,1/3/2026,NZM,H NIZAMUDDIN,67,2115
20807,1/3/2026,NDLS,NEW DELHI,61,2122
20807,1/3/2026,BDMJ,BHODWAL MAJRI,,
20807,1/3/2026,PNP,PANIPAT JN,97,2212
20807,1/3/2026,UMB,AMBALA CANT JN,112,2320
20807,1/3/2026,LDH,LUDHIANA JN,120,2434
20807,1/3/2026,JUC,JALANDHAR CITY,70,2491
20807,1/3/2026,BEAS,BEAS,66,2527
20807,1/3/2026,ASR,AMRITSAR JN,66,2570
20807,1/6/2026,VSKP,VISAKHAPATNAM,0,0
20807,1/6/2026,VZM,VIZIANAGRAM JN,13,61
20807,1/6/2026,CHE,SRIKAKULAM ROAD,7,131
20807,1/6/2026,PSA,PALASA,0,203
20807,1/6/2026,BAM,BRAHMAPUR,0,277
20807,1/6/2026,CAP,CHATRAPUR,3,299
20807,1/6/2026,BALU,BALUGAN,2,353
20807,1/6/2026,KUR,KHURDA ROAD JN,3,424
20807,1/6/2026,BBS,BHUBANESWAR,0,443
20807,1/6/2026,NQR,NARAJ MARTHAPUR,0,468
20807,1/6/2026,DNKL,DHENKANAL,1,505
20807,1/6/2026,TLHR,TALCHER,35,558
20807,1/6/2026,ANGL,ANGUL,56,576
20807,1/6/2026,RAIR,RAIRAKHOL,58,661
20807,1/6/2026,RGDA,RAYAGADA,,
20807,1/6/2026,TIG,TITLAGARH,,
20807,1/6/2026,SBP,SAMBALPUR,,732
20807,1/6/2026,JSGR,JHARSUGUDA ROAD,32,779
20807,1/6/2026,BRJN,BRAJRAJNAGAR,20,790
20807,1/6/2026,BPH,BELPAHAR,65,799
20807,1/6/2026,RIG,RAIGARH,77,850
20807,1/6/2026,KHS,KHARSIA,85,884
20807,1/6/2026,SKT,SAKTI,97,900
20807,1/6/2026,CPH,CHAMPA,90,930
20807,1/6/2026,AKT,AKALTARA,91,956
20807,1/6/2026,BSP,BILASPUR JN,63,983
20807,1/6/2026,PND,PENDRA ROAD,104,1086
20807,1/6/2026,APR,ANUPPUR JN,98,1136
20807,1/6/2026,BUH,BURHAR,110,1157
20807,1/6/2026,SDL,SHAHDOL,113,1177
20807,1/6/2026,UMR,UMARIA,115,1244
20807,1/6/2026,KMZ,KATNI MURWARA,88,1302
20807,1/6/2026,DMO,DAMOH,109,1411
20807,1/6/2026,SGO,SAUGOR,127,1489
20807,1/6/2026,KYE,KHURAI,125,1542
20807,1/6/2026,MAKR,BINA MALKHEDI JN,108,1560
20807,1/6/2026,LAR,LALITPUR,109,1622
20807,1/6/2026,VGLJ,V LAKSHMIBAI JHANSI,120,1712
20807,1/6/2026,DAA,DATIA,131,1737
20807,1/6/2026,GWL,GWALIOR,139,1809
20807,1/6/2026,AGC,AGRA CANTT,156,1928
20807,1/6/2026,MTJ,MATHURA JN,154,1982
20807,1/6/2026,NZM,H NIZAMUDDIN,212,2115
20807,1/6/2026,NDLS,NEW DELHI,220,2122
20807,1/6/2026,BDMJ,BHODWAL MAJRI,,
20807,1/6/2026,PNP,PANIPAT JN,229,2212
20807,1/6/2026,UMB,AMBALA CANT JN,180,2320
20807,1/6/2026,LDH,LUDHIANA JN,239,2434
20807,1/6/2026,JUC,JALANDHAR CITY,202,2491
20807,1/6/2026,BEAS,BEAS,220,2527
20807,1/6/2026,ASR,AMRITSAR JN,213,2570
20807,1/9/2026,VSKP,VISAKHAPATNAM,0,0
20807,1/9/2026,VZM,VIZIANAGRAM JN,19,61
20807,1/9/2026,CHE,SRIKAKULAM ROAD,15,131
20807,1/9/2026,PSA,PALASA,1,203
20807,1/9/2026,BAM,BRAHMAPUR,14,277
20807,1/9/2026,CAP,CHATRAPUR,20,299
20807,1/9/2026,BALU,BALUGAN,24,353
20807,1/9/2026,KUR,KHURDA ROAD JN,36,424
20807,1/9/2026,BBS,BHUBANESWAR,22,443
20807,1/9/2026,NQR,NARAJ MARTHAPUR,8,468
20807,1/9/2026,DNKL,DHENKANAL,18,505
20807,1/9/2026,TLHR,TALCHER,38,558
20807,1/9/2026,ANGL,ANGUL,56,576
20807,1/9/2026,RAIR,RAIRAKHOL,69,661
20807,1/9/2026,RGDA,RAYAGADA,,
20807,1/9/2026,TIG,TITLAGARH,,
20807,1/9/2026,SBP,SAMBALPUR,61,732
20807,1/9/2026,JSGR,JHARSUGUDA ROAD,61,779
20807,1/9/2026,BRJN,BRAJRAJNAGAR,45,790
20807,1/9/2026,BPH,BELPAHAR,47,799
20807,1/9/2026,RIG,RAIGARH,46,850
20807,1/9/2026,KHS,KHARSIA,61,884
20807,1/9/2026,SKT,SAKTI,63,900
20807,1/9/2026,CPH,CHAMPA,71,930
20807,1/9/2026,AKT,AKALTARA,83,956
20807,1/9/2026,BSP,BILASPUR JN,76,983
20807,1/9/2026,PND,PENDRA ROAD,131,1086
20807,1/9/2026,APR,ANUPPUR JN,116,1136
20807,1/9/2026,BUH,BURHAR,124,1157
20807,1/9/2026,SDL,SHAHDOL,115,1177
20807,1/9/2026,UMR,UMARIA,113,1244
20807,1/9/2026,KMZ,KATNI MURWARA,84,1302
20807,1/9/2026,DMO,DAMOH,88,1411
20807,1/9/2026,SGO,SAUGOR,96,1489
20807,1/9/2026,KYE,KHURAI,105,1542
20807,1/9/2026,MAKR,BINA MALKHEDI JN,97,1560
20807,1/9/2026,LAR,LALITPUR,107,1622
20807,1/9/2026,VGLJ,V LAKSHMIBAI JHANSI,180,1712
20807,1/9/2026,DAA,DATIA,183,1737
20807,1/9/2026,GWL,GWALIOR,173,1809
20807,1/9/2026,AGC,AGRA CANTT,220,1928
20807,1/9/2026,MTJ,MATHURA JN,207,1982
20807,1/9/2026,NZM,H NIZAMUDDIN,223,2115
20807,1/9/2026,NDLS,NEW DELHI,288,2122
20807,1/9/2026,BDMJ,BHODWAL MAJRI,,
20807,1/9/2026,PNP,PANIPAT JN,314,2212
20807,1/9/2026,UMB,AMBALA CANT JN,302,2320
20807,1/9/2026,LDH,LUDHIANA JN,354,2434
20807,1/9/2026,JUC,JALANDHAR CITY,313,2491
20807,1/9/2026,BEAS,BEAS,319,2527
20807,1/9/2026,ASR,AMRITSAR JN,311,2570
20807,1/10/2026,VSKP,VISAKHAPATNAM,4,0
20807,1/10/2026,VZM,VIZIANAGRAM JN,11,61
20807,1/10/2026,CHE,SRIKAKULAM ROAD,12,131
20807,1/10/2026,PSA,PALASA,0,203
20807,1/10/2026,BAM,BRAHMAPUR,0,277
20807,1/10/2026,CAP,CHATRAPUR,3,299
20807,1/10/2026,BALU,BALUGAN,0,353
20807,1/10/2026,KUR,KHURDA ROAD JN,27,424
20807,1/10/2026,BBS,BHUBANESWAR,11,443
20807,1/10/2026,NQR,NARAJ MARTHAPUR,0,468
20807,1/10/2026,DNKL,DHENKANAL,38,505
20807,1/10/2026,TLHR,TALCHER,61,558
20807,1/10/2026,ANGL,ANGUL,57,576
20807,1/10/2026,RAIR,RAIRAKHOL,67,661
20807,1/10/2026,RGDA,RAYAGADA,,
20807,1/10/2026,TIG,TITLAGARH,,
20807,1/10/2026,SBP,SAMBALPUR,67,732
20807,1/10/2026,JSGR,JHARSUGUDA ROAD,119,779
20807,1/10/2026,BRJN,BRAJRAJNAGAR,105,790
20807,1/10/2026,BPH,BELPAHAR,107,799
20807,1/10/2026,RIG,RAIGARH,108,850
20807,1/10/2026,KHS,KHARSIA,137,884
20807,1/10/2026,SKT,SAKTI,139,900
20807,1/10/2026,CPH,CHAMPA,144,930
20807,1/10/2026,AKT,AKALTARA,161,956
20807,1/10/2026,BSP,BILASPUR JN,145,983
20807,1/10/2026,PND,PENDRA ROAD,165,1086
20807,1/10/2026,APR,ANUPPUR JN,149,1136
20807,1/10/2026,BUH,BURHAR,158,1157
20807,1/10/2026,SDL,SHAHDOL,178,1177
20807,1/10/2026,UMR,UMARIA,178,1244
20807,1/10/2026,KMZ,KATNI MURWARA,169,1302
20807,1/10/2026,DMO,DAMOH,177,1411
20807,1/10/2026,SGO,SAUGOR,187,1489
20807,1/10/2026,KYE,KHURAI,185,1542
20807,1/10/2026,MAKR,BINA MALKHEDI JN,166,1560
20807,1/10/2026,LAR,LALITPUR,150,1622
20807,1/10/2026,VGLJ,V LAKSHMIBAI JHANSI,169,1712
20807,1/10/2026,DAA,DATIA,169,1737
20807,1/10/2026,GWL,GWALIOR,158,1809
20807,1/10/2026,AGC,AGRA CANTT,207,1928
20807,1/10/2026,MTJ,MATHURA JN,186,1982
20807,1/10/2026,NZM,H NIZAMUDDIN,219,2115
20807,1/10/2026,NDLS,NEW DELHI,243,2122
20807,1/10/2026,BDMJ,BHODWAL MAJRI,,
20807,1/10/2026,PNP,PANIPAT JN,299,2212
20807,1/10/2026,UMB,AMBALA CANT JN,247,2320
20807,1/10/2026,LDH,LUDHIANA JN,243,2434
20807,1/10/2026,JUC,JALANDHAR CITY,209,2491
20807,1/10/2026,BEAS,BEAS,224,2527
20807,1/10/2026,ASR,AMRITSAR JN,216,2570
20807,1/13/2026,VSKP,VISAKHAPATNAM,0,0
20807,1/13/2026,VZM,VIZIANAGRAM JN,19,61
20807,1/13/2026,CHE,SRIKAKULAM ROAD,18,131
20807,1/13/2026,PSA,PALASA,2,203
20807,1/13/2026,BAM,BRAHMAPUR,5,277
20807,1/13/2026,CAP,CHATRAPUR,8,299
20807,1/13/2026,BALU,BALUGAN,11,353
20807,1/13/2026,KUR,KHURDA ROAD JN,23,424
20807,1/13/2026,BBS,BHUBANESWAR,20,443
20807,1/13/2026,NQR,NARAJ MARTHAPUR,7,468
20807,1/13/2026,DNKL,DHENKANAL,14,505
20807,1/13/2026,TLHR,TALCHER,119,558
20807,1/13/2026,ANGL,ANGUL,110,576
20807,1/13/2026,RAIR,RAIRAKHOL,47,661
20807,1/13/2026,RGDA,RAYAGADA,,
20807,1/13/2026,TIG,TITLAGARH,,
20807,1/13/2026,SBP,SAMBALPUR,23,732
20807,1/13/2026,JSGR,JHARSUGUDA ROAD,22,779
20807,1/13/2026,BRJN,BRAJRAJNAGAR,6,790
20807,1/13/2026,BPH,BELPAHAR,9,799
20807,1/13/2026,RIG,RAIGARH,28,850
20807,1/13/2026,KHS,KHARSIA,54,884
20807,1/13/2026,SKT,SAKTI,56,900
20807,1/13/2026,CPH,CHAMPA,57,930
20807,1/13/2026,AKT,AKALTARA,61,956
20807,1/13/2026,BSP,BILASPUR JN,33,983
20807,1/13/2026,PND,PENDRA ROAD,112,1086
20807,1/13/2026,APR,ANUPPUR JN,95,1136
20807,1/13/2026,BUH,BURHAR,102,1157
20807,1/13/2026,SDL,SHAHDOL,100,1177
20807,1/13/2026,UMR,UMARIA,107,1244
20807,1/13/2026,KMZ,KATNI MURWARA,99,1302
20807,1/13/2026,DMO,DAMOH,129,1411
20807,1/13/2026,SGO,SAUGOR,134,1489
20807,1/13/2026,KYE,KHURAI,134,1542
20807,1/13/2026,MAKR,BINA MALKHEDI JN,118,1560
20807,1/13/2026,LAR,LALITPUR,99,1622
20807,1/13/2026,VGLJ,V LAKSHMIBAI JHANSI,114,1712
20807,1/13/2026,DAA,DATIA,111,1737
20807,1/13/2026,GWL,GWALIOR,90,1809
20807,1/13/2026,AGC,AGRA CANTT,53,1928
20807,1/13/2026,MTJ,MATHURA JN,38,1982
20807,1/13/2026,NZM,H NIZAMUDDIN,51,2115
20807,1/13/2026,NDLS,NEW DELHI,57,2122
20807,1/13/2026,BDMJ,BHODWAL MAJRI,,
20807,1/13/2026,PNP,PANIPAT JN,75,2212
20807,1/13/2026,UMB,AMBALA CANT JN,61,2320
20807,1/13/2026,LDH,LUDHIANA JN,80,2434
20807,1/13/2026,JUC,JALANDHAR CITY,55,2491
20807,1/13/2026,BEAS,BEAS,69,2527
20807,1/13/2026,ASR,AMRITSAR JN,68,2570
20807,1/16/2026,VSKP,VISAKHAPATNAM,2,0
20807,1/16/2026,VZM,VIZIANAGRAM JN,16,61
20807,1/16/2026,CHE,SRIKAKULAM ROAD,10,131
20807,1/16/2026,PSA,PALASA,0,203
20807,1/16/2026,BAM,BRAHMAPUR,6,277
20807,1/16/2026,CAP,CHATRAPUR,10,299
20807,1/16/2026,BALU,BALUGAN,9,353
20807,1/16/2026,KUR,KHURDA ROAD JN,13,424
20807,1/16/2026,BBS,BHUBANESWAR,1,443
20807,1/16/2026,NQR,NARAJ MARTHAPUR,0,468
20807,1/16/2026,DNKL,DHENKANAL,8,505
20807,1/16/2026,TLHR,TALCHER,10,558
20807,1/16/2026,ANGL,ANGUL,27,576
20807,1/16/2026,RAIR,RAIRAKHOL,29,661
20807,1/16/2026,RGDA,RAYAGADA,,
20807,1/16/2026,TIG,TITLAGARH,,
20807,1/16/2026,SBP,SAMBALPUR,15,732
20807,1/16/2026,JSGR,JHARSUGUDA ROAD,26,779
20807,1/16/2026,BRJN,BRAJRAJNAGAR,11,790
20807,1/16/2026,BPH,BELPAHAR,12,799
20807,1/16/2026,RIG,RAIGARH,37,850
20807,1/16/2026,KHS,KHARSIA,55,884
20807,1/16/2026,SKT,SAKTI,63,900
20807,1/16/2026,CPH,CHAMPA,68,930
20807,1/16/2026,AKT,AKALTARA,68,956
20807,1/16/2026,BSP,BILASPUR JN,50,983
20807,1/16/2026,PND,PENDRA ROAD,99,1086
20807,1/16/2026,APR,ANUPPUR JN,94,1136
20807,1/16/2026,BUH,BURHAR,105,1157
20807,1/16/2026,SDL,SHAHDOL,113,1177
20807,1/16/2026,UMR,UMARIA,127,1244
20807,1/16/2026,KMZ,KATNI MURWARA,104,1302
20807,1/16/2026,DMO,DAMOH,122,1411
20807,1/16/2026,SGO,SAUGOR,150,1489
20807,1/16/2026,KYE,KHURAI,148,1542
20807,1/16/2026,MAKR,BINA MALKHEDI JN,127,1560
20807,1/16/2026,LAR,LALITPUR,119,1622
20807,1/16/2026,VGLJ,V LAKSHMIBAI JHANSI,128,1712
20807,1/16/2026,DAA,DATIA,127,1737
20807,1/16/2026,GWL,GWALIOR,114,1809
20807,1/16/2026,AGC,AGRA CANTT,107,1928
20807,1/16/2026,MTJ,MATHURA JN,101,1982
20807,1/16/2026,NZM,H NIZAMUDDIN,96,2115
20807,1/16/2026,NDLS,NEW DELHI,127,2122
20807,1/16/2026,BDMJ,BHODWAL MAJRI,,
20807,1/16/2026,PNP,PANIPAT JN,164,2212
20807,1/16/2026,UMB,AMBALA CANT JN,171,2320
20807,1/16/2026,LDH,LUDHIANA JN,194,2434
20807,1/16/2026,JUC,JALANDHAR CITY,200,2491
20807,1/16/2026,BEAS,BEAS,215,2527
20807,1/16/2026,ASR,AMRITSAR JN,239,2570
20807,1/17/2026,VSKP,VISAKHAPATNAM,3,0
20807,1/17/2026,VZM,VIZIANAGRAM JN,19,61
20807,1/17/2026,CHE,SRIKAKULAM ROAD,11,131
20807,1/17/2026,PSA,PALASA,0,203
20807,1/17/2026,BAM,BRAHMAPUR,20,277
20807,1/17/2026,CAP,CHATRAPUR,25,299
20807,1/17/2026,BALU,BALUGAN,52,353
20807,1/17/2026,KUR,KHURDA ROAD JN,56,424
20807,1/17/2026,BBS,BHUBANESWAR,42,443
20807,1/17/2026,NQR,NARAJ MARTHAPUR,26,468
20807,1/17/2026,DNKL,DHENKANAL,28,505
20807,1/17/2026,TLHR,TALCHER,29,558
20807,1/17/2026,ANGL,ANGUL,41,576
20807,1/17/2026,RAIR,RAIRAKHOL,51,661
20807,1/17/2026,RGDA,RAYAGADA,,
20807,1/17/2026,TIG,TITLAGARH,,
20807,1/17/2026,SBP,SAMBALPUR,45,732
20807,1/17/2026,JSGR,JHARSUGUDA ROAD,43,779
20807,1/17/2026,BRJN,BRAJRAJNAGAR,29,790
20807,1/17/2026,BPH,BELPAHAR,31,799
20807,1/17/2026,RIG,RAIGARH,31,850
20807,1/17/2026,KHS,KHARSIA,112,884
20807,1/17/2026,SKT,SAKTI,121,900
20807,1/17/2026,CPH,CHAMPA,125,930
20807,1/17/2026,AKT,AKALTARA,153,956
20807,1/17/2026,BSP,BILASPUR JN,126,983
20807,1/17/2026,PND,PENDRA ROAD,158,1086
20807,1/17/2026,APR,ANUPPUR JN,146,1136
20807,1/17/2026,BUH,BURHAR,149,1157
20807,1/17/2026,SDL,SHAHDOL,144,1177
20807,1/17/2026,UMR,UMARIA,142,1244
20807,1/17/2026,KMZ,KATNI MURWARA,131,1302
20807,1/17/2026,DMO,DAMOH,143,1411
20807,1/17/2026,SGO,SAUGOR,148,1489
20807,1/17/2026,KYE,KHURAI,142,1542
20807,1/17/2026,MAKR,BINA MALKHEDI JN,124,1560
20807,1/17/2026,LAR,LALITPUR,111,1622
20807,1/17/2026,VGLJ,V LAKSHMIBAI JHANSI,110,1712
20807,1/17/2026,DAA,DATIA,112,1737
20807,1/17/2026,GWL,GWALIOR,102,1809
20807,1/17/2026,AGC,AGRA CANTT,92,1928
20807,1/17/2026,MTJ,MATHURA JN,74,1982
20807,1/17/2026,NZM,H NIZAMUDDIN,75,2115
20807,1/17/2026,NDLS,NEW DELHI,116,2122
20807,1/17/2026,BDMJ,BHODWAL MAJRI,,
20807,1/17/2026,PNP,PANIPAT JN,139,2212
20807,1/17/2026,UMB,AMBALA CANT JN,101,2320
20807,1/17/2026,LDH,LUDHIANA JN,119,2434
20807,1/17/2026,JUC,JALANDHAR CITY,76,2491
20807,1/17/2026,BEAS,BEAS,93,2527
20807,1/17/2026,ASR,AMRITSAR JN,78,2570
20807,1/20/2026,VSKP,VISAKHAPATNAM,7,0
20807,1/20/2026,VZM,VIZIANAGRAM JN,19,61
20807,1/20/2026,CHE,SRIKAKULAM ROAD,16,131
20807,1/20/2026,PSA,PALASA,6,203
20807,1/20/2026,BAM,BRAHMAPUR,23,277
20807,1/20/2026,CAP,CHATRAPUR,28,299
20807,1/20/2026,BALU,BALUGAN,29,353
20807,1/20/2026,KUR,KHURDA ROAD JN,46,424
20807,1/20/2026,BBS,BHUBANESWAR,37,443
20807,1/20/2026,NQR,NARAJ MARTHAPUR,23,468
20807,1/20/2026,DNKL,DHENKANAL,27,505
20807,1/20/2026,TLHR,TALCHER,25,558
20807,1/20/2026,ANGL,ANGUL,46,576
20807,1/20/2026,RAIR,RAIRAKHOL,44,661
20807,1/20/2026,RGDA,RAYAGADA,,
20807,1/20/2026,TIG,TITLAGARH,,
20807,1/20/2026,SBP,SAMBALPUR,18,732
20807,1/20/2026,JSGR,JHARSUGUDA ROAD,40,779
20807,1/20/2026,BRJN,BRAJRAJNAGAR,24,790
20807,1/20/2026,BPH,BELPAHAR,22,799
20807,1/20/2026,RIG,RAIGARH,22,850
20807,1/20/2026,KHS,KHARSIA,45,884
20807,1/20/2026,SKT,SAKTI,43,900
20807,1/20/2026,CPH,CHAMPA,57,930
20807,1/20/2026,AKT,AKALTARA,75,956
20807,1/20/2026,BSP,BILASPUR JN,69,983
20807,1/20/2026,PND,PENDRA ROAD,104,1086
20807,1/20/2026,APR,ANUPPUR JN,112,1136
20807,1/20/2026,BUH,BURHAR,125,1157
20807,1/20/2026,SDL,SHAHDOL,126,1177
20807,1/20/2026,UMR,UMARIA,124,1244
20807,1/20/2026,KMZ,KATNI MURWARA,105,1302
20807,1/20/2026,DMO,DAMOH,136,1411
20807,1/20/2026,SGO,SAUGOR,138,1489
20807,1/20/2026,KYE,KHURAI,137,1542
20807,1/20/2026,MAKR,BINA MALKHEDI JN,116,1560
20807,1/20/2026,LAR,LALITPUR,126,1622
20807,1/20/2026,VGLJ,V LAKSHMIBAI JHANSI,124,1712
20807,1/20/2026,DAA,DATIA,123,1737
20807,1/20/2026,GWL,GWALIOR,102,1809
20807,1/20/2026,AGC,AGRA CANTT,73,1928
20807,1/20/2026,MTJ,MATHURA JN,67,1982
20807,1/20/2026,NZM,H NIZAMUDDIN,52,2115
20807,1/20/2026,NDLS,NEW DELHI,46,2122
20807,1/20/2026,BDMJ,BHODWAL MAJRI,,
20807,1/20/2026,PNP,PANIPAT JN,52,2212
20807,1/20/2026,UMB,AMBALA CANT JN,46,2320
20807,1/20/2026,LDH,LUDHIANA JN,41,2434
20807,1/20/2026,JUC,JALANDHAR CITY,15,2491
20807,1/20/2026,BEAS,BEAS,18,2527
20807,1/20/2026,ASR,AMRITSAR JN,-3,2570
20807,1/23/2026,VSKP,VISAKHAPATNAM,1,0
20807,1/23/2026,VZM,VIZIANAGRAM JN,17,61
20807,1/23/2026,CHE,SRIKAKULAM ROAD,13,131
20807,1/23/2026,PSA,PALASA,1,203
20807,1/23/2026,BAM,BRAHMAPUR,0,277
20807,1/23/2026,CAP,CHATRAPUR,5,299
20807,1/23/2026,BALU,BALUGAN,4,353
20807,1/23/2026,KUR,KHURDA ROAD JN,20,424
20807,1/23/2026,BBS,BHUBANESWAR,14,443
20807,1/23/2026,NQR,NARAJ MARTHAPUR,0,468
20807,1/23/2026,DNKL,DHENKANAL,1,505
20807,1/23/2026,TLHR,TALCHER,2,558
20807,1/23/2026,ANGL,ANGUL,6,576
20807,1/23/2026,RAIR,RAIRAKHOL,10,661
20807,1/23/2026,RGDA,RAYAGADA,,
20807,1/23/2026,TIG,TITLAGARH,,
20807,1/23/2026,SBP,SAMBALPUR,14,732
20807,1/23/2026,JSGR,JHARSUGUDA ROAD,5,779
20807,1/23/2026,BRJN,BRAJRAJNAGAR,5,790
20807,1/23/2026,BPH,BELPAHAR,7,799
20807,1/23/2026,RIG,RAIGARH,22,850
20807,1/23/2026,KHS,KHARSIA,33,884
20807,1/23/2026,SKT,SAKTI,34,900
20807,1/23/2026,CPH,CHAMPA,33,930
20807,1/23/2026,AKT,AKALTARA,65,956
20807,1/23/2026,BSP,BILASPUR JN,34,983
20807,1/23/2026,PND,PENDRA ROAD,88,1086
20807,1/23/2026,APR,ANUPPUR JN,71,1136
20807,1/23/2026,BUH,BURHAR,77,1157
20807,1/23/2026,SDL,SHAHDOL,78,1177
20807,1/23/2026,UMR,UMARIA,76,1244
20807,1/23/2026,KMZ,KATNI MURWARA,85,1302
20807,1/23/2026,DMO,DAMOH,89,1411
20807,1/23/2026,SGO,SAUGOR,96,1489
20807,1/23/2026,KYE,KHURAI,90,1542
20807,1/23/2026,MAKR,BINA MALKHEDI JN,69,1560
20807,1/23/2026,LAR,LALITPUR,72,1622
20807,1/23/2026,VGLJ,V LAKSHMIBAI JHANSI,75,1712
20807,1/23/2026,DAA,DATIA,73,1737
20807,1/23/2026,GWL,GWALIOR,68,1809
20807,1/23/2026,AGC,AGRA CANTT,46,1928
20807,1/23/2026,MTJ,MATHURA JN,31,1982
20807,1/23/2026,NZM,H NIZAMUDDIN,18,2115
20807,1/23/2026,NDLS,NEW DELHI,68,2122
20807,1/23/2026,BDMJ,BHODWAL MAJRI,,
20807,1/23/2026,PNP,PANIPAT JN,98,2212
20807,1/23/2026,UMB,AMBALA CANT JN,82,2320
20807,1/23/2026,LDH,LUDHIANA JN,109,2434
20807,1/23/2026,JUC,JALANDHAR CITY,57,2491
20807,1/23/2026,BEAS,BEAS,60,2527
20807,1/23/2026,ASR,AMRITSAR JN,72,2570
20807,1/24/2026,VSKP,VISAKHAPATNAM,1,0
20807,1/24/2026,VZM,VIZIANAGRAM JN,8,61
20807,1/24/2026,CHE,SRIKAKULAM ROAD,0,131
20807,1/24/2026,PSA,PALASA,0,203
20807,1/24/2026,BAM,BRAHMAPUR,8,277
20807,1/24/2026,CAP,CHATRAPUR,15,299
20807,1/24/2026,BALU,BALUGAN,14,353
20807,1/24/2026,KUR,KHURDA ROAD JN,39,424
20807,1/24/2026,BBS,BHUBANESWAR,33,443
20807,1/24/2026,NQR,NARAJ MARTHAPUR,39,468
20807,1/24/2026,DNKL,DHENKANAL,44,505
20807,1/24/2026,TLHR,TALCHER,50,558
20807,1/24/2026,ANGL,ANGUL,49,576
20807,1/24/2026,RAIR,RAIRAKHOL,132,661
20807,1/24/2026,RGDA,RAYAGADA,,
20807,1/24/2026,TIG,TITLAGARH,,
20807,1/24/2026,SBP,SAMBALPUR,117,732
20807,1/24/2026,JSGR,JHARSUGUDA ROAD,113,779
20807,1/24/2026,BRJN,BRAJRAJNAGAR,100,790
20807,1/24/2026,BPH,BELPAHAR,102,799
20807,1/24/2026,RIG,RAIGARH,106,850
20807,1/24/2026,KHS,KHARSIA,123,884
20807,1/24/2026,SKT,SAKTI,125,900
20807,1/24/2026,CPH,CHAMPA,121,930
20807,1/24/2026,AKT,AKALTARA,131,956
20807,1/24/2026,BSP,BILASPUR JN,110,983
20807,1/24/2026,PND,PENDRA ROAD,157,1086
20807,1/24/2026,APR,ANUPPUR JN,143,1136
20807,1/24/2026,BUH,BURHAR,154,1157
20807,1/24/2026,SDL,SHAHDOL,154,1177
20807,1/24/2026,UMR,UMARIA,165,1244
20807,1/24/2026,KMZ,KATNI MURWARA,135,1302
20807,1/24/2026,DMO,DAMOH,150,1411
20807,1/24/2026,SGO,SAUGOR,155,1489
20807,1/24/2026,KYE,KHURAI,147,1542
20807,1/24/2026,MAKR,BINA MALKHEDI JN,131,1560
20807,1/24/2026,LAR,LALITPUR,120,1622
20807,1/24/2026,VGLJ,V LAKSHMIBAI JHANSI,117,1712
20807,1/24/2026,DAA,DATIA,112,1737
20807,1/24/2026,GWL,GWALIOR,101,1809
20807,1/24/2026,AGC,AGRA CANTT,79,1928
20807,1/24/2026,MTJ,MATHURA JN,63,1982
20807,1/24/2026,NZM,H NIZAMUDDIN,38,2115
20807,1/24/2026,NDLS,NEW DELHI,30,2122
20807,1/24/2026,BDMJ,BHODWAL MAJRI,,
20807,1/24/2026,PNP,PANIPAT JN,39,2212
20807,1/24/2026,UMB,AMBALA CANT JN,58,2320
20807,1/24/2026,LDH,LUDHIANA JN,54,2434
20807,1/24/2026,JUC,JALANDHAR CITY,2,2491
20807,1/24/2026,BEAS,BEAS,23,2527
20807,1/24/2026,ASR,AMRITSAR JN,-4,2570
20807,1/27/2026,VSKP,VISAKHAPATNAM,12,0
20807,1/27/2026,VZM,VIZIANAGRAM JN,59,61
20807,1/27/2026,CHE,SRIKAKULAM ROAD,50,131
20807,1/27/2026,PSA,PALASA,42,203
20807,1/27/2026,BAM,BRAHMAPUR,44,277
20807,1/27/2026,CAP,CHATRAPUR,50,299
20807,1/27/2026,BALU,BALUGAN,49,353
20807,1/27/2026,KUR,KHURDA ROAD JN,61,424
20807,1/27/2026,BBS,BHUBANESWAR,56,443
20807,1/27/2026,NQR,NARAJ MARTHAPUR,40,468
20807,1/27/2026,DNKL,DHENKANAL,40,505
20807,1/27/2026,TLHR,TALCHER,66,558
20807,1/27/2026,ANGL,ANGUL,65,576
20807,1/27/2026,RAIR,RAIRAKHOL,75,661
20807,1/27/2026,RGDA,RAYAGADA,,
20807,1/27/2026,TIG,TITLAGARH,,
20807,1/27/2026,SBP,SAMBALPUR,76,732
20807,1/27/2026,JSGR,JHARSUGUDA ROAD,61,779
20807,1/27/2026,BRJN,BRAJRAJNAGAR,58,790
20807,1/27/2026,BPH,BELPAHAR,60,799
20807,1/27/2026,RIG,RAIGARH,61,850
20807,1/27/2026,KHS,KHARSIA,73,884
20807,1/27/2026,SKT,SAKTI,83,900
20807,1/27/2026,CPH,CHAMPA,89,930
20807,1/27/2026,AKT,AKALTARA,88,956
20807,1/27/2026,BSP,BILASPUR JN,88,983
20807,1/27/2026,PND,PENDRA ROAD,129,1086
20807,1/27/2026,APR,ANUPPUR JN,114,1136
20807,1/27/2026,BUH,BURHAR,119,1157
20807,1/27/2026,SDL,SHAHDOL,109,1177
20807,1/27/2026,UMR,UMARIA,127,1244
20807,1/27/2026,KMZ,KATNI MURWARA,108,1302
20807,1/27/2026,DMO,DAMOH,142,1411
20807,1/27/2026,SGO,SAUGOR,171,1489
20807,1/27/2026,KYE,KHURAI,182,1542
20807,1/27/2026,MAKR,BINA MALKHEDI JN,174,1560
20807,1/27/2026,LAR,LALITPUR,211,1622
20807,1/27/2026,VGLJ,V LAKSHMIBAI JHANSI,223,1712
20807,1/27/2026,DAA,DATIA,240,1737
20807,1/27/2026,GWL,GWALIOR,249,1809
20807,1/27/2026,AGC,AGRA CANTT,247,1928
20807,1/27/2026,MTJ,MATHURA JN,242,1982
20807,1/27/2026,NZM,H NIZAMUDDIN,239,2115
20807,1/27/2026,NDLS,NEW DELHI,268,2122
20807,1/27/2026,BDMJ,BHODWAL MAJRI,,
20807,1/27/2026,PNP,PANIPAT JN,286,2212
20807,1/27/2026,UMB,AMBALA CANT JN,259,2320
20807,1/27/2026,LDH,LUDHIANA JN,270,2434
20807,1/27/2026,JUC,JALANDHAR CITY,213,2491
20807,1/27/2026,BEAS,BEAS,213,2527
20807,1/27/2026,ASR,AMRITSAR JN,194,2570
20807,1/30/2026,VSKP,VISAKHAPATNAM,0,0
20807,1/30/2026,VZM,VIZIANAGRAM JN,8,61
20807,1/30/2026,CHE,SRIKAKULAM ROAD,2,131
20807,1/30/2026,PSA,PALASA,0,203
20807,1/30/2026,BAM,BRAHMAPUR,0,277
20807,1/30/2026,CAP,CHATRAPUR,8,299
20807,1/30/2026,BALU,BALUGAN,9,353
20807,1/30/2026,KUR,KHURDA ROAD JN,23,424
20807,1/30/2026,BBS,BHUBANESWAR,18,443
20807,1/30/2026,NQR,NARAJ MARTHAPUR,5,468
20807,1/30/2026,DNKL,DHENKANAL,9,505
20807,1/30/2026,TLHR,TALCHER,14,558
20807,1/30/2026,ANGL,ANGUL,9,576
20807,1/30/2026,RAIR,RAIRAKHOL,29,661
20807,1/30/2026,RGDA,RAYAGADA,,
20807,1/30/2026,TIG,TITLAGARH,,
20807,1/30/2026,SBP,SAMBALPUR,0,732
20807,1/30/2026,JSGR,JHARSUGUDA ROAD,31,779
20807,1/30/2026,BRJN,BRAJRAJNAGAR,4,790
20807,1/30/2026,BPH,BELPAHAR,14,799
20807,1/30/2026,RIG,RAIGARH,12,850
20807,1/30/2026,KHS,KHARSIA,31,884
20807,1/30/2026,SKT,SAKTI,35,900
20807,1/30/2026,CPH,CHAMPA,38,930
20807,1/30/2026,AKT,AKALTARA,45,956
20807,1/30/2026,BSP,BILASPUR JN,57,983
20807,1/30/2026,PND,PENDRA ROAD,90,1086
20807,1/30/2026,APR,ANUPPUR JN,85,1136
20807,1/30/2026,BUH,BURHAR,96,1157
20807,1/30/2026,SDL,SHAHDOL,103,1177
20807,1/30/2026,UMR,UMARIA,106,1244
20807,1/30/2026,KMZ,KATNI MURWARA,86,1302
20807,1/30/2026,DMO,DAMOH,108,1411
20807,1/30/2026,SGO,SAUGOR,126,1489
20807,1/30/2026,KYE,KHURAI,117,1542
20807,1/30/2026,MAKR,BINA MALKHEDI JN,102,1560
20807,1/30/2026,LAR,LALITPUR,90,1622
20807,1/30/2026,VGLJ,V LAKSHMIBAI JHANSI,92,1712
20807,1/30/2026,DAA,DATIA,104,1737
20807,1/30/2026,GWL,GWALIOR,107,1809
20807,1/30/2026,AGC,AGRA CANTT,89,1928
20807,1/30/2026,MTJ,MATHURA JN,79,1982
20807,1/30/2026,NZM,H NIZAMUDDIN,83,2115
20807,1/30/2026,NDLS,NEW DELHI,88,2122
20807,1/30/2026,BDMJ,BHODWAL MAJRI,,
20807,1/30/2026,PNP,PANIPAT JN,126,2212
20807,1/30/2026,UMB,AMBALA CANT JN,111,2320
20807,1/30/2026,LDH,LUDHIANA JN,144,2434
20807,1/30/2026,JUC,JALANDHAR CITY,93,2491
20807,1/30/2026,BEAS,BEAS,95,2527
20807,1/30/2026,ASR,AMRITSAR JN,104,2570
20807,1/31/2026,VSKP,VISAKHAPATNAM,1,0
20807,1/31/2026,VZM,VIZIANAGRAM JN,23,61
20807,1/31/2026,CHE,SRIKAKULAM ROAD,13,131
20807,1/31/2026,PSA,PALASA,0,203
20807,1/31/2026,BAM,BRAHMAPUR,4,277
20807,1/31/2026,CAP,CHATRAPUR,10,299
20807,1/31/2026,BALU,BALUGAN,14,353
20807,1/31/2026,KUR,KHURDA ROAD JN,38,424
20807,1/31/2026,BBS,BHUBANESWAR,37,443
20807,1/31/2026,NQR,NARAJ MARTHAPUR,27,468
20807,1/31/2026,DNKL,DHENKANAL,31,505
20807,1/31/2026,TLHR,TALCHER,39,558
20807,1/31/2026,ANGL,ANGUL,57,576
20807,1/31/2026,RAIR,RAIRAKHOL,94,661
20807,1/31/2026,RGDA,RAYAGADA,,
20807,1/31/2026,TIG,TITLAGARH,,
20807,1/31/2026,SBP,SAMBALPUR,79,732
20807,1/31/2026,JSGR,JHARSUGUDA ROAD,86,779
20807,1/31/2026,BRJN,BRAJRAJNAGAR,76,790
20807,1/31/2026,BPH,BELPAHAR,78,799
20807,1/31/2026,RIG,RAIGARH,101,850
20807,1/31/2026,KHS,KHARSIA,128,884
20807,1/31/2026,SKT,SAKTI,132,900
20807,1/31/2026,CPH,CHAMPA,131,930
20807,1/31/2026,AKT,AKALTARA,141,956
20807,1/31/2026,BSP,BILASPUR JN,114,983
20807,1/31/2026,PND,PENDRA ROAD,140,1086
20807,1/31/2026,APR,ANUPPUR JN,134,1136
20807,1/31/2026,BUH,BURHAR,146,1157
20807,1/31/2026,SDL,SHAHDOL,136,1177
20807,1/31/2026,UMR,UMARIA,130,1244
20807,1/31/2026,KMZ,KATNI MURWARA,88,1302
20807,1/31/2026,DMO,DAMOH,105,1411
20807,1/31/2026,SGO,SAUGOR,112,1489
20807,1/31/2026,KYE,KHURAI,127,1542
20807,1/31/2026,MAKR,BINA MALKHEDI JN,111,1560
20807,1/31/2026,LAR,LALITPUR,91,1622
20807,1/31/2026,VGLJ,V LAKSHMIBAI JHANSI,138,1712
20807,1/31/2026,DAA,DATIA,143,1737
20807,1/31/2026,GWL,GWALIOR,122,1809
20807,1/31/2026,AGC,AGRA CANTT,157,1928
20807,1/31/2026,MTJ,MATHURA JN,167,1982
20807,1/31/2026,NZM,H NIZAMUDDIN,205,2115
20807,1/31/2026,NDLS,NEW DELHI,227,2122
20807,1/31/2026,BDMJ,BHODWAL MAJRI,,
20807,1/31/2026,PNP,PANIPAT JN,246,2212
20807,1/31/2026,UMB,AMBALA CANT JN,194,2320
20807,1/31/2026,LDH,LUDHIANA JN,202,2434
20807,1/31/2026,JUC,JALANDHAR CITY,185,2491
20807,1/31/2026,BEAS,BEAS,187,2527
20807,1/31/2026,ASR,AMRITSAR JN,173,2570
20807,2/3/2026,VSKP,VISAKHAPATNAM,0,0
20807,2/3/2026,VZM,VIZIANAGRAM JN,16,61
20807,2/3/2026,CHE,SRIKAKULAM ROAD,17,131
20807,2/3/2026,PSA,PALASA,3,203
20807,2/3/2026,BAM,BRAHMAPUR,23,277
20807,2/3/2026,CAP,CHATRAPUR,30,299
20807,2/3/2026,BALU,BALUGAN,32,353
20807,2/3/2026,KUR,KHURDA ROAD JN,53,424
20807,2/3/2026,BBS,BHUBANESWAR,42,443
20807,2/3/2026,NQR,NARAJ MARTHAPUR,27,468
20807,2/3/2026,DNKL,DHENKANAL,37,505
20807,2/3/2026,TLHR,TALCHER,41,558
20807,2/3/2026,ANGL,ANGUL,45,576
20807,2/3/2026,RAIR,RAIRAKHOL,53,661
20807,2/3/2026,RGDA,RAYAGADA,,
20807,2/3/2026,TIG,TITLAGARH,,
20807,2/3/2026,SBP,SAMBALPUR,22,732
20807,2/3/2026,JSGR,JHARSUGUDA ROAD,34,779
20807,2/3/2026,BRJN,BRAJRAJNAGAR,21,790
20807,2/3/2026,BPH,BELPAHAR,21,799
20807,2/3/2026,RIG,RAIGARH,17,850
20807,2/3/2026,KHS,KHARSIA,40,884
20807,2/3/2026,SKT,SAKTI,43,900
20807,2/3/2026,CPH,CHAMPA,51,930
20807,2/3/2026,AKT,AKALTARA,78,956
20807,2/3/2026,BSP,BILASPUR JN,52,983
20807,2/3/2026,PND,PENDRA ROAD,98,1086
20807,2/3/2026,APR,ANUPPUR JN,107,1136
20807,2/3/2026,BUH,BURHAR,113,1157
20807,2/3/2026,SDL,SHAHDOL,119,1177
20807,2/3/2026,UMR,UMARIA,119,1244
20807,2/3/2026,KMZ,KATNI MURWARA,99,1302
20807,2/3/2026,DMO,DAMOH,126,1411
20807,2/3/2026,SGO,SAUGOR,147,1489
20807,2/3/2026,KYE,KHURAI,142,1542
20807,2/3/2026,MAKR,BINA MALKHEDI JN,125,1560
20807,2/3/2026,LAR,LALITPUR,117,1622
20807,2/3/2026,VGLJ,V LAKSHMIBAI JHANSI,138,1712
20807,2/3/2026,DAA,DATIA,142,1737
20807,2/3/2026,GWL,GWALIOR,143,1809
20807,2/3/2026,AGC,AGRA CANTT,166,1928
20807,2/3/2026,MTJ,MATHURA JN,208,1982
20807,2/3/2026,NZM,H NIZAMUDDIN,215,2115
20807,2/3/2026,NDLS,NEW DELHI,288,2122
20807,2/3/2026,BDMJ,BHODWAL MAJRI,,
20807,2/3/2026,PNP,PANIPAT JN,308,2212
20807,2/3/2026,UMB,AMBALA CANT JN,270,2320
20807,2/3/2026,LDH,LUDHIANA JN,262,2434
20807,2/3/2026,JUC,JALANDHAR CITY,206,2491
20807,2/3/2026,BEAS,BEAS,206,2527
20807,2/3/2026,ASR,AMRITSAR JN,185,2570
20807,2/6/2026,VSKP,VISAKHAPATNAM,0,0
20807,2/6/2026,VZM,VIZIANAGRAM JN,9,61
20807,2/6/2026,CHE,SRIKAKULAM ROAD,10,131
20807,2/6/2026,PSA,PALASA,1,203
20807,2/6/2026,BAM,BRAHMAPUR,19,277
20807,2/6/2026,CAP,CHATRAPUR,25,299
20807,2/6/2026,BALU,BALUGAN,22,353
20807,2/6/2026,KUR,KHURDA ROAD JN,46,424
20807,2/6/2026,BBS,BHUBANESWAR,39,443
20807,2/6/2026,NQR,NARAJ MARTHAPUR,24,468
20807,2/6/2026,DNKL,DHENKANAL,35,505
20807,2/6/2026,TLHR,TALCHER,36,558
20807,2/6/2026,ANGL,ANGUL,31,576
20807,2/6/2026,RAIR,RAIRAKHOL,33,661
20807,2/6/2026,RGDA,RAYAGADA,,
20807,2/6/2026,TIG,TITLAGARH,,
20807,2/6/2026,SBP,SAMBALPUR,26,732
20807,2/6/2026,JSGR,JHARSUGUDA ROAD,26,779
20807,2/6/2026,BRJN,BRAJRAJNAGAR,10,790
20807,2/6/2026,BPH,BELPAHAR,12,799
20807,2/6/2026,RIG,RAIGARH,30,850
20807,2/6/2026,KHS,KHARSIA,56,884
20807,2/6/2026,SKT,SAKTI,61,900
20807,2/6/2026,CPH,CHAMPA,65,930
20807,2/6/2026,AKT,AKALTARA,87,956
20807,2/6/2026,BSP,BILASPUR JN,96,983
20807,2/6/2026,PND,PENDRA ROAD,133,1086
20807,2/6/2026,APR,ANUPPUR JN,123,1136
20807,2/6/2026,BUH,BURHAR,132,1157
20807,2/6/2026,SDL,SHAHDOL,132,1177
20807,2/6/2026,UMR,UMARIA,143,1244
20807,2/6/2026,KMZ,KATNI MURWARA,142,1302
20807,2/6/2026,DMO,DAMOH,147,1411
20807,2/6/2026,SGO,SAUGOR,163,1489
20807,2/6/2026,KYE,KHURAI,170,1542
20807,2/6/2026,MAKR,BINA MALKHEDI JN,152,1560
20807,2/6/2026,LAR,LALITPUR,142,1622
20807,2/6/2026,VGLJ,V LAKSHMIBAI JHANSI,144,1712
20807,2/6/2026,DAA,DATIA,142,1737
20807,2/6/2026,GWL,GWALIOR,142,1809
20807,2/6/2026,AGC,AGRA CANTT,175,1928
20807,2/6/2026,MTJ,MATHURA JN,181,1982
20807,2/6/2026,NZM,H NIZAMUDDIN,215,2115
20807,2/6/2026,NDLS,NEW DELHI,226,2122
20807,2/6/2026,BDMJ,BHODWAL MAJRI,,
20807,2/6/2026,PNP,PANIPAT JN,239,2212
20807,2/6/2026,UMB,AMBALA CANT JN,194,2320
20807,2/6/2026,LDH,LUDHIANA JN,196,2434
20807,2/6/2026,JUC,JALANDHAR CITY,171,2491
20807,2/6/2026,BEAS,BEAS,172,2527
20807,2/6/2026,ASR,AMRITSAR JN,175,2570
20807,2/7/2026,VSKP,VISAKHAPATNAM,1,0
20807,2/7/2026,VZM,VIZIANAGRAM JN,19,61
20807,2/7/2026,CHE,SRIKAKULAM ROAD,14,131
20807,2/7/2026,PSA,PALASA,4,203
20807,2/7/2026,BAM,BRAHMAPUR,17,277
20807,2/7/2026,CAP,CHATRAPUR,24,299
20807,2/7/2026,BALU,BALUGAN,25,353
20807,2/7/2026,KUR,KHURDA ROAD JN,74,424
20807,2/7/2026,BBS,BHUBANESWAR,63,443
20807,2/7/2026,NQR,NARAJ MARTHAPUR,49,468
20807,2/7/2026,DNKL,DHENKANAL,61,505
20807,2/7/2026,TLHR,TALCHER,60,558
20807,2/7/2026,ANGL,ANGUL,60,576
20807,2/7/2026,RAIR,RAIRAKHOL,64,661
20807,2/7/2026,RGDA,RAYAGADA,,
20807,2/7/2026,TIG,TITLAGARH,,
20807,2/7/2026,SBP,SAMBALPUR,50,732
20807,2/7/2026,JSGR,JHARSUGUDA ROAD,54,779
20807,2/7/2026,BRJN,BRAJRAJNAGAR,45,790
20807,2/7/2026,BPH,BELPAHAR,46,799
20807,2/7/2026,RIG,RAIGARH,52,850
20807,2/7/2026,KHS,KHARSIA,72,884
20807,2/7/2026,SKT,SAKTI,80,900
20807,2/7/2026,CPH,CHAMPA,84,930
20807,2/7/2026,AKT,AKALTARA,92,956
20807,2/7/2026,BSP,BILASPUR JN,82,983
20807,2/7/2026,PND,PENDRA ROAD,114,1086
20807,2/7/2026,APR,ANUPPUR JN,128,1136
20807,2/7/2026,BUH,BURHAR,134,1157
20807,2/7/2026,SDL,SHAHDOL,137,1177
20807,2/7/2026,UMR,UMARIA,167,1244
20807,2/7/2026,KMZ,KATNI MURWARA,148,1302
20807,2/7/2026,DMO,DAMOH,170,1411
20807,2/7/2026,SGO,SAUGOR,204,1489
20807,2/7/2026,KYE,KHURAI,196,1542
20807,2/7/2026,MAKR,BINA MALKHEDI JN,166,1560
20807,2/7/2026,LAR,LALITPUR,162,1622
20807,2/7/2026,VGLJ,V LAKSHMIBAI JHANSI,167,1712
20807,2/7/2026,DAA,DATIA,167,1737
20807,2/7/2026,GWL,GWALIOR,189,1809
20807,2/7/2026,AGC,AGRA CANTT,219,1928
20807,2/7/2026,MTJ,MATHURA JN,206,1982
20807,2/7/2026,NZM,H NIZAMUDDIN,205,2115
20807,2/7/2026,NDLS,NEW DELHI,228,2122
20807,2/7/2026,BDMJ,BHODWAL MAJRI,,
20807,2/7/2026,PNP,PANIPAT JN,279,2212
20807,2/7/2026,UMB,AMBALA CANT JN,238,2320
20807,2/7/2026,LDH,LUDHIANA JN,257,2434
20807,2/7/2026,JUC,JALANDHAR CITY,216,2491
20807,2/7/2026,BEAS,BEAS,217,2527
20807,2/7/2026,ASR,AMRITSAR JN,203,2570
20807,2/10/2026,VSKP,VISAKHAPATNAM,1,0
20807,2/10/2026,VZM,VIZIANAGRAM JN,13,61
20807,2/10/2026,CHE,SRIKAKULAM ROAD,4,131
20807,2/10/2026,PSA,PALASA,0,203
20807,2/10/2026,BAM,BRAHMAPUR,17,277
20807,2/10/2026,CAP,CHATRAPUR,20,299
20807,2/10/2026,BALU,BALUGAN,18,353
20807,2/10/2026,KUR,KHURDA ROAD JN,35,424
20807,2/10/2026,BBS,BHUBANESWAR,22,443
20807,2/10/2026,NQR,NARAJ MARTHAPUR,6,468
20807,2/10/2026,DNKL,DHENKANAL,20,505
20807,2/10/2026,TLHR,TALCHER,28,558
20807,2/10/2026,ANGL,ANGUL,23,576
20807,2/10/2026,RAIR,RAIRAKHOL,29,661
20807,2/10/2026,RGDA,RAYAGADA,,
20807,2/10/2026,TIG,TITLAGARH,,
20807,2/10/2026,SBP,SAMBALPUR,21,732
20807,2/10/2026,JSGR,JHARSUGUDA ROAD,14,779
20807,2/10/2026,BRJN,BRAJRAJNAGAR,2,790
20807,2/10/2026,BPH,BELPAHAR,2,799
20807,2/10/2026,RIG,RAIGARH,0,850
20807,2/10/2026,KHS,KHARSIA,22,884
20807,2/10/2026,SKT,SAKTI,26,900
20807,2/10/2026,CPH,CHAMPA,34,930
20807,2/10/2026,AKT,AKALTARA,35,956
20807,2/10/2026,BSP,BILASPUR JN,19,983
20807,2/10/2026,PND,PENDRA ROAD,61,1086
20807,2/10/2026,APR,ANUPPUR JN,69,1136
20807,2/10/2026,BUH,BURHAR,74,1157
20807,2/10/2026,SDL,SHAHDOL,64,1177
20807,2/10/2026,UMR,UMARIA,100,1244
20807,2/10/2026,KMZ,KATNI MURWARA,91,1302
20807,2/10/2026,DMO,DAMOH,114,1411
20807,2/10/2026,SGO,SAUGOR,124,1489
20807,2/10/2026,KYE,KHURAI,118,1542
20807,2/10/2026,MAKR,BINA MALKHEDI JN,102,1560
20807,2/10/2026,LAR,LALITPUR,79,1622
20807,2/10/2026,VGLJ,V LAKSHMIBAI JHANSI,84,1712
20807,2/10/2026,DAA,DATIA,84,1737
20807,2/10/2026,GWL,GWALIOR,67,1809
20807,2/10/2026,AGC,AGRA CANTT,35,1928
20807,2/10/2026,MTJ,MATHURA JN,26,1982
20807,2/10/2026,NZM,H NIZAMUDDIN,1,2115
20807,2/10/2026,NDLS,NEW DELHI,13,2122
20807,2/10/2026,BDMJ,BHODWAL MAJRI,,
20807,2/10/2026,PNP,PANIPAT JN,26,2212
20807,2/10/2026,UMB,AMBALA CANT JN,5,2320
20807,2/10/2026,LDH,LUDHIANA JN,22,2434
20807,2/10/2026,JUC,JALANDHAR CITY,5,2491
20807,2/10/2026,BEAS,BEAS,8,2527
20807,2/10/2026,ASR,AMRITSAR JN,-11,2570
20807,2/13/2026,VSKP,VISAKHAPATNAM,9,0
20807,2/13/2026,VZM,VIZIANAGRAM JN,20,61
20807,2/13/2026,CHE,SRIKAKULAM ROAD,16,131
20807,2/13/2026,PSA,PALASA,6,203
20807,2/13/2026,BAM,BRAHMAPUR,8,277
20807,2/13/2026,CAP,CHATRAPUR,12,299
20807,2/13/2026,BALU,BALUGAN,11,353
20807,2/13/2026,KUR,KHURDA ROAD JN,12,424
20807,2/13/2026,BBS,BHUBANESWAR,0,443
20807,2/13/2026,NQR,NARAJ MARTHAPUR,0,468
20807,2/13/2026,DNKL,DHENKANAL,4,505
20807,2/13/2026,TLHR,TALCHER,27,558
20807,2/13/2026,ANGL,ANGUL,39,576
20807,2/13/2026,RAIR,RAIRAKHOL,45,661
20807,2/13/2026,RGDA,RAYAGADA,,
20807,2/13/2026,TIG,TITLAGARH,,
20807,2/13/2026,SBP,SAMBALPUR,49,732
20807,2/13/2026,JSGR,JHARSUGUDA ROAD,44,779
20807,2/13/2026,BRJN,BRAJRAJNAGAR,28,790
20807,2/13/2026,BPH,BELPAHAR,30,799
20807,2/13/2026,RIG,RAIGARH,25,850
20807,2/13/2026,KHS,KHARSIA,35,884
20807,2/13/2026,SKT,SAKTI,44,900
20807,2/13/2026,CPH,CHAMPA,43,930
20807,2/13/2026,AKT,AKALTARA,49,956
20807,2/13/2026,BSP,BILASPUR JN,36,983
20807,2/13/2026,PND,PENDRA ROAD,79,1086
20807,2/13/2026,APR,ANUPPUR JN,61,1136
20807,2/13/2026,BUH,BURHAR,64,1157
20807,2/13/2026,SDL,SHAHDOL,55,1177
20807,2/13/2026,UMR,UMARIA,55,1244
20807,2/13/2026,KMZ,KATNI MURWARA,62,1302
20807,2/13/2026,DMO,DAMOH,81,1411
20807,2/13/2026,SGO,SAUGOR,116,1489
20807,2/13/2026,KYE,KHURAI,111,1542
20807,2/13/2026,MAKR,BINA MALKHEDI JN,90,1560
20807,2/13/2026,LAR,LALITPUR,70,1622
20807,2/13/2026,VGLJ,V LAKSHMIBAI JHANSI,82,1712
20807,2/13/2026,DAA,DATIA,81,1737
20807,2/13/2026,GWL,GWALIOR,72,1809
20807,2/13/2026,AGC,AGRA CANTT,62,1928
20807,2/13/2026,MTJ,MATHURA JN,61,1982
20807,2/13/2026,NZM,H NIZAMUDDIN,50,2115
20807,2/13/2026,NDLS,NEW DELHI,52,2122
20807,2/13/2026,BDMJ,BHODWAL MAJRI,,
20807,2/13/2026,PNP,PANIPAT JN,102,2212
20807,2/13/2026,UMB,AMBALA CANT JN,69,2320
20807,2/13/2026,LDH,LUDHIANA JN,85,2434
20807,2/13/2026,JUC,JALANDHAR CITY,30,2491
20807,2/13/2026,BEAS,BEAS,34,2527
20807,2/13/2026,ASR,AMRITSAR JN,49,2570
20807,2/14/2026,VSKP,VISAKHAPATNAM,1,0
20807,2/14/2026,VZM,VIZIANAGRAM JN,19,61
20807,2/14/2026,CHE,SRIKAKULAM ROAD,12,131
20807,2/14/2026,PSA,PALASA,1,203
20807,2/14/2026,BAM,BRAHMAPUR,11,277
20807,2/14/2026,CAP,CHATRAPUR,22,299
20807,2/14/2026,BALU,BALUGAN,24,353
20807,2/14/2026,KUR,KHURDA ROAD JN,25,424
20807,2/14/2026,BBS,BHUBANESWAR,11,443
20807,2/14/2026,NQR,NARAJ MARTHAPUR,4,468
20807,2/14/2026,DNKL,DHENKANAL,26,505
20807,2/14/2026,TLHR,TALCHER,36,558
20807,2/14/2026,ANGL,ANGUL,33,576
20807,2/14/2026,RAIR,RAIRAKHOL,44,661
20807,2/14/2026,RGDA,RAYAGADA,,
20807,2/14/2026,TIG,TITLAGARH,,
20807,2/14/2026,SBP,SAMBALPUR,35,732
20807,2/14/2026,JSGR,JHARSUGUDA ROAD,44,779
20807,2/14/2026,BRJN,BRAJRAJNAGAR,32,790
20807,2/14/2026,BPH,BELPAHAR,34,799
20807,2/14/2026,RIG,RAIGARH,41,850
20807,2/14/2026,KHS,KHARSIA,81,884
20807,2/14/2026,SKT,SAKTI,89,900
20807,2/14/2026,CPH,CHAMPA,97,930
20807,2/14/2026,AKT,AKALTARA,100,956
20807,2/14/2026,BSP,BILASPUR JN,72,983
20807,2/14/2026,PND,PENDRA ROAD,117,1086
20807,2/14/2026,APR,ANUPPUR JN,130,1136
20807,2/14/2026,BUH,BURHAR,137,1157
20807,2/14/2026,SDL,SHAHDOL,139,1177
20807,2/14/2026,UMR,UMARIA,139,1244
20807,2/14/2026,KMZ,KATNI MURWARA,130,1302
20807,2/14/2026,DMO,DAMOH,140,1411
20807,2/14/2026,SGO,SAUGOR,181,1489
20807,2/14/2026,KYE,KHURAI,174,1542
20807,2/14/2026,MAKR,BINA MALKHEDI JN,153,1560
20807,2/14/2026,LAR,LALITPUR,145,1622
20807,2/14/2026,VGLJ,V LAKSHMIBAI JHANSI,136,1712
20807,2/14/2026,DAA,DATIA,134,1737
20807,2/14/2026,GWL,GWALIOR,126,1809
20807,2/14/2026,AGC,AGRA CANTT,186,1928
20807,2/14/2026,MTJ,MATHURA JN,198,1982
20807,2/14/2026,NZM,H NIZAMUDDIN,193,2115
20807,2/14/2026,NDLS,NEW DELHI,202,2122
20807,2/14/2026,BDMJ,BHODWAL MAJRI,,
20807,2/14/2026,PNP,PANIPAT JN,207,2212
20807,2/14/2026,UMB,AMBALA CANT JN,178,2320
20807,2/14/2026,LDH,LUDHIANA JN,224,2434
20807,2/14/2026,JUC,JALANDHAR CITY,220,2491
20807,2/14/2026,BEAS,BEAS,226,2527
20807,2/14/2026,ASR,AMRITSAR JN,215,2570
20807,2/17/2026,VSKP,VISAKHAPATNAM,0,0
20807,2/17/2026,VZM,VIZIANAGRAM JN,16,61
20807,2/17/2026,CHE,SRIKAKULAM ROAD,21,131
20807,2/17/2026,PSA,PALASA,3,203
20807,2/17/2026,BAM,BRAHMAPUR,10,277
20807,2/17/2026,CAP,CHATRAPUR,15,299
20807,2/17/2026,BALU,BALUGAN,15,353
20807,2/17/2026,KUR,KHURDA ROAD JN,48,424
20807,2/17/2026,BBS,BHUBANESWAR,35,443
20807,2/17/2026,NQR,NARAJ MARTHAPUR,31,468
20807,2/17/2026,DNKL,DHENKANAL,39,505
20807,2/17/2026,TLHR,TALCHER,33,558
20807,2/17/2026,ANGL,ANGUL,30,576
20807,2/17/2026,RAIR,RAIRAKHOL,42,661
20807,2/17/2026,RGDA,RAYAGADA,,
20807,2/17/2026,TIG,TITLAGARH,,
20807,2/17/2026,SBP,SAMBALPUR,41,732
20807,2/17/2026,JSGR,JHARSUGUDA ROAD,38,779
20807,2/17/2026,BRJN,BRAJRAJNAGAR,21,790
20807,2/17/2026,BPH,BELPAHAR,22,799
20807,2/17/2026,RIG,RAIGARH,20,850
20807,2/17/2026,KHS,KHARSIA,30,884
20807,2/17/2026,SKT,SAKTI,39,900
20807,2/17/2026,CPH,CHAMPA,51,930
20807,2/17/2026,AKT,AKALTARA,65,956
20807,2/17/2026,BSP,BILASPUR JN,46,983
20807,2/17/2026,PND,PENDRA ROAD,86,1086
20807,2/17/2026,APR,ANUPPUR JN,81,1136
20807,2/17/2026,BUH,BURHAR,90,1157
20807,2/17/2026,SDL,SHAHDOL,83,1177
20807,2/17/2026,UMR,UMARIA,80,1244
20807,2/17/2026,KMZ,KATNI MURWARA,103,1302
20807,2/17/2026,DMO,DAMOH,118,1411
20807,2/17/2026,SGO,SAUGOR,126,1489
20807,2/17/2026,KYE,KHURAI,116,1542
20807,2/17/2026,MAKR,BINA MALKHEDI JN,95,1560
20807,2/17/2026,LAR,LALITPUR,79,1622
20807,2/17/2026,VGLJ,V LAKSHMIBAI JHANSI,71,1712
20807,2/17/2026,DAA,DATIA,76,1737
20807,2/17/2026,GWL,GWALIOR,66,1809
20807,2/17/2026,AGC,AGRA CANTT,47,1928
20807,2/17/2026,MTJ,MATHURA JN,31,1982
20807,2/17/2026,NZM,H NIZAMUDDIN,25,2115
20807,2/17/2026,NDLS,NEW DELHI,23,2122
20807,2/17/2026,BDMJ,BHODWAL MAJRI,,
20807,2/17/2026,PNP,PANIPAT JN,39,2212
20807,2/17/2026,UMB,AMBALA CANT JN,11,2320
20807,2/17/2026,LDH,LUDHIANA JN,18,2434
20807,2/17/2026,JUC,JALANDHAR CITY,0,2491
20807,2/17/2026,BEAS,BEAS,3,2527
20807,2/17/2026,ASR,AMRITSAR JN,68,2570
20807,2/20/2026,VSKP,VISAKHAPATNAM,3,0
20807,2/20/2026,VZM,VIZIANAGRAM JN,25,61
20807,2/20/2026,CHE,SRIKAKULAM ROAD,17,131
20807,2/20/2026,PSA,PALASA,0,203
20807,2/20/2026,BAM,BRAHMAPUR,0,277
20807,2/20/2026,CAP,CHATRAPUR,1,299
20807,2/20/2026,BALU,BALUGAN,1,353
20807,2/20/2026,KUR,KHURDA ROAD JN,29,424
20807,2/20/2026,BBS,BHUBANESWAR,17,443
20807,2/20/2026,NQR,NARAJ MARTHAPUR,4,468
20807,2/20/2026,DNKL,DHENKANAL,15,505
20807,2/20/2026,TLHR,TALCHER,18,558
20807,2/20/2026,ANGL,ANGUL,20,576
20807,2/20/2026,RAIR,RAIRAKHOL,26,661
20807,2/20/2026,RGDA,RAYAGADA,,
20807,2/20/2026,TIG,TITLAGARH,,
20807,2/20/2026,SBP,SAMBALPUR,21,732
20807,2/20/2026,JSGR,JHARSUGUDA ROAD,51,779
20807,2/20/2026,BRJN,BRAJRAJNAGAR,37,790
20807,2/20/2026,BPH,BELPAHAR,40,799
20807,2/20/2026,RIG,RAIGARH,43,850
20807,2/20/2026,KHS,KHARSIA,54,884
20807,2/20/2026,SKT,SAKTI,58,900
20807,2/20/2026,CPH,CHAMPA,81,930
20807,2/20/2026,AKT,AKALTARA,75,956
20807,2/20/2026,BSP,BILASPUR JN,64,983
20807,2/20/2026,PND,PENDRA ROAD,146,1086
20807,2/20/2026,APR,ANUPPUR JN,146,1136
20807,2/20/2026,BUH,BURHAR,156,1157
20807,2/20/2026,SDL,SHAHDOL,164,1177
20807,2/20/2026,UMR,UMARIA,180,1244
20807,2/20/2026,KMZ,KATNI MURWARA,176,1302
20807,2/20/2026,DMO,DAMOH,193,1411
20807,2/20/2026,SGO,SAUGOR,210,1489
20807,2/20/2026,KYE,KHURAI,201,1542
20807,2/20/2026,MAKR,BINA MALKHEDI JN,183,1560
20807,2/20/2026,LAR,LALITPUR,166,1622
20807,2/20/2026,VGLJ,V LAKSHMIBAI JHANSI,198,1712
20807,2/20/2026,DAA,DATIA,201,1737
20807,2/20/2026,GWL,GWALIOR,222,1809
20807,2/20/2026,AGC,AGRA CANTT,262,1928
20807,2/20/2026,MTJ,MATHURA JN,302,1982
20807,2/20/2026,NZM,H NIZAMUDDIN,296,2115
20807,2/20/2026,NDLS,NEW DELHI,292,2122
20807,2/20/2026,BDMJ,BHODWAL MAJRI,,
20807,2/20/2026,PNP,PANIPAT JN,302,2212
20807,2/20/2026,UMB,AMBALA CANT JN,263,2320
20807,2/20/2026,LDH,LUDHIANA JN,290,2434
20807,2/20/2026,JUC,JALANDHAR CITY,238,2491
20807,2/20/2026,BEAS,BEAS,245,2527
20807,2/20/2026,ASR,AMRITSAR JN,316,2570
20807,2/21/2026,VSKP,VISAKHAPATNAM,6,0
20807,2/21/2026,VZM,VIZIANAGRAM JN,28,61
20807,2/21/2026,CHE,SRIKAKULAM ROAD,26,131
20807,2/21/2026,PSA,PALASA,12,203
20807,2/21/2026,BAM,BRAHMAPUR,19,277
20807,2/21/2026,CAP,CHATRAPUR,22,299
20807,2/21/2026,BALU,BALUGAN,23,353
20807,2/21/2026,KUR,KHURDA ROAD JN,46,424
20807,2/21/2026,BBS,BHUBANESWAR,30,443
20807,2/21/2026,NQR,NARAJ MARTHAPUR,23,468
20807,2/21/2026,DNKL,DHENKANAL,33,505
20807,2/21/2026,TLHR,TALCHER,45,558
20807,2/21/2026,ANGL,ANGUL,47,576
20807,2/21/2026,RAIR,RAIRAKHOL,67,661
20807,2/21/2026,RGDA,RAYAGADA,,
20807,2/21/2026,TIG,TITLAGARH,,
20807,2/21/2026,SBP,SAMBALPUR,88,732
20807,2/21/2026,JSGR,JHARSUGUDA ROAD,81,779
20807,2/21/2026,BRJN,BRAJRAJNAGAR,65,790
20807,2/21/2026,BPH,BELPAHAR,72,799
20807,2/21/2026,RIG,RAIGARH,66,850
20807,2/21/2026,KHS,KHARSIA,93,884
20807,2/21/2026,SKT,SAKTI,99,900
20807,2/21/2026,CPH,CHAMPA,97,930
20807,2/21/2026,AKT,AKALTARA,109,956
20807,2/21/2026,BSP,BILASPUR JN,89,983
20807,2/21/2026,PND,PENDRA ROAD,133,1086
20807,2/21/2026,APR,ANUPPUR JN,128,1136
20807,2/21/2026,BUH,BURHAR,145,1157
20807,2/21/2026,SDL,SHAHDOL,133,1177
20807,2/21/2026,UMR,UMARIA,134,1244
20807,2/21/2026,KMZ,KATNI MURWARA,132,1302
20807,2/21/2026,DMO,DAMOH,142,1411
20807,2/21/2026,SGO,SAUGOR,156,1489
20807,2/21/2026,KYE,KHURAI,150,1542
20807,2/21/2026,MAKR,BINA MALKHEDI JN,131,1560
20807,2/21/2026,LAR,LALITPUR,115,1622
20807,2/21/2026,VGLJ,V LAKSHMIBAI JHANSI,114,1712
20807,2/21/2026,DAA,DATIA,113,1737
20807,2/21/2026,GWL,GWALIOR,99,1809
20807,2/21/2026,AGC,AGRA CANTT,82,1928
20807,2/21/2026,MTJ,MATHURA JN,74,1982
20807,2/21/2026,NZM,H NIZAMUDDIN,74,2115
20807,2/21/2026,NDLS,NEW DELHI,73,2122
20807,2/21/2026,BDMJ,BHODWAL MAJRI,,
20807,2/21/2026,PNP,PANIPAT JN,117,2212
20807,2/21/2026,UMB,AMBALA CANT JN,73,2320
20807,2/21/2026,LDH,LUDHIANA JN,75,2434
20807,2/21/2026,JUC,JALANDHAR CITY,34,2491
20807,2/21/2026,BEAS,BEAS,36,2527
20807,2/21/2026,ASR,AMRITSAR JN,30,2570
20807,2/24/2026,VSKP,VISAKHAPATNAM,0,0
20807,2/24/2026,VZM,VIZIANAGRAM JN,13,61
20807,2/24/2026,CHE,SRIKAKULAM ROAD,7,131
20807,2/24/2026,PSA,PALASA,0,203
20807,2/24/2026,BAM,BRAHMAPUR,7,277
20807,2/24/2026,CAP,CHATRAPUR,13,299
20807,2/24/2026,BALU,BALUGAN,11,353
20807,2/24/2026,KUR,KHURDA ROAD JN,14,424
20807,2/24/2026,BBS,BHUBANESWAR,1,443
20807,2/24/2026,NQR,NARAJ MARTHAPUR,0,468
20807,2/24/2026,DNKL,DHENKANAL,3,505
20807,2/24/2026,TLHR,TALCHER,28,558
20807,2/24/2026,ANGL,ANGUL,50,576
20807,2/24/2026,RAIR,RAIRAKHOL,64,661
20807,2/24/2026,RGDA,RAYAGADA,,
20807,2/24/2026,TIG,TITLAGARH,,
20807,2/24/2026,SBP,SAMBALPUR,50,732
20807,2/24/2026,JSGR,JHARSUGUDA ROAD,52,779
20807,2/24/2026,BRJN,BRAJRAJNAGAR,35,790
20807,2/24/2026,BPH,BELPAHAR,35,799
20807,2/24/2026,RIG,RAIGARH,28,850
20807,2/24/2026,KHS,KHARSIA,58,884
20807,2/24/2026,SKT,SAKTI,59,900
20807,2/24/2026,CPH,CHAMPA,91,930
20807,2/24/2026,AKT,AKALTARA,92,956
20807,2/24/2026,BSP,BILASPUR JN,89,983
20807,2/24/2026,PND,PENDRA ROAD,148,1086
20807,2/24/2026,APR,ANUPPUR JN,161,1136
20807,2/24/2026,BUH,BURHAR,166,1157
20807,2/24/2026,SDL,SHAHDOL,164,1177
20807,2/24/2026,UMR,UMARIA,217,1244
20807,2/24/2026,KMZ,KATNI MURWARA,223,1302
20807,2/24/2026,DMO,DAMOH,229,1411
20807,2/24/2026,SGO,SAUGOR,239,1489
20807,2/24/2026,KYE,KHURAI,229,1542
20807,2/24/2026,MAKR,BINA MALKHEDI JN,206,1560
20807,2/24/2026,LAR,LALITPUR,185,1622
20807,2/24/2026,VGLJ,V LAKSHMIBAI JHANSI,204,1712
20807,2/24/2026,DAA,DATIA,207,1737
20807,2/24/2026,GWL,GWALIOR,228,1809
20807,2/24/2026,AGC,AGRA CANTT,219,1928
20807,2/24/2026,MTJ,MATHURA JN,255,1982
20807,2/24/2026,NZM,H NIZAMUDDIN,257,2115
20807,2/24/2026,NDLS,NEW DELHI,289,2122
20807,2/24/2026,BDMJ,BHODWAL MAJRI,,
20807,2/24/2026,PNP,PANIPAT JN,396,2212
20807,2/24/2026,UMB,AMBALA CANT JN,357,2320
20807,2/24/2026,LDH,LUDHIANA JN,369,2434
20807,2/24/2026,JUC,JALANDHAR CITY,337,2491
20807,2/24/2026,BEAS,BEAS,371,2527
20807,2/24/2026,ASR,AMRITSAR JN,360,2570
20807,2/27/2026,VSKP,VISAKHAPATNAM,10,0
20807,2/27/2026,VZM,VIZIANAGRAM JN,21,61
20807,2/27/2026,CHE,SRIKAKULAM ROAD,21,131
20807,2/27/2026,PSA,PALASA,0,203
20807,2/27/2026,BAM,BRAHMAPUR,0,277
20807,2/27/2026,CAP,CHATRAPUR,5,299
20807,2/27/2026,BALU,BALUGAN,5,353
20807,2/27/2026,KUR,KHURDA ROAD JN,19,424
20807,2/27/2026,BBS,BHUBANESWAR,11,443
20807,2/27/2026,NQR,NARAJ MARTHAPUR,3,468
20807,2/27/2026,DNKL,DHENKANAL,9,505
20807,2/27/2026,TLHR,TALCHER,34,558
20807,2/27/2026,ANGL,ANGUL,36,576
20807,2/27/2026,RAIR,RAIRAKHOL,42,661
20807,2/27/2026,RGDA,RAYAGADA,,
20807,2/27/2026,TIG,TITLAGARH,,
20807,2/27/2026,SBP,SAMBALPUR,65,732
20807,2/27/2026,JSGR,JHARSUGUDA ROAD,71,779
20807,2/27/2026,BRJN,BRAJRAJNAGAR,56,790
20807,2/27/2026,BPH,BELPAHAR,56,799
20807,2/27/2026,RIG,RAIGARH,74,850
20807,2/27/2026,KHS,KHARSIA,80,884
20807,2/27/2026,SKT,SAKTI,83,900
20807,2/27/2026,CPH,CHAMPA,80,930
20807,2/27/2026,AKT,AKALTARA,88,956
20807,2/27/2026,BSP,BILASPUR JN,79,983
20807,2/27/2026,PND,PENDRA ROAD,117,1086
20807,2/27/2026,APR,ANUPPUR JN,115,1136
20807,2/27/2026,BUH,BURHAR,124,1157
20807,2/27/2026,SDL,SHAHDOL,123,1177
20807,2/27/2026,UMR,UMARIA,128,1244
20807,2/27/2026,KMZ,KATNI MURWARA,100,1302
20807,2/27/2026,DMO,DAMOH,105,1411
20807,2/27/2026,SGO,SAUGOR,119,1489
20807,2/27/2026,KYE,KHURAI,119,1542
20807,2/27/2026,MAKR,BINA MALKHEDI JN,98,1560
20807,2/27/2026,LAR,LALITPUR,75,1622
20807,2/27/2026,VGLJ,V LAKSHMIBAI JHANSI,71,1712
20807,2/27/2026,DAA,DATIA,72,1737
20807,2/27/2026,GWL,GWALIOR,62,1809
20807,2/27/2026,AGC,AGRA CANTT,196,1928
20807,2/27/2026,MTJ,MATHURA JN,239,1982
20807,2/27/2026,NZM,H NIZAMUDDIN,253,2115
20807,2/27/2026,NDLS,NEW DELHI,278,2122
20807,2/27/2026,BDMJ,BHODWAL MAJRI,,
20807,2/27/2026,PNP,PANIPAT JN,321,2212
20807,2/27/2026,UMB,AMBALA CANT JN,304,2320
20807,2/27/2026,LDH,LUDHIANA JN,361,2434
20807,2/27/2026,JUC,JALANDHAR CITY,300,2491
20807,2/27/2026,BEAS,BEAS,300,2527
20807,2/27/2026,ASR,AMRITSAR JN,353,2570
20807,2/28/2026,VSKP,VISAKHAPATNAM,8,0
20807,2/28/2026,VZM,VIZIANAGRAM JN,12,61
20807,2/28/2026,CHE,SRIKAKULAM ROAD,18,131
20807,2/28/2026,PSA,PALASA,9,203
20807,2/28/2026,BAM,BRAHMAPUR,8,277
20807,2/28/2026,CAP,CHATRAPUR,9,299
20807,2/28/2026,BALU,BALUGAN,9,353
20807,2/28/2026,KUR,KHURDA ROAD JN,3,424
20807,2/28/2026,BBS,BHUBANESWAR,17,443
20807,2/28/2026,NQR,NARAJ MARTHAPUR,4,468
20807,2/28/2026,DNKL,DHENKANAL,4,505
20807,2/28/2026,TLHR,TALCHER,10,558
20807,2/28/2026,ANGL,ANGUL,9,576
20807,2/28/2026,RAIR,RAIRAKHOL,12,661
20807,2/28/2026,RGDA,RAYAGADA,,
20807,2/28/2026,TIG,TITLAGARH,,
20807,2/28/2026,SBP,SAMBALPUR,3,732
20807,2/28/2026,JSGR,JHARSUGUDA ROAD,0,779
20807,2/28/2026,BRJN,BRAJRAJNAGAR,5,790
20807,2/28/2026,BPH,BELPAHAR,8,799
20807,2/28/2026,RIG,RAIGARH,3,850
20807,2/28/2026,KHS,KHARSIA,19,884
20807,2/28/2026,SKT,SAKTI,26,900
20807,2/28/2026,CPH,CHAMPA,23,930
20807,2/28/2026,AKT,AKALTARA,33,956
20807,2/28/2026,BSP,BILASPUR JN,50,983
20807,2/28/2026,PND,PENDRA ROAD,168,1086
20807,2/28/2026,APR,ANUPPUR JN,161,1136
20807,2/28/2026,BUH,BURHAR,171,1157
20807,2/28/2026,SDL,SHAHDOL,169,1177
20807,2/28/2026,UMR,UMARIA,171,1244
20807,2/28/2026,KMZ,KATNI MURWARA,139,1302
20807,2/28/2026,DMO,DAMOH,148,1411
20807,2/28/2026,SGO,SAUGOR,159,1489
20807,2/28/2026,KYE,KHURAI,156,1542
20807,2/28/2026,MAKR,BINA MALKHEDI JN,136,1560
20807,2/28/2026,LAR,LALITPUR,116,1622
20807,2/28/2026,VGLJ,V LAKSHMIBAI JHANSI,110,1712
20807,2/28/2026,DAA,DATIA,114,1737
20807,2/28/2026,GWL,GWALIOR,108,1809
20807,2/28/2026,AGC,AGRA CANTT,99,1928
20807,2/28/2026,MTJ,MATHURA JN,90,1982
20807,2/28/2026,NZM,H NIZAMUDDIN,101,2115
20807,2/28/2026,NDLS,NEW DELHI,124,2122
20807,2/28/2026,BDMJ,BHODWAL MAJRI,,
20807,2/28/2026,PNP,PANIPAT JN,137,2212
20807,2/28/2026,UMB,AMBALA CANT JN,112,2320
20807,2/28/2026,LDH,LUDHIANA JN,104,2434
20807,2/28/2026,JUC,JALANDHAR CITY,47,2491
20807,2/28/2026,BEAS,BEAS,48,2527
20807,2/28/2026,ASR,AMRITSAR JN,31,2570
20807,3/3/2026,VSKP,VISAKHAPATNAM,0,0
20807,3/3/2026,VZM,VIZIANAGRAM JN,4,61
20807,3/3/2026,CHE,SRIKAKULAM ROAD,30,131
20807,3/3/2026,PSA,PALASA,9,203
20807,3/3/2026,BAM,BRAHMAPUR,5,277
20807,3/3/2026,CAP,CHATRAPUR,9,299
20807,3/3/2026,BALU,BALUGAN,11,353
20807,3/3/2026,KUR,KHURDA ROAD JN,20,424
20807,3/3/2026,BBS,BHUBANESWAR,7,443
20807,3/3/2026,NQR,NARAJ MARTHAPUR,0,468
20807,3/3/2026,DNKL,DHENKANAL,0,505
20807,3/3/2026,TLHR,TALCHER,12,558
20807,3/3/2026,ANGL,ANGUL,9,576
20807,3/3/2026,RAIR,RAIRAKHOL,20,661
20807,3/3/2026,RGDA,RAYAGADA,,
20807,3/3/2026,TIG,TITLAGARH,,
20807,3/3/2026,SBP,SAMBALPUR,0,732
20807,3/3/2026,JSGR,JHARSUGUDA ROAD,24,779
20807,3/3/2026,BRJN,BRAJRAJNAGAR,8,790
20807,3/3/2026,BPH,BELPAHAR,10,799
20807,3/3/2026,RIG,RAIGARH,37,850
20807,3/3/2026,KHS,KHARSIA,50,884
20807,3/3/2026,SKT,SAKTI,52,900
20807,3/3/2026,CPH,CHAMPA,72,930
20807,3/3/2026,AKT,AKALTARA,71,956
20807,3/3/2026,BSP,BILASPUR JN,62,983
20807,3/3/2026,PND,PENDRA ROAD,113,1086
20807,3/3/2026,APR,ANUPPUR JN,106,1136
20807,3/3/2026,BUH,BURHAR,112,1157
20807,3/3/2026,SDL,SHAHDOL,110,1177
20807,3/3/2026,UMR,UMARIA,115,1244
20807,3/3/2026,KMZ,KATNI MURWARA,105,1302
20807,3/3/2026,DMO,DAMOH,145,1411
20807,3/3/2026,SGO,SAUGOR,157,1489
20807,3/3/2026,KYE,KHURAI,151,1542
20807,3/3/2026,MAKR,BINA MALKHEDI JN,130,1560
20807,3/3/2026,LAR,LALITPUR,118,1622
20807,3/3/2026,VGLJ,V LAKSHMIBAI JHANSI,117,1712
20807,3/3/2026,DAA,DATIA,125,1737
20807,3/3/2026,GWL,GWALIOR,109,1809
20807,3/3/2026,AGC,AGRA CANTT,80,1928
20807,3/3/2026,MTJ,MATHURA JN,69,1982
20807,3/3/2026,NZM,H NIZAMUDDIN,56,2115
20807,3/3/2026,NDLS,NEW DELHI,53,2122
20807,3/3/2026,BDMJ,BHODWAL MAJRI,,
20807,3/3/2026,PNP,PANIPAT JN,51,2212
20807,3/3/2026,UMB,AMBALA CANT JN,2,2320
20807,3/3/2026,LDH,LUDHIANA JN,5,2434
20807,3/3/2026,JUC,JALANDHAR CITY,1,2491
20807,3/3/2026,BEAS,BEAS,2,2527
20807,3/3/2026,ASR,AMRITSAR JN,0,2570
20807,3/6/2026,VSKP,VISAKHAPATNAM,3,0
20807,3/6/2026,VZM,VIZIANAGRAM JN,22,61
20807,3/6/2026,CHE,SRIKAKULAM ROAD,19,131
20807,3/6/2026,PSA,PALASA,20,203
20807,3/6/2026,BAM,BRAHMAPUR,21,277
20807,3/6/2026,CAP,CHATRAPUR,22,299
20807,3/6/2026,BALU,BALUGAN,25,353
20807,3/6/2026,KUR,KHURDA ROAD JN,43,424
20807,3/6/2026,BBS,BHUBANESWAR,28,443
20807,3/6/2026,NQR,NARAJ MARTHAPUR,14,468
20807,3/6/2026,DNKL,DHENKANAL,12,505
20807,3/6/2026,TLHR,TALCHER,21,558
20807,3/6/2026,ANGL,ANGUL,24,576
20807,3/6/2026,RAIR,RAIRAKHOL,40,661
20807,3/6/2026,RGDA,RAYAGADA,,
20807,3/6/2026,TIG,TITLAGARH,,
20807,3/6/2026,SBP,SAMBALPUR,53,732
20807,3/6/2026,JSGR,JHARSUGUDA ROAD,39,779
20807,3/6/2026,BRJN,BRAJRAJNAGAR,23,790
20807,3/6/2026,BPH,BELPAHAR,27,799
20807,3/6/2026,RIG,RAIGARH,23,850
20807,3/6/2026,KHS,KHARSIA,50,884
20807,3/6/2026,SKT,SAKTI,59,900
20807,3/6/2026,CPH,CHAMPA,65,930
20807,3/6/2026,AKT,AKALTARA,81,956
20807,3/6/2026,BSP,BILASPUR JN,89,983
20807,3/6/2026,PND,PENDRA ROAD,125,1086
20807,3/6/2026,APR,ANUPPUR JN,122,1136
20807,3/6/2026,BUH,BURHAR,132,1157
20807,3/6/2026,SDL,SHAHDOL,126,1177
20807,3/6/2026,UMR,UMARIA,125,1244
20807,3/6/2026,KMZ,KATNI MURWARA,98,1302
20807,3/6/2026,DMO,DAMOH,127,1411
20807,3/6/2026,SGO,SAUGOR,136,1489
20807,3/6/2026,KYE,KHURAI,128,1542
20807,3/6/2026,MAKR,BINA MALKHEDI JN,107,1560
20807,3/6/2026,LAR,LALITPUR,85,1622
20807,3/6/2026,VGLJ,V LAKSHMIBAI JHANSI,87,1712
20807,3/6/2026,DAA,DATIA,85,1737
20807,3/6/2026,GWL,GWALIOR,79,1809
20807,3/6/2026,AGC,AGRA CANTT,40,1928
20807,3/6/2026,MTJ,MATHURA JN,35,1982
20807,3/6/2026,NZM,H NIZAMUDDIN,60,2115
20807,3/6/2026,NDLS,NEW DELHI,115,2122
20807,3/6/2026,BDMJ,BHODWAL MAJRI,,
20807,3/6/2026,PNP,PANIPAT JN,146,2212
20807,3/6/2026,UMB,AMBALA CANT JN,172,2320
20807,3/6/2026,LDH,LUDHIANA JN,166,2434
20807,3/6/2026,JUC,JALANDHAR CITY,133,2491
20807,3/6/2026,BEAS,BEAS,133,2527
20807,3/6/2026,ASR,AMRITSAR JN,121,2570
20807,3/7/2026,VSKP,VISAKHAPATNAM,9,0
20807,3/7/2026,VZM,VIZIANAGRAM JN,28,61
20807,3/7/2026,CHE,SRIKAKULAM ROAD,31,131
20807,3/7/2026,PSA,PALASA,9,203
20807,3/7/2026,BAM,BRAHMAPUR,11,277
20807,3/7/2026,CAP,CHATRAPUR,12,299
20807,3/7/2026,BALU,BALUGAN,19,353
20807,3/7/2026,KUR,KHURDA ROAD JN,67,424
20807,3/7/2026,BBS,BHUBANESWAR,63,443
20807,3/7/2026,NQR,NARAJ MARTHAPUR,51,468
20807,3/7/2026,DNKL,DHENKANAL,58,505
20807,3/7/2026,TLHR,TALCHER,61,558
20807,3/7/2026,ANGL,ANGUL,84,576
20807,3/7/2026,RAIR,RAIRAKHOL,83,661
20807,3/7/2026,RGDA,RAYAGADA,,
20807,3/7/2026,TIG,TITLAGARH,,
20807,3/7/2026,SBP,SAMBALPUR,67,732
20807,3/7/2026,JSGR,JHARSUGUDA ROAD,111,779
20807,3/7/2026,BRJN,BRAJRAJNAGAR,98,790
20807,3/7/2026,BPH,BELPAHAR,101,799
20807,3/7/2026,RIG,RAIGARH,102,850
20807,3/7/2026,KHS,KHARSIA,122,884
20807,3/7/2026,SKT,SAKTI,128,900
20807,3/7/2026,CPH,CHAMPA,147,930
20807,3/7/2026,AKT,AKALTARA,159,956
20807,3/7/2026,BSP,BILASPUR JN,139,983
20807,3/7/2026,PND,PENDRA ROAD,184,1086
20807,3/7/2026,APR,ANUPPUR JN,173,1136
20807,3/7/2026,BUH,BURHAR,172,1157
20807,3/7/2026,SDL,SHAHDOL,164,1177
20807,3/7/2026,UMR,UMARIA,157,1244
20807,3/7/2026,KMZ,KATNI MURWARA,171,1302
20807,3/7/2026,DMO,DAMOH,211,1411
20807,3/7/2026,SGO,SAUGOR,234,1489
20807,3/7/2026,KYE,KHURAI,225,1542
20807,3/7/2026,MAKR,BINA MALKHEDI JN,206,1560
20807,3/7/2026,LAR,LALITPUR,186,1622
20807,3/7/2026,VGLJ,V LAKSHMIBAI JHANSI,199,1712
20807,3/7/2026,DAA,DATIA,209,1737
20807,3/7/2026,GWL,GWALIOR,222,1809
20807,3/7/2026,AGC,AGRA CANTT,210,1928
20807,3/7/2026,MTJ,MATHURA JN,274,1982
20807,3/7/2026,NZM,H NIZAMUDDIN,262,2115
20807,3/7/2026,NDLS,NEW DELHI,276,2122
20807,3/7/2026,BDMJ,BHODWAL MAJRI,,
20807,3/7/2026,PNP,PANIPAT JN,280,2212
20807,3/7/2026,UMB,AMBALA CANT JN,234,2320
20807,3/7/2026,LDH,LUDHIANA JN,225,2434
20807,3/7/2026,JUC,JALANDHAR CITY,162,2491
20807,3/7/2026,BEAS,BEAS,161,2527
20807,3/7/2026,ASR,AMRITSAR JN,163,2570
20807,3/10/2026,VSKP,VISAKHAPATNAM,10,0
20807,3/10/2026,VZM,VIZIANAGRAM JN,25,61
20807,3/10/2026,CHE,SRIKAKULAM ROAD,30,131
20807,3/10/2026,PSA,PALASA,11,203
20807,3/10/2026,BAM,BRAHMAPUR,22,277
20807,3/10/2026,CAP,CHATRAPUR,23,299
20807,3/10/2026,BALU,BALUGAN,23,353
20807,3/10/2026,KUR,KHURDA ROAD JN,26,424
20807,3/10/2026,BBS,BHUBANESWAR,10,443
20807,3/10/2026,NQR,NARAJ MARTHAPUR,0,468
20807,3/10/2026,DNKL,DHENKANAL,0,505
20807,3/10/2026,TLHR,TALCHER,3,558
20807,3/10/2026,ANGL,ANGUL,1,576
20807,3/10/2026,RAIR,RAIRAKHOL,9,661
20807,3/10/2026,RGDA,RAYAGADA,,
20807,3/10/2026,TIG,TITLAGARH,,
20807,3/10/2026,SBP,SAMBALPUR,38,732
20807,3/10/2026,JSGR,JHARSUGUDA ROAD,9,779
20807,3/10/2026,BRJN,BRAJRAJNAGAR,34,790
20807,3/10/2026,BPH,BELPAHAR,39,799
20807,3/10/2026,RIG,RAIGARH,32,850
20807,3/10/2026,KHS,KHARSIA,24,884
20807,3/10/2026,SKT,SAKTI,23,900
20807,3/10/2026,CPH,CHAMPA,44,930
20807,3/10/2026,AKT,AKALTARA,63,956
20807,3/10/2026,BSP,BILASPUR JN,51,983
20807,3/10/2026,PND,PENDRA ROAD,83,1086
20807,3/10/2026,APR,ANUPPUR JN,66,1136
20807,3/10/2026,BUH,BURHAR,71,1157
20807,3/10/2026,SDL,SHAHDOL,62,1177
20807,3/10/2026,UMR,UMARIA,72,1244
20807,3/10/2026,KMZ,KATNI MURWARA,93,1302
20807,3/10/2026,DMO,DAMOH,116,1411
20807,3/10/2026,SGO,SAUGOR,124,1489
20807,3/10/2026,KYE,KHURAI,115,1542
20807,3/10/2026,MAKR,BINA MALKHEDI JN,94,1560
20807,3/10/2026,LAR,LALITPUR,83,1622
20807,3/10/2026,VGLJ,V LAKSHMIBAI JHANSI,73,1712
20807,3/10/2026,DAA,DATIA,75,1737
20807,3/10/2026,GWL,GWALIOR,74,1809
20807,3/10/2026,AGC,AGRA CANTT,65,1928
20807,3/10/2026,MTJ,MATHURA JN,96,1982
20807,3/10/2026,NZM,H NIZAMUDDIN,70,2115
20807,3/10/2026,NDLS,NEW DELHI,79,2122
20807,3/10/2026,BDMJ,BHODWAL MAJRI,,
20807,3/10/2026,PNP,PANIPAT JN,150,2212
20807,3/10/2026,UMB,AMBALA CANT JN,145,2320
20807,3/10/2026,LDH,LUDHIANA JN,142,2434
20807,3/10/2026,JUC,JALANDHAR CITY,82,2491
20807,3/10/2026,BEAS,BEAS,82,2527
20807,3/10/2026,ASR,AMRITSAR JN,68,2570
20807,3/13/2026,VSKP,VISAKHAPATNAM,15,0
20807,3/13/2026,VZM,VIZIANAGRAM JN,22,61
20807,3/13/2026,CHE,SRIKAKULAM ROAD,25,131
20807,3/13/2026,PSA,PALASA,1,203
20807,3/13/2026,BAM,BRAHMAPUR,25,277
20807,3/13/2026,CAP,CHATRAPUR,28,299
20807,3/13/2026,BALU,BALUGAN,36,353
20807,3/13/2026,KUR,KHURDA ROAD JN,60,424
20807,3/13/2026,BBS,BHUBANESWAR,46,443
20807,3/13/2026,NQR,NARAJ MARTHAPUR,34,468
20807,3/13/2026,DNKL,DHENKANAL,32,505
20807,3/13/2026,TLHR,TALCHER,54,558
20807,3/13/2026,ANGL,ANGUL,80,576
20807,3/13/2026,RAIR,RAIRAKHOL,77,661
20807,3/13/2026,RGDA,RAYAGADA,,
20807,3/13/2026,TIG,TITLAGARH,,
20807,3/13/2026,SBP,SAMBALPUR,94,732
20807,3/13/2026,JSGR,JHARSUGUDA ROAD,136,779
20807,3/13/2026,BRJN,BRAJRAJNAGAR,153,790
20807,3/13/2026,BPH,BELPAHAR,163,799
20807,3/13/2026,RIG,RAIGARH,167,850
20807,3/13/2026,KHS,KHARSIA,179,884
20807,3/13/2026,SKT,SAKTI,181,900
20807,3/13/2026,CPH,CHAMPA,180,930
20807,3/13/2026,AKT,AKALTARA,181,956
20807,3/13/2026,BSP,BILASPUR JN,198,983
20807,3/13/2026,PND,PENDRA ROAD,226,1086
20807,3/13/2026,APR,ANUPPUR JN,219,1136
20807,3/13/2026,BUH,BURHAR,221,1157
20807,3/13/2026,SDL,SHAHDOL,217,1177
20807,3/13/2026,UMR,UMARIA,216,1244
20807,3/13/2026,KMZ,KATNI MURWARA,192,1302
20807,3/13/2026,DMO,DAMOH,230,1411
20807,3/13/2026,SGO,SAUGOR,250,1489
20807,3/13/2026,KYE,KHURAI,244,1542
20807,3/13/2026,MAKR,BINA MALKHEDI JN,222,1560
20807,3/13/2026,LAR,LALITPUR,226,1622
20807,3/13/2026,VGLJ,V LAKSHMIBAI JHANSI,223,1712
20807,3/13/2026,DAA,DATIA,244,1737
20807,3/13/2026,GWL,GWALIOR,238,1809
20807,3/13/2026,AGC,AGRA CANTT,228,1928
20807,3/13/2026,MTJ,MATHURA JN,225,1982
20807,3/13/2026,NZM,H NIZAMUDDIN,204,2115
20807,3/13/2026,NDLS,NEW DELHI,213,2122
20807,3/13/2026,BDMJ,BHODWAL MAJRI,,
20807,3/13/2026,PNP,PANIPAT JN,230,2212
20807,3/13/2026,UMB,AMBALA CANT JN,179,2320
20807,3/13/2026,LDH,LUDHIANA JN,163,2434
20807,3/13/2026,JUC,JALANDHAR CITY,144,2491
20807,3/13/2026,BEAS,BEAS,147,2527
20807,3/13/2026,ASR,AMRITSAR JN,133,2570
20807,3/14/2026,VSKP,VISAKHAPATNAM,1,0
20807,3/14/2026,VZM,VIZIANAGRAM JN,13,61
20807,3/14/2026,CHE,SRIKAKULAM ROAD,12,131
20807,3/14/2026,PSA,PALASA,0,203
20807,3/14/2026,BAM,BRAHMAPUR,1,277
20807,3/14/2026,CAP,CHATRAPUR,0,299
20807,3/14/2026,BALU,BALUGAN,0,353
20807,3/14/2026,KUR,KHURDA ROAD JN,14,424
20807,3/14/2026,BBS,BHUBANESWAR,5,443
20807,3/14/2026,NQR,NARAJ MARTHAPUR,0,468
20807,3/14/2026,DNKL,DHENKANAL,12,505
20807,3/14/2026,TLHR,TALCHER,19,558
20807,3/14/2026,ANGL,ANGUL,24,576
20807,3/14/2026,RAIR,RAIRAKHOL,29,661
20807,3/14/2026,RGDA,RAYAGADA,,
20807,3/14/2026,TIG,TITLAGARH,,
20807,3/14/2026,SBP,SAMBALPUR,33,732
20807,3/14/2026,JSGR,JHARSUGUDA ROAD,20,779
20807,3/14/2026,BRJN,BRAJRAJNAGAR,14,790
20807,3/14/2026,BPH,BELPAHAR,18,799
20807,3/14/2026,RIG,RAIGARH,37,850
20807,3/14/2026,KHS,KHARSIA,60,884
20807,3/14/2026,SKT,SAKTI,63,900
20807,3/14/2026,CPH,CHAMPA,61,930
20807,3/14/2026,AKT,AKALTARA,59,956
20807,3/14/2026,BSP,BILASPUR JN,44,983
20807,3/14/2026,PND,PENDRA ROAD,100,1086
20807,3/14/2026,APR,ANUPPUR JN,108,1136
20807,3/14/2026,BUH,BURHAR,112,1157
20807,3/14/2026,SDL,SHAHDOL,113,1177
20807,3/14/2026,UMR,UMARIA,125,1244
20807,3/14/2026,KMZ,KATNI MURWARA,93,1302
20807,3/14/2026,DMO,DAMOH,116,1411
20807,3/14/2026,SGO,SAUGOR,129,1489
20807,3/14/2026,KYE,KHURAI,126,1542
20807,3/14/2026,MAKR,BINA MALKHEDI JN,112,1560
20807,3/14/2026,LAR,LALITPUR,96,1622
20807,3/14/2026,VGLJ,V LAKSHMIBAI JHANSI,106,1712
20807,3/14/2026,DAA,DATIA,105,1737
20807,3/14/2026,GWL,GWALIOR,85,1809
20807,3/14/2026,AGC,AGRA CANTT,52,1928
20807,3/14/2026,MTJ,MATHURA JN,48,1982
20807,3/14/2026,NZM,H NIZAMUDDIN,21,2115
20807,3/14/2026,NDLS,NEW DELHI,23,2122
20807,3/14/2026,BDMJ,BHODWAL MAJRI,,
20807,3/14/2026,PNP,PANIPAT JN,39,2212
20807,3/14/2026,UMB,AMBALA CANT JN,2,2320
20807,3/14/2026,LDH,LUDHIANA JN,16,2434
20807,3/14/2026,JUC,JALANDHAR CITY,0,2491
20807,3/14/2026,BEAS,BEAS,1,2527
20807,3/14/2026,ASR,AMRITSAR JN,-16,2570
20807,3/17/2026,VSKP,VISAKHAPATNAM,5,0
20807,3/17/2026,VZM,VIZIANAGRAM JN,17,61
20807,3/17/2026,CHE,SRIKAKULAM ROAD,15,131
20807,3/17/2026,PSA,PALASA,1,203
20807,3/17/2026,BAM,BRAHMAPUR,10,277
20807,3/17/2026,CAP,CHATRAPUR,11,299
20807,3/17/2026,BALU,BALUGAN,9,353
20807,3/17/2026,KUR,KHURDA ROAD JN,35,424
20807,3/17/2026,BBS,BHUBANESWAR,22,443
20807,3/17/2026,NQR,NARAJ MARTHAPUR,10,468
20807,3/17/2026,DNKL,DHENKANAL,38,505
20807,3/17/2026,TLHR,TALCHER,19,558
20807,3/17/2026,ANGL,ANGUL,6,576
20807,3/17/2026,RAIR,RAIRAKHOL,37,661
20807,3/17/2026,RGDA,RAYAGADA,,
20807,3/17/2026,TIG,TITLAGARH,,
20807,3/17/2026,SBP,SAMBALPUR,25,732
20807,3/17/2026,JSGR,JHARSUGUDA ROAD,35,779
20807,3/17/2026,BRJN,BRAJRAJNAGAR,24,790
20807,3/17/2026,BPH,BELPAHAR,28,799
20807,3/17/2026,RIG,RAIGARH,32,850
20807,3/17/2026,KHS,KHARSIA,54,884
20807,3/17/2026,SKT,SAKTI,66,900
20807,3/17/2026,CPH,CHAMPA,83,930
20807,3/17/2026,AKT,AKALTARA,84,956
20807,3/17/2026,BSP,BILASPUR JN,67,983
20807,3/17/2026,PND,PENDRA ROAD,126,1086
20807,3/17/2026,APR,ANUPPUR JN,125,1136
20807,3/17/2026,BUH,BURHAR,135,1157
20807,3/17/2026,SDL,SHAHDOL,138,1177
20807,3/17/2026,UMR,UMARIA,144,1244
20807,3/17/2026,KMZ,KATNI MURWARA,122,1302
20807,3/17/2026,DMO,DAMOH,147,1411
20807,3/17/2026,SGO,SAUGOR,156,1489
20807,3/17/2026,KYE,KHURAI,152,1542
20807,3/17/2026,MAKR,BINA MALKHEDI JN,133,1560
20807,3/17/2026,LAR,LALITPUR,118,1622
20807,3/17/2026,VGLJ,V LAKSHMIBAI JHANSI,123,1712
20807,3/17/2026,DAA,DATIA,122,1737
20807,3/17/2026,GWL,GWALIOR,111,1809
20807,3/17/2026,AGC,AGRA CANTT,82,1928
20807,3/17/2026,MTJ,MATHURA JN,74,1982
20807,3/17/2026,NZM,H NIZAMUDDIN,53,2115
20807,3/17/2026,NDLS,NEW DELHI,51,2122
20807,3/17/2026,BDMJ,BHODWAL MAJRI,,
20807,3/17/2026,PNP,PANIPAT JN,69,2212
20807,3/17/2026,UMB,AMBALA CANT JN,72,2320
20807,3/17/2026,LDH,LUDHIANA JN,88,2434
20807,3/17/2026,JUC,JALANDHAR CITY,51,2491
20807,3/17/2026,BEAS,BEAS,57,2527
20807,3/17/2026,ASR,AMRITSAR JN,51,2570
20807,3/20/2026,VSKP,VISAKHAPATNAM,0,0
20807,3/20/2026,VZM,VIZIANAGRAM JN,18,61
20807,3/20/2026,CHE,SRIKAKULAM ROAD,22,131
20807,3/20/2026,PSA,PALASA,3,203
20807,3/20/2026,BAM,BRAHMAPUR,26,277
20807,3/20/2026,CAP,CHATRAPUR,24,299
20807,3/20/2026,BALU,BALUGAN,26,353
20807,3/20/2026,KUR,KHURDA ROAD JN,96,424
20807,3/20/2026,BBS,BHUBANESWAR,83,443
20807,3/20/2026,NQR,NARAJ MARTHAPUR,70,468
20807,3/20/2026,DNKL,DHENKANAL,79,505
20807,3/20/2026,TLHR,TALCHER,112,558
20807,3/20/2026,ANGL,ANGUL,117,576
20807,3/20/2026,RAIR,RAIRAKHOL,119,661
20807,3/20/2026,RGDA,RAYAGADA,,
20807,3/20/2026,TIG,TITLAGARH,,
20807,3/20/2026,SBP,SAMBALPUR,116,732
20807,3/20/2026,JSGR,JHARSUGUDA ROAD,132,779
20807,3/20/2026,BRJN,BRAJRAJNAGAR,117,790
20807,3/20/2026,BPH,BELPAHAR,121,799
20807,3/20/2026,RIG,RAIGARH,119,850
20807,3/20/2026,KHS,KHARSIA,132,884
20807,3/20/2026,SKT,SAKTI,134,900
20807,3/20/2026,CPH,CHAMPA,131,930
20807,3/20/2026,AKT,AKALTARA,145,956
20807,3/20/2026,BSP,BILASPUR JN,129,983
20807,3/20/2026,PND,PENDRA ROAD,159,1086
20807,3/20/2026,APR,ANUPPUR JN,151,1136
20807,3/20/2026,BUH,BURHAR,155,1157
20807,3/20/2026,SDL,SHAHDOL,151,1177
20807,3/20/2026,UMR,UMARIA,152,1244
20807,3/20/2026,KMZ,KATNI MURWARA,152,1302
20807,3/20/2026,DMO,DAMOH,174,1411
20807,3/20/2026,SGO,SAUGOR,188,1489
20807,3/20/2026,KYE,KHURAI,184,1542
20807,3/20/2026,MAKR,BINA MALKHEDI JN,166,1560
20807,3/20/2026,LAR,LALITPUR,161,1622
20807,3/20/2026,VGLJ,V LAKSHMIBAI JHANSI,161,1712
20807,3/20/2026,DAA,DATIA,160,1737
20807,3/20/2026,GWL,GWALIOR,145,1809
20807,3/20/2026,AGC,AGRA CANTT,124,1928
20807,3/20/2026,MTJ,MATHURA JN,119,1982
20807,3/20/2026,NZM,H NIZAMUDDIN,104,2115
20807,3/20/2026,NDLS,NEW DELHI,125,2122
20807,3/20/2026,BDMJ,BHODWAL MAJRI,,
20807,3/20/2026,PNP,PANIPAT JN,143,2212
20807,3/20/2026,UMB,AMBALA CANT JN,158,2320
20807,3/20/2026,LDH,LUDHIANA JN,190,2434
20807,3/20/2026,JUC,JALANDHAR CITY,145,2491
20807,3/20/2026,BEAS,BEAS,145,2527
20807,3/20/2026,ASR,AMRITSAR JN,162,2570
20807,3/21/2026,VSKP,VISAKHAPATNAM,3,0
20807,3/21/2026,VZM,VIZIANAGRAM JN,19,61
20807,3/21/2026,CHE,SRIKAKULAM ROAD,16,131
20807,3/21/2026,PSA,PALASA,6,203
20807,3/21/2026,BAM,BRAHMAPUR,16,277
20807,3/21/2026,CAP,CHATRAPUR,14,299
20807,3/21/2026,BALU,BALUGAN,13,353
20807,3/21/2026,KUR,KHURDA ROAD JN,3,424
20807,3/21/2026,BBS,BHUBANESWAR,5,443
20807,3/21/2026,NQR,NARAJ MARTHAPUR,0,468
20807,3/21/2026,DNKL,DHENKANAL,3,505
20807,3/21/2026,TLHR,TALCHER,44,558
20807,3/21/2026,ANGL,ANGUL,47,576
20807,3/21/2026,RAIR,RAIRAKHOL,57,661
20807,3/21/2026,RGDA,RAYAGADA,,
20807,3/21/2026,TIG,TITLAGARH,,
20807,3/21/2026,SBP,SAMBALPUR,51,732
20807,3/21/2026,JSGR,JHARSUGUDA ROAD,1545,779
20807,3/21/2026,BRJN,BRAJRAJNAGAR,81,790
20807,3/21/2026,BPH,BELPAHAR,84,799
20807,3/21/2026,RIG,RAIGARH,87,850
20807,3/21/2026,KHS,KHARSIA,101,884
20807,3/21/2026,SKT,SAKTI,105,900
20807,3/21/2026,CPH,CHAMPA,114,930
20807,3/21/2026,AKT,AKALTARA,118,956
20807,3/21/2026,BSP,BILASPUR JN,93,983
20807,3/21/2026,PND,PENDRA ROAD,154,1086
20807,3/21/2026,APR,ANUPPUR JN,140,1136
20807,3/21/2026,BUH,BURHAR,146,1157
20807,3/21/2026,SDL,SHAHDOL,145,1177
20807,3/21/2026,UMR,UMARIA,172,1244
20807,3/21/2026,KMZ,KATNI MURWARA,177,1302
20807,3/21/2026,DMO,DAMOH,184,1411
20807,3/21/2026,SGO,SAUGOR,202,1489
20807,3/21/2026,KYE,KHURAI,190,1542
20807,3/21/2026,MAKR,BINA MALKHEDI JN,168,1560
20807,3/21/2026,LAR,LALITPUR,161,1622
20807,3/21/2026,VGLJ,V LAKSHMIBAI JHANSI,153,1712
20807,3/21/2026,DAA,DATIA,144,1737
20807,3/21/2026,GWL,GWALIOR,141,1809
20807,3/21/2026,AGC,AGRA CANTT,171,1928
20807,3/21/2026,MTJ,MATHURA JN,194,1982
20807,3/21/2026,NZM,H NIZAMUDDIN,205,2115
20807,3/21/2026,NDLS,NEW DELHI,199,2122
20807,3/21/2026,BDMJ,BHODWAL MAJRI,,
20807,3/21/2026,PNP,PANIPAT JN,202,2212
20807,3/21/2026,UMB,AMBALA CANT JN,169,2320
20807,3/21/2026,LDH,LUDHIANA JN,152,2434
20807,3/21/2026,JUC,JALANDHAR CITY,87,2491
20807,3/21/2026,BEAS,BEAS,88,2527
20807,3/21/2026,ASR,AMRITSAR JN,70,2570
20807,3/24/2026,VSKP,VISAKHAPATNAM,7,0
20807,3/24/2026,VZM,VIZIANAGRAM JN,20,61
20807,3/24/2026,CHE,SRIKAKULAM ROAD,12,131
20807,3/24/2026,PSA,PALASA,0,203
20807,3/24/2026,BAM,BRAHMAPUR,21,277
20807,3/24/2026,CAP,CHATRAPUR,21,299
20807,3/24/2026,BALU,BALUGAN,27,353
20807,3/24/2026,KUR,KHURDA ROAD JN,43,424
20807,3/24/2026,BBS,BHUBANESWAR,30,443
20807,3/24/2026,NQR,NARAJ MARTHAPUR,18,468
20807,3/24/2026,DNKL,DHENKANAL,33,505
20807,3/24/2026,TLHR,TALCHER,60,558
20807,3/24/2026,ANGL,ANGUL,61,576
20807,3/24/2026,RAIR,RAIRAKHOL,70,661
20807,3/24/2026,RGDA,RAYAGADA,,
20807,3/24/2026,TIG,TITLAGARH,,
20807,3/24/2026,SBP,SAMBALPUR,66,732
20807,3/24/2026,JSGR,JHARSUGUDA ROAD,68,779
20807,3/24/2026,BRJN,BRAJRAJNAGAR,52,790
20807,3/24/2026,BPH,BELPAHAR,55,799
20807,3/24/2026,RIG,RAIGARH,51,850
20807,3/24/2026,KHS,KHARSIA,73,884
20807,3/24/2026,SKT,SAKTI,76,900
20807,3/24/2026,CPH,CHAMPA,79,930
20807,3/24/2026,AKT,AKALTARA,88,956
20807,3/24/2026,BSP,BILASPUR JN,89,983
20807,3/24/2026,PND,PENDRA ROAD,142,1086
20807,3/24/2026,APR,ANUPPUR JN,137,1136
20807,3/24/2026,BUH,BURHAR,147,1157
20807,3/24/2026,SDL,SHAHDOL,152,1177
20807,3/24/2026,UMR,UMARIA,179,1244
20807,3/24/2026,KMZ,KATNI MURWARA,191,1302
20807,3/24/2026,DMO,DAMOH,211,1411
20807,3/24/2026,SGO,SAUGOR,228,1489
20807,3/24/2026,KYE,KHURAI,228,1542
20807,3/24/2026,MAKR,BINA MALKHEDI JN,206,1560
20807,3/24/2026,LAR,LALITPUR,303,1622
20807,3/24/2026,VGLJ,V LAKSHMIBAI JHANSI,324,1712
20807,3/24/2026,DAA,DATIA,329,1737
20807,3/24/2026,GWL,GWALIOR,318,1809
20807,3/24/2026,AGC,AGRA CANTT,489,1928
20807,3/24/2026,MTJ,MATHURA JN,477,1982
20807,3/24/2026,NZM,H NIZAMUDDIN,471,2115
20807,3/24/2026,NDLS,NEW DELHI,470,2122
20807,3/24/2026,BDMJ,BHODWAL MAJRI,,
20807,3/24/2026,PNP,PANIPAT JN,511,2212
20807,3/24/2026,UMB,AMBALA CANT JN,531,2320
20807,3/24/2026,LDH,LUDHIANA JN,527,2434
20807,3/24/2026,JUC,JALANDHAR CITY,483,2491
20807,3/24/2026,BEAS,BEAS,487,2527
20807,3/24/2026,ASR,AMRITSAR JN,471,2570
20807,3/27/2026,VSKP,VISAKHAPATNAM,0,0
20807,3/27/2026,VZM,VIZIANAGRAM JN,5,61
20807,3/27/2026,CHE,SRIKAKULAM ROAD,2,131
20807,3/27/2026,PSA,PALASA,0,203
20807,3/27/2026,BAM,BRAHMAPUR,12,277
20807,3/27/2026,CAP,CHATRAPUR,22,299
20807,3/27/2026,BALU,BALUGAN,28,353
20807,3/27/2026,KUR,KHURDA ROAD JN,39,424
20807,3/27/2026,BBS,BHUBANESWAR,24,443
20807,3/27/2026,NQR,NARAJ MARTHAPUR,14,468
20807,3/27/2026,DNKL,DHENKANAL,17,505
20807,3/27/2026,TLHR,TALCHER,11,558
20807,3/27/2026,ANGL,ANGUL,0,576
20807,3/27/2026,RAIR,RAIRAKHOL,15,661
20807,3/27/2026,RGDA,RAYAGADA,,
20807,3/27/2026,TIG,TITLAGARH,,
20807,3/27/2026,SBP,SAMBALPUR,27,732
20807,3/27/2026,JSGR,JHARSUGUDA ROAD,19,779
20807,3/27/2026,BRJN,BRAJRAJNAGAR,5,790
20807,3/27/2026,BPH,BELPAHAR,7,799
20807,3/27/2026,RIG,RAIGARH,4,850
20807,3/27/2026,KHS,KHARSIA,18,884
20807,3/27/2026,SKT,SAKTI,27,900
20807,3/27/2026,CPH,CHAMPA,24,930
20807,3/27/2026,AKT,AKALTARA,33,956
20807,3/27/2026,BSP,BILASPUR JN,18,983
20807,3/27/2026,PND,PENDRA ROAD,85,1086
20807,3/27/2026,APR,ANUPPUR JN,69,1136
20807,3/27/2026,BUH,BURHAR,72,1157
20807,3/27/2026,SDL,SHAHDOL,64,1177
20807,3/27/2026,UMR,UMARIA,62,1244
20807,3/27/2026,KMZ,KATNI MURWARA,31,1302
20807,3/27/2026,DMO,DAMOH,41,1411
20807,3/27/2026,SGO,SAUGOR,44,1489
20807,3/27/2026,KYE,KHURAI,34,1542
20807,3/27/2026,MAKR,BINA MALKHEDI JN,13,1560
20807,3/27/2026,LAR,LALITPUR,1,1622
20807,3/27/2026,VGLJ,V LAKSHMIBAI JHANSI,0,1712
20807,3/27/2026,DAA,DATIA,1,1737
20807,3/27/2026,GWL,GWALIOR,0,1809
20807,3/27/2026,AGC,AGRA CANTT,1,1928
20807,3/27/2026,MTJ,MATHURA JN,0,1982
20807,3/27/2026,NZM,H NIZAMUDDIN,0,2115
20807,3/27/2026,NDLS,NEW DELHI,1,2122
20807,3/27/2026,BDMJ,BHODWAL MAJRI,,
20807,3/27/2026,PNP,PANIPAT JN,35,2212
20807,3/27/2026,UMB,AMBALA CANT JN,24,2320
20807,3/27/2026,LDH,LUDHIANA JN,59,2434
20807,3/27/2026,JUC,JALANDHAR CITY,0,2491
20807,3/27/2026,BEAS,BEAS,1,2527
20807,3/27/2026,ASR,AMRITSAR JN,-12,2570
20807,3/28/2026,VSKP,VISAKHAPATNAM,32,0
20807,3/28/2026,VZM,VIZIANAGRAM JN,49,61
20807,3/28/2026,CHE,SRIKAKULAM ROAD,43,131
20807,3/28/2026,PSA,PALASA,30,203
20807,3/28/2026,BAM,BRAHMAPUR,59,277
20807,3/28/2026,CAP,CHATRAPUR,58,299
20807,3/28/2026,BALU,BALUGAN,69,353
20807,3/28/2026,KUR,KHURDA ROAD JN,100,424
20807,3/28/2026,BBS,BHUBANESWAR,104,443
20807,3/28/2026,NQR,NARAJ MARTHAPUR,93,468
20807,3/28/2026,DNKL,DHENKANAL,99,505
20807,3/28/2026,TLHR,TALCHER,106,558
20807,3/28/2026,ANGL,ANGUL,118,576
20807,3/28/2026,RAIR,RAIRAKHOL,125,661
20807,3/28/2026,RGDA,RAYAGADA,,
20807,3/28/2026,TIG,TITLAGARH,,
20807,3/28/2026,SBP,SAMBALPUR,118,732
20807,3/28/2026,JSGR,JHARSUGUDA ROAD,196,779
20807,3/28/2026,BRJN,BRAJRAJNAGAR,180,790
20807,3/28/2026,BPH,BELPAHAR,187,799
20807,3/28/2026,RIG,RAIGARH,187,850
20807,3/28/2026,KHS,KHARSIA,203,884
20807,3/28/2026,SKT,SAKTI,206,900
20807,3/28/2026,CPH,CHAMPA,202,930
20807,3/28/2026,AKT,AKALTARA,218,956
20807,3/28/2026,BSP,BILASPUR JN,220,983
20807,3/28/2026,PND,PENDRA ROAD,256,1086
20807,3/28/2026,APR,ANUPPUR JN,254,1136
20807,3/28/2026,BUH,BURHAR,257,1157
20807,3/28/2026,SDL,SHAHDOL,246,1177
20807,3/28/2026,UMR,UMARIA,241,1244
20807,3/28/2026,KMZ,KATNI MURWARA,234,1302
20807,3/28/2026,DMO,DAMOH,256,1411
20807,3/28/2026,SGO,SAUGOR,270,1489
20807,3/28/2026,KYE,KHURAI,257,1542
20807,3/28/2026,MAKR,BINA MALKHEDI JN,243,1560
20807,3/28/2026,LAR,LALITPUR,231,1622
20807,3/28/2026,VGLJ,V LAKSHMIBAI JHANSI,233,1712
20807,3/28/2026,DAA,DATIA,236,1737
20807,3/28/2026,GWL,GWALIOR,235,1809
20807,3/28/2026,AGC,AGRA CANTT,225,1928
20807,3/28/2026,MTJ,MATHURA JN,223,1982
20807,3/28/2026,NZM,H NIZAMUDDIN,205,2115
20807,3/28/2026,NDLS,NEW DELHI,230,2122
20807,3/28/2026,BDMJ,BHODWAL MAJRI,,
20807,3/28/2026,PNP,PANIPAT JN,254,2212
20807,3/28/2026,UMB,AMBALA CANT JN,235,2320
20807,3/28/2026,LDH,LUDHIANA JN,231,2434
20807,3/28/2026,JUC,JALANDHAR CITY,183,2491
20807,3/28/2026,BEAS,BEAS,182,2527
20807,3/28/2026,ASR,AMRITSAR JN,174,2570
20807,3/31/2026,VSKP,VISAKHAPATNAM,2,0
20807,3/31/2026,VZM,VIZIANAGRAM JN,6,61
20807,3/31/2026,CHE,SRIKAKULAM ROAD,0,131
20807,3/31/2026,PSA,PALASA,0,203
20807,3/31/2026,BAM,BRAHMAPUR,7,277
20807,3/31/2026,CAP,CHATRAPUR,4,299
20807,3/31/2026,BALU,BALUGAN,3,353
20807,3/31/2026,KUR,KHURDA ROAD JN,42,424
20807,3/31/2026,BBS,BHUBANESWAR,30,443
20807,3/31/2026,NQR,NARAJ MARTHAPUR,15,468
20807,3/31/2026,DNKL,DHENKANAL,24,505
20807,3/31/2026,TLHR,TALCHER,20,558
20807,3/31/2026,ANGL,ANGUL,49,576
20807,3/31/2026,RAIR,RAIRAKHOL,56,661
20807,3/31/2026,RGDA,RAYAGADA,,
20807,3/31/2026,TIG,TITLAGARH,,
20807,3/31/2026,SBP,SAMBALPUR,99,732
20807,3/31/2026,JSGR,JHARSUGUDA ROAD,105,779
20807,3/31/2026,BRJN,BRAJRAJNAGAR,105,790
20807,3/31/2026,BPH,BELPAHAR,107,799
20807,3/31/2026,RIG,RAIGARH,131,850
20807,3/31/2026,KHS,KHARSIA,153,884
20807,3/31/2026,SKT,SAKTI,156,900
20807,3/31/2026,CPH,CHAMPA,164,930
20807,3/31/2026,AKT,AKALTARA,166,956
20807,3/31/2026,BSP,BILASPUR JN,152,983
20807,3/31/2026,PND,PENDRA ROAD,200,1086
20807,3/31/2026,APR,ANUPPUR JN,216,1136
20807,3/31/2026,BUH,BURHAR,219,1157
20807,3/31/2026,SDL,SHAHDOL,210,1177
20807,3/31/2026,UMR,UMARIA,212,1244
20807,3/31/2026,KMZ,KATNI MURWARA,187,1302
20807,3/31/2026,DMO,DAMOH,215,1411
20807,3/31/2026,SGO,SAUGOR,239,1489
20807,3/31/2026,KYE,KHURAI,236,1542
20807,3/31/2026,MAKR,BINA MALKHEDI JN,215,1560
20807,3/31/2026,LAR,LALITPUR,192,1622
20807,3/31/2026,VGLJ,V LAKSHMIBAI JHANSI,192,1712
20807,3/31/2026,DAA,DATIA,196,1737
20807,3/31/2026,GWL,GWALIOR,211,1809
20807,3/31/2026,AGC,AGRA CANTT,204,1928
20807,3/31/2026,MTJ,MATHURA JN,205,1982
20807,3/31/2026,NZM,H NIZAMUDDIN,206,2115
20807,3/31/2026,NDLS,NEW DELHI,237,2122
20807,3/31/2026,BDMJ,BHODWAL MAJRI,,
20807,3/31/2026,PNP,PANIPAT JN,252,2212
20807,3/31/2026,UMB,AMBALA CANT JN,229,2320
20807,3/31/2026,LDH,LUDHIANA JN,261,2434
20807,3/31/2026,JUC,JALANDHAR CITY,205,2491
20807,3/31/2026,BEAS,BEAS,202,2527
20807,3/31/2026,ASR,AMRITSAR JN,218,2570
20807,4/3/2026,VSKP,VISAKHAPATNAM,1,0
20807,4/3/2026,VZM,VIZIANAGRAM JN,1,61
20807,4/3/2026,CHE,SRIKAKULAM ROAD,0,131
20807,4/3/2026,PSA,PALASA,0,203
20807,4/3/2026,BAM,BRAHMAPUR,6,277
20807,4/3/2026,CAP,CHATRAPUR,7,299
20807,4/3/2026,BALU,BALUGAN,7,353
20807,4/3/2026,KUR,KHURDA ROAD JN,7,424
20807,4/3/2026,BBS,BHUBANESWAR,0,443
20807,4/3/2026,NQR,NARAJ MARTHAPUR,0,468
20807,4/3/2026,DNKL,DHENKANAL,4,505
20807,4/3/2026,TLHR,TALCHER,18,558
20807,4/3/2026,ANGL,ANGUL,23,576
20807,4/3/2026,RAIR,RAIRAKHOL,32,661
20807,4/3/2026,RGDA,RAYAGADA,,
20807,4/3/2026,TIG,TITLAGARH,,
20807,4/3/2026,SBP,SAMBALPUR,47,732
20807,4/3/2026,JSGR,JHARSUGUDA ROAD,39,779
20807,4/3/2026,BRJN,BRAJRAJNAGAR,49,790
20807,4/3/2026,BPH,BELPAHAR,46,799
20807,4/3/2026,RIG,RAIGARH,46,850
20807,4/3/2026,KHS,KHARSIA,81,884
20807,4/3/2026,SKT,SAKTI,87,900
20807,4/3/2026,CPH,CHAMPA,97,930
20807,4/3/2026,AKT,AKALTARA,94,956
20807,4/3/2026,BSP,BILASPUR JN,69,983
20807,4/3/2026,PND,PENDRA ROAD,106,1086
20807,4/3/2026,APR,ANUPPUR JN,110,1136
20807,4/3/2026,BUH,BURHAR,114,1157
20807,4/3/2026,SDL,SHAHDOL,118,1177
20807,4/3/2026,UMR,UMARIA,126,1244
20807,4/3/2026,KMZ,KATNI MURWARA,126,1302
20807,4/3/2026,DMO,DAMOH,134,1411
20807,4/3/2026,SGO,SAUGOR,151,1489
20807,4/3/2026,KYE,KHURAI,152,1542
20807,4/3/2026,MAKR,BINA MALKHEDI JN,136,1560
20807,4/3/2026,LAR,LALITPUR,112,1622
20807,4/3/2026,VGLJ,V LAKSHMIBAI JHANSI,104,1712
20807,4/3/2026,DAA,DATIA,103,1737
20807,4/3/2026,GWL,GWALIOR,89,1809
20807,4/3/2026,AGC,AGRA CANTT,69,1928
20807,4/3/2026,MTJ,MATHURA JN,66,1982
20807,4/3/2026,NZM,H NIZAMUDDIN,91,2115
20807,4/3/2026,NDLS,NEW DELHI,91,2122
20807,4/3/2026,BDMJ,BHODWAL MAJRI,,
20807,4/3/2026,PNP,PANIPAT JN,112,2212
20807,4/3/2026,UMB,AMBALA CANT JN,66,2320
20807,4/3/2026,LDH,LUDHIANA JN,66,2434
20807,4/3/2026,JUC,JALANDHAR CITY,8,2491
20807,4/3/2026,BEAS,BEAS,7,2527
20807,4/3/2026,ASR,AMRITSAR JN,-4,2570
20807,4/4/2026,VSKP,VISAKHAPATNAM,1,0
20807,4/4/2026,VZM,VIZIANAGRAM JN,9,61
20807,4/4/2026,CHE,SRIKAKULAM ROAD,9,131
20807,4/4/2026,PSA,PALASA,7,203
20807,4/4/2026,BAM,BRAHMAPUR,57,277
20807,4/4/2026,CAP,CHATRAPUR,56,299
20807,4/4/2026,BALU,BALUGAN,58,353
20807,4/4/2026,KUR,KHURDA ROAD JN,66,424
20807,4/4/2026,BBS,BHUBANESWAR,56,443
20807,4/4/2026,NQR,NARAJ MARTHAPUR,45,468
20807,4/4/2026,DNKL,DHENKANAL,48,505
20807,4/4/2026,TLHR,TALCHER,46,558
20807,4/4/2026,ANGL,ANGUL,59,576
20807,4/4/2026,RAIR,RAIRAKHOL,69,661
20807,4/4/2026,RGDA,RAYAGADA,,
20807,4/4/2026,TIG,TITLAGARH,,
20807,4/4/2026,SBP,SAMBALPUR,59,732
20807,4/4/2026,JSGR,JHARSUGUDA ROAD,50,779
20807,4/4/2026,BRJN,BRAJRAJNAGAR,34,790
20807,4/4/2026,BPH,BELPAHAR,35,799
20807,4/4/2026,RIG,RAIGARH,57,850
20807,4/4/2026,KHS,KHARSIA,84,884
20807,4/4/2026,SKT,SAKTI,86,900
20807,4/4/2026,CPH,CHAMPA,98,930
20807,4/4/2026,AKT,AKALTARA,106,956
20807,4/4/2026,BSP,BILASPUR JN,75,983
20807,4/4/2026,PND,PENDRA ROAD,117,1086
20807,4/4/2026,APR,ANUPPUR JN,123,1136
20807,4/4/2026,BUH,BURHAR,125,1157
20807,4/4/2026,SDL,SHAHDOL,117,1177
20807,4/4/2026,UMR,UMARIA,123,1244
20807,4/4/2026,KMZ,KATNI MURWARA,103,1302
20807,4/4/2026,DMO,DAMOH,129,1411
20807,4/4/2026,SGO,SAUGOR,161,1489
20807,4/4/2026,KYE,KHURAI,148,1542
20807,4/4/2026,MAKR,BINA MALKHEDI JN,132,1560
20807,4/4/2026,LAR,LALITPUR,129,1622
20807,4/4/2026,VGLJ,V LAKSHMIBAI JHANSI,131,1712
20807,4/4/2026,DAA,DATIA,131,1737
20807,4/4/2026,GWL,GWALIOR,118,1809
20807,4/4/2026,AGC,AGRA CANTT,113,1928
20807,4/4/2026,MTJ,MATHURA JN,127,1982
20807,4/4/2026,NZM,H NIZAMUDDIN,142,2115
20807,4/4/2026,NDLS,NEW DELHI,152,2122
20807,4/4/2026,BDMJ,BHODWAL MAJRI,,
20807,4/4/2026,PNP,PANIPAT JN,162,2212
20807,4/4/2026,UMB,AMBALA CANT JN,125,2320
20807,4/4/2026,LDH,LUDHIANA JN,110,2434
20807,4/4/2026,JUC,JALANDHAR CITY,63,2491
20807,4/4/2026,BEAS,BEAS,61,2527
20807,4/4/2026,ASR,AMRITSAR JN,52,2570
20807,4/7/2026,VSKP,VISAKHAPATNAM,0,0
20807,4/7/2026,VZM,VIZIANAGRAM JN,5,61
20807,4/7/2026,CHE,SRIKAKULAM ROAD,0,131
20807,4/7/2026,PSA,PALASA,0,203
20807,4/7/2026,BAM,BRAHMAPUR,4,277
20807,4/7/2026,CAP,CHATRAPUR,1,299
20807,4/7/2026,BALU,BALUGAN,6,353
20807,4/7/2026,KUR,KHURDA ROAD JN,17,424
20807,4/7/2026,BBS,BHUBANESWAR,1,443
20807,4/7/2026,NQR,NARAJ MARTHAPUR,0,468
20807,4/7/2026,DNKL,DHENKANAL,4,505
20807,4/7/2026,TLHR,TALCHER,5,558
20807,4/7/2026,ANGL,ANGUL,24,576
20807,4/7/2026,RAIR,RAIRAKHOL,21,661
20807,4/7/2026,RGDA,RAYAGADA,,
20807,4/7/2026,TIG,TITLAGARH,,
20807,4/7/2026,SBP,SAMBALPUR,0,732
20807,4/7/2026,JSGR,JHARSUGUDA ROAD,0,779
20807,4/7/2026,BRJN,BRAJRAJNAGAR,0,790
20807,4/7/2026,BPH,BELPAHAR,1,799
20807,4/7/2026,RIG,RAIGARH,0,850
20807,4/7/2026,KHS,KHARSIA,9,884
20807,4/7/2026,SKT,SAKTI,11,900
20807,4/7/2026,CPH,CHAMPA,11,930
20807,4/7/2026,AKT,AKALTARA,21,956
20807,4/7/2026,BSP,BILASPUR JN,1,983
20807,4/7/2026,PND,PENDRA ROAD,53,1086
20807,4/7/2026,APR,ANUPPUR JN,45,1136
20807,4/7/2026,BUH,BURHAR,54,1157
20807,4/7/2026,SDL,SHAHDOL,46,1177
20807,4/7/2026,UMR,UMARIA,40,1244
20807,4/7/2026,KMZ,KATNI MURWARA,91,1302
20807,4/7/2026,DMO,DAMOH,100,1411
20807,4/7/2026,SGO,SAUGOR,114,1489
20807,4/7/2026,KYE,KHURAI,103,1542
20807,4/7/2026,MAKR,BINA MALKHEDI JN,82,1560
20807,4/7/2026,LAR,LALITPUR,77,1622
20807,4/7/2026,VGLJ,V LAKSHMIBAI JHANSI,82,1712
20807,4/7/2026,DAA,DATIA,81,1737
20807,4/7/2026,GWL,GWALIOR,78,1809
20807,4/7/2026,AGC,AGRA CANTT,44,1928
20807,4/7/2026,MTJ,MATHURA JN,34,1982
20807,4/7/2026,NZM,H NIZAMUDDIN,30,2115
20807,4/7/2026,NDLS,NEW DELHI,57,2122
20807,4/7/2026,BDMJ,BHODWAL MAJRI,,
20807,4/7/2026,PNP,PANIPAT JN,34,2212
20807,4/7/2026,UMB,AMBALA CANT JN,19,2320
20807,4/7/2026,LDH,LUDHIANA JN,63,2434
20807,4/7/2026,JUC,JALANDHAR CITY,0,2491
20807,4/7/2026,BEAS,BEAS,2,2527
20807,4/7/2026,ASR,AMRITSAR JN,10,2570
20807,4/10/2026,VSKP,VISAKHAPATNAM,0,0
20807,4/10/2026,VZM,VIZIANAGRAM JN,16,61
20807,4/10/2026,CHE,SRIKAKULAM ROAD,16,131
20807,4/10/2026,PSA,PALASA,0,203
20807,4/10/2026,BAM,BRAHMAPUR,11,277
20807,4/10/2026,CAP,CHATRAPUR,10,299
20807,4/10/2026,BALU,BALUGAN,19,353
20807,4/10/2026,KUR,KHURDA ROAD JN,23,424
20807,4/10/2026,BBS,BHUBANESWAR,7,443
20807,4/10/2026,NQR,NARAJ MARTHAPUR,6,468
20807,4/10/2026,DNKL,DHENKANAL,9,505
20807,4/10/2026,TLHR,TALCHER,36,558
20807,4/10/2026,ANGL,ANGUL,50,576
20807,4/10/2026,RAIR,RAIRAKHOL,54,661
20807,4/10/2026,RGDA,RAYAGADA,,
20807,4/10/2026,TIG,TITLAGARH,,
20807,4/10/2026,SBP,SAMBALPUR,55,732
20807,4/10/2026,JSGR,JHARSUGUDA ROAD,47,779
20807,4/10/2026,BRJN,BRAJRAJNAGAR,41,790
20807,4/10/2026,BPH,BELPAHAR,43,799
20807,4/10/2026,RIG,RAIGARH,45,850
20807,4/10/2026,KHS,KHARSIA,59,884
20807,4/10/2026,SKT,SAKTI,68,900
20807,4/10/2026,CPH,CHAMPA,77,930
20807,4/10/2026,AKT,AKALTARA,77,956
20807,4/10/2026,BSP,BILASPUR JN,55,983
20807,4/10/2026,PND,PENDRA ROAD,134,1086
20807,4/10/2026,APR,ANUPPUR JN,118,1136
20807,4/10/2026,BUH,BURHAR,128,1157
20807,4/10/2026,SDL,SHAHDOL,117,1177
20807,4/10/2026,UMR,UMARIA,114,1244
20807,4/10/2026,KMZ,KATNI MURWARA,94,1302
20807,4/10/2026,DMO,DAMOH,102,1411
20807,4/10/2026,SGO,SAUGOR,114,1489
20807,4/10/2026,KYE,KHURAI,117,1542
20807,4/10/2026,MAKR,BINA MALKHEDI JN,96,1560
20807,4/10/2026,LAR,LALITPUR,82,1622
20807,4/10/2026,VGLJ,V LAKSHMIBAI JHANSI,76,1712
20807,4/10/2026,DAA,DATIA,71,1737
20807,4/10/2026,GWL,GWALIOR,51,1809
20807,4/10/2026,AGC,AGRA CANTT,43,1928
20807,4/10/2026,MTJ,MATHURA JN,37,1982
20807,4/10/2026,NZM,H NIZAMUDDIN,15,2115
20807,4/10/2026,NDLS,NEW DELHI,13,2122
20807,4/10/2026,BDMJ,BHODWAL MAJRI,,
20807,4/10/2026,PNP,PANIPAT JN,73,2212
20807,4/10/2026,UMB,AMBALA CANT JN,99,2320
20807,4/10/2026,LDH,LUDHIANA JN,112,2434
20807,4/10/2026,JUC,JALANDHAR CITY,54,2491
20807,4/10/2026,BEAS,BEAS,51,2527
20807,4/10/2026,ASR,AMRITSAR JN,48,2570
20807,4/11/2026,VSKP,VISAKHAPATNAM,10,0
20807,4/11/2026,VZM,VIZIANAGRAM JN,28,61
20807,4/11/2026,CHE,SRIKAKULAM ROAD,26,131
20807,4/11/2026,PSA,PALASA,13,203
20807,4/11/2026,BAM,BRAHMAPUR,31,277
20807,4/11/2026,CAP,CHATRAPUR,32,299
20807,4/11/2026,BALU,BALUGAN,40,353
20807,4/11/2026,KUR,KHURDA ROAD JN,79,424
20807,4/11/2026,BBS,BHUBANESWAR,76,443
20807,4/11/2026,NQR,NARAJ MARTHAPUR,61,468
20807,4/11/2026,DNKL,DHENKANAL,61,505
20807,4/11/2026,TLHR,TALCHER,77,558
20807,4/11/2026,ANGL,ANGUL,80,576
20807,4/11/2026,RAIR,RAIRAKHOL,81,661
20807,4/11/2026,RGDA,RAYAGADA,,
20807,4/11/2026,TIG,TITLAGARH,,
20807,4/11/2026,SBP,SAMBALPUR,77,732
20807,4/11/2026,JSGR,JHARSUGUDA ROAD,84,779
20807,4/11/2026,BRJN,BRAJRAJNAGAR,69,790
20807,4/11/2026,BPH,BELPAHAR,72,799
20807,4/11/2026,RIG,RAIGARH,72,850
20807,4/11/2026,KHS,KHARSIA,93,884
20807,4/11/2026,SKT,SAKTI,98,900
20807,4/11/2026,CPH,CHAMPA,94,930
20807,4/11/2026,AKT,AKALTARA,101,956
20807,4/11/2026,BSP,BILASPUR JN,74,983
20807,4/11/2026,PND,PENDRA ROAD,111,1086
20807,4/11/2026,APR,ANUPPUR JN,119,1136
20807,4/11/2026,BUH,BURHAR,128,1157
20807,4/11/2026,SDL,SHAHDOL,133,1177
20807,4/11/2026,UMR,UMARIA,149,1244
20807,4/11/2026,KMZ,KATNI MURWARA,153,1302
20807,4/11/2026,DMO,DAMOH,161,1411
20807,4/11/2026,SGO,SAUGOR,170,1489
20807,4/11/2026,KYE,KHURAI,159,1542
20807,4/11/2026,MAKR,BINA MALKHEDI JN,138,1560
20807,4/11/2026,LAR,LALITPUR,130,1622
20807,4/11/2026,VGLJ,V LAKSHMIBAI JHANSI,128,1712
20807,4/11/2026,DAA,DATIA,126,1737
20807,4/11/2026,GWL,GWALIOR,108,1809
20807,4/11/2026,AGC,AGRA CANTT,85,1928
20807,4/11/2026,MTJ,MATHURA JN,109,1982
20807,4/11/2026,NZM,H NIZAMUDDIN,119,2115
20807,4/11/2026,NDLS,NEW DELHI,122,2122
20807,4/11/2026,BDMJ,BHODWAL MAJRI,,
20807,4/11/2026,PNP,PANIPAT JN,157,2212
20807,4/11/2026,UMB,AMBALA CANT JN,154,2320
20807,4/11/2026,LDH,LUDHIANA JN,141,2434
20807,4/11/2026,JUC,JALANDHAR CITY,76,2491
20807,4/11/2026,BEAS,BEAS,73,2527
20807,4/11/2026,ASR,AMRITSAR JN,60,2570
20807,4/14/2026,VSKP,VISAKHAPATNAM,10,0
20807,4/14/2026,VZM,VIZIANAGRAM JN,22,61
20807,4/14/2026,CHE,SRIKAKULAM ROAD,26,131
20807,4/14/2026,PSA,PALASA,8,203
20807,4/14/2026,BAM,BRAHMAPUR,14,277
20807,4/14/2026,CAP,CHATRAPUR,12,299
20807,4/14/2026,BALU,BALUGAN,17,353
20807,4/14/2026,KUR,KHURDA ROAD JN,30,424
20807,4/14/2026,BBS,BHUBANESWAR,14,443
20807,4/14/2026,NQR,NARAJ MARTHAPUR,0,468
20807,4/14/2026,DNKL,DHENKANAL,11,505
20807,4/14/2026,TLHR,TALCHER,25,558
20807,4/14/2026,ANGL,ANGUL,27,576
20807,4/14/2026,RAIR,RAIRAKHOL,30,661
20807,4/14/2026,RGDA,RAYAGADA,,
20807,4/14/2026,TIG,TITLAGARH,,
20807,4/14/2026,SBP,SAMBALPUR,22,732
20807,4/14/2026,JSGR,JHARSUGUDA ROAD,29,779
20807,4/14/2026,BRJN,BRAJRAJNAGAR,15,790
20807,4/14/2026,BPH,BELPAHAR,18,799
20807,4/14/2026,RIG,RAIGARH,17,850
20807,4/14/2026,KHS,KHARSIA,42,884
20807,4/14/2026,SKT,SAKTI,54,900
20807,4/14/2026,CPH,CHAMPA,82,930
20807,4/14/2026,AKT,AKALTARA,83,956
20807,4/14/2026,BSP,BILASPUR JN,71,983
20807,4/14/2026,PND,PENDRA ROAD,90,1086
20807,4/14/2026,APR,ANUPPUR JN,91,1136
20807,4/14/2026,BUH,BURHAR,94,1157
20807,4/14/2026,SDL,SHAHDOL,88,1177
20807,4/14/2026,UMR,UMARIA,94,1244
20807,4/14/2026,KMZ,KATNI MURWARA,100,1302
20807,4/14/2026,DMO,DAMOH,123,1411
20807,4/14/2026,SGO,SAUGOR,135,1489
20807,4/14/2026,KYE,KHURAI,132,1542
20807,4/14/2026,MAKR,BINA MALKHEDI JN,111,1560
20807,4/14/2026,LAR,LALITPUR,96,1622
20807,4/14/2026,VGLJ,V LAKSHMIBAI JHANSI,115,1712
20807,4/14/2026,DAA,DATIA,122,1737
20807,4/14/2026,GWL,GWALIOR,115,1809
20807,4/14/2026,AGC,AGRA CANTT,87,1928
20807,4/14/2026,MTJ,MATHURA JN,126,1982
20807,4/14/2026,NZM,H NIZAMUDDIN,134,2115
20807,4/14/2026,NDLS,NEW DELHI,136,2122
20807,4/14/2026,BDMJ,BHODWAL MAJRI,,
20807,4/14/2026,PNP,PANIPAT JN,158,2212
20807,4/14/2026,UMB,AMBALA CANT JN,147,2320
20807,4/14/2026,LDH,LUDHIANA JN,130,2434
20807,4/14/2026,JUC,JALANDHAR CITY,67,2491
20807,4/14/2026,BEAS,BEAS,65,2527
20807,4/14/2026,ASR,AMRITSAR JN,93,2570
20807,4/17/2026,VSKP,VISAKHAPATNAM,0,0
20807,4/17/2026,VZM,VIZIANAGRAM JN,21,61
20807,4/17/2026,CHE,SRIKAKULAM ROAD,26,131
20807,4/17/2026,PSA,PALASA,0,203
20807,4/17/2026,BAM,BRAHMAPUR,15,277
20807,4/17/2026,CAP,CHATRAPUR,13,299
20807,4/17/2026,BALU,BALUGAN,18,353
20807,4/17/2026,KUR,KHURDA ROAD JN,23,424
20807,4/17/2026,BBS,BHUBANESWAR,7,443
20807,4/17/2026,NQR,NARAJ MARTHAPUR,3,468
20807,4/17/2026,DNKL,DHENKANAL,19,505
20807,4/17/2026,TLHR,TALCHER,11,558
20807,4/17/2026,ANGL,ANGUL,26,576
20807,4/17/2026,RAIR,RAIRAKHOL,24,661
20807,4/17/2026,RGDA,RAYAGADA,,
20807,4/17/2026,TIG,TITLAGARH,,
20807,4/17/2026,SBP,SAMBALPUR,0,732
20807,4/17/2026,JSGR,JHARSUGUDA ROAD,0,779
20807,4/17/2026,BRJN,BRAJRAJNAGAR,3,790
20807,4/17/2026,BPH,BELPAHAR,7,799
20807,4/17/2026,RIG,RAIGARH,30,850
20807,4/17/2026,KHS,KHARSIA,48,884
20807,4/17/2026,SKT,SAKTI,68,900
20807,4/17/2026,CPH,CHAMPA,73,930
20807,4/17/2026,AKT,AKALTARA,146,956
20807,4/17/2026,BSP,BILASPUR JN,158,983
20807,4/17/2026,PND,PENDRA ROAD,182,1086
20807,4/17/2026,APR,ANUPPUR JN,168,1136
20807,4/17/2026,BUH,BURHAR,172,1157
20807,4/17/2026,SDL,SHAHDOL,168,1177
20807,4/17/2026,UMR,UMARIA,167,1244
20807,4/17/2026,KMZ,KATNI MURWARA,140,1302
20807,4/17/2026,DMO,DAMOH,145,1411
20807,4/17/2026,SGO,SAUGOR,150,1489
20807,4/17/2026,KYE,KHURAI,140,1542
20807,4/17/2026,MAKR,BINA MALKHEDI JN,123,1560
20807,4/17/2026,LAR,LALITPUR,112,1622
20807,4/17/2026,VGLJ,V LAKSHMIBAI JHANSI,112,1712
20807,4/17/2026,DAA,DATIA,110,1737
20807,4/17/2026,GWL,GWALIOR,98,1809
20807,4/17/2026,AGC,AGRA CANTT,101,1928
20807,4/17/2026,MTJ,MATHURA JN,140,1982
20807,4/17/2026,NZM,H NIZAMUDDIN,166,2115
20807,4/17/2026,NDLS,NEW DELHI,199,2122
20807,4/17/2026,BDMJ,BHODWAL MAJRI,,
20807,4/17/2026,PNP,PANIPAT JN,202,2212
20807,4/17/2026,UMB,AMBALA CANT JN,150,2320
20807,4/17/2026,LDH,LUDHIANA JN,161,2434
20807,4/17/2026,JUC,JALANDHAR CITY,202,2491
20807,4/17/2026,BEAS,BEAS,200,2527
20807,4/17/2026,ASR,AMRITSAR JN,350,2570
20807,4/18/2026,VSKP,VISAKHAPATNAM,5,0
20807,4/18/2026,VZM,VIZIANAGRAM JN,17,61
20807,4/18/2026,CHE,SRIKAKULAM ROAD,19,131
20807,4/18/2026,PSA,PALASA,1,203
20807,4/18/2026,BAM,BRAHMAPUR,32,277
20807,4/18/2026,CAP,CHATRAPUR,30,299
20807,4/18/2026,BALU,BALUGAN,53,353
20807,4/18/2026,KUR,KHURDA ROAD JN,57,424
20807,4/18/2026,BBS,BHUBANESWAR,45,443
20807,4/18/2026,NQR,NARAJ MARTHAPUR,38,468
20807,4/18/2026,DNKL,DHENKANAL,40,505
20807,4/18/2026,TLHR,TALCHER,37,558
20807,4/18/2026,ANGL,ANGUL,39,576
20807,4/18/2026,RAIR,RAIRAKHOL,41,661
20807,4/18/2026,RGDA,RAYAGADA,,
20807,4/18/2026,TIG,TITLAGARH,,
20807,4/18/2026,SBP,SAMBALPUR,50,732
20807,4/18/2026,JSGR,JHARSUGUDA ROAD,36,779
20807,4/18/2026,BRJN,BRAJRAJNAGAR,27,790
20807,4/18/2026,BPH,BELPAHAR,32,799
20807,4/18/2026,RIG,RAIGARH,32,850
20807,4/18/2026,KHS,KHARSIA,50,884
20807,4/18/2026,SKT,SAKTI,46,900
20807,4/18/2026,CPH,CHAMPA,46,930
20807,4/18/2026,AKT,AKALTARA,56,956
20807,4/18/2026,BSP,BILASPUR JN,69,983
20807,4/18/2026,PND,PENDRA ROAD,148,1086
20807,4/18/2026,APR,ANUPPUR JN,122,1136
20807,4/18/2026,BUH,BURHAR,130,1157
20807,4/18/2026,SDL,SHAHDOL,122,1177
20807,4/18/2026,UMR,UMARIA,126,1244
20807,4/18/2026,KMZ,KATNI MURWARA,126,1302
20807,4/18/2026,DMO,DAMOH,131,1411
20807,4/18/2026,SGO,SAUGOR,179,1489
20807,4/18/2026,KYE,KHURAI,167,1542
20807,4/18/2026,MAKR,BINA MALKHEDI JN,148,1560
20807,4/18/2026,LAR,LALITPUR,133,1622
20807,4/18/2026,VGLJ,V LAKSHMIBAI JHANSI,148,1712
20807,4/18/2026,DAA,DATIA,150,1737
20807,4/18/2026,GWL,GWALIOR,139,1809
20807,4/18/2026,AGC,AGRA CANTT,137,1928
20807,4/18/2026,MTJ,MATHURA JN,129,1982
20807,4/18/2026,NZM,H NIZAMUDDIN,125,2115
20807,4/18/2026,NDLS,NEW DELHI,128,2122
20807,4/18/2026,BDMJ,BHODWAL MAJRI,,
20807,4/18/2026,PNP,PANIPAT JN,166,2212
20807,4/18/2026,UMB,AMBALA CANT JN,126,2320
20807,4/18/2026,LDH,LUDHIANA JN,128,2434
20807,4/18/2026,JUC,JALANDHAR CITY,80,2491
20807,4/18/2026,BEAS,BEAS,77,2527
20807,4/18/2026,ASR,AMRITSAR JN,70,2570
20807,4/21/2026,VSKP,VISAKHAPATNAM,1,0
20807,4/21/2026,VZM,VIZIANAGRAM JN,0,61
20807,4/21/2026,CHE,SRIKAKULAM ROAD,0,131
20807,4/21/2026,PSA,PALASA,0,203
20807,4/21/2026,BAM,BRAHMAPUR,33,277
20807,4/21/2026,CAP,CHATRAPUR,30,299
20807,4/21/2026,BALU,BALUGAN,35,353
20807,4/21/2026,KUR,KHURDA ROAD JN,46,424
20807,4/21/2026,BBS,BHUBANESWAR,40,443
20807,4/21/2026,NQR,NARAJ MARTHAPUR,28,468
20807,4/21/2026,DNKL,DHENKANAL,33,505
20807,4/21/2026,TLHR,TALCHER,14,558
20807,4/21/2026,ANGL,ANGUL,1,576
20807,4/21/2026,RAIR,RAIRAKHOL,44,661
20807,4/21/2026,RGDA,RAYAGADA,,
20807,4/21/2026,TIG,TITLAGARH,,
20807,4/21/2026,SBP,SAMBALPUR,33,732
20807,4/21/2026,JSGR,JHARSUGUDA ROAD,27,779
20807,4/21/2026,BRJN,BRAJRAJNAGAR,11,790
20807,4/21/2026,BPH,BELPAHAR,13,799
20807,4/21/2026,RIG,RAIGARH,9,850
20807,4/21/2026,KHS,KHARSIA,23,884
20807,4/21/2026,SKT,SAKTI,27,900
20807,4/21/2026,CPH,CHAMPA,38,930
20807,4/21/2026,AKT,AKALTARA,39,956
20807,4/21/2026,BSP,BILASPUR JN,54,983
20807,4/21/2026,PND,PENDRA ROAD,109,1086
20807,4/21/2026,APR,ANUPPUR JN,95,1136
20807,4/21/2026,BUH,BURHAR,99,1157
20807,4/21/2026,SDL,SHAHDOL,104,1177
20807,4/21/2026,UMR,UMARIA,121,1244
20807,4/21/2026,KMZ,KATNI MURWARA,99,1302
20807,4/21/2026,DMO,DAMOH,115,1411
20807,4/21/2026,SGO,SAUGOR,142,1489
20807,4/21/2026,KYE,KHURAI,147,1542
20807,4/21/2026,MAKR,BINA MALKHEDI JN,127,1560
20807,4/21/2026,LAR,LALITPUR,125,1622
20807,4/21/2026,VGLJ,V LAKSHMIBAI JHANSI,125,1712
20807,4/21/2026,DAA,DATIA,137,1737
20807,4/21/2026,GWL,GWALIOR,124,1809
20807,4/21/2026,AGC,AGRA CANTT,105,1928
20807,4/21/2026,MTJ,MATHURA JN,232,1982
20807,4/21/2026,NZM,H NIZAMUDDIN,233,2115
20807,4/21/2026,NDLS,NEW DELHI,274,2122
20807,4/21/2026,BDMJ,BHODWAL MAJRI,,
20807,4/21/2026,PNP,PANIPAT JN,283,2212
20807,4/21/2026,UMB,AMBALA CANT JN,244,2320
20807,4/21/2026,LDH,LUDHIANA JN,235,2434
20807,4/21/2026,JUC,JALANDHAR CITY,191,2491
20807,4/21/2026,BEAS,BEAS,196,2527
20807,4/21/2026,ASR,AMRITSAR JN,186,2570
20807,4/24/2026,VSKP,VISAKHAPATNAM,9,0
20807,4/24/2026,VZM,VIZIANAGRAM JN,30,61
20807,4/24/2026,CHE,SRIKAKULAM ROAD,30,131
20807,4/24/2026,PSA,PALASA,4,203
20807,4/24/2026,BAM,BRAHMAPUR,29,277
20807,4/24/2026,CAP,CHATRAPUR,26,299
20807,4/24/2026,BALU,BALUGAN,55,353
20807,4/24/2026,KUR,KHURDA ROAD JN,57,424
20807,4/24/2026,BBS,BHUBANESWAR,42,443
20807,4/24/2026,NQR,NARAJ MARTHAPUR,35,468
20807,4/24/2026,DNKL,DHENKANAL,44,505
20807,4/24/2026,TLHR,TALCHER,103,558
20807,4/24/2026,ANGL,ANGUL,107,576
20807,4/24/2026,RAIR,RAIRAKHOL,110,661
20807,4/24/2026,RGDA,RAYAGADA,,
20807,4/24/2026,TIG,TITLAGARH,,
20807,4/24/2026,SBP,SAMBALPUR,95,732
20807,4/24/2026,JSGR,JHARSUGUDA ROAD,113,779
20807,4/24/2026,BRJN,BRAJRAJNAGAR,107,790
20807,4/24/2026,BPH,BELPAHAR,110,799
20807,4/24/2026,RIG,RAIGARH,109,850
20807,4/24/2026,KHS,KHARSIA,131,884
20807,4/24/2026,SKT,SAKTI,134,900
20807,4/24/2026,CPH,CHAMPA,150,930
20807,4/24/2026,AKT,AKALTARA,165,956
20807,4/24/2026,BSP,BILASPUR JN,162,983
20807,4/24/2026,PND,PENDRA ROAD,192,1086
20807,4/24/2026,APR,ANUPPUR JN,175,1136
20807,4/24/2026,BUH,BURHAR,179,1157
20807,4/24/2026,SDL,SHAHDOL,167,1177
20807,4/24/2026,UMR,UMARIA,163,1244
20807,4/24/2026,KMZ,KATNI MURWARA,165,1302
20807,4/24/2026,DMO,DAMOH,189,1411
20807,4/24/2026,SGO,SAUGOR,201,1489
20807,4/24/2026,KYE,KHURAI,199,1542
20807,4/24/2026,MAKR,BINA MALKHEDI JN,186,1560
20807,4/24/2026,LAR,LALITPUR,169,1622
20807,4/24/2026,VGLJ,V LAKSHMIBAI JHANSI,170,1712
20807,4/24/2026,DAA,DATIA,177,1737
20807,4/24/2026,GWL,GWALIOR,188,1809
20807,4/24/2026,AGC,AGRA CANTT,182,1928
20807,4/24/2026,MTJ,MATHURA JN,175,1982
20807,4/24/2026,NZM,H NIZAMUDDIN,206,2115
20807,4/24/2026,NDLS,NEW DELHI,217,2122
20807,4/24/2026,BDMJ,BHODWAL MAJRI,,
20807,4/24/2026,PNP,PANIPAT JN,218,2212
20807,4/24/2026,UMB,AMBALA CANT JN,198,2320
20807,4/24/2026,LDH,LUDHIANA JN,201,2434
20807,4/24/2026,JUC,JALANDHAR CITY,161,2491
20807,4/24/2026,BEAS,BEAS,159,2527
20807,4/24/2026,ASR,AMRITSAR JN,359,2570
20807,4/25/2026,VSKP,VISAKHAPATNAM,11,0
20807,4/25/2026,VZM,VIZIANAGRAM JN,37,61
20807,4/25/2026,CHE,SRIKAKULAM ROAD,29,131
20807,4/25/2026,PSA,PALASA,0,203
20807,4/25/2026,BAM,BRAHMAPUR,4,277
20807,4/25/2026,CAP,CHATRAPUR,2,299
20807,4/25/2026,BALU,BALUGAN,1,353
20807,4/25/2026,KUR,KHURDA ROAD JN,9,424
20807,4/25/2026,BBS,BHUBANESWAR,27,443
20807,4/25/2026,NQR,NARAJ MARTHAPUR,18,468
20807,4/25/2026,DNKL,DHENKANAL,32,505
20807,4/25/2026,TLHR,TALCHER,100,558
20807,4/25/2026,ANGL,ANGUL,93,576
20807,4/25/2026,RAIR,RAIRAKHOL,89,661
20807,4/25/2026,RGDA,RAYAGADA,,
20807,4/25/2026,TIG,TITLAGARH,,
20807,4/25/2026,SBP,SAMBALPUR,81,732
20807,4/25/2026,JSGR,JHARSUGUDA ROAD,85,779
20807,4/25/2026,BRJN,BRAJRAJNAGAR,69,790
20807,4/25/2026,BPH,BELPAHAR,70,799
20807,4/25/2026,RIG,RAIGARH,72,850
20807,4/25/2026,KHS,KHARSIA,94,884
20807,4/25/2026,SKT,SAKTI,99,900
20807,4/25/2026,CPH,CHAMPA,106,930
20807,4/25/2026,AKT,AKALTARA,111,956
20807,4/25/2026,BSP,BILASPUR JN,88,983
20807,4/25/2026,PND,PENDRA ROAD,125,1086
20807,4/25/2026,APR,ANUPPUR JN,126,1136
20807,4/25/2026,BUH,BURHAR,136,1157
20807,4/25/2026,SDL,SHAHDOL,147,1177
20807,4/25/2026,UMR,UMARIA,144,1244
20807,4/25/2026,KMZ,KATNI MURWARA,134,1302
20807,4/25/2026,DMO,DAMOH,152,1411
20807,4/25/2026,SGO,SAUGOR,173,1489
20807,4/25/2026,KYE,KHURAI,170,1542
20807,4/25/2026,MAKR,BINA MALKHEDI JN,150,1560
20807,4/25/2026,LAR,LALITPUR,133,1622
20807,4/25/2026,VGLJ,V LAKSHMIBAI JHANSI,130,1712
20807,4/25/2026,DAA,DATIA,134,1737
20807,4/25/2026,GWL,GWALIOR,125,1809
20807,4/25/2026,AGC,AGRA CANTT,124,1928
20807,4/25/2026,MTJ,MATHURA JN,112,1982
20807,4/25/2026,NZM,H NIZAMUDDIN,96,2115
20807,4/25/2026,NDLS,NEW DELHI,117,2122
20807,4/25/2026,BDMJ,BHODWAL MAJRI,,
20807,4/25/2026,PNP,PANIPAT JN,161,2212
20807,4/25/2026,UMB,AMBALA CANT JN,140,2320
20807,4/25/2026,LDH,LUDHIANA JN,123,2434
20807,4/25/2026,JUC,JALANDHAR CITY,76,2491
20807,4/25/2026,BEAS,BEAS,72,2527
20807,4/25/2026,ASR,AMRITSAR JN,80,2570
20807,4/28/2026,VSKP,VISAKHAPATNAM,11,0
20807,4/28/2026,VZM,VIZIANAGRAM JN,19,61
20807,4/28/2026,CHE,SRIKAKULAM ROAD,12,131
20807,4/28/2026,PSA,PALASA,0,203
20807,4/28/2026,BAM,BRAHMAPUR,19,277
20807,4/28/2026,CAP,CHATRAPUR,18,299
20807,4/28/2026,BALU,BALUGAN,27,353
20807,4/28/2026,KUR,KHURDA ROAD JN,31,424
20807,4/28/2026,BBS,BHUBANESWAR,20,443
20807,4/28/2026,NQR,NARAJ MARTHAPUR,9,468
20807,4/28/2026,DNKL,DHENKANAL,22,505
20807,4/28/2026,TLHR,TALCHER,36,558
20807,4/28/2026,ANGL,ANGUL,33,576
20807,4/28/2026,RAIR,RAIRAKHOL,40,661
20807,4/28/2026,RGDA,RAYAGADA,,
20807,4/28/2026,TIG,TITLAGARH,,
20807,4/28/2026,SBP,SAMBALPUR,46,732
20807,4/28/2026,JSGR,JHARSUGUDA ROAD,41,779
20807,4/28/2026,BRJN,BRAJRAJNAGAR,27,790
20807,4/28/2026,BPH,BELPAHAR,28,799
20807,4/28/2026,RIG,RAIGARH,26,850
20807,4/28/2026,KHS,KHARSIA,49,884
20807,4/28/2026,SKT,SAKTI,52,900
20807,4/28/2026,CPH,CHAMPA,57,930
20807,4/28/2026,AKT,AKALTARA,57,956
20807,4/28/2026,BSP,BILASPUR JN,46,983
20807,4/28/2026,PND,PENDRA ROAD,91,1086
20807,4/28/2026,APR,ANUPPUR JN,91,1136
20807,4/28/2026,BUH,BURHAR,95,1157
20807,4/28/2026,SDL,SHAHDOL,99,1177
20807,4/28/2026,UMR,UMARIA,119,1244
20807,4/28/2026,KMZ,KATNI MURWARA,93,1302
20807,4/28/2026,DMO,DAMOH,118,1411
20807,4/28/2026,SGO,SAUGOR,132,1489
20807,4/28/2026,KYE,KHURAI,125,1542
20807,4/28/2026,MAKR,BINA MALKHEDI JN,108,1560
20807,4/28/2026,LAR,LALITPUR,92,1622
20807,4/28/2026,VGLJ,V LAKSHMIBAI JHANSI,99,1712
20807,4/28/2026,DAA,DATIA,98,1737
20807,4/28/2026,GWL,GWALIOR,90,1809
20807,4/28/2026,AGC,AGRA CANTT,74,1928
20807,4/28/2026,MTJ,MATHURA JN,130,1982
20807,4/28/2026,NZM,H NIZAMUDDIN,150,2115
20807,4/28/2026,NDLS,NEW DELHI,173,2122
20807,4/28/2026,BDMJ,BHODWAL MAJRI,,
20807,4/28/2026,PNP,PANIPAT JN,174,2212
20807,4/28/2026,UMB,AMBALA CANT JN,143,2320
20807,4/28/2026,LDH,LUDHIANA JN,158,2434
20807,4/28/2026,JUC,JALANDHAR CITY,118,2491
20807,4/28/2026,BEAS,BEAS,120,2527
20807,4/28/2026,ASR,AMRITSAR JN,112,2570
20807,5/1/2026,VSKP,VISAKHAPATNAM,2,0
20807,5/1/2026,VZM,VIZIANAGRAM JN,22,61
20807,5/1/2026,CHE,SRIKAKULAM ROAD,16,131
20807,5/1/2026,PSA,PALASA,1,203
20807,5/1/2026,BAM,BRAHMAPUR,23,277
20807,5/1/2026,CAP,CHATRAPUR,21,299
20807,5/1/2026,BALU,BALUGAN,35,353
20807,5/1/2026,KUR,KHURDA ROAD JN,35,424
20807,5/1/2026,BBS,BHUBANESWAR,38,443
20807,5/1/2026,NQR,NARAJ MARTHAPUR,25,468
20807,5/1/2026,DNKL,DHENKANAL,37,505
20807,5/1/2026,TLHR,TALCHER,59,558
20807,5/1/2026,ANGL,ANGUL,62,576
20807,5/1/2026,RAIR,RAIRAKHOL,73,661
20807,5/1/2026,RGDA,RAYAGADA,,
20807,5/1/2026,TIG,TITLAGARH,,
20807,5/1/2026,SBP,SAMBALPUR,76,732
20807,5/1/2026,JSGR,JHARSUGUDA ROAD,65,779
20807,5/1/2026,BRJN,BRAJRAJNAGAR,50,790
20807,5/1/2026,BPH,BELPAHAR,52,799
20807,5/1/2026,RIG,RAIGARH,48,850
20807,5/1/2026,KHS,KHARSIA,63,884
20807,5/1/2026,SKT,SAKTI,66,900
20807,5/1/2026,CPH,CHAMPA,69,930
20807,5/1/2026,AKT,AKALTARA,76,956
20807,5/1/2026,BSP,BILASPUR JN,54,983
20807,5/1/2026,PND,PENDRA ROAD,76,1086
20807,5/1/2026,APR,ANUPPUR JN,61,1136
20807,5/1/2026,BUH,BURHAR,65,1157
20807,5/1/2026,SDL,SHAHDOL,58,1177
20807,5/1/2026,UMR,UMARIA,59,1244
20807,5/1/2026,KMZ,KATNI MURWARA,55,1302
20807,5/1/2026,DMO,DAMOH,81,1411
20807,5/1/2026,SGO,SAUGOR,93,1489
20807,5/1/2026,KYE,KHURAI,87,1542
20807,5/1/2026,MAKR,BINA MALKHEDI JN,69,1560
20807,5/1/2026,LAR,LALITPUR,52,1622
20807,5/1/2026,VGLJ,V LAKSHMIBAI JHANSI,45,1712
20807,5/1/2026,DAA,DATIA,47,1737
20807,5/1/2026,GWL,GWALIOR,30,1809
20807,5/1/2026,AGC,AGRA CANTT,18,1928
20807,5/1/2026,MTJ,MATHURA JN,8,1982
20807,5/1/2026,NZM,H NIZAMUDDIN,0,2115
20807,5/1/2026,NDLS,NEW DELHI,0,2122
20807,5/1/2026,BDMJ,BHODWAL MAJRI,,
20807,5/1/2026,PNP,PANIPAT JN,33,2212
20807,5/1/2026,UMB,AMBALA CANT JN,4,2320
20807,5/1/2026,LDH,LUDHIANA JN,56,2434
20807,5/1/2026,JUC,JALANDHAR CITY,13,2491
20807,5/1/2026,BEAS,BEAS,14,2527
20807,5/1/2026,ASR,AMRITSAR JN,-10,2570
20807,5/2/2026,VSKP,VISAKHAPATNAM,8,0
20807,5/2/2026,VZM,VIZIANAGRAM JN,34,61
20807,5/2/2026,CHE,SRIKAKULAM ROAD,27,131
20807,5/2/2026,PSA,PALASA,2,203
20807,5/2/2026,BAM,BRAHMAPUR,15,277
20807,5/2/2026,CAP,CHATRAPUR,13,299
20807,5/2/2026,BALU,BALUGAN,13,353
20807,5/2/2026,KUR,KHURDA ROAD JN,0,424
20807,5/2/2026,BBS,BHUBANESWAR,26,443
20807,5/2/2026,NQR,NARAJ MARTHAPUR,12,468
20807,5/2/2026,DNKL,DHENKANAL,33,505
20807,5/2/2026,TLHR,TALCHER,20,558
20807,5/2/2026,ANGL,ANGUL,18,576
20807,5/2/2026,RAIR,RAIRAKHOL,25,661
20807,5/2/2026,RGDA,RAYAGADA,,
20807,5/2/2026,TIG,TITLAGARH,,
20807,5/2/2026,SBP,SAMBALPUR,14,732
20807,5/2/2026,JSGR,JHARSUGUDA ROAD,15,779
20807,5/2/2026,BRJN,BRAJRAJNAGAR,2,790
20807,5/2/2026,BPH,BELPAHAR,18,799
20807,5/2/2026,RIG,RAIGARH,41,850
20807,5/2/2026,KHS,KHARSIA,53,884
20807,5/2/2026,SKT,SAKTI,58,900
20807,5/2/2026,CPH,CHAMPA,61,930
20807,5/2/2026,AKT,AKALTARA,59,956
20807,5/2/2026,BSP,BILASPUR JN,27,983
20807,5/2/2026,PND,PENDRA ROAD,46,1086
20807,5/2/2026,APR,ANUPPUR JN,28,1136
20807,5/2/2026,BUH,BURHAR,33,1157
20807,5/2/2026,SDL,SHAHDOL,41,1177
20807,5/2/2026,UMR,UMARIA,52,1244
20807,5/2/2026,KMZ,KATNI MURWARA,64,1302
20807,5/2/2026,DMO,DAMOH,84,1411
20807,5/2/2026,SGO,SAUGOR,104,1489
20807,5/2/2026,KYE,KHURAI,91,1542
20807,5/2/2026,MAKR,BINA MALKHEDI JN,71,1560
20807,5/2/2026,LAR,LALITPUR,69,1622
20807,5/2/2026,VGLJ,V LAKSHMIBAI JHANSI,91,1712
20807,5/2/2026,DAA,DATIA,91,1737
20807,5/2/2026,GWL,GWALIOR,81,1809
20807,5/2/2026,AGC,AGRA CANTT,51,1928
20807,5/2/2026,MTJ,MATHURA JN,33,1982
20807,5/2/2026,NZM,H NIZAMUDDIN,10,2115
20807,5/2/2026,NDLS,NEW DELHI,5,2122
20807,5/2/2026,BDMJ,BHODWAL MAJRI,,
20807,5/2/2026,PNP,PANIPAT JN,36,2212
20807,5/2/2026,UMB,AMBALA CANT JN,2,2320
20807,5/2/2026,LDH,LUDHIANA JN,22,2434
20807,5/2/2026,JUC,JALANDHAR CITY,3,2491
20807,5/2/2026,BEAS,BEAS,6,2527
20807,5/2/2026,ASR,AMRITSAR JN,-14,2570
20807,5/5/2026,VSKP,VISAKHAPATNAM,1,0
20807,5/5/2026,VZM,VIZIANAGRAM JN,22,61
20807,5/5/2026,CHE,SRIKAKULAM ROAD,28,131
20807,5/5/2026,PSA,PALASA,10,203
20807,5/5/2026,BAM,BRAHMAPUR,18,277
20807,5/5/2026,CAP,CHATRAPUR,18,299
20807,5/5/2026,BALU,BALUGAN,18,353
20807,5/5/2026,KUR,KHURDA ROAD JN,33,424
20807,5/5/2026,BBS,BHUBANESWAR,21,443
20807,5/5/2026,NQR,NARAJ MARTHAPUR,11,468
20807,5/5/2026,DNKL,DHENKANAL,23,505
20807,5/5/2026,TLHR,TALCHER,37,558
20807,5/5/2026,ANGL,ANGUL,39,576
20807,5/5/2026,RAIR,RAIRAKHOL,47,661
20807,5/5/2026,RGDA,RAYAGADA,,
20807,5/5/2026,TIG,TITLAGARH,,
20807,5/5/2026,SBP,SAMBALPUR,43,732
20807,5/5/2026,JSGR,JHARSUGUDA ROAD,48,779
20807,5/5/2026,BRJN,BRAJRAJNAGAR,32,790
20807,5/5/2026,BPH,BELPAHAR,38,799
20807,5/5/2026,RIG,RAIGARH,38,850
20807,5/5/2026,KHS,KHARSIA,71,884
20807,5/5/2026,SKT,SAKTI,75,900
20807,5/5/2026,CPH,CHAMPA,81,930
20807,5/5/2026,AKT,AKALTARA,102,956
20807,5/5/2026,BSP,BILASPUR JN,116,983
20807,5/5/2026,PND,PENDRA ROAD,216,1086
20807,5/5/2026,APR,ANUPPUR JN,207,1136
20807,5/5/2026,BUH,BURHAR,210,1157
20807,5/5/2026,SDL,SHAHDOL,210,1177
20807,5/5/2026,UMR,UMARIA,219,1244
20807,5/5/2026,KMZ,KATNI MURWARA,176,1302
20807,5/5/2026,DMO,DAMOH,212,1411
20807,5/5/2026,SGO,SAUGOR,240,1489
20807,5/5/2026,KYE,KHURAI,228,1542
20807,5/5/2026,MAKR,BINA MALKHEDI JN,208,1560
20807,5/5/2026,LAR,LALITPUR,190,1622
20807,5/5/2026,VGLJ,V LAKSHMIBAI JHANSI,192,1712
20807,5/5/2026,DAA,DATIA,198,1737
20807,5/5/2026,GWL,GWALIOR,208,1809
20807,5/5/2026,AGC,AGRA CANTT,194,1928
20807,5/5/2026,MTJ,MATHURA JN,212,1982
20807,5/5/2026,NZM,H NIZAMUDDIN,204,2115
20807,5/5/2026,NDLS,NEW DELHI,207,2122
20807,5/5/2026,BDMJ,BHODWAL MAJRI,,
20807,5/5/2026,PNP,PANIPAT JN,206,2212
20807,5/5/2026,UMB,AMBALA CANT JN,163,2320
20807,5/5/2026,LDH,LUDHIANA JN,164,2434
20807,5/5/2026,JUC,JALANDHAR CITY,135,2491
20807,5/5/2026,BEAS,BEAS,138,2527
20807,5/5/2026,ASR,AMRITSAR JN,120,2570
20807,5/8/2026,VSKP,VISAKHAPATNAM,0,0
20807,5/8/2026,VZM,VIZIANAGRAM JN,5,61
20807,5/8/2026,CHE,SRIKAKULAM ROAD,0,131
20807,5/8/2026,PSA,PALASA,0,203
20807,5/8/2026,BAM,BRAHMAPUR,6,277
20807,5/8/2026,CAP,CHATRAPUR,7,299
20807,5/8/2026,BALU,BALUGAN,13,353
20807,5/8/2026,KUR,KHURDA ROAD JN,19,424
20807,5/8/2026,BBS,BHUBANESWAR,7,443
20807,5/8/2026,NQR,NARAJ MARTHAPUR,0,468
20807,5/8/2026,DNKL,DHENKANAL,5,505
20807,5/8/2026,TLHR,TALCHER,10,558
20807,5/8/2026,ANGL,ANGUL,8,576
20807,5/8/2026,RAIR,RAIRAKHOL,12,661
20807,5/8/2026,RGDA,RAYAGADA,,
20807,5/8/2026,TIG,TITLAGARH,,
20807,5/8/2026,SBP,SAMBALPUR,11,732
20807,5/8/2026,JSGR,JHARSUGUDA ROAD,21,779
20807,5/8/2026,BRJN,BRAJRAJNAGAR,9,790
20807,5/8/2026,BPH,BELPAHAR,14,799
20807,5/8/2026,RIG,RAIGARH,10,850
20807,5/8/2026,KHS,KHARSIA,37,884
20807,5/8/2026,SKT,SAKTI,46,900
20807,5/8/2026,CPH,CHAMPA,57,930
20807,5/8/2026,AKT,AKALTARA,81,956
20807,5/8/2026,BSP,BILASPUR JN,56,983
20807,5/8/2026,PND,PENDRA ROAD,121,1086
20807,5/8/2026,APR,ANUPPUR JN,110,1136
20807,5/8/2026,BUH,BURHAR,123,1157
20807,5/8/2026,SDL,SHAHDOL,124,1177
20807,5/8/2026,UMR,UMARIA,129,1244
20807,5/8/2026,KMZ,KATNI MURWARA,98,1302
20807,5/8/2026,DMO,DAMOH,133,1411
20807,5/8/2026,SGO,SAUGOR,158,1489
20807,5/8/2026,KYE,KHURAI,151,1542
20807,5/8/2026,MAKR,BINA MALKHEDI JN,131,1560
20807,5/8/2026,LAR,LALITPUR,114,1622
20807,5/8/2026,VGLJ,V LAKSHMIBAI JHANSI,110,1712
20807,5/8/2026,DAA,DATIA,108,1737
20807,5/8/2026,GWL,GWALIOR,94,1809
20807,5/8/2026,AGC,AGRA CANTT,91,1928
20807,5/8/2026,MTJ,MATHURA JN,111,1982
20807,5/8/2026,NZM,H NIZAMUDDIN,101,2115
20807,5/8/2026,NDLS,NEW DELHI,112,2122
20807,5/8/2026,BDMJ,BHODWAL MAJRI,,
20807,5/8/2026,PNP,PANIPAT JN,157,2212
20807,5/8/2026,UMB,AMBALA CANT JN,187,2320
20807,5/8/2026,LDH,LUDHIANA JN,184,2434
20807,5/8/2026,JUC,JALANDHAR CITY,145,2491
20807,5/8/2026,BEAS,BEAS,142,2527
20807,5/8/2026,ASR,AMRITSAR JN,165,2570
20807,5/9/2026,VSKP,VISAKHAPATNAM,0,0
20807,5/9/2026,VZM,VIZIANAGRAM JN,8,61
20807,5/9/2026,CHE,SRIKAKULAM ROAD,0,131
20807,5/9/2026,PSA,PALASA,0,203
20807,5/9/2026,BAM,BRAHMAPUR,0,277
20807,5/9/2026,CAP,CHATRAPUR,0,299
20807,5/9/2026,BALU,BALUGAN,1,353
20807,5/9/2026,KUR,KHURDA ROAD JN,2,424
20807,5/9/2026,BBS,BHUBANESWAR,0,443
20807,5/9/2026,NQR,NARAJ MARTHAPUR,0,468
20807,5/9/2026,DNKL,DHENKANAL,22,505
20807,5/9/2026,TLHR,TALCHER,55,558
20807,5/9/2026,ANGL,ANGUL,48,576
20807,5/9/2026,RAIR,RAIRAKHOL,72,661
20807,5/9/2026,RGDA,RAYAGADA,,
20807,5/9/2026,TIG,TITLAGARH,,
20807,5/9/2026,SBP,SAMBALPUR,64,732
20807,5/9/2026,JSGR,JHARSUGUDA ROAD,64,779
20807,5/9/2026,BRJN,BRAJRAJNAGAR,67,790
20807,5/9/2026,BPH,BELPAHAR,70,799
20807,5/9/2026,RIG,RAIGARH,67,850
20807,5/9/2026,KHS,KHARSIA,73,884
20807,5/9/2026,SKT,SAKTI,76,900
20807,5/9/2026,CPH,CHAMPA,89,930
20807,5/9/2026,AKT,AKALTARA,92,956
20807,5/9/2026,BSP,BILASPUR JN,63,983
20807,5/9/2026,PND,PENDRA ROAD,132,1086
20807,5/9/2026,APR,ANUPPUR JN,132,1136
20807,5/9/2026,BUH,BURHAR,144,1157
20807,5/9/2026,SDL,SHAHDOL,151,1177
20807,5/9/2026,UMR,UMARIA,153,1244
20807,5/9/2026,KMZ,KATNI MURWARA,129,1302
20807,5/9/2026,DMO,DAMOH,133,1411
20807,5/9/2026,SGO,SAUGOR,140,1489
20807,5/9/2026,KYE,KHURAI,137,1542
20807,5/9/2026,MAKR,BINA MALKHEDI JN,116,1560
20807,5/9/2026,LAR,LALITPUR,113,1622
20807,5/9/2026,VGLJ,V LAKSHMIBAI JHANSI,108,1712
20807,5/9/2026,DAA,DATIA,114,1737
20807,5/9/2026,GWL,GWALIOR,106,1809
20807,5/9/2026,AGC,AGRA CANTT,74,1928
20807,5/9/2026,MTJ,MATHURA JN,73,1982
20807,5/9/2026,NZM,H NIZAMUDDIN,63,2115
20807,5/9/2026,NDLS,NEW DELHI,62,2122
20807,5/9/2026,BDMJ,BHODWAL MAJRI,,
20807,5/9/2026,PNP,PANIPAT JN,114,2212
20807,5/9/2026,UMB,AMBALA CANT JN,129,2320
20807,5/9/2026,LDH,LUDHIANA JN,116,2434
20807,5/9/2026,JUC,JALANDHAR CITY,58,2491
20807,5/9/2026,BEAS,BEAS,53,2527
20807,5/9/2026,ASR,AMRITSAR JN,31,2570
20807,5/12/2026,VSKP,VISAKHAPATNAM,26,0
20807,5/12/2026,VZM,VIZIANAGRAM JN,42,61
20807,5/12/2026,CHE,SRIKAKULAM ROAD,47,131
20807,5/12/2026,PSA,PALASA,29,203
20807,5/12/2026,BAM,BRAHMAPUR,63,277
20807,5/12/2026,CAP,CHATRAPUR,63,299
20807,5/12/2026,BALU,BALUGAN,70,353
20807,5/12/2026,KUR,KHURDA ROAD JN,70,424
20807,5/12/2026,BBS,BHUBANESWAR,56,443
20807,5/12/2026,NQR,NARAJ MARTHAPUR,45,468
20807,5/12/2026,DNKL,DHENKANAL,52,505
20807,5/12/2026,TLHR,TALCHER,66,558
20807,5/12/2026,ANGL,ANGUL,66,576
20807,5/12/2026,RAIR,RAIRAKHOL,72,661
20807,5/12/2026,RGDA,RAYAGADA,,
20807,5/12/2026,TIG,TITLAGARH,,
20807,5/12/2026,SBP,SAMBALPUR,64,732
20807,5/12/2026,JSGR,JHARSUGUDA ROAD,83,779
20807,5/12/2026,BRJN,BRAJRAJNAGAR,68,790
20807,5/12/2026,BPH,BELPAHAR,70,799
20807,5/12/2026,RIG,RAIGARH,98,850
20807,5/12/2026,KHS,KHARSIA,122,884
20807,5/12/2026,SKT,SAKTI,128,900
20807,5/12/2026,CPH,CHAMPA,130,930
20807,5/12/2026,AKT,AKALTARA,128,956
20807,5/12/2026,BSP,BILASPUR JN,102,983
20807,5/12/2026,PND,PENDRA ROAD,132,1086
20807,5/12/2026,APR,ANUPPUR JN,123,1136
20807,5/12/2026,BUH,BURHAR,136,1157
20807,5/12/2026,SDL,SHAHDOL,128,1177
20807,5/12/2026,UMR,UMARIA,122,1244
20807,5/12/2026,KMZ,KATNI MURWARA,131,1302
20807,5/12/2026,DMO,DAMOH,148,1411
20807,5/12/2026,SGO,SAUGOR,160,1489
20807,5/12/2026,KYE,KHURAI,149,1542
20807,5/12/2026,MAKR,BINA MALKHEDI JN,128,1560
20807,5/12/2026,LAR,LALITPUR,109,1622
20807,5/12/2026,VGLJ,V LAKSHMIBAI JHANSI,108,1712
20807,5/12/2026,DAA,DATIA,109,1737
20807,5/12/2026,GWL,GWALIOR,101,1809
20807,5/12/2026,AGC,AGRA CANTT,97,1928
20807,5/12/2026,MTJ,MATHURA JN,95,1982
20807,5/12/2026,NZM,H NIZAMUDDIN,75,2115
20807,5/12/2026,NDLS,NEW DELHI,70,2122
20807,5/12/2026,BDMJ,BHODWAL MAJRI,,
20807,5/12/2026,PNP,PANIPAT JN,80,2212
20807,5/12/2026,UMB,AMBALA CANT JN,66,2320
20807,5/12/2026,LDH,LUDHIANA JN,109,2434
20807,5/12/2026,JUC,JALANDHAR CITY,70,2491
20807,5/12/2026,BEAS,BEAS,66,2527
20807,5/12/2026,ASR,AMRITSAR JN,55,2570
20807,5/15/2026,VSKP,VISAKHAPATNAM,5,0
20807,5/15/2026,VZM,VIZIANAGRAM JN,21,61
20807,5/15/2026,CHE,SRIKAKULAM ROAD,21,131
20807,5/15/2026,PSA,PALASA,4,203
20807,5/15/2026,BAM,BRAHMAPUR,16,277
20807,5/15/2026,CAP,CHATRAPUR,17,299
20807,5/15/2026,BALU,BALUGAN,16,353
20807,5/15/2026,KUR,KHURDA ROAD JN,19,424
20807,5/15/2026,BBS,BHUBANESWAR,22,443
20807,5/15/2026,NQR,NARAJ MARTHAPUR,7,468
20807,5/15/2026,DNKL,DHENKANAL,13,505
20807,5/15/2026,TLHR,TALCHER,17,558
20807,5/15/2026,ANGL,ANGUL,13,576
20807,5/15/2026,RAIR,RAIRAKHOL,16,661
20807,5/15/2026,RGDA,RAYAGADA,,
20807,5/15/2026,TIG,TITLAGARH,,
20807,5/15/2026,SBP,SAMBALPUR,29,732
20807,5/15/2026,JSGR,JHARSUGUDA ROAD,19,779
20807,5/15/2026,BRJN,BRAJRAJNAGAR,3,790
20807,5/15/2026,BPH,BELPAHAR,7,799
20807,5/15/2026,RIG,RAIGARH,14,850
20807,5/15/2026,KHS,KHARSIA,21,884
20807,5/15/2026,SKT,SAKTI,30,900
20807,5/15/2026,CPH,CHAMPA,26,930
20807,5/15/2026,AKT,AKALTARA,25,956
20807,5/15/2026,BSP,BILASPUR JN,16,983
20807,5/15/2026,PND,PENDRA ROAD,55,1086
20807,5/15/2026,APR,ANUPPUR JN,43,1136
20807,5/15/2026,BUH,BURHAR,47,1157
20807,5/15/2026,SDL,SHAHDOL,39,1177
20807,5/15/2026,UMR,UMARIA,34,1244
20807,5/15/2026,KMZ,KATNI MURWARA,42,1302
20807,5/15/2026,DMO,DAMOH,55,1411
20807,5/15/2026,SGO,SAUGOR,73,1489
20807,5/15/2026,KYE,KHURAI,57,1542
20807,5/15/2026,MAKR,BINA MALKHEDI JN,36,1560
20807,5/15/2026,LAR,LALITPUR,18,1622
20807,5/15/2026,VGLJ,V LAKSHMIBAI JHANSI,9,1712
20807,5/15/2026,DAA,DATIA,18,1737
20807,5/15/2026,GWL,GWALIOR,5,1809
20807,5/15/2026,AGC,AGRA CANTT,0,1928
20807,5/15/2026,MTJ,MATHURA JN,0,1982
20807,5/15/2026,NZM,H NIZAMUDDIN,0,2115
20807,5/15/2026,NDLS,NEW DELHI,5,2122
20807,5/15/2026,BDMJ,BHODWAL MAJRI,,
20807,5/15/2026,PNP,PANIPAT JN,83,2212
20807,5/15/2026,UMB,AMBALA CANT JN,72,2320
20807,5/15/2026,LDH,LUDHIANA JN,81,2434
20807,5/15/2026,JUC,JALANDHAR CITY,32,2491
20807,5/15/2026,BEAS,BEAS,37,2527
20807,5/15/2026,ASR,AMRITSAR JN,64,2570
20807,5/16/2026,VSKP,VISAKHAPATNAM,2,0
20807,5/16/2026,VZM,VIZIANAGRAM JN,7,61
20807,5/16/2026,CHE,SRIKAKULAM ROAD,3,131
20807,5/16/2026,PSA,PALASA,0,203
20807,5/16/2026,BAM,BRAHMAPUR,3,277
20807,5/16/2026,CAP,CHATRAPUR,4,299
20807,5/16/2026,BALU,BALUGAN,8,353
20807,5/16/2026,KUR,KHURDA ROAD JN,9,424
20807,5/16/2026,BBS,BHUBANESWAR,0,443
20807,5/16/2026,NQR,NARAJ MARTHAPUR,3,468
20807,5/16/2026,DNKL,DHENKANAL,35,505
20807,5/16/2026,TLHR,TALCHER,36,558
20807,5/16/2026,ANGL,ANGUL,42,576
20807,5/16/2026,RAIR,RAIRAKHOL,39,661
20807,5/16/2026,RGDA,RAYAGADA,,
20807,5/16/2026,TIG,TITLAGARH,,
20807,5/16/2026,SBP,SAMBALPUR,34,732
20807,5/16/2026,JSGR,JHARSUGUDA ROAD,26,779
20807,5/16/2026,BRJN,BRAJRAJNAGAR,10,790
20807,5/16/2026,BPH,BELPAHAR,12,799
20807,5/16/2026,RIG,RAIGARH,30,850
20807,5/16/2026,KHS,KHARSIA,47,884
20807,5/16/2026,SKT,SAKTI,50,900
20807,5/16/2026,CPH,CHAMPA,59,930
20807,5/16/2026,AKT,AKALTARA,60,956
20807,5/16/2026,BSP,BILASPUR JN,64,983
20807,5/16/2026,PND,PENDRA ROAD,110,1086
20807,5/16/2026,APR,ANUPPUR JN,131,1136
20807,5/16/2026,BUH,BURHAR,151,1157
20807,5/16/2026,SDL,SHAHDOL,173,1177
20807,5/16/2026,UMR,UMARIA,191,1244
20807,5/16/2026,KMZ,KATNI MURWARA,169,1302
20807,5/16/2026,DMO,DAMOH,176,1411
20807,5/16/2026,SGO,SAUGOR,184,1489
20807,5/16/2026,KYE,KHURAI,167,1542
20807,5/16/2026,MAKR,BINA MALKHEDI JN,146,1560
20807,5/16/2026,LAR,LALITPUR,152,1622
20807,5/16/2026,VGLJ,V LAKSHMIBAI JHANSI,145,1712
20807,5/16/2026,DAA,DATIA,148,1737
20807,5/16/2026,GWL,GWALIOR,143,1809
20807,5/16/2026,AGC,AGRA CANTT,150,1928
20807,5/16/2026,MTJ,MATHURA JN,143,1982
20807,5/16/2026,NZM,H NIZAMUDDIN,148,2115
20807,5/16/2026,NDLS,NEW DELHI,165,2122
20807,5/16/2026,BDMJ,BHODWAL MAJRI,,
20807,5/16/2026,PNP,PANIPAT JN,222,2212
20807,5/16/2026,UMB,AMBALA CANT JN,179,2320
20807,5/16/2026,LDH,LUDHIANA JN,183,2434
20807,5/16/2026,JUC,JALANDHAR CITY,152,2491
20807,5/16/2026,BEAS,BEAS,153,2527
20807,5/16/2026,ASR,AMRITSAR JN,143,2570
20807,5/19/2026,VSKP,VISAKHAPATNAM,0,0
20807,5/19/2026,VZM,VIZIANAGRAM JN,13,61
20807,5/19/2026,CHE,SRIKAKULAM ROAD,14,131
20807,5/19/2026,PSA,PALASA,0,203
20807,5/19/2026,BAM,BRAHMAPUR,22,277
20807,5/19/2026,CAP,CHATRAPUR,19,299
20807,5/19/2026,BALU,BALUGAN,19,353
20807,5/19/2026,KUR,KHURDA ROAD JN,31,424
20807,5/19/2026,BBS,BHUBANESWAR,23,443
20807,5/19/2026,NQR,NARAJ MARTHAPUR,23,468
20807,5/19/2026,DNKL,DHENKANAL,41,505
20807,5/19/2026,TLHR,TALCHER,75,558
20807,5/19/2026,ANGL,ANGUL,81,576
20807,5/19/2026,RAIR,RAIRAKHOL,86,661
20807,5/19/2026,RGDA,RAYAGADA,,
20807,5/19/2026,TIG,TITLAGARH,,
20807,5/19/2026,SBP,SAMBALPUR,84,732
20807,5/19/2026,JSGR,JHARSUGUDA ROAD,77,779
20807,5/19/2026,BRJN,BRAJRAJNAGAR,61,790
20807,5/19/2026,BPH,BELPAHAR,67,799
20807,5/19/2026,RIG,RAIGARH,88,850
20807,5/19/2026,KHS,KHARSIA,99,884
20807,5/19/2026,SKT,SAKTI,104,900
20807,5/19/2026,CPH,CHAMPA,109,930
20807,5/19/2026,AKT,AKALTARA,108,956
20807,5/19/2026,BSP,BILASPUR JN,76,983
20807,5/19/2026,PND,PENDRA ROAD,120,1086
20807,5/19/2026,APR,ANUPPUR JN,106,1136
20807,5/19/2026,BUH,BURHAR,119,1157
20807,5/19/2026,SDL,SHAHDOL,134,1177
20807,5/19/2026,UMR,UMARIA,144,1244
20807,5/19/2026,KMZ,KATNI MURWARA,140,1302
20807,5/19/2026,DMO,DAMOH,160,1411
20807,5/19/2026,SGO,SAUGOR,178,1489
20807,5/19/2026,KYE,KHURAI,165,1542
20807,5/19/2026,MAKR,BINA MALKHEDI JN,146,1560
20807,5/19/2026,LAR,LALITPUR,125,1622
20807,5/19/2026,VGLJ,V LAKSHMIBAI JHANSI,128,1712
20807,5/19/2026,DAA,DATIA,129,1737
20807,5/19/2026,GWL,GWALIOR,113,1809
20807,5/19/2026,AGC,AGRA CANTT,89,1928
20807,5/19/2026,MTJ,MATHURA JN,71,1982
20807,5/19/2026,NZM,H NIZAMUDDIN,42,2115
20807,5/19/2026,NDLS,NEW DELHI,43,2122
20807,5/19/2026,BDMJ,BHODWAL MAJRI,,
20807,5/19/2026,PNP,PANIPAT JN,57,2212
20807,5/19/2026,UMB,AMBALA CANT JN,7,2320
20807,5/19/2026,LDH,LUDHIANA JN,65,2434
20807,5/19/2026,JUC,JALANDHAR CITY,12,2491
20807,5/19/2026,BEAS,BEAS,9,2527
20807,5/19/2026,ASR,AMRITSAR JN,0,2570
20807,5/22/2026,VSKP,VISAKHAPATNAM,243,0
20807,5/22/2026,VZM,VIZIANAGRAM JN,261,61
20807,5/22/2026,CHE,SRIKAKULAM ROAD,280,131
20807,5/22/2026,PSA,PALASA,268,203
20807,5/22/2026,BAM,BRAHMAPUR,306,277
20807,5/22/2026,CAP,CHATRAPUR,306,299
20807,5/22/2026,BALU,BALUGAN,304,353
20807,5/22/2026,KUR,KHURDA ROAD JN,358,424
20807,5/22/2026,BBS,BHUBANESWAR,345,443
20807,5/22/2026,NQR,NARAJ MARTHAPUR,334,468
20807,5/22/2026,DNKL,DHENKANAL,338,505
20807,5/22/2026,TLHR,TALCHER,369,558
20807,5/22/2026,ANGL,ANGUL,368,576
20807,5/22/2026,RAIR,RAIRAKHOL,363,661
20807,5/22/2026,RGDA,RAYAGADA,,
20807,5/22/2026,TIG,TITLAGARH,,
20807,5/22/2026,SBP,SAMBALPUR,389,732
20807,5/22/2026,JSGR,JHARSUGUDA ROAD,387,779
20807,5/22/2026,BRJN,BRAJRAJNAGAR,373,790
20807,5/22/2026,BPH,BELPAHAR,375,799
20807,5/22/2026,RIG,RAIGARH,381,850
20807,5/22/2026,KHS,KHARSIA,396,884
20807,5/22/2026,SKT,SAKTI,403,900
20807,5/22/2026,CPH,CHAMPA,399,930
20807,5/22/2026,AKT,AKALTARA,400,956
20807,5/22/2026,BSP,BILASPUR JN,386,983
20807,5/22/2026,PND,PENDRA ROAD,465,1086
20807,5/22/2026,APR,ANUPPUR JN,456,1136
20807,5/22/2026,BUH,BURHAR,460,1157
20807,5/22/2026,SDL,SHAHDOL,453,1177
20807,5/22/2026,UMR,UMARIA,451,1244
20807,5/22/2026,KMZ,KATNI MURWARA,439,1302
20807,5/22/2026,DMO,DAMOH,452,1411
20807,5/22/2026,SGO,SAUGOR,462,1489
20807,5/22/2026,KYE,KHURAI,449,1542
20807,5/22/2026,MAKR,BINA MALKHEDI JN,463,1560
20807,5/22/2026,LAR,LALITPUR,442,1622
20807,5/22/2026,VGLJ,V LAKSHMIBAI JHANSI,436,1712
20807,5/22/2026,DAA,DATIA,438,1737
20807,5/22/2026,GWL,GWALIOR,416,1809
20807,5/22/2026,AGC,AGRA CANTT,395,1928
20807,5/22/2026,MTJ,MATHURA JN,390,1982
20807,5/22/2026,NZM,H NIZAMUDDIN,378,2115
20807,5/22/2026,NDLS,NEW DELHI,386,2122
20807,5/22/2026,BDMJ,BHODWAL MAJRI,,
20807,5/22/2026,PNP,PANIPAT JN,433,2212
20807,5/22/2026,UMB,AMBALA CANT JN,428,2320
20807,5/22/2026,LDH,LUDHIANA JN,417,2434
20807,5/22/2026,JUC,JALANDHAR CITY,366,2491
20807,5/22/2026,BEAS,BEAS,376,2527
20807,5/22/2026,ASR,AMRITSAR JN,377,2570
20807,5/23/2026,VSKP,VISAKHAPATNAM,67,0
20807,5/23/2026,VZM,VIZIANAGRAM JN,81,61
20807,5/23/2026,CHE,SRIKAKULAM ROAD,80,131
20807,5/23/2026,PSA,PALASA,58,203
20807,5/23/2026,BAM,BRAHMAPUR,80,277
20807,5/23/2026,CAP,CHATRAPUR,77,299
20807,5/23/2026,BALU,BALUGAN,79,353
20807,5/23/2026,KUR,KHURDA ROAD JN,91,424
20807,5/23/2026,BBS,BHUBANESWAR,75,443
20807,5/23/2026,NQR,NARAJ MARTHAPUR,61,468
20807,5/23/2026,DNKL,DHENKANAL,68,505
20807,5/23/2026,TLHR,TALCHER,61,558
20807,5/23/2026,ANGL,ANGUL,63,576
20807,5/23/2026,RAIR,RAIRAKHOL,81,661
20807,5/23/2026,RGDA,RAYAGADA,,
20807,5/23/2026,TIG,TITLAGARH,,
20807,5/23/2026,SBP,SAMBALPUR,93,732
20807,5/23/2026,JSGR,JHARSUGUDA ROAD,89,779
20807,5/23/2026,BRJN,BRAJRAJNAGAR,84,790
20807,5/23/2026,BPH,BELPAHAR,88,799
20807,5/23/2026,RIG,RAIGARH,91,850
20807,5/23/2026,KHS,KHARSIA,101,884
20807,5/23/2026,SKT,SAKTI,106,900
20807,5/23/2026,CPH,CHAMPA,101,930
20807,5/23/2026,AKT,AKALTARA,114,956
20807,5/23/2026,BSP,BILASPUR JN,82,983
20807,5/23/2026,PND,PENDRA ROAD,139,1086
20807,5/23/2026,APR,ANUPPUR JN,140,1136
20807,5/23/2026,BUH,BURHAR,142,1157
20807,5/23/2026,SDL,SHAHDOL,133,1177
20807,5/23/2026,UMR,UMARIA,130,1244
20807,5/23/2026,KMZ,KATNI MURWARA,111,1302
20807,5/23/2026,DMO,DAMOH,141,1411
20807,5/23/2026,SGO,SAUGOR,159,1489
20807,5/23/2026,KYE,KHURAI,152,1542
20807,5/23/2026,MAKR,BINA MALKHEDI JN,131,1560
20807,5/23/2026,LAR,LALITPUR,126,1622
20807,5/23/2026,VGLJ,V LAKSHMIBAI JHANSI,127,1712
20807,5/23/2026,DAA,DATIA,127,1737
20807,5/23/2026,GWL,GWALIOR,103,1809
20807,5/23/2026,AGC,AGRA CANTT,93,1928
20807,5/23/2026,MTJ,MATHURA JN,87,1982
20807,5/23/2026,NZM,H NIZAMUDDIN,63,2115
20807,5/23/2026,NDLS,NEW DELHI,65,2122
20807,5/23/2026,BDMJ,BHODWAL MAJRI,,
20807,5/23/2026,PNP,PANIPAT JN,82,2212
20807,5/23/2026,UMB,AMBALA CANT JN,35,2320
20807,5/23/2026,LDH,LUDHIANA JN,28,2434
20807,5/23/2026,JUC,JALANDHAR CITY,29,2491
20807,5/23/2026,BEAS,BEAS,26,2527
20807,5/23/2026,ASR,AMRITSAR JN,6,2570
20807,5/26/2026,VSKP,VISAKHAPATNAM,5,0
20807,5/26/2026,VZM,VIZIANAGRAM JN,9,61
20807,5/26/2026,CHE,SRIKAKULAM ROAD,11,131
20807,5/26/2026,PSA,PALASA,0,203
20807,5/26/2026,BAM,BRAHMAPUR,4,277
20807,5/26/2026,CAP,CHATRAPUR,3,299
20807,5/26/2026,BALU,BALUGAN,2,353
20807,5/26/2026,KUR,KHURDA ROAD JN,3,424
20807,5/26/2026,BBS,BHUBANESWAR,9,443
20807,5/26/2026,NQR,NARAJ MARTHAPUR,0,468
20807,5/26/2026,DNKL,DHENKANAL,21,505
20807,5/26/2026,TLHR,TALCHER,47,558
20807,5/26/2026,ANGL,ANGUL,72,576
20807,5/26/2026,RAIR,RAIRAKHOL,79,661
20807,5/26/2026,RGDA,RAYAGADA,,
20807,5/26/2026,TIG,TITLAGARH,,
20807,5/26/2026,SBP,SAMBALPUR,88,732
20807,5/26/2026,JSGR,JHARSUGUDA ROAD,76,779
20807,5/26/2026,BRJN,BRAJRAJNAGAR,64,790
20807,5/26/2026,BPH,BELPAHAR,78,799
20807,5/26/2026,RIG,RAIGARH,82,850
20807,5/26/2026,KHS,KHARSIA,113,884
20807,5/26/2026,SKT,SAKTI,119,900
20807,5/26/2026,CPH,CHAMPA,122,930
20807,5/26/2026,AKT,AKALTARA,119,956
20807,5/26/2026,BSP,BILASPUR JN,123,983
20807,5/26/2026,PND,PENDRA ROAD,171,1086
20807,5/26/2026,APR,ANUPPUR JN,161,1136
20807,5/26/2026,BUH,BURHAR,165,1157
20807,5/26/2026,SDL,SHAHDOL,166,1177
20807,5/26/2026,UMR,UMARIA,161,1244
20807,5/26/2026,KMZ,KATNI MURWARA,135,1302
20807,5/26/2026,DMO,DAMOH,148,1411
20807,5/26/2026,SGO,SAUGOR,163,1489
20807,5/26/2026,KYE,KHURAI,157,1542
20807,5/26/2026,MAKR,BINA MALKHEDI JN,137,1560
20807,5/26/2026,LAR,LALITPUR,119,1622
20807,5/26/2026,VGLJ,V LAKSHMIBAI JHANSI,125,1712
20807,5/26/2026,DAA,DATIA,130,1737
20807,5/26/2026,GWL,GWALIOR,115,1809
20807,5/26/2026,AGC,AGRA CANTT,98,1928
20807,5/26/2026,MTJ,MATHURA JN,152,1982
20807,5/26/2026,NZM,H NIZAMUDDIN,148,2115
20807,5/26/2026,NDLS,NEW DELHI,163,2122
20807,5/26/2026,BDMJ,BHODWAL MAJRI,,
20807,5/26/2026,PNP,PANIPAT JN,182,2212
20807,5/26/2026,UMB,AMBALA CANT JN,127,2320
20807,5/26/2026,LDH,LUDHIANA JN,117,2434
20807,5/26/2026,JUC,JALANDHAR CITY,73,2491
20807,5/26/2026,BEAS,BEAS,71,2527
20807,5/26/2026,ASR,AMRITSAR JN,95,2570
20807,5/29/2026,VSKP,VISAKHAPATNAM,134,0
20807,5/29/2026,VZM,VIZIANAGRAM JN,144,61
20807,5/29/2026,CHE,SRIKAKULAM ROAD,140,131
20807,5/29/2026,PSA,PALASA,116,203
20807,5/29/2026,BAM,BRAHMAPUR,120,277
20807,5/29/2026,CAP,CHATRAPUR,120,299
20807,5/29/2026,BALU,BALUGAN,126,353
20807,5/29/2026,KUR,KHURDA ROAD JN,157,424
20807,5/29/2026,BBS,BHUBANESWAR,158,443
20807,5/29/2026,NQR,NARAJ MARTHAPUR,148,468
20807,5/29/2026,DNKL,DHENKANAL,164,505
20807,5/29/2026,TLHR,TALCHER,178,558
20807,5/29/2026,ANGL,ANGUL,182,576
20807,5/29/2026,RAIR,RAIRAKHOL,183,661
20807,5/29/2026,RGDA,RAYAGADA,,
20807,5/29/2026,TIG,TITLAGARH,,
20807,5/29/2026,SBP,SAMBALPUR,189,732
20807,5/29/2026,JSGR,JHARSUGUDA ROAD,176,779
20807,5/29/2026,BRJN,BRAJRAJNAGAR,165,790
20807,5/29/2026,BPH,BELPAHAR,172,799
20807,5/29/2026,RIG,RAIGARH,171,850
20807,5/29/2026,KHS,KHARSIA,183,884
20807,5/29/2026,SKT,SAKTI,188,900
20807,5/29/2026,CPH,CHAMPA,201,930
20807,5/29/2026,AKT,AKALTARA,210,956
20807,5/29/2026,BSP,BILASPUR JN,191,983
20807,5/29/2026,PND,PENDRA ROAD,237,1086
20807,5/29/2026,APR,ANUPPUR JN,229,1136
20807,5/29/2026,BUH,BURHAR,242,1157
20807,5/29/2026,SDL,SHAHDOL,237,1177
20807,5/29/2026,UMR,UMARIA,255,1244
20807,5/29/2026,KMZ,KATNI MURWARA,252,1302
20807,5/29/2026,DMO,DAMOH,261,1411
20807,5/29/2026,SGO,SAUGOR,287,1489
20807,5/29/2026,KYE,KHURAI,285,1542
20807,5/29/2026,MAKR,BINA MALKHEDI JN,264,1560
20807,5/29/2026,LAR,LALITPUR,246,1622
20807,5/29/2026,VGLJ,V LAKSHMIBAI JHANSI,239,1712
20807,5/29/2026,DAA,DATIA,241,1737
20807,5/29/2026,GWL,GWALIOR,246,1809
20807,5/29/2026,AGC,AGRA CANTT,245,1928
20807,5/29/2026,MTJ,MATHURA JN,243,1982
20807,5/29/2026,NZM,H NIZAMUDDIN,258,2115
20807,5/29/2026,NDLS,NEW DELHI,323,2122
20807,5/29/2026,BDMJ,BHODWAL MAJRI,,
20807,5/29/2026,PNP,PANIPAT JN,385,2212
20807,5/29/2026,UMB,AMBALA CANT JN,358,2320
20807,5/29/2026,LDH,LUDHIANA JN,359,2434
20807,5/29/2026,JUC,JALANDHAR CITY,312,2491
20807,5/29/2026,BEAS,BEAS,318,2527
20807,5/29/2026,ASR,AMRITSAR JN,304,2570
20807,5/30/2026,VSKP,VISAKHAPATNAM,78,0
20807,5/30/2026,VZM,VIZIANAGRAM JN,84,61
20807,5/30/2026,CHE,SRIKAKULAM ROAD,86,131
20807,5/30/2026,PSA,PALASA,64,203
20807,5/30/2026,BAM,BRAHMAPUR,78,277
20807,5/30/2026,CAP,CHATRAPUR,75,299
20807,5/30/2026,BALU,BALUGAN,86,353
20807,5/30/2026,KUR,KHURDA ROAD JN,141,424
20807,5/30/2026,BBS,BHUBANESWAR,132,443
20807,5/30/2026,NQR,NARAJ MARTHAPUR,120,468
20807,5/30/2026,DNKL,DHENKANAL,136,505
20807,5/30/2026,TLHR,TALCHER,120,558
20807,5/30/2026,ANGL,ANGUL,126,576
20807,5/30/2026,RAIR,RAIRAKHOL,144,661
20807,5/30/2026,RGDA,RAYAGADA,,
20807,5/30/2026,TIG,TITLAGARH,,
20807,5/30/2026,SBP,SAMBALPUR,139,732
20807,5/30/2026,JSGR,JHARSUGUDA ROAD,160,779
20807,5/30/2026,BRJN,BRAJRAJNAGAR,145,790
20807,5/30/2026,BPH,BELPAHAR,147,799
20807,5/30/2026,RIG,RAIGARH,143,850
20807,5/30/2026,KHS,KHARSIA,166,884
20807,5/30/2026,SKT,SAKTI,168,900
20807,5/30/2026,CPH,CHAMPA,178,930
20807,5/30/2026,AKT,AKALTARA,223,956
20807,5/30/2026,BSP,BILASPUR JN,194,983
20807,5/30/2026,PND,PENDRA ROAD,247,1086
20807,5/30/2026,APR,ANUPPUR JN,281,1136
20807,5/30/2026,BUH,BURHAR,296,1157
20807,5/30/2026,SDL,SHAHDOL,297,1177
20807,5/30/2026,UMR,UMARIA,343,1244
20807,5/30/2026,KMZ,KATNI MURWARA,301,1302
20807,5/30/2026,DMO,DAMOH,312,1411
20807,5/30/2026,SGO,SAUGOR,315,1489
20807,5/30/2026,KYE,KHURAI,299,1542
20807,5/30/2026,MAKR,BINA MALKHEDI JN,281,1560
20807,5/30/2026,LAR,LALITPUR,269,1622
20807,5/30/2026,VGLJ,V LAKSHMIBAI JHANSI,277,1712
20807,5/30/2026,DAA,DATIA,291,1737
20807,5/30/2026,GWL,GWALIOR,293,1809
20807,5/30/2026,AGC,AGRA CANTT,286,1928
20807,5/30/2026,MTJ,MATHURA JN,269,1982
20807,5/30/2026,NZM,H NIZAMUDDIN,242,2115
20807,5/30/2026,NDLS,NEW DELHI,316,2122
20807,5/30/2026,BDMJ,BHODWAL MAJRI,,
20807,5/30/2026,PNP,PANIPAT JN,345,2212
20807,5/30/2026,UMB,AMBALA CANT JN,385,2320
20807,5/30/2026,LDH,LUDHIANA JN,402,2434
20807,5/30/2026,JUC,JALANDHAR CITY,350,2491
20807,5/30/2026,BEAS,BEAS,346,2527
20807,5/30/2026,ASR,AMRITSAR JN,349,2570
20807,6/2/2026,VSKP,VISAKHAPATNAM,5,0
20807,6/2/2026,VZM,VIZIANAGRAM JN,32,61
20807,6/2/2026,CHE,SRIKAKULAM ROAD,29,131
20807,6/2/2026,PSA,PALASA,14,203
20807,6/2/2026,BAM,BRAHMAPUR,25,277
20807,6/2/2026,CAP,CHATRAPUR,22,299
20807,6/2/2026,BALU,BALUGAN,24,353
20807,6/2/2026,KUR,KHURDA ROAD JN,24,424
20807,6/2/2026,BBS,BHUBANESWAR,15,443
20807,6/2/2026,NQR,NARAJ MARTHAPUR,3,468
20807,6/2/2026,DNKL,DHENKANAL,17,505
20807,6/2/2026,TLHR,TALCHER,22,558
20807,6/2/2026,ANGL,ANGUL,36,576
20807,6/2/2026,RAIR,RAIRAKHOL,37,661
20807,6/2/2026,RGDA,RAYAGADA,,
20807,6/2/2026,TIG,TITLAGARH,,
20807,6/2/2026,SBP,SAMBALPUR,38,732
20807,6/2/2026,JSGR,JHARSUGUDA ROAD,29,779
20807,6/2/2026,BRJN,BRAJRAJNAGAR,12,790
20807,6/2/2026,BPH,BELPAHAR,14,799
20807,6/2/2026,RIG,RAIGARH,8,850
20807,6/2/2026,KHS,KHARSIA,20,884
20807,6/2/2026,SKT,SAKTI,23,900
20807,6/2/2026,CPH,CHAMPA,36,930
20807,6/2/2026,AKT,AKALTARA,37,956
20807,6/2/2026,BSP,BILASPUR JN,25,983
20807,6/2/2026,PND,PENDRA ROAD,61,1086
20807,6/2/2026,APR,ANUPPUR JN,50,1136
20807,6/2/2026,BUH,BURHAR,54,1157
20807,6/2/2026,SDL,SHAHDOL,71,1177
20807,6/2/2026,UMR,UMARIA,75,1244
20807,6/2/2026,KMZ,KATNI MURWARA,58,1302
20807,6/2/2026,DMO,DAMOH,73,1411
20807,6/2/2026,SGO,SAUGOR,83,1489
20807,6/2/2026,KYE,KHURAI,70,1542
20807,6/2/2026,MAKR,BINA MALKHEDI JN,51,1560
20807,6/2/2026,LAR,LALITPUR,37,1622
20807,6/2/2026,VGLJ,V LAKSHMIBAI JHANSI,53,1712
20807,6/2/2026,DAA,DATIA,54,1737
20807,6/2/2026,GWL,GWALIOR,30,1809
20807,6/2/2026,AGC,AGRA CANTT,10,1928
20807,6/2/2026,MTJ,MATHURA JN,8,1982
20807,6/2/2026,NZM,H NIZAMUDDIN,9,2115
20807,6/2/2026,NDLS,NEW DELHI,39,2122
20807,6/2/2026,BDMJ,BHODWAL MAJRI,,
20807,6/2/2026,PNP,PANIPAT JN,39,2212
20807,6/2/2026,UMB,AMBALA CANT JN,10,2320
20807,6/2/2026,LDH,LUDHIANA JN,1,2434
20807,6/2/2026,JUC,JALANDHAR CITY,0,2491
20807,6/2/2026,BEAS,BEAS,2,2527
20807,6/2/2026,ASR,AMRITSAR JN,-4,2570
20807,6/5/2026,VSKP,VISAKHAPATNAM,73,0
20807,6/5/2026,VZM,VIZIANAGRAM JN,83,61
20807,6/5/2026,CHE,SRIKAKULAM ROAD,89,131
20807,6/5/2026,PSA,PALASA,66,203
20807,6/5/2026,BAM,BRAHMAPUR,86,277
20807,6/5/2026,CAP,CHATRAPUR,85,299
20807,6/5/2026,BALU,BALUGAN,123,353
20807,6/5/2026,KUR,KHURDA ROAD JN,124,424
20807,6/5/2026,BBS,BHUBANESWAR,106,443
20807,6/5/2026,NQR,NARAJ MARTHAPUR,94,468
20807,6/5/2026,DNKL,DHENKANAL,105,505
20807,6/5/2026,TLHR,TALCHER,161,558
20807,6/5/2026,ANGL,ANGUL,160,576
20807,6/5/2026,RAIR,RAIRAKHOL,166,661
20807,6/5/2026,RGDA,RAYAGADA,,
20807,6/5/2026,TIG,TITLAGARH,,
20807,6/5/2026,SBP,SAMBALPUR,154,732
20807,6/5/2026,JSGR,JHARSUGUDA ROAD,156,779
20807,6/5/2026,BRJN,BRAJRAJNAGAR,147,790
20807,6/5/2026,BPH,BELPAHAR,152,799
20807,6/5/2026,RIG,RAIGARH,158,850
20807,6/5/2026,KHS,KHARSIA,176,884
20807,6/5/2026,SKT,SAKTI,183,900
20807,6/5/2026,CPH,CHAMPA,196,930
20807,6/5/2026,AKT,AKALTARA,198,956
20807,6/5/2026,BSP,BILASPUR JN,172,983
20807,6/5/2026,PND,PENDRA ROAD,209,1086
20807,6/5/2026,APR,ANUPPUR JN,197,1136
20807,6/5/2026,BUH,BURHAR,204,1157
20807,6/5/2026,SDL,SHAHDOL,208,1177
20807,6/5/2026,UMR,UMARIA,206,1244
20807,6/5/2026,KMZ,KATNI MURWARA,165,1302
20807,6/5/2026,DMO,DAMOH,178,1411
20807,6/5/2026,SGO,SAUGOR,189,1489
20807,6/5/2026,KYE,KHURAI,172,1542
20807,6/5/2026,MAKR,BINA MALKHEDI JN,155,1560
20807,6/5/2026,LAR,LALITPUR,144,1622
20807,6/5/2026,VGLJ,V LAKSHMIBAI JHANSI,151,1712
20807,6/5/2026,DAA,DATIA,154,1737
20807,6/5/2026,GWL,GWALIOR,147,1809
20807,6/5/2026,AGC,AGRA CANTT,165,1928
20807,6/5/2026,MTJ,MATHURA JN,172,1982
20807,6/5/2026,NZM,H NIZAMUDDIN,148,2115
20807,6/5/2026,NDLS,NEW DELHI,155,2122
20807,6/5/2026,BDMJ,BHODWAL MAJRI,,
20807,6/5/2026,PNP,PANIPAT JN,183,2212
20807,6/5/2026,UMB,AMBALA CANT JN,277,2320
20807,6/5/2026,LDH,LUDHIANA JN,297,2434
20807,6/5/2026,JUC,JALANDHAR CITY,251,2491
20807,6/5/2026,BEAS,BEAS,248,2527
20807,6/5/2026,ASR,AMRITSAR JN,263,2570
20807,6/6/2026,VSKP,VISAKHAPATNAM,44,0
20807,6/6/2026,VZM,VIZIANAGRAM JN,63,61
20807,6/6/2026,CHE,SRIKAKULAM ROAD,66,131
20807,6/6/2026,PSA,PALASA,42,203
20807,6/6/2026,BAM,BRAHMAPUR,80,277
20807,6/6/2026,CAP,CHATRAPUR,78,299
20807,6/6/2026,BALU,BALUGAN,98,353
20807,6/6/2026,KUR,KHURDA ROAD JN,110,424
20807,6/6/2026,BBS,BHUBANESWAR,104,443
20807,6/6/2026,NQR,NARAJ MARTHAPUR,89,468
20807,6/6/2026,DNKL,DHENKANAL,125,505
20807,6/6/2026,TLHR,TALCHER,147,558
20807,6/6/2026,ANGL,ANGUL,154,576
20807,6/6/2026,RAIR,RAIRAKHOL,165,661
20807,6/6/2026,RGDA,RAYAGADA,,
20807,6/6/2026,TIG,TITLAGARH,,
20807,6/6/2026,SBP,SAMBALPUR,173,732
20807,6/6/2026,JSGR,JHARSUGUDA ROAD,194,779
20807,6/6/2026,BRJN,BRAJRAJNAGAR,179,790
20807,6/6/2026,BPH,BELPAHAR,182,799
20807,6/6/2026,RIG,RAIGARH,176,850
20807,6/6/2026,KHS,KHARSIA,195,884
20807,6/6/2026,SKT,SAKTI,212,900
20807,6/6/2026,CPH,CHAMPA,209,930
20807,6/6/2026,AKT,AKALTARA,214,956
20807,6/6/2026,BSP,BILASPUR JN,195,983
20807,6/6/2026,PND,PENDRA ROAD,232,1086
20807,6/6/2026,APR,ANUPPUR JN,234,1136
20807,6/6/2026,BUH,BURHAR,240,1157
20807,6/6/2026,SDL,SHAHDOL,242,1177
20807,6/6/2026,UMR,UMARIA,250,1244
20807,6/6/2026,KMZ,KATNI MURWARA,219,1302
20807,6/6/2026,DMO,DAMOH,234,1411
20807,6/6/2026,SGO,SAUGOR,248,1489
20807,6/6/2026,KYE,KHURAI,236,1542
20807,6/6/2026,MAKR,BINA MALKHEDI JN,216,1560
20807,6/6/2026,LAR,LALITPUR,207,1622
20807,6/6/2026,VGLJ,V LAKSHMIBAI JHANSI,221,1712
20807,6/6/2026,DAA,DATIA,222,1737
20807,6/6/2026,GWL,GWALIOR,220,1809
20807,6/6/2026,AGC,AGRA CANTT,229,1928
20807,6/6/2026,MTJ,MATHURA JN,238,1982
20807,6/6/2026,NZM,H NIZAMUDDIN,215,2115
20807,6/6/2026,NDLS,NEW DELHI,280,2122
20807,6/6/2026,BDMJ,BHODWAL MAJRI,,
20807,6/6/2026,PNP,PANIPAT JN,306,2212
20807,6/6/2026,UMB,AMBALA CANT JN,266,2320
20807,6/6/2026,LDH,LUDHIANA JN,257,2434
20807,6/6/2026,JUC,JALANDHAR CITY,202,2491
20807,6/6/2026,BEAS,BEAS,198,2527
20807,6/6/2026,ASR,AMRITSAR JN,200,2570
20807,6/9/2026,VSKP,VISAKHAPATNAM,99,0
20807,6/9/2026,VZM,VIZIANAGRAM JN,103,61
20807,6/9/2026,CHE,SRIKAKULAM ROAD,121,131
20807,6/9/2026,PSA,PALASA,98,203
20807,6/9/2026,BAM,BRAHMAPUR,111,277
20807,6/9/2026,CAP,CHATRAPUR,112,299
20807,6/9/2026,BALU,BALUGAN,123,353
20807,6/9/2026,KUR,KHURDA ROAD JN,136,424
20807,6/9/2026,BBS,BHUBANESWAR,123,443
20807,6/9/2026,NQR,NARAJ MARTHAPUR,112,468
20807,6/9/2026,DNKL,DHENKANAL,120,505
20807,6/9/2026,TLHR,TALCHER,95,558
20807,6/9/2026,ANGL,ANGUL,82,576
20807,6/9/2026,RAIR,RAIRAKHOL,175,661
20807,6/9/2026,RGDA,RAYAGADA,,
20807,6/9/2026,TIG,TITLAGARH,,
20807,6/9/2026,SBP,SAMBALPUR,152,732
20807,6/9/2026,JSGR,JHARSUGUDA ROAD,237,779
20807,6/9/2026,BRJN,BRAJRAJNAGAR,223,790
20807,6/9/2026,BPH,BELPAHAR,228,799
20807,6/9/2026,RIG,RAIGARH,227,850
20807,6/9/2026,KHS,KHARSIA,241,884
20807,6/9/2026,SKT,SAKTI,243,900
20807,6/9/2026,CPH,CHAMPA,244,930
20807,6/9/2026,AKT,AKALTARA,242,956
20807,6/9/2026,BSP,BILASPUR JN,226,983
20807,6/9/2026,PND,PENDRA ROAD,328,1086
20807,6/9/2026,APR,ANUPPUR JN,344,1136
20807,6/9/2026,BUH,BURHAR,358,1157
20807,6/9/2026,SDL,SHAHDOL,363,1177
20807,6/9/2026,UMR,UMARIA,369,1244
20807,6/9/2026,KMZ,KATNI MURWARA,345,1302
20807,6/9/2026,DMO,DAMOH,355,1411
20807,6/9/2026,SGO,SAUGOR,377,1489
20807,6/9/2026,KYE,KHURAI,370,1542
20807,6/9/2026,MAKR,BINA MALKHEDI JN,351,1560
20807,6/9/2026,LAR,LALITPUR,345,1622
20807,6/9/2026,VGLJ,V LAKSHMIBAI JHANSI,363,1712
20807,6/9/2026,DAA,DATIA,361,1737
20807,6/9/2026,GWL,GWALIOR,342,1809
20807,6/9/2026,AGC,AGRA CANTT,329,1928
20807,6/9/2026,MTJ,MATHURA JN,313,1982
20807,6/9/2026,NZM,H NIZAMUDDIN,282,2115
20807,6/9/2026,NDLS,NEW DELHI,277,2122
20807,6/9/2026,BDMJ,BHODWAL MAJRI,,
20807,6/9/2026,PNP,PANIPAT JN,287,2212
20807,6/9/2026,UMB,AMBALA CANT JN,239,2320
20807,6/9/2026,LDH,LUDHIANA JN,225,2434
20807,6/9/2026,JUC,JALANDHAR CITY,220,2491
20807,6/9/2026,BEAS,BEAS,216,2527
20807,6/9/2026,ASR,AMRITSAR JN,210,2570
20807,6/12/2026,VSKP,VISAKHAPATNAM,279,0
20807,6/12/2026,VZM,VIZIANAGRAM JN,283,61
20807,6/12/2026,CHE,SRIKAKULAM ROAD,278,131
20807,6/12/2026,PSA,PALASA,253,203
20807,6/12/2026,BAM,BRAHMAPUR,267,277
20807,6/12/2026,CAP,CHATRAPUR,271,299
20807,6/12/2026,BALU,BALUGAN,277,353
20807,6/12/2026,KUR,KHURDA ROAD JN,311,424
20807,6/12/2026,BBS,BHUBANESWAR,311,443
20807,6/12/2026,NQR,NARAJ MARTHAPUR,297,468
20807,6/12/2026,DNKL,DHENKANAL,312,505
20807,6/12/2026,TLHR,TALCHER,369,558
20807,6/12/2026,ANGL,ANGUL,374,576
20807,6/12/2026,RAIR,RAIRAKHOL,384,661
20807,6/12/2026,RGDA,RAYAGADA,,
20807,6/12/2026,TIG,TITLAGARH,,
20807,6/12/2026,SBP,SAMBALPUR,384,732
20807,6/12/2026,JSGR,JHARSUGUDA ROAD,381,779
20807,6/12/2026,BRJN,BRAJRAJNAGAR,368,790
20807,6/12/2026,BPH,BELPAHAR,377,799
20807,6/12/2026,RIG,RAIGARH,371,850
20807,6/12/2026,KHS,KHARSIA,380,884
20807,6/12/2026,SKT,SAKTI,388,900
20807,6/12/2026,CPH,CHAMPA,393,930
20807,6/12/2026,AKT,AKALTARA,403,956
20807,6/12/2026,BSP,BILASPUR JN,386,983
20807,6/12/2026,PND,PENDRA ROAD,408,1086
20807,6/12/2026,APR,ANUPPUR JN,403,1136
20807,6/12/2026,BUH,BURHAR,406,1157
20807,6/12/2026,SDL,SHAHDOL,399,1177
20807,6/12/2026,UMR,UMARIA,413,1244
20807,6/12/2026,KMZ,KATNI MURWARA,380,1302
20807,6/12/2026,DMO,DAMOH,394,1411
20807,6/12/2026,SGO,SAUGOR,418,1489
20807,6/12/2026,KYE,KHURAI,412,1542
20807,6/12/2026,MAKR,BINA MALKHEDI JN,391,1560
20807,6/12/2026,LAR,LALITPUR,380,1622
20807,6/12/2026,VGLJ,V LAKSHMIBAI JHANSI,375,1712
20807,6/12/2026,DAA,DATIA,373,1737
20807,6/12/2026,GWL,GWALIOR,362,1809
20807,6/12/2026,AGC,AGRA CANTT,347,1928
20807,6/12/2026,MTJ,MATHURA JN,341,1982
20807,6/12/2026,NZM,H NIZAMUDDIN,307,2115
20807,6/12/2026,NDLS,NEW DELHI,303,2122
20807,6/12/2026,BDMJ,BHODWAL MAJRI,,
20807,6/12/2026,PNP,PANIPAT JN,323,2212
20807,6/12/2026,UMB,AMBALA CANT JN,298,2320
20807,6/12/2026,LDH,LUDHIANA JN,319,2434
20807,6/12/2026,JUC,JALANDHAR CITY,278,2491
20807,6/12/2026,BEAS,BEAS,276,2527
20807,6/12/2026,ASR,AMRITSAR JN,268,2570
20807,6/13/2026,VSKP,VISAKHAPATNAM,21,0
20807,6/13/2026,VZM,VIZIANAGRAM JN,39,61
20807,6/13/2026,CHE,SRIKAKULAM ROAD,31,131
20807,6/13/2026,PSA,PALASA,13,203
20807,6/13/2026,BAM,BRAHMAPUR,30,277
20807,6/13/2026,CAP,CHATRAPUR,28,299
20807,6/13/2026,BALU,BALUGAN,36,353
20807,6/13/2026,KUR,KHURDA ROAD JN,50,424
20807,6/13/2026,BBS,BHUBANESWAR,34,443
20807,6/13/2026,NQR,NARAJ MARTHAPUR,27,468
20807,6/13/2026,DNKL,DHENKANAL,39,505
20807,6/13/2026,TLHR,TALCHER,76,558
20807,6/13/2026,ANGL,ANGUL,99,576
20807,6/13/2026,RAIR,RAIRAKHOL,104,661
20807,6/13/2026,RGDA,RAYAGADA,,
20807,6/13/2026,TIG,TITLAGARH,,
20807,6/13/2026,SBP,SAMBALPUR,99,732
20807,6/13/2026,JSGR,JHARSUGUDA ROAD,99,779
20807,6/13/2026,BRJN,BRAJRAJNAGAR,83,790
20807,6/13/2026,BPH,BELPAHAR,95,799
20807,6/13/2026,RIG,RAIGARH,88,850
20807,6/13/2026,KHS,KHARSIA,88,884
20807,6/13/2026,SKT,SAKTI,90,900
20807,6/13/2026,CPH,CHAMPA,93,930
20807,6/13/2026,AKT,AKALTARA,90,956
20807,6/13/2026,BSP,BILASPUR JN,68,983
20807,6/13/2026,PND,PENDRA ROAD,112,1086
20807,6/13/2026,APR,ANUPPUR JN,146,1136
20807,6/13/2026,BUH,BURHAR,158,1157
20807,6/13/2026,SDL,SHAHDOL,151,1177
20807,6/13/2026,UMR,UMARIA,175,1244
20807,6/13/2026,KMZ,KATNI MURWARA,162,1302
20807,6/13/2026,DMO,DAMOH,173,1411
20807,6/13/2026,SGO,SAUGOR,193,1489
20807,6/13/2026,KYE,KHURAI,182,1542
20807,6/13/2026,MAKR,BINA MALKHEDI JN,161,1560
20807,6/13/2026,LAR,LALITPUR,138,1622
20807,6/13/2026,VGLJ,V LAKSHMIBAI JHANSI,137,1712
20807,6/13/2026,DAA,DATIA,149,1737
20807,6/13/2026,GWL,GWALIOR,137,1809
20807,6/13/2026,AGC,AGRA CANTT,311,1928
20807,6/13/2026,MTJ,MATHURA JN,352,1982
20807,6/13/2026,NZM,H NIZAMUDDIN,362,2115
20807,6/13/2026,NDLS,NEW DELHI,365,2122
20807,6/13/2026,BDMJ,BHODWAL MAJRI,,
20807,6/13/2026,PNP,PANIPAT JN,411,2212
20807,6/13/2026,UMB,AMBALA CANT JN,435,2320
20807,6/13/2026,LDH,LUDHIANA JN,435,2434
20807,6/13/2026,JUC,JALANDHAR CITY,382,2491
20807,6/13/2026,BEAS,BEAS,380,2527
20807,6/13/2026,ASR,AMRITSAR JN,361,2570
20807,6/16/2026,VSKP,VISAKHAPATNAM,61,0
20807,6/16/2026,VZM,VIZIANAGRAM JN,69,61
20807,6/16/2026,CHE,SRIKAKULAM ROAD,68,131
20807,6/16/2026,PSA,PALASA,42,203
20807,6/16/2026,BAM,BRAHMAPUR,52,277
20807,6/16/2026,CAP,CHATRAPUR,49,299
20807,6/16/2026,BALU,BALUGAN,59,353
20807,6/16/2026,KUR,KHURDA ROAD JN,65,424
20807,6/16/2026,BBS,BHUBANESWAR,48,443
20807,6/16/2026,NQR,NARAJ MARTHAPUR,37,468
20807,6/16/2026,DNKL,DHENKANAL,53,505
20807,6/16/2026,TLHR,TALCHER,69,558
20807,6/16/2026,ANGL,ANGUL,77,576
20807,6/16/2026,RAIR,RAIRAKHOL,79,661
20807,6/16/2026,RGDA,RAYAGADA,,
20807,6/16/2026,TIG,TITLAGARH,,
20807,6/16/2026,SBP,SAMBALPUR,57,732
20807,6/16/2026,JSGR,JHARSUGUDA ROAD,68,779
20807,6/16/2026,BRJN,BRAJRAJNAGAR,54,790
20807,6/16/2026,BPH,BELPAHAR,55,799
20807,6/16/2026,RIG,RAIGARH,51,850
20807,6/16/2026,KHS,KHARSIA,64,884
20807,6/16/2026,SKT,SAKTI,67,900
20807,6/16/2026,CPH,CHAMPA,88,930
20807,6/16/2026,AKT,AKALTARA,93,956
20807,6/16/2026,BSP,BILASPUR JN,69,983
20807,6/16/2026,PND,PENDRA ROAD,104,1086
20807,6/16/2026,APR,ANUPPUR JN,87,1136
20807,6/16/2026,BUH,BURHAR,106,1157
20807,6/16/2026,SDL,SHAHDOL,96,1177
20807,6/16/2026,UMR,UMARIA,90,1244
20807,6/16/2026,KMZ,KATNI MURWARA,83,1302
20807,6/16/2026,DMO,DAMOH,109,1411
20807,6/16/2026,SGO,SAUGOR,120,1489
20807,6/16/2026,KYE,KHURAI,109,1542
20807,6/16/2026,MAKR,BINA MALKHEDI JN,90,1560
20807,6/16/2026,LAR,LALITPUR,65,1622
20807,6/16/2026,VGLJ,V LAKSHMIBAI JHANSI,66,1712
20807,6/16/2026,DAA,DATIA,63,1737
20807,6/16/2026,GWL,GWALIOR,44,1809
20807,6/16/2026,AGC,AGRA CANTT,53,1928
20807,6/16/2026,MTJ,MATHURA JN,38,1982
20807,6/16/2026,NZM,H NIZAMUDDIN,15,2115
20807,6/16/2026,NDLS,NEW DELHI,46,2122
20807,6/16/2026,BDMJ,BHODWAL MAJRI,,
20807,6/16/2026,PNP,PANIPAT JN,53,2212
20807,6/16/2026,UMB,AMBALA CANT JN,4,2320
20807,6/16/2026,LDH,LUDHIANA JN,39,2434
20807,6/16/2026,JUC,JALANDHAR CITY,10,2491
20807,6/16/2026,BEAS,BEAS,6,2527
20807,6/16/2026,ASR,AMRITSAR JN,7,2570
20807,6/19/2026,VSKP,VISAKHAPATNAM,11,0
20807,6/19/2026,VZM,VIZIANAGRAM JN,31,61
20807,6/19/2026,CHE,SRIKAKULAM ROAD,28,131
20807,6/19/2026,PSA,PALASA,0,203
20807,6/19/2026,BAM,BRAHMAPUR,2,277
20807,6/19/2026,CAP,CHATRAPUR,0,299
20807,6/19/2026,BALU,BALUGAN,4,353
20807,6/19/2026,KUR,KHURDA ROAD JN,27,424
20807,6/19/2026,BBS,BHUBANESWAR,25,443
20807,6/19/2026,NQR,NARAJ MARTHAPUR,9,468
20807,6/19/2026,DNKL,DHENKANAL,12,505
20807,6/19/2026,TLHR,TALCHER,57,558
20807,6/19/2026,ANGL,ANGUL,53,576
20807,6/19/2026,RAIR,RAIRAKHOL,57,661
20807,6/19/2026,RGDA,RAYAGADA,,
20807,6/19/2026,TIG,TITLAGARH,,
20807,6/19/2026,SBP,SAMBALPUR,72,732
20807,6/19/2026,JSGR,JHARSUGUDA ROAD,54,779
20807,6/19/2026,BRJN,BRAJRAJNAGAR,49,790
20807,6/19/2026,BPH,BELPAHAR,50,799
20807,6/19/2026,RIG,RAIGARH,44,850
20807,6/19/2026,KHS,KHARSIA,70,884
20807,6/19/2026,SKT,SAKTI,72,900
20807,6/19/2026,CPH,CHAMPA,74,930
20807,6/19/2026,AKT,AKALTARA,73,956
20807,6/19/2026,BSP,BILASPUR JN,35,983
20807,6/19/2026,PND,PENDRA ROAD,122,1086
20807,6/19/2026,APR,ANUPPUR JN,115,1136
20807,6/19/2026,BUH,BURHAR,125,1157
20807,6/19/2026,SDL,SHAHDOL,129,1177
20807,6/19/2026,UMR,UMARIA,136,1244
20807,6/19/2026,KMZ,KATNI MURWARA,118,1302
20807,6/19/2026,DMO,DAMOH,124,1411
20807,6/19/2026,SGO,SAUGOR,146,1489
20807,6/19/2026,KYE,KHURAI,133,1542
20807,6/19/2026,MAKR,BINA MALKHEDI JN,114,1560
20807,6/19/2026,LAR,LALITPUR,90,1622
20807,6/19/2026,VGLJ,V LAKSHMIBAI JHANSI,81,1712
20807,6/19/2026,DAA,DATIA,80,1737
20807,6/19/2026,GWL,GWALIOR,70,1809
20807,6/19/2026,AGC,AGRA CANTT,51,1928
20807,6/19/2026,MTJ,MATHURA JN,57,1982
20807,6/19/2026,NZM,H NIZAMUDDIN,23,2115
20807,6/19/2026,NDLS,NEW DELHI,44,2122
20807,6/19/2026,BDMJ,BHODWAL MAJRI,,
20807,6/19/2026,PNP,PANIPAT JN,52,2212
20807,6/19/2026,UMB,AMBALA CANT JN,89,2320
20807,6/19/2026,LDH,LUDHIANA JN,81,2434
20807,6/19/2026,JUC,JALANDHAR CITY,43,2491
20807,6/19/2026,BEAS,BEAS,50,2527
20807,6/19/2026,ASR,AMRITSAR JN,46,2570
20807,6/20/2026,VSKP,VISAKHAPATNAM,1,0
20807,6/20/2026,VZM,VIZIANAGRAM JN,17,61
20807,6/20/2026,CHE,SRIKAKULAM ROAD,18,131
20807,6/20/2026,PSA,PALASA,24,203
20807,6/20/2026,BAM,BRAHMAPUR,67,277
20807,6/20/2026,CAP,CHATRAPUR,65,299
20807,6/20/2026,BALU,BALUGAN,71,353
20807,6/20/2026,KUR,KHURDA ROAD JN,69,424
20807,6/20/2026,BBS,BHUBANESWAR,64,443
20807,6/20/2026,NQR,NARAJ MARTHAPUR,51,468
20807,6/20/2026,DNKL,DHENKANAL,62,505
20807,6/20/2026,TLHR,TALCHER,72,558
20807,6/20/2026,ANGL,ANGUL,69,576
20807,6/20/2026,RAIR,RAIRAKHOL,76,661
20807,6/20/2026,RGDA,RAYAGADA,,
20807,6/20/2026,TIG,TITLAGARH,,
20807,6/20/2026,SBP,SAMBALPUR,78,732
20807,6/20/2026,JSGR,JHARSUGUDA ROAD,77,779
20807,6/20/2026,BRJN,BRAJRAJNAGAR,61,790
20807,6/20/2026,BPH,BELPAHAR,61,799
20807,6/20/2026,RIG,RAIGARH,58,850
20807,6/20/2026,KHS,KHARSIA,60,884
20807,6/20/2026,SKT,SAKTI,67,900
20807,6/20/2026,CPH,CHAMPA,69,930
20807,6/20/2026,AKT,AKALTARA,72,956
20807,6/20/2026,BSP,BILASPUR JN,36,983
20807,6/20/2026,PND,PENDRA ROAD,71,1086
20807,6/20/2026,APR,ANUPPUR JN,56,1136
20807,6/20/2026,BUH,BURHAR,63,1157
20807,6/20/2026,SDL,SHAHDOL,73,1177
20807,6/20/2026,UMR,UMARIA,70,1244
20807,6/20/2026,KMZ,KATNI MURWARA,66,1302
20807,6/20/2026,DMO,DAMOH,79,1411
20807,6/20/2026,SGO,SAUGOR,91,1489
20807,6/20/2026,KYE,KHURAI,93,1542
20807,6/20/2026,MAKR,BINA MALKHEDI JN,76,1560
20807,6/20/2026,LAR,LALITPUR,54,1622
20807,6/20/2026,VGLJ,V LAKSHMIBAI JHANSI,53,1712
20807,6/20/2026,DAA,DATIA,59,1737
20807,6/20/2026,GWL,GWALIOR,62,1809
20807,6/20/2026,AGC,AGRA CANTT,55,1928
20807,6/20/2026,MTJ,MATHURA JN,44,1982
20807,6/20/2026,NZM,H NIZAMUDDIN,25,2115
20807,6/20/2026,NDLS,NEW DELHI,17,2122
20807,6/20/2026,BDMJ,BHODWAL MAJRI,,
20807,6/20/2026,PNP,PANIPAT JN,78,2212
20807,6/20/2026,UMB,AMBALA CANT JN,69,2320
20807,6/20/2026,LDH,LUDHIANA JN,87,2434
20807,6/20/2026,JUC,JALANDHAR CITY,32,2491
20807,6/20/2026,BEAS,BEAS,33,2527
20807,6/20/2026,ASR,AMRITSAR JN,44,2570
20807,6/23/2026,VSKP,VISAKHAPATNAM,6,0
20807,6/23/2026,VZM,VIZIANAGRAM JN,21,61
20807,6/23/2026,CHE,SRIKAKULAM ROAD,16,131
20807,6/23/2026,PSA,PALASA,0,203
20807,6/23/2026,BAM,BRAHMAPUR,1,277
20807,6/23/2026,CAP,CHATRAPUR,0,299
20807,6/23/2026,BALU,BALUGAN,6,353
20807,6/23/2026,KUR,KHURDA ROAD JN,12,424
20807,6/23/2026,BBS,BHUBANESWAR,14,443
20807,6/23/2026,NQR,NARAJ MARTHAPUR,10,468
20807,6/23/2026,DNKL,DHENKANAL,15,505
20807,6/23/2026,TLHR,TALCHER,31,558
20807,6/23/2026,ANGL,ANGUL,37,576
20807,6/23/2026,RAIR,RAIRAKHOL,41,661
20807,6/23/2026,RGDA,RAYAGADA,,
20807,6/23/2026,TIG,TITLAGARH,,
20807,6/23/2026,SBP,SAMBALPUR,33,732
20807,6/23/2026,JSGR,JHARSUGUDA ROAD,56,779
20807,6/23/2026,BRJN,BRAJRAJNAGAR,41,790
20807,6/23/2026,BPH,BELPAHAR,42,799
20807,6/23/2026,RIG,RAIGARH,47,850
20807,6/23/2026,KHS,KHARSIA,90,884
20807,6/23/2026,SKT,SAKTI,93,900
20807,6/23/2026,CPH,CHAMPA,110,930
20807,6/23/2026,AKT,AKALTARA,111,956
20807,6/23/2026,BSP,BILASPUR JN,78,983
20807,6/23/2026,PND,PENDRA ROAD,175,1086
20807,6/23/2026,APR,ANUPPUR JN,167,1136
20807,6/23/2026,BUH,BURHAR,189,1157
20807,6/23/2026,SDL,SHAHDOL,183,1177
20807,6/23/2026,UMR,UMARIA,192,1244
20807,6/23/2026,KMZ,KATNI MURWARA,162,1302
20807,6/23/2026,DMO,DAMOH,182,1411
20807,6/23/2026,SGO,SAUGOR,191,1489
20807,6/23/2026,KYE,KHURAI,176,1542
20807,6/23/2026,MAKR,BINA MALKHEDI JN,156,1560
20807,6/23/2026,LAR,LALITPUR,132,1622
20807,6/23/2026,VGLJ,V LAKSHMIBAI JHANSI,130,1712
20807,6/23/2026,DAA,DATIA,131,1737
20807,6/23/2026,GWL,GWALIOR,109,1809
20807,6/23/2026,AGC,AGRA CANTT,88,1928
20807,6/23/2026,MTJ,MATHURA JN,80,1982
20807,6/23/2026,NZM,H NIZAMUDDIN,68,2115
20807,6/23/2026,NDLS,NEW DELHI,80,2122
20807,6/23/2026,BDMJ,BHODWAL MAJRI,,
20807,6/23/2026,PNP,PANIPAT JN,81,2212
20807,6/23/2026,UMB,AMBALA CANT JN,108,2320
20807,6/23/2026,LDH,LUDHIANA JN,99,2434
20807,6/23/2026,JUC,JALANDHAR CITY,53,2491
20807,6/23/2026,BEAS,BEAS,53,2527
20807,6/23/2026,ASR,AMRITSAR JN,56,2570
20807,6/26/2026,VSKP,VISAKHAPATNAM,1,0
20807,6/26/2026,VZM,VIZIANAGRAM JN,17,61
20807,6/26/2026,CHE,SRIKAKULAM ROAD,20,131
20807,6/26/2026,PSA,PALASA,1,203
20807,6/26/2026,BAM,BRAHMAPUR,1,277
20807,6/26/2026,CAP,CHATRAPUR,0,299
20807,6/26/2026,BALU,BALUGAN,18,353
20807,6/26/2026,KUR,KHURDA ROAD JN,11,424
20807,6/26/2026,BBS,BHUBANESWAR,17,443
20807,6/26/2026,NQR,NARAJ MARTHAPUR,0,468
20807,6/26/2026,DNKL,DHENKANAL,2,505
20807,6/26/2026,TLHR,TALCHER,15,558
20807,6/26/2026,ANGL,ANGUL,27,576
20807,6/26/2026,RAIR,RAIRAKHOL,30,661
20807,6/26/2026,RGDA,RAYAGADA,,
20807,6/26/2026,TIG,TITLAGARH,,
20807,6/26/2026,SBP,SAMBALPUR,32,732
20807,6/26/2026,JSGR,JHARSUGUDA ROAD,19,779
20807,6/26/2026,BRJN,BRAJRAJNAGAR,6,790
20807,6/26/2026,BPH,BELPAHAR,7,799
20807,6/26/2026,RIG,RAIGARH,11,850
20807,6/26/2026,KHS,KHARSIA,25,884
20807,6/26/2026,SKT,SAKTI,28,900
20807,6/26/2026,CPH,CHAMPA,42,930
20807,6/26/2026,AKT,AKALTARA,46,956
20807,6/26/2026,BSP,BILASPUR JN,39,983
20807,6/26/2026,PND,PENDRA ROAD,101,1086
20807,6/26/2026,APR,ANUPPUR JN,133,1136
20807,6/26/2026,BUH,BURHAR,140,1157
20807,6/26/2026,SDL,SHAHDOL,141,1177
20807,6/26/2026,UMR,UMARIA,148,1244
20807,6/26/2026,KMZ,KATNI MURWARA,152,1302
20807,6/26/2026,DMO,DAMOH,154,1411
20807,6/26/2026,SGO,SAUGOR,171,1489
20807,6/26/2026,KYE,KHURAI,160,1542
20807,6/26/2026,MAKR,BINA MALKHEDI JN,147,1560
20807,6/26/2026,LAR,LALITPUR,123,1622
20807,6/26/2026,VGLJ,V LAKSHMIBAI JHANSI,113,1712
20807,6/26/2026,DAA,DATIA,120,1737
20807,6/26/2026,GWL,GWALIOR,101,1809
20807,6/26/2026,AGC,AGRA CANTT,97,1928
20807,6/26/2026,MTJ,MATHURA JN,99,1982
20807,6/26/2026,NZM,H NIZAMUDDIN,69,2115
20807,6/26/2026,NDLS,NEW DELHI,85,2122
20807,6/26/2026,BDMJ,BHODWAL MAJRI,,
20807,6/26/2026,PNP,PANIPAT JN,120,2212
20807,6/26/2026,UMB,AMBALA CANT JN,94,2320
20807,6/26/2026,LDH,LUDHIANA JN,91,2434
20807,6/26/2026,JUC,JALANDHAR CITY,51,2491
20807,6/26/2026,BEAS,BEAS,56,2527
20807,6/26/2026,ASR,AMRITSAR JN,107,2570
20807,6/27/2026,VSKP,VISAKHAPATNAM,138,0
20807,6/27/2026,VZM,VIZIANAGRAM JN,163,61
20807,6/27/2026,CHE,SRIKAKULAM ROAD,216,131
20807,6/27/2026,PSA,PALASA,201,203
20807,6/27/2026,BAM,BRAHMAPUR,207,277
20807,6/27/2026,CAP,CHATRAPUR,205,299
20807,6/27/2026,BALU,BALUGAN,219,353
20807,6/27/2026,KUR,KHURDA ROAD JN,233,424
20807,6/27/2026,BBS,BHUBANESWAR,217,443
20807,6/27/2026,NQR,NARAJ MARTHAPUR,214,468
20807,6/27/2026,DNKL,DHENKANAL,217,505
20807,6/27/2026,TLHR,TALCHER,239,558
20807,6/27/2026,ANGL,ANGUL,240,576
20807,6/27/2026,RAIR,RAIRAKHOL,239,661
20807,6/27/2026,RGDA,RAYAGADA,,
20807,6/27/2026,TIG,TITLAGARH,,
20807,6/27/2026,SBP,SAMBALPUR,243,732
20807,6/27/2026,JSGR,JHARSUGUDA ROAD,330,779
20807,6/27/2026,BRJN,BRAJRAJNAGAR,303,790
20807,6/27/2026,BPH,BELPAHAR,311,799
20807,6/27/2026,RIG,RAIGARH,316,850
20807,6/27/2026,KHS,KHARSIA,335,884
20807,6/27/2026,SKT,SAKTI,330,900
20807,6/27/2026,CPH,CHAMPA,330,930
20807,6/27/2026,AKT,AKALTARA,371,956
20807,6/27/2026,BSP,BILASPUR JN,350,983
20807,6/27/2026,PND,PENDRA ROAD,412,1086
20807,6/27/2026,APR,ANUPPUR JN,403,1136
20807,6/27/2026,BUH,BURHAR,405,1157
20807,6/27/2026,SDL,SHAHDOL,426,1177
20807,6/27/2026,UMR,UMARIA,424,1244
20807,6/27/2026,KMZ,KATNI MURWARA,403,1302
20807,6/27/2026,DMO,DAMOH,417,1411
20807,6/27/2026,SGO,SAUGOR,438,1489
20807,6/27/2026,KYE,KHURAI,429,1542
20807,6/27/2026,MAKR,BINA MALKHEDI JN,410,1560
20807,6/27/2026,LAR,LALITPUR,401,1622
20807,6/27/2026,VGLJ,V LAKSHMIBAI JHANSI,396,1712
20807,6/27/2026,DAA,DATIA,398,1737
20807,6/27/2026,GWL,GWALIOR,394,1809
20807,6/27/2026,AGC,AGRA CANTT,406,1928
20807,6/27/2026,MTJ,MATHURA JN,388,1982
20807,6/27/2026,NZM,H NIZAMUDDIN,376,2115
20807,6/27/2026,NDLS,NEW DELHI,434,2122
20807,6/27/2026,BDMJ,BHODWAL MAJRI,,
20807,6/27/2026,PNP,PANIPAT JN,471,2212
20807,6/27/2026,UMB,AMBALA CANT JN,501,2320
20807,6/27/2026,LDH,LUDHIANA JN,497,2434
20807,6/27/2026,JUC,JALANDHAR CITY,445,2491
20807,6/27/2026,BEAS,BEAS,444,2527
20807,6/27/2026,ASR,AMRITSAR JN,434,2570
20807,6/30/2026,VSKP,VISAKHAPATNAM,7,0
20807,6/30/2026,VZM,VIZIANAGRAM JN,20,61
20807,6/30/2026,CHE,SRIKAKULAM ROAD,9,131
20807,6/30/2026,PSA,PALASA,0,203
20807,6/30/2026,BAM,BRAHMAPUR,0,277
20807,6/30/2026,CAP,CHATRAPUR,1,299
20807,6/30/2026,BALU,BALUGAN,8,353
20807,6/30/2026,KUR,KHURDA ROAD JN,13,424
20807,6/30/2026,BBS,BHUBANESWAR,15,443
20807,6/30/2026,NQR,NARAJ MARTHAPUR,5,468
20807,6/30/2026,DNKL,DHENKANAL,11,505
20807,6/30/2026,TLHR,TALCHER,45,558
20807,6/30/2026,ANGL,ANGUL,50,576
20807,6/30/2026,RAIR,RAIRAKHOL,52,661
20807,6/30/2026,RGDA,RAYAGADA,,
20807,6/30/2026,TIG,TITLAGARH,,
20807,6/30/2026,SBP,SAMBALPUR,50,732
20807,6/30/2026,JSGR,JHARSUGUDA ROAD,64,779
20807,6/30/2026,BRJN,BRAJRAJNAGAR,48,790
20807,6/30/2026,BPH,BELPAHAR,50,799
20807,6/30/2026,RIG,RAIGARH,50,850
20807,6/30/2026,KHS,KHARSIA,74,884
20807,6/30/2026,SKT,SAKTI,87,900
20807,6/30/2026,CPH,CHAMPA,100,930
20807,6/30/2026,AKT,AKALTARA,135,956
20807,6/30/2026,BSP,BILASPUR JN,125,983
20807,6/30/2026,PND,PENDRA ROAD,179,1086
20807,6/30/2026,APR,ANUPPUR JN,171,1136
20807,6/30/2026,BUH,BURHAR,174,1157
20807,6/30/2026,SDL,SHAHDOL,167,1177
20807,6/30/2026,UMR,UMARIA,162,1244
20807,6/30/2026,KMZ,KATNI MURWARA,127,1302
20807,6/30/2026,DMO,DAMOH,150,1411
20807,6/30/2026,SGO,SAUGOR,163,1489
20807,6/30/2026,KYE,KHURAI,148,1542
20807,6/30/2026,MAKR,BINA MALKHEDI JN,136,1560
20807,6/30/2026,LAR,LALITPUR,138,1622
20807,6/30/2026,VGLJ,V LAKSHMIBAI JHANSI,143,1712
20807,6/30/2026,DAA,DATIA,148,1737
20807,6/30/2026,GWL,GWALIOR,132,1809
20807,6/30/2026,AGC,AGRA CANTT,134,1928
20807,6/30/2026,MTJ,MATHURA JN,126,1982
20807,6/30/2026,NZM,H NIZAMUDDIN,155,2115
20807,6/30/2026,NDLS,NEW DELHI,164,2122
20807,6/30/2026,BDMJ,BHODWAL MAJRI,,
20807,6/30/2026,PNP,PANIPAT JN,203,2212
20807,6/30/2026,UMB,AMBALA CANT JN,158,2320
20807,6/30/2026,LDH,LUDHIANA JN,169,2434
20807,6/30/2026,JUC,JALANDHAR CITY,153,2491
20807,6/30/2026,BEAS,BEAS,153,2527
20807,6/30/2026,ASR,AMRITSAR JN,133,2570
20807,7/3/2026,VSKP,VISAKHAPATNAM,5,0
20807,7/3/2026,VZM,VIZIANAGRAM JN,16,61
20807,7/3/2026,CHE,SRIKAKULAM ROAD,15,131
20807,7/3/2026,PSA,PALASA,2,203
20807,7/3/2026,BAM,BRAHMAPUR,0,277
20807,7/3/2026,CAP,CHATRAPUR,5,299
20807,7/3/2026,BALU,BALUGAN,15,353
20807,7/3/2026,KUR,KHURDA ROAD JN,14,424
20807,7/3/2026,BBS,BHUBANESWAR,2,443
20807,7/3/2026,NQR,NARAJ MARTHAPUR,0,468
20807,7/3/2026,DNKL,DHENKANAL,8,505
20807,7/3/2026,TLHR,TALCHER,0,558
20807,7/3/2026,ANGL,ANGUL,8,576
20807,7/3/2026,RAIR,RAIRAKHOL,19,661
20807,7/3/2026,RGDA,RAYAGADA,,
20807,7/3/2026,TIG,TITLAGARH,,
20807,7/3/2026,SBP,SAMBALPUR,30,732
20807,7/3/2026,JSGR,JHARSUGUDA ROAD,44,779
20807,7/3/2026,BRJN,BRAJRAJNAGAR,33,790
20807,7/3/2026,BPH,BELPAHAR,35,799
20807,7/3/2026,RIG,RAIGARH,45,850
20807,7/3/2026,KHS,KHARSIA,100,884
20807,7/3/2026,SKT,SAKTI,103,900
20807,7/3/2026,CPH,CHAMPA,113,930
20807,7/3/2026,AKT,AKALTARA,117,956
20807,7/3/2026,BSP,BILASPUR JN,86,983
20807,7/3/2026,PND,PENDRA ROAD,114,1086
20807,7/3/2026,APR,ANUPPUR JN,115,1136
20807,7/3/2026,BUH,BURHAR,125,1157
20807,7/3/2026,SDL,SHAHDOL,131,1177
20807,7/3/2026,UMR,UMARIA,133,1244
20807,7/3/2026,KMZ,KATNI MURWARA,113,1302
20807,7/3/2026,DMO,DAMOH,129,1411
20807,7/3/2026,SGO,SAUGOR,153,1489
20807,7/3/2026,KYE,KHURAI,146,1542
20807,7/3/2026,MAKR,BINA MALKHEDI JN,124,1560
20807,7/3/2026,LAR,LALITPUR,100,1622
20807,7/3/2026,VGLJ,V LAKSHMIBAI JHANSI,87,1712
20807,7/3/2026,DAA,DATIA,89,1737
20807,7/3/2026,GWL,GWALIOR,69,1809
20807,7/3/2026,AGC,AGRA CANTT,50,1928
20807,7/3/2026,MTJ,MATHURA JN,38,1982
20807,7/3/2026,NZM,H NIZAMUDDIN,24,2115
20807,7/3/2026,NDLS,NEW DELHI,16,2122
20807,7/3/2026,BDMJ,BHODWAL MAJRI,,
20807,7/3/2026,PNP,PANIPAT JN,46,2212
20807,7/3/2026,UMB,AMBALA CANT JN,2,2320
20807,7/3/2026,LDH,LUDHIANA JN,51,2434
20807,7/3/2026,JUC,JALANDHAR CITY,0,2491
20807,7/3/2026,BEAS,BEAS,2,2527
20807,7/3/2026,ASR,AMRITSAR JN,7,2570
20807,7/4/2026,VSKP,VISAKHAPATNAM,30,0
20807,7/4/2026,VZM,VIZIANAGRAM JN,50,61
20807,7/4/2026,CHE,SRIKAKULAM ROAD,74,131
20807,7/4/2026,PSA,PALASA,67,203
20807,7/4/2026,BAM,BRAHMAPUR,98,277
20807,7/4/2026,CAP,CHATRAPUR,99,299
20807,7/4/2026,BALU,BALUGAN,110,353
20807,7/4/2026,KUR,KHURDA ROAD JN,108,424
20807,7/4/2026,BBS,BHUBANESWAR,105,443
20807,7/4/2026,NQR,NARAJ MARTHAPUR,94,468
20807,7/4/2026,DNKL,DHENKANAL,104,505
20807,7/4/2026,TLHR,TALCHER,111,558
20807,7/4/2026,ANGL,ANGUL,105,576
20807,7/4/2026,RAIR,RAIRAKHOL,105,661
20807,7/4/2026,RGDA,RAYAGADA,,
20807,7/4/2026,TIG,TITLAGARH,,
20807,7/4/2026,SBP,SAMBALPUR,104,732
20807,7/4/2026,JSGR,JHARSUGUDA ROAD,112,779
20807,7/4/2026,BRJN,BRAJRAJNAGAR,105,790
20807,7/4/2026,BPH,BELPAHAR,107,799
20807,7/4/2026,RIG,RAIGARH,105,850
20807,7/4/2026,KHS,KHARSIA,126,884
20807,7/4/2026,SKT,SAKTI,134,900
20807,7/4/2026,CPH,CHAMPA,157,930
20807,7/4/2026,AKT,AKALTARA,161,956
20807,7/4/2026,BSP,BILASPUR JN,130,983
20807,7/4/2026,PND,PENDRA ROAD,189,1086
20807,7/4/2026,APR,ANUPPUR JN,176,1136
20807,7/4/2026,BUH,BURHAR,181,1157
20807,7/4/2026,SDL,SHAHDOL,176,1177
20807,7/4/2026,UMR,UMARIA,175,1244
20807,7/4/2026,KMZ,KATNI MURWARA,203,1302
20807,7/4/2026,DMO,DAMOH,214,1411
20807,7/4/2026,SGO,SAUGOR,246,1489
20807,7/4/2026,KYE,KHURAI,238,1542
20807,7/4/2026,MAKR,BINA MALKHEDI JN,217,1560
20807,7/4/2026,LAR,LALITPUR,205,1622
20807,7/4/2026,VGLJ,V LAKSHMIBAI JHANSI,206,1712
20807,7/4/2026,DAA,DATIA,215,1737
20807,7/4/2026,GWL,GWALIOR,205,1809
20807,7/4/2026,AGC,AGRA CANTT,223,1928
20807,7/4/2026,MTJ,MATHURA JN,219,1982
20807,7/4/2026,NZM,H NIZAMUDDIN,205,2115
20807,7/4/2026,NDLS,NEW DELHI,225,2122
20807,7/4/2026,BDMJ,BHODWAL MAJRI,,
20807,7/4/2026,PNP,PANIPAT JN,247,2212
20807,7/4/2026,UMB,AMBALA CANT JN,244,2320
20807,7/4/2026,LDH,LUDHIANA JN,242,2434
20807,7/4/2026,JUC,JALANDHAR CITY,192,2491
20807,7/4/2026,BEAS,BEAS,190,2527
20807,7/4/2026,ASR,AMRITSAR JN,175,2570
20807,7/7/2026,VSKP,VISAKHAPATNAM,16,0
20807,7/7/2026,VZM,VIZIANAGRAM JN,37,61
20807,7/7/2026,CHE,SRIKAKULAM ROAD,34,131
20807,7/7/2026,PSA,PALASA,5,203
20807,7/7/2026,BAM,BRAHMAPUR,7,277
20807,7/7/2026,CAP,CHATRAPUR,12,299
20807,7/7/2026,BALU,BALUGAN,38,353
20807,7/7/2026,KUR,KHURDA ROAD JN,36,424
20807,7/7/2026,BBS,BHUBANESWAR,25,443
20807,7/7/2026,NQR,NARAJ MARTHAPUR,11,468
20807,7/7/2026,DNKL,DHENKANAL,14,505
20807,7/7/2026,TLHR,TALCHER,34,558
20807,7/7/2026,ANGL,ANGUL,50,576
20807,7/7/2026,RAIR,RAIRAKHOL,59,661
20807,7/7/2026,RGDA,RAYAGADA,,
20807,7/7/2026,TIG,TITLAGARH,,
20807,7/7/2026,SBP,SAMBALPUR,72,732
20807,7/7/2026,JSGR,JHARSUGUDA ROAD,89,779
20807,7/7/2026,BRJN,BRAJRAJNAGAR,75,790
20807,7/7/2026,BPH,BELPAHAR,80,799
20807,7/7/2026,RIG,RAIGARH,93,850
20807,7/7/2026,KHS,KHARSIA,102,884
20807,7/7/2026,SKT,SAKTI,111,900
20807,7/7/2026,CPH,CHAMPA,113,930
20807,7/7/2026,AKT,AKALTARA,124,956
20807,7/7/2026,BSP,BILASPUR JN,118,983
20807,7/7/2026,PND,PENDRA ROAD,173,1086
20807,7/7/2026,APR,ANUPPUR JN,156,1136
20807,7/7/2026,BUH,BURHAR,159,1157
20807,7/7/2026,SDL,SHAHDOL,160,1177
20807,7/7/2026,UMR,UMARIA,186,1244
20807,7/7/2026,KMZ,KATNI MURWARA,170,1302
20807,7/7/2026,DMO,DAMOH,179,1411
20807,7/7/2026,SGO,SAUGOR,211,1489
20807,7/7/2026,KYE,KHURAI,213,1542
20807,7/7/2026,MAKR,BINA MALKHEDI JN,196,1560
20807,7/7/2026,LAR,LALITPUR,185,1622
20807,7/7/2026,VGLJ,V LAKSHMIBAI JHANSI,191,1712
20807,7/7/2026,DAA,DATIA,210,1737
20807,7/7/2026,GWL,GWALIOR,210,1809
20807,7/7/2026,AGC,AGRA CANTT,248,1928
20807,7/7/2026,MTJ,MATHURA JN,239,1982
20807,7/7/2026,NZM,H NIZAMUDDIN,237,2115
20807,7/7/2026,NDLS,NEW DELHI,237,2122
20807,7/7/2026,BDMJ,BHODWAL MAJRI,,
20807,7/7/2026,PNP,PANIPAT JN,290,2212
20807,7/7/2026,UMB,AMBALA CANT JN,221,2320
20807,7/7/2026,LDH,LUDHIANA JN,228,2434
20807,7/7/2026,JUC,JALANDHAR CITY,188,2491
20807,7/7/2026,BEAS,BEAS,192,2527
20807,7/7/2026,ASR,AMRITSAR JN,174,2570
20807,7/10/2026,VSKP,VISAKHAPATNAM,9,0
20807,7/10/2026,VZM,VIZIANAGRAM JN,23,61
20807,7/10/2026,CHE,SRIKAKULAM ROAD,13,131
20807,7/10/2026,PSA,PALASA,0,203
20807,7/10/2026,BAM,BRAHMAPUR,1,277
20807,7/10/2026,CAP,CHATRAPUR,0,299
20807,7/10/2026,BALU,BALUGAN,10,353
20807,7/10/2026,KUR,KHURDA ROAD JN,6,424
20807,7/10/2026,BBS,BHUBANESWAR,11,443
20807,7/10/2026,NQR,NARAJ MARTHAPUR,2,468
20807,7/10/2026,DNKL,DHENKANAL,20,505
20807,7/10/2026,TLHR,TALCHER,40,558
20807,7/10/2026,ANGL,ANGUL,40,576
20807,7/10/2026,RAIR,RAIRAKHOL,37,661
20807,7/10/2026,RGDA,RAYAGADA,,
20807,7/10/2026,TIG,TITLAGARH,,
20807,7/10/2026,SBP,SAMBALPUR,39,732
20807,7/10/2026,JSGR,JHARSUGUDA ROAD,69,779
20807,7/10/2026,BRJN,BRAJRAJNAGAR,53,790
20807,7/10/2026,BPH,BELPAHAR,55,799
20807,7/10/2026,RIG,RAIGARH,56,850
20807,7/10/2026,KHS,KHARSIA,67,884
20807,7/10/2026,SKT,SAKTI,69,900
20807,7/10/2026,CPH,CHAMPA,69,930
20807,7/10/2026,AKT,AKALTARA,73,956
20807,7/10/2026,BSP,BILASPUR JN,58,983
20807,7/10/2026,PND,PENDRA ROAD,105,1086
20807,7/10/2026,APR,ANUPPUR JN,105,1136
20807,7/10/2026,BUH,BURHAR,108,1157
20807,7/10/2026,SDL,SHAHDOL,108,1177
20807,7/10/2026,UMR,UMARIA,121,1244
20807,7/10/2026,KMZ,KATNI MURWARA,104,1302
20807,7/10/2026,DMO,DAMOH,126,1411
20807,7/10/2026,SGO,SAUGOR,132,1489
20807,7/10/2026,KYE,KHURAI,120,1542
20807,7/10/2026,MAKR,BINA MALKHEDI JN,102,1560
20807,7/10/2026,LAR,LALITPUR,89,1622
20807,7/10/2026,VGLJ,V LAKSHMIBAI JHANSI,92,1712
20807,7/10/2026,DAA,DATIA,90,1737
20807,7/10/2026,GWL,GWALIOR,67,1809
20807,7/10/2026,AGC,AGRA CANTT,45,1928
20807,7/10/2026,MTJ,MATHURA JN,31,1982
20807,7/10/2026,NZM,H NIZAMUDDIN,18,2115
20807,7/10/2026,NDLS,NEW DELHI,12,2122
20807,7/10/2026,BDMJ,BHODWAL MAJRI,,
20807,7/10/2026,PNP,PANIPAT JN,32,2212
20807,7/10/2026,UMB,AMBALA CANT JN,0,2320
20807,7/10/2026,LDH,LUDHIANA JN,45,2434
20807,7/10/2026,JUC,JALANDHAR CITY,0,2491
20807,7/10/2026,BEAS,BEAS,15,2527
20807,7/10/2026,ASR,AMRITSAR JN,20,2570
20807,7/11/2026,VSKP,VISAKHAPATNAM,2,0
20807,7/11/2026,VZM,VIZIANAGRAM JN,61,61
20807,7/11/2026,CHE,SRIKAKULAM ROAD,103,131
20807,7/11/2026,PSA,PALASA,82,203
20807,7/11/2026,BAM,BRAHMAPUR,86,277
20807,7/11/2026,CAP,CHATRAPUR,84,299
20807,7/11/2026,BALU,BALUGAN,92,353
20807,7/11/2026,KUR,KHURDA ROAD JN,97,424
20807,7/11/2026,BBS,BHUBANESWAR,82,443
20807,7/11/2026,NQR,NARAJ MARTHAPUR,68,468
20807,7/11/2026,DNKL,DHENKANAL,76,505
20807,7/11/2026,TLHR,TALCHER,85,558
20807,7/11/2026,ANGL,ANGUL,84,576
20807,7/11/2026,RAIR,RAIRAKHOL,97,661
20807,7/11/2026,RGDA,RAYAGADA,,
20807,7/11/2026,TIG,TITLAGARH,,
20807,7/11/2026,SBP,SAMBALPUR,85,732
20807,7/11/2026,JSGR,JHARSUGUDA ROAD,113,779
20807,7/11/2026,BRJN,BRAJRAJNAGAR,100,790
20807,7/11/2026,BPH,BELPAHAR,106,799
20807,7/11/2026,RIG,RAIGARH,100,850
20807,7/11/2026,KHS,KHARSIA,107,884
20807,7/11/2026,SKT,SAKTI,114,900
20807,7/11/2026,CPH,CHAMPA,113,930
20807,7/11/2026,AKT,AKALTARA,125,956
20807,7/11/2026,BSP,BILASPUR JN,133,983
20807,7/11/2026,PND,PENDRA ROAD,165,1086
20807,7/11/2026,APR,ANUPPUR JN,155,1136
20807,7/11/2026,BUH,BURHAR,161,1157
20807,7/11/2026,SDL,SHAHDOL,152,1177
20807,7/11/2026,UMR,UMARIA,146,1244
20807,7/11/2026,KMZ,KATNI MURWARA,100,1302
20807,7/11/2026,DMO,DAMOH,111,1411
20807,7/11/2026,SGO,SAUGOR,122,1489
20807,7/11/2026,KYE,KHURAI,117,1542
20807,7/11/2026,MAKR,BINA MALKHEDI JN,98,1560
20807,7/11/2026,LAR,LALITPUR,84,1622
20807,7/11/2026,VGLJ,V LAKSHMIBAI JHANSI,107,1712
20807,7/11/2026,DAA,DATIA,104,1737
20807,7/11/2026,GWL,GWALIOR,81,1809
20807,7/11/2026,AGC,AGRA CANTT,55,1928
20807,7/11/2026,MTJ,MATHURA JN,46,1982
20807,7/11/2026,NZM,H NIZAMUDDIN,28,2115
20807,7/11/2026,NDLS,NEW DELHI,31,2122
20807,7/11/2026,BDMJ,BHODWAL MAJRI,,
20807,7/11/2026,PNP,PANIPAT JN,70,2212
20807,7/11/2026,UMB,AMBALA CANT JN,46,2320
20807,7/11/2026,LDH,LUDHIANA JN,46,2434
20807,7/11/2026,JUC,JALANDHAR CITY,0,2491
20807,7/11/2026,BEAS,BEAS,0,2527
20807,7/11/2026,ASR,AMRITSAR JN,-7,2570
20807,7/14/2026,VSKP,VISAKHAPATNAM,1,0
20807,7/14/2026,VZM,VIZIANAGRAM JN,30,61
20807,7/14/2026,CHE,SRIKAKULAM ROAD,25,131
20807,7/14/2026,PSA,PALASA,8,203
20807,7/14/2026,BAM,BRAHMAPUR,10,277
20807,7/14/2026,CAP,CHATRAPUR,8,299
20807,7/14/2026,BALU,BALUGAN,15,353
20807,7/14/2026,KUR,KHURDA ROAD JN,41,424
20807,7/14/2026,BBS,BHUBANESWAR,25,443
20807,7/14/2026,NQR,NARAJ MARTHAPUR,12,468
20807,7/14/2026,DNKL,DHENKANAL,22,505
20807,7/14/2026,TLHR,TALCHER,49,558
20807,7/14/2026,ANGL,ANGUL,48,576
20807,7/14/2026,RAIR,RAIRAKHOL,57,661
20807,7/14/2026,RGDA,RAYAGADA,,
20807,7/14/2026,TIG,TITLAGARH,,
20807,7/14/2026,SBP,SAMBALPUR,77,732
20807,7/14/2026,JSGR,JHARSUGUDA ROAD,86,779
20807,7/14/2026,BRJN,BRAJRAJNAGAR,72,790
20807,7/14/2026,BPH,BELPAHAR,74,799
20807,7/14/2026,RIG,RAIGARH,93,850
20807,7/14/2026,KHS,KHARSIA,111,884
20807,7/14/2026,SKT,SAKTI,118,900
20807,7/14/2026,CPH,CHAMPA,123,930
20807,7/14/2026,AKT,AKALTARA,137,956
20807,7/14/2026,BSP,BILASPUR JN,122,983
20807,7/14/2026,PND,PENDRA ROAD,207,1086
20807,7/14/2026,APR,ANUPPUR JN,203,1136
20807,7/14/2026,BUH,BURHAR,206,1157
20807,7/14/2026,SDL,SHAHDOL,199,1177
20807,7/14/2026,UMR,UMARIA,213,1244
20807,7/14/2026,KMZ,KATNI MURWARA,172,1302
20807,7/14/2026,DMO,DAMOH,179,1411
20807,7/14/2026,SGO,SAUGOR,182,1489
20807,7/14/2026,KYE,KHURAI,168,1542
20807,7/14/2026,MAKR,BINA MALKHEDI JN,156,1560
20807,7/14/2026,LAR,LALITPUR,145,1622
20807,7/14/2026,VGLJ,V LAKSHMIBAI JHANSI,128,1712
20807,7/14/2026,DAA,DATIA,126,1737
20807,7/14/2026,GWL,GWALIOR,116,1809
20807,7/14/2026,AGC,AGRA CANTT,133,1928
20807,7/14/2026,MTJ,MATHURA JN,140,1982
20807,7/14/2026,NZM,H NIZAMUDDIN,141,2115
20807,7/14/2026,NDLS,NEW DELHI,136,2122
20807,7/14/2026,BDMJ,BHODWAL MAJRI,,
20807,7/14/2026,PNP,PANIPAT JN,174,2212
20807,7/14/2026,UMB,AMBALA CANT JN,122,2320
20807,7/14/2026,LDH,LUDHIANA JN,125,2434
20807,7/14/2026,JUC,JALANDHAR CITY,74,2491
20807,7/14/2026,BEAS,BEAS,89,2527
20807,7/14/2026,ASR,AMRITSAR JN,87,2570
20807,7/17/2026,VSKP,VISAKHAPATNAM,29,0
20807,7/17/2026,VZM,VIZIANAGRAM JN,87,61
20807,7/17/2026,CHE,SRIKAKULAM ROAD,78,131
20807,7/17/2026,PSA,PALASA,55,203
20807,7/17/2026,BAM,BRAHMAPUR,83,277
20807,7/17/2026,CAP,CHATRAPUR,83,299
20807,7/17/2026,BALU,BALUGAN,95,353
20807,7/17/2026,KUR,KHURDA ROAD JN,121,424
20807,7/17/2026,BBS,BHUBANESWAR,110,443
20807,7/17/2026,NQR,NARAJ MARTHAPUR,109,468
20807,7/17/2026,DNKL,DHENKANAL,123,505
20807,7/17/2026,TLHR,TALCHER,127,558
20807,7/17/2026,ANGL,ANGUL,143,576
20807,7/17/2026,RAIR,RAIRAKHOL,152,661
20807,7/17/2026,RGDA,RAYAGADA,,
20807,7/17/2026,TIG,TITLAGARH,,
20807,7/17/2026,SBP,SAMBALPUR,147,732
20807,7/17/2026,JSGR,JHARSUGUDA ROAD,157,779
20807,7/17/2026,BRJN,BRAJRAJNAGAR,145,790
20807,7/17/2026,BPH,BELPAHAR,154,799
20807,7/17/2026,RIG,RAIGARH,160,850
20807,7/17/2026,KHS,KHARSIA,163,884
20807,7/17/2026,SKT,SAKTI,165,900
20807,7/17/2026,CPH,CHAMPA,171,930
20807,7/17/2026,AKT,AKALTARA,183,956
20807,7/17/2026,BSP,BILASPUR JN,215,983
20807,7/17/2026,PND,PENDRA ROAD,273,1086
20807,7/17/2026,APR,ANUPPUR JN,271,1136
20807,7/17/2026,BUH,BURHAR,275,1157
20807,7/17/2026,SDL,SHAHDOL,279,1177
20807,7/17/2026,UMR,UMARIA,285,1244
20807,7/17/2026,KMZ,KATNI MURWARA,282,1302
20807,7/17/2026,DMO,DAMOH,292,1411
20807,7/17/2026,SGO,SAUGOR,311,1489
20807,7/17/2026,KYE,KHURAI,306,1542
20807,7/17/2026,MAKR,BINA MALKHEDI JN,288,1560
20807,7/17/2026,LAR,LALITPUR,423,1622
20807,7/17/2026,VGLJ,V LAKSHMIBAI JHANSI,440,1712
20807,7/17/2026,DAA,DATIA,438,1737
20807,7/17/2026,GWL,GWALIOR,422,1809
20807,7/17/2026,AGC,AGRA CANTT,392,1928
20807,7/17/2026,MTJ,MATHURA JN,387,1982
20807,7/17/2026,NZM,H NIZAMUDDIN,365,2115
20807,7/17/2026,NDLS,NEW DELHI,370,2122
20807,7/17/2026,BDMJ,BHODWAL MAJRI,,
20807,7/17/2026,PNP,PANIPAT JN,423,2212
20807,7/17/2026,UMB,AMBALA CANT JN,546,2320
20807,7/17/2026,LDH,LUDHIANA JN,609,2434
20807,7/17/2026,JUC,JALANDHAR CITY,584,2491
20807,7/17/2026,BEAS,BEAS,584,2527
20807,7/17/2026,ASR,AMRITSAR JN,579,2570
20807,7/18/2026,VSKP,VISAKHAPATNAM,38,0
20807,7/18/2026,VZM,VIZIANAGRAM JN,45,61
20807,7/18/2026,CHE,SRIKAKULAM ROAD,42,131
20807,7/18/2026,PSA,PALASA,25,203
20807,7/18/2026,BAM,BRAHMAPUR,56,277
20807,7/18/2026,CAP,CHATRAPUR,58,299
20807,7/18/2026,BALU,BALUGAN,73,353
20807,7/18/2026,KUR,KHURDA ROAD JN,84,424
20807,7/18/2026,BBS,BHUBANESWAR,72,443
20807,7/18/2026,NQR,NARAJ MARTHAPUR,79,468
20807,7/18/2026,DNKL,DHENKANAL,92,505
20807,7/18/2026,TLHR,TALCHER,120,558
20807,7/18/2026,ANGL,ANGUL,130,576
20807,7/18/2026,RAIR,RAIRAKHOL,143,661
20807,7/18/2026,RGDA,RAYAGADA,,
20807,7/18/2026,TIG,TITLAGARH,,
20807,7/18/2026,SBP,SAMBALPUR,134,732
20807,7/18/2026,JSGR,JHARSUGUDA ROAD,146,779
20807,7/18/2026,BRJN,BRAJRAJNAGAR,136,790
20807,7/18/2026,BPH,BELPAHAR,140,799
20807,7/18/2026,RIG,RAIGARH,154,850
20807,7/18/2026,KHS,KHARSIA,160,884
20807,7/18/2026,SKT,SAKTI,165,900
20807,7/18/2026,CPH,CHAMPA,197,930
20807,7/18/2026,AKT,AKALTARA,215,956
20807,7/18/2026,BSP,BILASPUR JN,218,983
20807,7/18/2026,PND,PENDRA ROAD,277,1086
20807,7/18/2026,APR,ANUPPUR JN,272,1136
20807,7/18/2026,BUH,BURHAR,282,1157
20807,7/18/2026,SDL,SHAHDOL,289,1177
20807,7/18/2026,UMR,UMARIA,320,1244
20807,7/18/2026,KMZ,KATNI MURWARA,301,1302
20807,7/18/2026,DMO,DAMOH,313,1411
20807,7/18/2026,SGO,SAUGOR,327,1489
20807,7/18/2026,KYE,KHURAI,318,1542
20807,7/18/2026,MAKR,BINA MALKHEDI JN,301,1560
20807,7/18/2026,LAR,LALITPUR,292,1622
20807,7/18/2026,VGLJ,V LAKSHMIBAI JHANSI,289,1712
20807,7/18/2026,DAA,DATIA,290,1737
20807,7/18/2026,GWL,GWALIOR,292,1809
20807,7/18/2026,AGC,AGRA CANTT,295,1928
20807,7/18/2026,MTJ,MATHURA JN,314,1982
20807,7/18/2026,NZM,H NIZAMUDDIN,298,2115
20807,7/18/2026,NDLS,NEW DELHI,298,2122
20807,7/18/2026,BDMJ,BHODWAL MAJRI,,
20807,7/18/2026,PNP,PANIPAT JN,346,2212
20807,7/18/2026,UMB,AMBALA CANT JN,360,2320
20807,7/18/2026,LDH,LUDHIANA JN,399,2434
20807,7/18/2026,JUC,JALANDHAR CITY,367,2491
20807,7/18/2026,BEAS,BEAS,368,2527
20807,7/18/2026,ASR,AMRITSAR JN,364,2570
20807,7/21/2026,VSKP,VISAKHAPATNAM,16,0
20807,7/21/2026,VZM,VIZIANAGRAM JN,35,61
20807,7/21/2026,CHE,SRIKAKULAM ROAD,24,131
20807,7/21/2026,PSA,PALASA,0,203
20807,7/21/2026,BAM,BRAHMAPUR,6,277
20807,7/21/2026,CAP,CHATRAPUR,5,299
20807,7/21/2026,BALU,BALUGAN,11,353
20807,7/21/2026,KUR,KHURDA ROAD JN,23,424
20807,7/21/2026,BBS,BHUBANESWAR,7,443
20807,7/21/2026,NQR,NARAJ MARTHAPUR,0,468
20807,7/21/2026,DNKL,DHENKANAL,9,505
20807,7/21/2026,TLHR,TALCHER,9,558
20807,7/21/2026,ANGL,ANGUL,9,576
20807,7/21/2026,RAIR,RAIRAKHOL,22,661
20807,7/21/2026,RGDA,RAYAGADA,,
20807,7/21/2026,TIG,TITLAGARH,,
20807,7/21/2026,SBP,SAMBALPUR,38,732
20807,7/21/2026,JSGR,JHARSUGUDA ROAD,35,779
20807,7/21/2026,BRJN,BRAJRAJNAGAR,24,790
20807,7/21/2026,BPH,BELPAHAR,25,799
20807,7/21/2026,RIG,RAIGARH,31,850
20807,7/21/2026,KHS,KHARSIA,39,884
20807,7/21/2026,SKT,SAKTI,43,900
20807,7/21/2026,CPH,CHAMPA,46,930
20807,7/21/2026,AKT,AKALTARA,48,956
20807,7/21/2026,BSP,BILASPUR JN,35,983
20807,7/21/2026,PND,PENDRA ROAD,108,1086
20807,7/21/2026,APR,ANUPPUR JN,102,1136
20807,7/21/2026,BUH,BURHAR,116,1157
20807,7/21/2026,SDL,SHAHDOL,121,1177
20807,7/21/2026,UMR,UMARIA,146,1244
20807,7/21/2026,KMZ,KATNI MURWARA,126,1302
20807,7/21/2026,DMO,DAMOH,215,1411
20807,7/21/2026,SGO,SAUGOR,235,1489
20807,7/21/2026,KYE,KHURAI,222,1542
20807,7/21/2026,MAKR,BINA MALKHEDI JN,204,1560
20807,7/21/2026,LAR,LALITPUR,188,1622
20807,7/21/2026,VGLJ,V LAKSHMIBAI JHANSI,236,1712
20807,7/21/2026,DAA,DATIA,241,1737
20807,7/21/2026,GWL,GWALIOR,242,1809
20807,7/21/2026,AGC,AGRA CANTT,307,1928
20807,7/21/2026,MTJ,MATHURA JN,295,1982
20807,7/21/2026,NZM,H NIZAMUDDIN,293,2115
20807,7/21/2026,NDLS,NEW DELHI,292,2122
20807,7/21/2026,BDMJ,BHODWAL MAJRI,,
20807,7/21/2026,PNP,PANIPAT JN,301,2212
20807,7/21/2026,UMB,AMBALA CANT JN,241,2320
20807,7/21/2026,LDH,LUDHIANA JN,233,2434
20807,7/21/2026,JUC,JALANDHAR CITY,180,2491
20807,7/21/2026,BEAS,BEAS,178,2527
20807,7/21/2026,ASR,AMRITSAR JN,181,2570
20807,7/24/2026,VSKP,VISAKHAPATNAM,21,0
20807,7/24/2026,VZM,VIZIANAGRAM JN,32,61
20807,7/24/2026,CHE,SRIKAKULAM ROAD,22,131
20807,7/24/2026,PSA,PALASA,0,203
20807,7/24/2026,BAM,BRAHMAPUR,10,277
20807,7/24/2026,CAP,CHATRAPUR,0,299
20807,7/24/2026,BALU,BALUGAN,23,353
20807,7/24/2026,KUR,KHURDA ROAD JN,45,424
20807,7/24/2026,BBS,BHUBANESWAR,14,443
20807,7/24/2026,NQR,NARAJ MARTHAPUR,23,468
20807,7/24/2026,DNKL,DHENKANAL,30,505
20807,7/24/2026,TLHR,TALCHER,62,558
20807,7/24/2026,ANGL,ANGUL,73,576
20807,7/24/2026,RAIR,RAIRAKHOL,81,661
20807,7/24/2026,RGDA,RAYAGADA,,
20807,7/24/2026,TIG,TITLAGARH,,
20807,7/24/2026,SBP,SAMBALPUR,71,732
20807,7/24/2026,JSGR,JHARSUGUDA ROAD,70,779
20807,7/24/2026,BRJN,BRAJRAJNAGAR,63,790
20807,7/24/2026,BPH,BELPAHAR,67,799
20807,7/24/2026,RIG,RAIGARH,76,850
20807,7/24/2026,KHS,KHARSIA,89,884
20807,7/24/2026,SKT,SAKTI,91,900
20807,7/24/2026,CPH,CHAMPA,97,930
20807,7/24/2026,AKT,AKALTARA,101,956
20807,7/24/2026,BSP,BILASPUR JN,81,983
20807,7/24/2026,PND,PENDRA ROAD,228,1086
20807,7/24/2026,APR,ANUPPUR JN,231,1136
20807,7/24/2026,BUH,BURHAR,235,1157
20807,7/24/2026,SDL,SHAHDOL,236,1177
20807,7/24/2026,UMR,UMARIA,241,1244
20807,7/24/2026,KMZ,KATNI MURWARA,218,1302
20807,7/24/2026,DMO,DAMOH,237,1411
20807,7/24/2026,SGO,SAUGOR,254,1489
20807,7/24/2026,KYE,KHURAI,247,1542
20807,7/24/2026,MAKR,BINA MALKHEDI JN,231,1560
20807,7/24/2026,LAR,LALITPUR,231,1622
20807,7/24/2026,VGLJ,V LAKSHMIBAI JHANSI,217,1712
20807,7/24/2026,DAA,DATIA,225,1737
20807,7/24/2026,GWL,GWALIOR,286,1809
20807,7/24/2026,AGC,AGRA CANTT,357,1928
20807,7/24/2026,MTJ,MATHURA JN,349,1982
20807,7/24/2026,NZM,H NIZAMUDDIN,346,2115
20807,7/24/2026,NDLS,NEW DELHI,344,2122
20807,7/24/2026,BDMJ,BHODWAL MAJRI,,
20807,7/24/2026,PNP,PANIPAT JN,421,2212
20807,7/24/2026,UMB,AMBALA CANT JN,366,2320
20807,7/24/2026,LDH,LUDHIANA JN,378,2434
20807,7/24/2026,JUC,JALANDHAR CITY,346,2491
20807,7/24/2026,BEAS,BEAS,342,2527
20807,7/24/2026,ASR,AMRITSAR JN,327,2570
20807,7/25/2026,VSKP,VISAKHAPATNAM,2,0
20807,7/25/2026,VZM,VIZIANAGRAM JN,26,61
20807,7/25/2026,CHE,SRIKAKULAM ROAD,17,131
20807,7/25/2026,PSA,PALASA,0,203
20807,7/25/2026,BAM,BRAHMAPUR,4,277
20807,7/25/2026,CAP,CHATRAPUR,4,299
20807,7/25/2026,BALU,BALUGAN,19,353
20807,7/25/2026,KUR,KHURDA ROAD JN,46,424
20807,7/25/2026,BBS,BHUBANESWAR,52,443
20807,7/25/2026,NQR,NARAJ MARTHAPUR,42,468
20807,7/25/2026,DNKL,DHENKANAL,46,505
20807,7/25/2026,TLHR,TALCHER,77,558
20807,7/25/2026,ANGL,ANGUL,110,576
20807,7/25/2026,RAIR,RAIRAKHOL,156,661
20807,7/25/2026,RGDA,RAYAGADA,,
20807,7/25/2026,TIG,TITLAGARH,,
20807,7/25/2026,SBP,SAMBALPUR,160,732
20807,7/25/2026,JSGR,JHARSUGUDA ROAD,165,779
20807,7/25/2026,BRJN,BRAJRAJNAGAR,151,790
20807,7/25/2026,BPH,BELPAHAR,156,799
20807,7/25/2026,RIG,RAIGARH,162,850
20807,7/25/2026,KHS,KHARSIA,172,884
20807,7/25/2026,SKT,SAKTI,174,900
20807,7/25/2026,CPH,CHAMPA,182,930
20807,7/25/2026,AKT,AKALTARA,223,956
20807,7/25/2026,BSP,BILASPUR JN,197,983
20807,7/25/2026,PND,PENDRA ROAD,304,1086
20807,7/25/2026,APR,ANUPPUR JN,285,1136
20807,7/25/2026,BUH,BURHAR,333,1157
20807,7/25/2026,SDL,SHAHDOL,347,1177
20807,7/25/2026,UMR,UMARIA,357,1244
20807,7/25/2026,KMZ,KATNI MURWARA,386,1302
20807,7/25/2026,DMO,DAMOH,396,1411
20807,7/25/2026,SGO,SAUGOR,411,1489
20807,7/25/2026,KYE,KHURAI,407,1542
20807,7/25/2026,MAKR,BINA MALKHEDI JN,405,1560
20807,7/25/2026,LAR,LALITPUR,426,1622
20807,7/25/2026,VGLJ,V LAKSHMIBAI JHANSI,428,1712
20807,7/25/2026,DAA,DATIA,432,1737
20807,7/25/2026,GWL,GWALIOR,443,1809
20807,7/25/2026,AGC,AGRA CANTT,447,1928
20807,7/25/2026,MTJ,MATHURA JN,446,1982
20807,7/25/2026,NZM,H NIZAMUDDIN,432,2115
20807,7/25/2026,NDLS,NEW DELHI,430,2122
20807,7/25/2026,BDMJ,BHODWAL MAJRI,,
20807,7/25/2026,PNP,PANIPAT JN,547,2212
20807,7/25/2026,UMB,AMBALA CANT JN,559,2320
20807,7/25/2026,LDH,LUDHIANA JN,553,2434
20807,7/25/2026,JUC,JALANDHAR CITY,521,2491
20807,7/25/2026,BEAS,BEAS,521,2527
20807,7/25/2026,ASR,AMRITSAR JN,508,2570
20807,7/28/2026,VSKP,VISAKHAPATNAM,2,0
20807,7/28/2026,VZM,VIZIANAGRAM JN,11,61
20807,7/28/2026,CHE,SRIKAKULAM ROAD,4,131
20807,7/28/2026,PSA,PALASA,0,203
20807,7/28/2026,BAM,BRAHMAPUR,8,277
20807,7/28/2026,CAP,CHATRAPUR,5,299
20807,7/28/2026,BALU,BALUGAN,12,353
20807,7/28/2026,KUR,KHURDA ROAD JN,23,424
20807,7/28/2026,BBS,BHUBANESWAR,18,443
20807,7/28/2026,NQR,NARAJ MARTHAPUR,4,468
20807,7/28/2026,DNKL,DHENKANAL,6,505
20807,7/28/2026,TLHR,TALCHER,39,558
20807,7/28/2026,ANGL,ANGUL,51,576
20807,7/28/2026,RAIR,RAIRAKHOL,62,661
20807,7/28/2026,RGDA,RAYAGADA,,
20807,7/28/2026,TIG,TITLAGARH,,
20807,7/28/2026,SBP,SAMBALPUR,92,732
20807,7/28/2026,JSGR,JHARSUGUDA ROAD,94,779
20807,7/28/2026,BRJN,BRAJRAJNAGAR,78,790
20807,7/28/2026,BPH,BELPAHAR,82,799
20807,7/28/2026,RIG,RAIGARH,99,850
20807,7/28/2026,KHS,KHARSIA,117,884
20807,7/28/2026,SKT,SAKTI,120,900
20807,7/28/2026,CPH,CHAMPA,119,930
20807,7/28/2026,AKT,AKALTARA,121,956
20807,7/28/2026,BSP,BILASPUR JN,152,983
20807,7/28/2026,PND,PENDRA ROAD,201,1086
20807,7/28/2026,APR,ANUPPUR JN,184,1136
20807,7/28/2026,BUH,BURHAR,188,1157
20807,7/28/2026,SDL,SHAHDOL,196,1177
20807,7/28/2026,UMR,UMARIA,203,1244
20807,7/28/2026,KMZ,KATNI MURWARA,185,1302
20807,7/28/2026,DMO,DAMOH,211,1411
20807,7/28/2026,SGO,SAUGOR,236,1489
20807,7/28/2026,KYE,KHURAI,225,1542
20807,7/28/2026,MAKR,BINA MALKHEDI JN,208,1560
20807,7/28/2026,LAR,LALITPUR,197,1622
20807,7/28/2026,VGLJ,V LAKSHMIBAI JHANSI,189,1712
20807,7/28/2026,DAA,DATIA,210,1737
20807,7/28/2026,GWL,GWALIOR,213,1809
20807,7/28/2026,AGC,AGRA CANTT,225,1928
20807,7/28/2026,MTJ,MATHURA JN,227,1982
20807,7/28/2026,NZM,H NIZAMUDDIN,235,2115
20807,7/28/2026,NDLS,NEW DELHI,241,2122
20807,7/28/2026,BDMJ,BHODWAL MAJRI,,
20807,7/28/2026,PNP,PANIPAT JN,252,2212
20807,7/28/2026,UMB,AMBALA CANT JN,229,2320
20807,7/28/2026,LDH,LUDHIANA JN,228,2434
20807,7/28/2026,JUC,JALANDHAR CITY,174,2491
20807,7/28/2026,BEAS,BEAS,172,2527
20807,7/28/2026,ASR,AMRITSAR JN,175,2570
20807,7/31/2026,VSKP,VISAKHAPATNAM,174,0
20807,7/31/2026,VZM,VIZIANAGRAM JN,204,61
20807,7/31/2026,CHE,SRIKAKULAM ROAD,200,131
20807,7/31/2026,PSA,PALASA,173,203
20807,7/31/2026,BAM,BRAHMAPUR,170,277
20807,7/31/2026,CAP,CHATRAPUR,167,299
20807,7/31/2026,BALU,BALUGAN,171,353
20807,7/31/2026,KUR,KHURDA ROAD JN,200,424
20807,7/31/2026,BBS,BHUBANESWAR,187,443
20807,7/31/2026,NQR,NARAJ MARTHAPUR,182,468
20807,7/31/2026,DNKL,DHENKANAL,183,505
20807,7/31/2026,TLHR,TALCHER,224,558
20807,7/31/2026,ANGL,ANGUL,229,576
20807,7/31/2026,RAIR,RAIRAKHOL,232,661
20807,7/31/2026,RGDA,RAYAGADA,,
20807,7/31/2026,TIG,TITLAGARH,,
20807,7/31/2026,SBP,SAMBALPUR,212,732
20807,7/31/2026,JSGR,JHARSUGUDA ROAD,285,779
20807,7/31/2026,BRJN,BRAJRAJNAGAR,272,790
20807,7/31/2026,BPH,BELPAHAR,274,799
20807,7/31/2026,RIG,RAIGARH,277,850
20807,7/31/2026,KHS,KHARSIA,286,884
20807,7/31/2026,SKT,SAKTI,297,900
20807,7/31/2026,CPH,CHAMPA,309,930
20807,7/31/2026,AKT,AKALTARA,310,956
20807,7/31/2026,BSP,BILASPUR JN,281,983
20807,7/31/2026,PND,PENDRA ROAD,346,1086
20807,7/31/2026,APR,ANUPPUR JN,339,1136
20807,7/31/2026,BUH,BURHAR,352,1157
20807,7/31/2026,SDL,SHAHDOL,343,1177
20807,7/31/2026,UMR,UMARIA,351,1244
20807,7/31/2026,KMZ,KATNI MURWARA,342,1302
20807,7/31/2026,DMO,DAMOH,347,1411
20807,7/31/2026,SGO,SAUGOR,362,1489
20807,7/31/2026,KYE,KHURAI,351,1542
20807,7/31/2026,MAKR,BINA MALKHEDI JN,332,1560
20807,7/31/2026,LAR,LALITPUR,342,1622
20807,7/31/2026,VGLJ,V LAKSHMIBAI JHANSI,344,1712
20807,7/31/2026,DAA,DATIA,334,1737
20807,7/31/2026,GWL,GWALIOR,333,1809
20807,7/31/2026,AGC,AGRA CANTT,323,1928
20807,7/31/2026,MTJ,MATHURA JN,318,1982
20807,7/31/2026,NZM,H NIZAMUDDIN,300,2115
20807,7/31/2026,NDLS,NEW DELHI,307,2122
20807,7/31/2026,BDMJ,BHODWAL MAJRI,,
20807,7/31/2026,PNP,PANIPAT JN,309,2212
20807,7/31/2026,UMB,AMBALA CANT JN,331,2320
20807,7/31/2026,LDH,LUDHIANA JN,368,2434
20807,7/31/2026,JUC,JALANDHAR CITY,323,2491
20807,7/31/2026,BEAS,BEAS,321,2527
20807,7/31/2026,ASR,AMRITSAR JN,323,2570
20807,8/1/2026,VSKP,VISAKHAPATNAM,1,0
20807,8/1/2026,VZM,VIZIANAGRAM JN,14,61
20807,8/1/2026,CHE,SRIKAKULAM ROAD,8,131
20807,8/1/2026,PSA,PALASA,0,203
20807,8/1/2026,BAM,BRAHMAPUR,4,277
20807,8/1/2026,CAP,CHATRAPUR,4,299
20807,8/1/2026,BALU,BALUGAN,18,353
20807,8/1/2026,KUR,KHURDA ROAD JN,19,424
20807,8/1/2026,BBS,BHUBANESWAR,18,443
20807,8/1/2026,NQR,NARAJ MARTHAPUR,22,468
20807,8/1/2026,DNKL,DHENKANAL,32,505
20807,8/1/2026,TLHR,TALCHER,42,558
20807,8/1/2026,ANGL,ANGUL,47,576
20807,8/1/2026,RAIR,RAIRAKHOL,76,661
20807,8/1/2026,RGDA,RAYAGADA,,
20807,8/1/2026,TIG,TITLAGARH,,
20807,8/1/2026,SBP,SAMBALPUR,49,732
20807,8/1/2026,JSGR,JHARSUGUDA ROAD,46,779
20807,8/1/2026,BRJN,BRAJRAJNAGAR,62,790
20807,8/1/2026,BPH,BELPAHAR,65,799
20807,8/1/2026,RIG,RAIGARH,63,850
20807,8/1/2026,KHS,KHARSIA,72,884
20807,8/1/2026,SKT,SAKTI,76,900
20807,8/1/2026,CPH,CHAMPA,79,930
20807,8/1/2026,AKT,AKALTARA,84,956
20807,8/1/2026,BSP,BILASPUR JN,91,983
20807,8/1/2026,PND,PENDRA ROAD,135,1086
20807,8/1/2026,APR,ANUPPUR JN,122,1136
20807,8/1/2026,BUH,BURHAR,125,1157
20807,8/1/2026,SDL,SHAHDOL,118,1177
20807,8/1/2026,UMR,UMARIA,120,1244
20807,8/1/2026,KMZ,KATNI MURWARA,109,1302
20807,8/1/2026,DMO,DAMOH,112,1411
20807,8/1/2026,SGO,SAUGOR,126,1489
20807,8/1/2026,KYE,KHURAI,117,1542
20807,8/1/2026,MAKR,BINA MALKHEDI JN,111,1560
20807,8/1/2026,LAR,LALITPUR,89,1622
20807,8/1/2026,VGLJ,V LAKSHMIBAI JHANSI,110,1712
20807,8/1/2026,DAA,DATIA,116,1737
20807,8/1/2026,GWL,GWALIOR,115,1809
20807,8/1/2026,AGC,AGRA CANTT,98,1928
20807,8/1/2026,MTJ,MATHURA JN,82,1982
20807,8/1/2026,NZM,H NIZAMUDDIN,70,2115
20807,8/1/2026,NDLS,NEW DELHI,63,2122
20807,8/1/2026,BDMJ,BHODWAL MAJRI,,
20807,8/1/2026,PNP,PANIPAT JN,81,2212
20807,8/1/2026,UMB,AMBALA CANT JN,56,2320
20807,8/1/2026,LDH,LUDHIANA JN,51,2434
20807,8/1/2026,JUC,JALANDHAR CITY,1,2491
20807,8/1/2026,BEAS,BEAS,2,2527
20807,8/1/2026,ASR,AMRITSAR JN,13,2570
20807,8/4/2026,VSKP,VISAKHAPATNAM,26,0
20807,8/4/2026,VZM,VIZIANAGRAM JN,35,61
20807,8/4/2026,CHE,SRIKAKULAM ROAD,36,131
20807,8/4/2026,PSA,PALASA,10,203
20807,8/4/2026,BAM,BRAHMAPUR,15,277
20807,8/4/2026,CAP,CHATRAPUR,14,299
20807,8/4/2026,BALU,BALUGAN,34,353
20807,8/4/2026,KUR,KHURDA ROAD JN,42,424
20807,8/4/2026,BBS,BHUBANESWAR,66,443
20807,8/4/2026,NQR,NARAJ MARTHAPUR,56,468
20807,8/4/2026,DNKL,DHENKANAL,67,505
20807,8/4/2026,TLHR,TALCHER,89,558
20807,8/4/2026,ANGL,ANGUL,73,576
20807,8/4/2026,RAIR,RAIRAKHOL,94,661
20807,8/4/2026,RGDA,RAYAGADA,,
20807,8/4/2026,TIG,TITLAGARH,,
20807,8/4/2026,SBP,SAMBALPUR,81,732
20807,8/4/2026,JSGR,JHARSUGUDA ROAD,100,779
20807,8/4/2026,BRJN,BRAJRAJNAGAR,88,790
20807,8/4/2026,BPH,BELPAHAR,93,799
20807,8/4/2026,RIG,RAIGARH,138,850
20807,8/4/2026,KHS,KHARSIA,156,884
20807,8/4/2026,SKT,SAKTI,160,900
20807,8/4/2026,CPH,CHAMPA,168,930
20807,8/4/2026,AKT,AKALTARA,179,956
20807,8/4/2026,BSP,BILASPUR JN,150,983
20807,8/4/2026,PND,PENDRA ROAD,222,1086
20807,8/4/2026,APR,ANUPPUR JN,207,1136
20807,8/4/2026,BUH,BURHAR,216,1157
20807,8/4/2026,SDL,SHAHDOL,209,1177
20807,8/4/2026,UMR,UMARIA,216,1244
20807,8/4/2026,KMZ,KATNI MURWARA,208,1302
20807,8/4/2026,DMO,DAMOH,219,1411
20807,8/4/2026,SGO,SAUGOR,245,1489
20807,8/4/2026,KYE,KHURAI,241,1542
20807,8/4/2026,MAKR,BINA MALKHEDI JN,225,1560
20807,8/4/2026,LAR,LALITPUR,213,1622
20807,8/4/2026,VGLJ,V LAKSHMIBAI JHANSI,221,1712
20807,8/4/2026,DAA,DATIA,223,1737
20807,8/4/2026,GWL,GWALIOR,225,1809
20807,8/4/2026,AGC,AGRA CANTT,273,1928
20807,8/4/2026,MTJ,MATHURA JN,267,1982
20807,8/4/2026,NZM,H NIZAMUDDIN,283,2115
20807,8/4/2026,NDLS,NEW DELHI,281,2122
20807,8/4/2026,BDMJ,BHODWAL MAJRI,,
20807,8/4/2026,PNP,PANIPAT JN,307,2212
20807,8/4/2026,UMB,AMBALA CANT JN,263,2320
20807,8/4/2026,LDH,LUDHIANA JN,265,2434
20807,8/4/2026,JUC,JALANDHAR CITY,215,2491
20807,8/4/2026,BEAS,BEAS,215,2527
20807,8/4/2026,ASR,AMRITSAR JN,204,2570
20807,8/7/2026,VSKP,VISAKHAPATNAM,105,0
20807,8/7/2026,VZM,VIZIANAGRAM JN,119,61
20807,8/7/2026,CHE,SRIKAKULAM ROAD,131,131
20807,8/7/2026,PSA,PALASA,107,203
20807,8/7/2026,BAM,BRAHMAPUR,138,277
20807,8/7/2026,CAP,CHATRAPUR,136,299
20807,8/7/2026,BALU,BALUGAN,143,353
20807,8/7/2026,KUR,KHURDA ROAD JN,151,424
20807,8/7/2026,BBS,BHUBANESWAR,142,443
20807,8/7/2026,NQR,NARAJ MARTHAPUR,132,468
20807,8/7/2026,DNKL,DHENKANAL,140,505
20807,8/7/2026,TLHR,TALCHER,173,558
20807,8/7/2026,ANGL,ANGUL,172,576
20807,8/7/2026,RAIR,RAIRAKHOL,177,661
20807,8/7/2026,RGDA,RAYAGADA,,
20807,8/7/2026,TIG,TITLAGARH,,
20807,8/7/2026,SBP,SAMBALPUR,169,732
20807,8/7/2026,JSGR,JHARSUGUDA ROAD,214,779
20807,8/7/2026,BRJN,BRAJRAJNAGAR,201,790
20807,8/7/2026,BPH,BELPAHAR,207,799
20807,8/7/2026,RIG,RAIGARH,213,850
20807,8/7/2026,KHS,KHARSIA,221,884
20807,8/7/2026,SKT,SAKTI,224,900
20807,8/7/2026,CPH,CHAMPA,240,930
20807,8/7/2026,AKT,AKALTARA,247,956
20807,8/7/2026,BSP,BILASPUR JN,231,983
20807,8/7/2026,PND,PENDRA ROAD,318,1086
20807,8/7/2026,APR,ANUPPUR JN,312,1136
20807,8/7/2026,BUH,BURHAR,357,1157
20807,8/7/2026,SDL,SHAHDOL,392,1177
20807,8/7/2026,UMR,UMARIA,414,1244
20807,8/7/2026,KMZ,KATNI MURWARA,445,1302
20807,8/7/2026,DMO,DAMOH,454,1411
20807,8/7/2026,SGO,SAUGOR,484,1489
20807,8/7/2026,KYE,KHURAI,480,1542
20807,8/7/2026,MAKR,BINA MALKHEDI JN,462,1560
20807,8/7/2026,LAR,LALITPUR,456,1622
20807,8/7/2026,VGLJ,V LAKSHMIBAI JHANSI,455,1712
20807,8/7/2026,DAA,DATIA,457,1737
20807,8/7/2026,GWL,GWALIOR,464,1809
20807,8/7/2026,AGC,AGRA CANTT,450,1928
20807,8/7/2026,MTJ,MATHURA JN,443,1982
20807,8/7/2026,NZM,H NIZAMUDDIN,444,2115
20807,8/7/2026,NDLS,NEW DELHI,452,2122
20807,8/7/2026,BDMJ,BHODWAL MAJRI,,
20807,8/7/2026,PNP,PANIPAT JN,541,2212
20807,8/7/2026,UMB,AMBALA CANT JN,550,2320
20807,8/7/2026,LDH,LUDHIANA JN,550,2434
20807,8/7/2026,JUC,JALANDHAR CITY,504,2491
20807,8/7/2026,BEAS,BEAS,506,2527
20807,8/7/2026,ASR,AMRITSAR JN,510,2570
20807,8/8/2026,VSKP,VISAKHAPATNAM,11,0
20807,8/8/2026,VZM,VIZIANAGRAM JN,29,61
20807,8/8/2026,CHE,SRIKAKULAM ROAD,34,131
20807,8/8/2026,PSA,PALASA,8,203
20807,8/8/2026,BAM,BRAHMAPUR,0,277
20807,8/8/2026,CAP,CHATRAPUR,20,299
20807,8/8/2026,BALU,BALUGAN,27,353
20807,8/8/2026,KUR,KHURDA ROAD JN,33,424
20807,8/8/2026,BBS,BHUBANESWAR,25,443
20807,8/8/2026,NQR,NARAJ MARTHAPUR,13,468
20807,8/8/2026,DNKL,DHENKANAL,26,505
20807,8/8/2026,TLHR,TALCHER,35,558
20807,8/8/2026,ANGL,ANGUL,30,576
20807,8/8/2026,RAIR,RAIRAKHOL,37,661
20807,8/8/2026,RGDA,RAYAGADA,,
20807,8/8/2026,TIG,TITLAGARH,,
20807,8/8/2026,SBP,SAMBALPUR,13,732
20807,8/8/2026,JSGR,JHARSUGUDA ROAD,40,779
20807,8/8/2026,BRJN,BRAJRAJNAGAR,30,790
20807,8/8/2026,BPH,BELPAHAR,33,799
20807,8/8/2026,RIG,RAIGARH,46,850
20807,8/8/2026,KHS,KHARSIA,66,884
20807,8/8/2026,SKT,SAKTI,74,900
20807,8/8/2026,CPH,CHAMPA,77,930
20807,8/8/2026,AKT,AKALTARA,79,956
20807,8/8/2026,BSP,BILASPUR JN,73,983
20807,8/8/2026,PND,PENDRA ROAD,138,1086
20807,8/8/2026,APR,ANUPPUR JN,135,1136
20807,8/8/2026,BUH,BURHAR,134,1157
20807,8/8/2026,SDL,SHAHDOL,126,1177
20807,8/8/2026,UMR,UMARIA,194,1244
20807,8/8/2026,KMZ,KATNI MURWARA,165,1302
20807,8/8/2026,DMO,DAMOH,173,1411
20807,8/8/2026,SGO,SAUGOR,188,1489
20807,8/8/2026,KYE,KHURAI,187,1542
20807,8/8/2026,MAKR,BINA MALKHEDI JN,179,1560
20807,8/8/2026,LAR,LALITPUR,170,1622
20807,8/8/2026,VGLJ,V LAKSHMIBAI JHANSI,185,1712
20807,8/8/2026,DAA,DATIA,189,1737
20807,8/8/2026,GWL,GWALIOR,185,1809
20807,8/8/2026,AGC,AGRA CANTT,247,1928
20807,8/8/2026,MTJ,MATHURA JN,245,1982
20807,8/8/2026,NZM,H NIZAMUDDIN,266,2115
20807,8/8/2026,NDLS,NEW DELHI,297,2122
20807,8/8/2026,BDMJ,BHODWAL MAJRI,,
20807,8/8/2026,PNP,PANIPAT JN,334,2212
20807,8/8/2026,UMB,AMBALA CANT JN,345,2320
20807,8/8/2026,LDH,LUDHIANA JN,381,2434
20807,8/8/2026,JUC,JALANDHAR CITY,336,2491
20807,8/8/2026,BEAS,BEAS,336,2527
20807,8/8/2026,ASR,AMRITSAR JN,318,2570
20807,8/11/2026,VSKP,VISAKHAPATNAM,22,0
20807,8/11/2026,VZM,VIZIANAGRAM JN,37,61
20807,8/11/2026,CHE,SRIKAKULAM ROAD,42,131
20807,8/11/2026,PSA,PALASA,21,203
20807,8/11/2026,BAM,BRAHMAPUR,35,277
20807,8/11/2026,CAP,CHATRAPUR,32,299
20807,8/11/2026,BALU,BALUGAN,41,353
20807,8/11/2026,KUR,KHURDA ROAD JN,54,424
20807,8/11/2026,BBS,BHUBANESWAR,51,443
20807,8/11/2026,NQR,NARAJ MARTHAPUR,36,468
20807,8/11/2026,DNKL,DHENKANAL,40,505
20807,8/11/2026,TLHR,TALCHER,89,558
20807,8/11/2026,ANGL,ANGUL,127,576
20807,8/11/2026,RAIR,RAIRAKHOL,134,661
20807,8/11/2026,RGDA,RAYAGADA,,
20807,8/11/2026,TIG,TITLAGARH,,
20807,8/11/2026,SBP,SAMBALPUR,151,732
20807,8/11/2026,JSGR,JHARSUGUDA ROAD,146,779
20807,8/11/2026,BRJN,BRAJRAJNAGAR,132,790
20807,8/11/2026,BPH,BELPAHAR,136,799
20807,8/11/2026,RIG,RAIGARH,143,850
20807,8/11/2026,KHS,KHARSIA,142,884
20807,8/11/2026,SKT,SAKTI,147,900
20807,8/11/2026,CPH,CHAMPA,152,930
20807,8/11/2026,AKT,AKALTARA,163,956
20807,8/11/2026,BSP,BILASPUR JN,139,983
20807,8/11/2026,PND,PENDRA ROAD,200,1086
20807,8/11/2026,APR,ANUPPUR JN,218,1136
20807,8/11/2026,BUH,BURHAR,225,1157
20807,8/11/2026,SDL,SHAHDOL,236,1177
20807,8/11/2026,UMR,UMARIA,240,1244
20807,8/11/2026,KMZ,KATNI MURWARA,223,1302
20807,8/11/2026,DMO,DAMOH,249,1411
20807,8/11/2026,SGO,SAUGOR,268,1489
20807,8/11/2026,KYE,KHURAI,262,1542
20807,8/11/2026,MAKR,BINA MALKHEDI JN,244,1560
20807,8/11/2026,LAR,LALITPUR,237,1622
20807,8/11/2026,VGLJ,V LAKSHMIBAI JHANSI,235,1712
20807,8/11/2026,DAA,DATIA,240,1737
20807,8/11/2026,GWL,GWALIOR,250,1809
20807,8/11/2026,AGC,AGRA CANTT,245,1928
20807,8/11/2026,MTJ,MATHURA JN,274,1982
20807,8/11/2026,NZM,H NIZAMUDDIN,289,2115
20807,8/11/2026,NDLS,NEW DELHI,284,2122
20807,8/11/2026,BDMJ,BHODWAL MAJRI,,
20807,8/11/2026,PNP,PANIPAT JN,305,2212
20807,8/11/2026,UMB,AMBALA CANT JN,255,2320
20807,8/11/2026,LDH,LUDHIANA JN,300,2434
20807,8/11/2026,JUC,JALANDHAR CITY,246,2491
20807,8/11/2026,BEAS,BEAS,255,2527
20807,8/11/2026,ASR,AMRITSAR JN,247,2570
20807,8/14/2026,VSKP,VISAKHAPATNAM,1,0
20807,8/14/2026,VZM,VIZIANAGRAM JN,0,61
20807,8/14/2026,CHE,SRIKAKULAM ROAD,0,131
20807,8/14/2026,PSA,PALASA,0,203
20807,8/14/2026,BAM,BRAHMAPUR,10,277
20807,8/14/2026,CAP,CHATRAPUR,8,299
20807,8/14/2026,BALU,BALUGAN,14,353
20807,8/14/2026,KUR,KHURDA ROAD JN,20,424
20807,8/14/2026,BBS,BHUBANESWAR,6,443
20807,8/14/2026,NQR,NARAJ MARTHAPUR,0,468
20807,8/14/2026,DNKL,DHENKANAL,21,505
20807,8/14/2026,TLHR,TALCHER,25,558
20807,8/14/2026,ANGL,ANGUL,30,576
20807,8/14/2026,RAIR,RAIRAKHOL,52,661
20807,8/14/2026,RGDA,RAYAGADA,,
20807,8/14/2026,TIG,TITLAGARH,,
20807,8/14/2026,SBP,SAMBALPUR,65,732
20807,8/14/2026,JSGR,JHARSUGUDA ROAD,97,779
20807,8/14/2026,BRJN,BRAJRAJNAGAR,89,790
20807,8/14/2026,BPH,BELPAHAR,92,799
20807,8/14/2026,RIG,RAIGARH,92,850
20807,8/14/2026,KHS,KHARSIA,106,884
20807,8/14/2026,SKT,SAKTI,111,900
20807,8/14/2026,CPH,CHAMPA,132,930
20807,8/14/2026,AKT,AKALTARA,139,956
20807,8/14/2026,BSP,BILASPUR JN,207,983
20807,8/14/2026,PND,PENDRA ROAD,355,1086
20807,8/14/2026,APR,ANUPPUR JN,352,1136
20807,8/14/2026,BUH,BURHAR,356,1157
20807,8/14/2026,SDL,SHAHDOL,358,1177
20807,8/14/2026,UMR,UMARIA,371,1244
20807,8/14/2026,KMZ,KATNI MURWARA,352,1302
20807,8/14/2026,DMO,DAMOH,369,1411
20807,8/14/2026,SGO,SAUGOR,389,1489
20807,8/14/2026,KYE,KHURAI,384,1542
20807,8/14/2026,MAKR,BINA MALKHEDI JN,368,1560
20807,8/14/2026,LAR,LALITPUR,359,1622
20807,8/14/2026,VGLJ,V LAKSHMIBAI JHANSI,371,1712
20807,8/14/2026,DAA,DATIA,372,1737
20807,8/14/2026,GWL,GWALIOR,358,1809
20807,8/14/2026,AGC,AGRA CANTT,346,1928
20807,8/14/2026,MTJ,MATHURA JN,328,1982
20807,8/14/2026,NZM,H NIZAMUDDIN,320,2115
20807,8/14/2026,NDLS,NEW DELHI,305,2122
20807,8/14/2026,BDMJ,BHODWAL MAJRI,,
20807,8/14/2026,PNP,PANIPAT JN,400,2212
20807,8/14/2026,UMB,AMBALA CANT JN,355,2320
20807,8/14/2026,LDH,LUDHIANA JN,369,2434
20807,8/14/2026,JUC,JALANDHAR CITY,343,2491
20807,8/14/2026,BEAS,BEAS,341,2527
20807,8/14/2026,ASR,AMRITSAR JN,345,2570
20807,8/15/2026,VSKP,VISAKHAPATNAM,2,0
20807,8/15/2026,VZM,VIZIANAGRAM JN,15,61
20807,8/15/2026,CHE,SRIKAKULAM ROAD,9,131
20807,8/15/2026,PSA,PALASA,0,203
20807,8/15/2026,BAM,BRAHMAPUR,4,277
20807,8/15/2026,CAP,CHATRAPUR,3,299
20807,8/15/2026,BALU,BALUGAN,11,353
20807,8/15/2026,KUR,KHURDA ROAD JN,21,424
20807,8/15/2026,BBS,BHUBANESWAR,6,443
20807,8/15/2026,NQR,NARAJ MARTHAPUR,0,468
20807,8/15/2026,DNKL,DHENKANAL,10,505
20807,8/15/2026,TLHR,TALCHER,0,558
20807,8/15/2026,ANGL,ANGUL,50,576
20807,8/15/2026,RAIR,RAIRAKHOL,59,661
20807,8/15/2026,RGDA,RAYAGADA,,
20807,8/15/2026,TIG,TITLAGARH,,
20807,8/15/2026,SBP,SAMBALPUR,64,732
20807,8/15/2026,JSGR,JHARSUGUDA ROAD,51,779
20807,8/15/2026,BRJN,BRAJRAJNAGAR,52,790
20807,8/15/2026,BPH,BELPAHAR,56,799
20807,8/15/2026,RIG,RAIGARH,60,850
20807,8/15/2026,KHS,KHARSIA,72,884
20807,8/15/2026,SKT,SAKTI,75,900
20807,8/15/2026,CPH,CHAMPA,80,930
20807,8/15/2026,AKT,AKALTARA,79,956
20807,8/15/2026,BSP,BILASPUR JN,42,983
20807,8/15/2026,PND,PENDRA ROAD,158,1086
20807,8/15/2026,APR,ANUPPUR JN,177,1136
20807,8/15/2026,BUH,BURHAR,186,1157
20807,8/15/2026,SDL,SHAHDOL,234,1177
20807,8/15/2026,UMR,UMARIA,231,1244
20807,8/15/2026,KMZ,KATNI MURWARA,239,1302
20807,8/15/2026,DMO,DAMOH,267,1411
20807,8/15/2026,SGO,SAUGOR,280,1489
20807,8/15/2026,KYE,KHURAI,267,1542
20807,8/15/2026,MAKR,BINA MALKHEDI JN,254,1560
20807,8/15/2026,LAR,LALITPUR,248,1622
20807,8/15/2026,VGLJ,V LAKSHMIBAI JHANSI,236,1712
20807,8/15/2026,DAA,DATIA,243,1737
20807,8/15/2026,GWL,GWALIOR,238,1809
20807,8/15/2026,AGC,AGRA CANTT,268,1928
20807,8/15/2026,MTJ,MATHURA JN,258,1982
20807,8/15/2026,NZM,H NIZAMUDDIN,326,2115
20807,8/15/2026,NDLS,NEW DELHI,329,2122
20807,8/15/2026,BDMJ,BHODWAL MAJRI,,
20807,8/15/2026,PNP,PANIPAT JN,412,2212
20807,8/15/2026,UMB,AMBALA CANT JN,367,2320
20807,8/15/2026,LDH,LUDHIANA JN,366,2434
20807,8/15/2026,JUC,JALANDHAR CITY,320,2491
20807,8/15/2026,BEAS,BEAS,316,2527
20807,8/15/2026,ASR,AMRITSAR JN,295,2570
20807,8/18/2026,VSKP,VISAKHAPATNAM,1,0
20807,8/18/2026,VZM,VIZIANAGRAM JN,11,61
20807,8/18/2026,CHE,SRIKAKULAM ROAD,5,131
20807,8/18/2026,PSA,PALASA,0,203
20807,8/18/2026,BAM,BRAHMAPUR,6,277
20807,8/18/2026,CAP,CHATRAPUR,12,299
20807,8/18/2026,BALU,BALUGAN,17,353
20807,8/18/2026,KUR,KHURDA ROAD JN,10,424
20807,8/18/2026,BBS,BHUBANESWAR,1,443
20807,8/18/2026,NQR,NARAJ MARTHAPUR,0,468
20807,8/18/2026,DNKL,DHENKANAL,0,505
20807,8/18/2026,TLHR,TALCHER,15,558
20807,8/18/2026,ANGL,ANGUL,20,576
20807,8/18/2026,RAIR,RAIRAKHOL,31,661
20807,8/18/2026,RGDA,RAYAGADA,,
20807,8/18/2026,TIG,TITLAGARH,,
20807,8/18/2026,SBP,SAMBALPUR,70,732
20807,8/18/2026,JSGR,JHARSUGUDA ROAD,75,779
20807,8/18/2026,BRJN,BRAJRAJNAGAR,62,790
20807,8/18/2026,BPH,BELPAHAR,65,799
20807,8/18/2026,RIG,RAIGARH,70,850
20807,8/18/2026,KHS,KHARSIA,73,884
20807,8/18/2026,SKT,SAKTI,77,900
20807,8/18/2026,CPH,CHAMPA,88,930
20807,8/18/2026,AKT,AKALTARA,91,956
20807,8/18/2026,BSP,BILASPUR JN,61,983
20807,8/18/2026,PND,PENDRA ROAD,188,1086
20807,8/18/2026,APR,ANUPPUR JN,183,1136
20807,8/18/2026,BUH,BURHAR,198,1157
20807,8/18/2026,SDL,SHAHDOL,189,1177
20807,8/18/2026,UMR,UMARIA,198,1244
20807,8/18/2026,KMZ,KATNI MURWARA,157,1302
20807,8/18/2026,DMO,DAMOH,171,1411
20807,8/18/2026,SGO,SAUGOR,192,1489
20807,8/18/2026,KYE,KHURAI,190,1542
20807,8/18/2026,MAKR,BINA MALKHEDI JN,172,1560
20807,8/18/2026,LAR,LALITPUR,160,1622
20807,8/18/2026,VGLJ,V LAKSHMIBAI JHANSI,177,1712
20807,8/18/2026,DAA,DATIA,181,1737
20807,8/18/2026,GWL,GWALIOR,179,1809
20807,8/18/2026,AGC,AGRA CANTT,211,1928
20807,8/18/2026,MTJ,MATHURA JN,236,1982
20807,8/18/2026,NZM,H NIZAMUDDIN,220,2115
20807,8/18/2026,NDLS,NEW DELHI,231,2122
20807,8/18/2026,BDMJ,BHODWAL MAJRI,,
20807,8/18/2026,PNP,PANIPAT JN,286,2212
20807,8/18/2026,UMB,AMBALA CANT JN,244,2320
20807,8/18/2026,LDH,LUDHIANA JN,238,2434
20807,8/18/2026,JUC,JALANDHAR CITY,212,2491
20807,8/18/2026,BEAS,BEAS,207,2527
20807,8/18/2026,ASR,AMRITSAR JN,182,2570
20807,8/21/2026,VSKP,VISAKHAPATNAM,12,0
20807,8/21/2026,VZM,VIZIANAGRAM JN,33,61
20807,8/21/2026,CHE,SRIKAKULAM ROAD,31,131
20807,8/21/2026,PSA,PALASA,6,203
20807,8/21/2026,BAM,BRAHMAPUR,22,277
20807,8/21/2026,CAP,CHATRAPUR,20,299
20807,8/21/2026,BALU,BALUGAN,33,353
20807,8/21/2026,KUR,KHURDA ROAD JN,59,424
20807,8/21/2026,BBS,BHUBANESWAR,52,443
20807,8/21/2026,NQR,NARAJ MARTHAPUR,37,468
20807,8/21/2026,DNKL,DHENKANAL,40,505
20807,8/21/2026,TLHR,TALCHER,53,558
20807,8/21/2026,ANGL,ANGUL,53,576
20807,8/21/2026,RAIR,RAIRAKHOL,70,661
20807,8/21/2026,RGDA,RAYAGADA,,
20807,8/21/2026,TIG,TITLAGARH,,
20807,8/21/2026,SBP,SAMBALPUR,57,732
20807,8/21/2026,JSGR,JHARSUGUDA ROAD,66,779
20807,8/21/2026,BRJN,BRAJRAJNAGAR,62,790
20807,8/21/2026,BPH,BELPAHAR,63,799
20807,8/21/2026,RIG,RAIGARH,65,850
20807,8/21/2026,KHS,KHARSIA,84,884
20807,8/21/2026,SKT,SAKTI,89,900
20807,8/21/2026,CPH,CHAMPA,118,930
20807,8/21/2026,AKT,AKALTARA,138,956
20807,8/21/2026,BSP,BILASPUR JN,127,983
20807,8/21/2026,PND,PENDRA ROAD,181,1086
20807,8/21/2026,APR,ANUPPUR JN,186,1136
20807,8/21/2026,BUH,BURHAR,193,1157
20807,8/21/2026,SDL,SHAHDOL,197,1177
20807,8/21/2026,UMR,UMARIA,214,1244
20807,8/21/2026,KMZ,KATNI MURWARA,240,1302
20807,8/21/2026,DMO,DAMOH,273,1411
20807,8/21/2026,SGO,SAUGOR,286,1489
20807,8/21/2026,KYE,KHURAI,289,1542
20807,8/21/2026,MAKR,BINA MALKHEDI JN,274,1560
20807,8/21/2026,LAR,LALITPUR,256,1622
20807,8/21/2026,VGLJ,V LAKSHMIBAI JHANSI,261,1712
20807,8/21/2026,DAA,DATIA,261,1737
20807,8/21/2026,GWL,GWALIOR,291,1809
20807,8/21/2026,AGC,AGRA CANTT,281,1928
20807,8/21/2026,MTJ,MATHURA JN,270,1982
20807,8/21/2026,NZM,H NIZAMUDDIN,374,2115
20807,8/21/2026,NDLS,NEW DELHI,384,2122
20807,8/21/2026,BDMJ,BHODWAL MAJRI,,
20807,8/21/2026,PNP,PANIPAT JN,438,2212
20807,8/21/2026,UMB,AMBALA CANT JN,395,2320
20807,8/21/2026,LDH,LUDHIANA JN,423,2434
20807,8/21/2026,JUC,JALANDHAR CITY,365,2491
20807,8/21/2026,BEAS,BEAS,366,2527
20807,8/21/2026,ASR,AMRITSAR JN,360,2570
20807,8/22/2026,VSKP,VISAKHAPATNAM,14,0
20807,8/22/2026,VZM,VIZIANAGRAM JN,20,61
20807,8/22/2026,CHE,SRIKAKULAM ROAD,16,131
20807,8/22/2026,PSA,PALASA,0,203
20807,8/22/2026,BAM,BRAHMAPUR,4,277
20807,8/22/2026,CAP,CHATRAPUR,9,299
20807,8/22/2026,BALU,BALUGAN,18,353
20807,8/22/2026,KUR,KHURDA ROAD JN,17,424
20807,8/22/2026,BBS,BHUBANESWAR,11,443
20807,8/22/2026,NQR,NARAJ MARTHAPUR,0,468
20807,8/22/2026,DNKL,DHENKANAL,8,505
20807,8/22/2026,TLHR,TALCHER,19,558
20807,8/22/2026,ANGL,ANGUL,28,576
20807,8/22/2026,RAIR,RAIRAKHOL,43,661
20807,8/22/2026,RGDA,RAYAGADA,,
20807,8/22/2026,TIG,TITLAGARH,,
20807,8/22/2026,SBP,SAMBALPUR,87,732
20807,8/22/2026,JSGR,JHARSUGUDA ROAD,163,779
20807,8/22/2026,BRJN,BRAJRAJNAGAR,150,790
20807,8/22/2026,BPH,BELPAHAR,151,799
20807,8/22/2026,RIG,RAIGARH,158,850
20807,8/22/2026,KHS,KHARSIA,172,884
20807,8/22/2026,SKT,SAKTI,179,900
20807,8/22/2026,CPH,CHAMPA,189,930
20807,8/22/2026,AKT,AKALTARA,203,956
20807,8/22/2026,BSP,BILASPUR JN,185,983
20807,8/22/2026,PND,PENDRA ROAD,258,1086
20807,8/22/2026,APR,ANUPPUR JN,246,1136
20807,8/22/2026,BUH,BURHAR,252,1157
20807,8/22/2026,SDL,SHAHDOL,256,1177
20807,8/22/2026,UMR,UMARIA,267,1244
20807,8/22/2026,KMZ,KATNI MURWARA,245,1302
20807,8/22/2026,DMO,DAMOH,262,1411
20807,8/22/2026,SGO,SAUGOR,279,1489
20807,8/22/2026,KYE,KHURAI,283,1542
20807,8/22/2026,MAKR,BINA MALKHEDI JN,266,1560
20807,8/22/2026,LAR,LALITPUR,252,1622
20807,8/22/2026,VGLJ,V LAKSHMIBAI JHANSI,244,1712
20807,8/22/2026,DAA,DATIA,257,1737
20807,8/22/2026,GWL,GWALIOR,279,1809
20807,8/22/2026,AGC,AGRA CANTT,332,1928
20807,8/22/2026,MTJ,MATHURA JN,346,1982
20807,8/22/2026,NZM,H NIZAMUDDIN,381,2115
20807,8/22/2026,NDLS,NEW DELHI,427,2122
20807,8/22/2026,BDMJ,BHODWAL MAJRI,,
20807,8/22/2026,PNP,PANIPAT JN,529,2212
20807,8/22/2026,UMB,AMBALA CANT JN,579,2320
20807,8/22/2026,LDH,LUDHIANA JN,632,2434
20807,8/22/2026,JUC,JALANDHAR CITY,597,2491
20807,8/22/2026,BEAS,BEAS,592,2527
20807,8/22/2026,ASR,AMRITSAR JN,572,2570
20807,8/25/2026,VSKP,VISAKHAPATNAM,18,0
20807,8/25/2026,VZM,VIZIANAGRAM JN,31,61
20807,8/25/2026,CHE,SRIKAKULAM ROAD,19,131
20807,8/25/2026,PSA,PALASA,0,203
20807,8/25/2026,BAM,BRAHMAPUR,0,277
20807,8/25/2026,CAP,CHATRAPUR,0,299
20807,8/25/2026,BALU,BALUGAN,6,353
20807,8/25/2026,KUR,KHURDA ROAD JN,7,424
20807,8/25/2026,BBS,BHUBANESWAR,0,443
20807,8/25/2026,NQR,NARAJ MARTHAPUR,0,468
20807,8/25/2026,DNKL,DHENKANAL,21,505
20807,8/25/2026,TLHR,TALCHER,9,558
20807,8/25/2026,ANGL,ANGUL,49,576
20807,8/25/2026,RAIR,RAIRAKHOL,56,661
20807,8/25/2026,RGDA,RAYAGADA,,
20807,8/25/2026,TIG,TITLAGARH,,
20807,8/25/2026,SBP,SAMBALPUR,60,732
20807,8/25/2026,JSGR,JHARSUGUDA ROAD,72,779
20807,8/25/2026,BRJN,BRAJRAJNAGAR,61,790
20807,8/25/2026,BPH,BELPAHAR,62,799
20807,8/25/2026,RIG,RAIGARH,80,850
20807,8/25/2026,KHS,KHARSIA,105,884
20807,8/25/2026,SKT,SAKTI,109,900
20807,8/25/2026,CPH,CHAMPA,120,930
20807,8/25/2026,AKT,AKALTARA,118,956
20807,8/25/2026,BSP,BILASPUR JN,180,983
20807,8/25/2026,PND,PENDRA ROAD,278,1086
20807,8/25/2026,APR,ANUPPUR JN,302,1136
20807,8/25/2026,BUH,BURHAR,315,1157
20807,8/25/2026,SDL,SHAHDOL,303,1177
20807,8/25/2026,UMR,UMARIA,300,1244
20807,8/25/2026,KMZ,KATNI MURWARA,284,1302
20807,8/25/2026,DMO,DAMOH,287,1411
20807,8/25/2026,SGO,SAUGOR,313,1489
20807,8/25/2026,KYE,KHURAI,312,1542
20807,8/25/2026,MAKR,BINA MALKHEDI JN,294,1560
20807,8/25/2026,LAR,LALITPUR,285,1622
20807,8/25/2026,VGLJ,V LAKSHMIBAI JHANSI,300,1712
20807,8/25/2026,DAA,DATIA,302,1737
20807,8/25/2026,GWL,GWALIOR,298,1809
20807,8/25/2026,AGC,AGRA CANTT,301,1928
20807,8/25/2026,MTJ,MATHURA JN,302,1982
20807,8/25/2026,NZM,H NIZAMUDDIN,290,2115
20807,8/25/2026,NDLS,NEW DELHI,291,2122
20807,8/25/2026,BDMJ,BHODWAL MAJRI,,
20807,8/25/2026,PNP,PANIPAT JN,321,2212
20807,8/25/2026,UMB,AMBALA CANT JN,263,2320
20807,8/25/2026,LDH,LUDHIANA JN,261,2434
20807,8/25/2026,JUC,JALANDHAR CITY,202,2491
20807,8/25/2026,BEAS,BEAS,199,2527
20807,8/25/2026,ASR,AMRITSAR JN,192,2570
20807,8/28/2026,VSKP,VISAKHAPATNAM,3,0
20807,8/28/2026,VZM,VIZIANAGRAM JN,22,61
20807,8/28/2026,CHE,SRIKAKULAM ROAD,18,131
20807,8/28/2026,PSA,PALASA,2,203
20807,8/28/2026,BAM,BRAHMAPUR,0,277
20807,8/28/2026,CAP,CHATRAPUR,8,299
20807,8/28/2026,BALU,BALUGAN,11,353
20807,8/28/2026,KUR,KHURDA ROAD JN,8,424
20807,8/28/2026,BBS,BHUBANESWAR,0,443
20807,8/28/2026,NQR,NARAJ MARTHAPUR,0,468
20807,8/28/2026,DNKL,DHENKANAL,0,505
20807,8/28/2026,TLHR,TALCHER,1,558
20807,8/28/2026,ANGL,ANGUL,23,576
20807,8/28/2026,RAIR,RAIRAKHOL,30,661
20807,8/28/2026,RGDA,RAYAGADA,,
20807,8/28/2026,TIG,TITLAGARH,,
20807,8/28/2026,SBP,SAMBALPUR,30,732
20807,8/28/2026,JSGR,JHARSUGUDA ROAD,30,779
20807,8/28/2026,BRJN,BRAJRAJNAGAR,18,790
20807,8/28/2026,BPH,BELPAHAR,20,799
20807,8/28/2026,RIG,RAIGARH,21,850
20807,8/28/2026,KHS,KHARSIA,33,884
20807,8/28/2026,SKT,SAKTI,37,900
20807,8/28/2026,CPH,CHAMPA,37,930
20807,8/28/2026,AKT,AKALTARA,50,956
20807,8/28/2026,BSP,BILASPUR JN,44,983
20807,8/28/2026,PND,PENDRA ROAD,119,1086
20807,8/28/2026,APR,ANUPPUR JN,108,1136
20807,8/28/2026,BUH,BURHAR,120,1157
20807,8/28/2026,SDL,SHAHDOL,111,1177
20807,8/28/2026,UMR,UMARIA,123,1244
20807,8/28/2026,KMZ,KATNI MURWARA,119,1302
20807,8/28/2026,DMO,DAMOH,126,1411
20807,8/28/2026,SGO,SAUGOR,136,1489
20807,8/28/2026,KYE,KHURAI,126,1542
20807,8/28/2026,MAKR,BINA MALKHEDI JN,106,1560
20807,8/28/2026,LAR,LALITPUR,86,1622
20807,8/28/2026,VGLJ,V LAKSHMIBAI JHANSI,78,1712
20807,8/28/2026,DAA,DATIA,81,1737
20807,8/28/2026,GWL,GWALIOR,62,1809
20807,8/28/2026,AGC,AGRA CANTT,30,1928
20807,8/28/2026,MTJ,MATHURA JN,11,1982
20807,8/28/2026,NZM,H NIZAMUDDIN,0,2115
20807,8/28/2026,NDLS,NEW DELHI,2,2122
20807,8/28/2026,BDMJ,BHODWAL MAJRI,,
20807,8/28/2026,PNP,PANIPAT JN,66,2212
20807,8/28/2026,UMB,AMBALA CANT JN,4,2320
20807,8/28/2026,LDH,LUDHIANA JN,5,2434
20807,8/28/2026,JUC,JALANDHAR CITY,0,2491
20807,8/28/2026,BEAS,BEAS,17,2527
20807,8/28/2026,ASR,AMRITSAR JN,3,2570
20807,8/29/2026,VSKP,VISAKHAPATNAM,0,0
20807,8/29/2026,VZM,VIZIANAGRAM JN,15,61
20807,8/29/2026,CHE,SRIKAKULAM ROAD,12,131
20807,8/29/2026,PSA,PALASA,1,203
20807,8/29/2026,BAM,BRAHMAPUR,7,277
20807,8/29/2026,CAP,CHATRAPUR,7,299
20807,8/29/2026,BALU,BALUGAN,13,353
20807,8/29/2026,KUR,KHURDA ROAD JN,15,424
20807,8/29/2026,BBS,BHUBANESWAR,16,443
20807,8/29/2026,NQR,NARAJ MARTHAPUR,2,468
20807,8/29/2026,DNKL,DHENKANAL,12,505
20807,8/29/2026,TLHR,TALCHER,22,558
20807,8/29/2026,ANGL,ANGUL,38,576
20807,8/29/2026,RAIR,RAIRAKHOL,43,661
20807,8/29/2026,RGDA,RAYAGADA,,
20807,8/29/2026,TIG,TITLAGARH,,
20807,8/29/2026,SBP,SAMBALPUR,54,732
20807,8/29/2026,JSGR,JHARSUGUDA ROAD,52,779
20807,8/29/2026,BRJN,BRAJRAJNAGAR,39,790
20807,8/29/2026,BPH,BELPAHAR,41,799
20807,8/29/2026,RIG,RAIGARH,51,850
20807,8/29/2026,KHS,KHARSIA,66,884
20807,8/29/2026,SKT,SAKTI,70,900
20807,8/29/2026,CPH,CHAMPA,74,930
20807,8/29/2026,AKT,AKALTARA,78,956
20807,8/29/2026,BSP,BILASPUR JN,66,983
20807,8/29/2026,PND,PENDRA ROAD,116,1086
20807,8/29/2026,APR,ANUPPUR JN,114,1136
20807,8/29/2026,BUH,BURHAR,118,1157
20807,8/29/2026,SDL,SHAHDOL,117,1177
20807,8/29/2026,UMR,UMARIA,123,1244
20807,8/29/2026,KMZ,KATNI MURWARA,106,1302
20807,8/29/2026,DMO,DAMOH,121,1411
20807,8/29/2026,SGO,SAUGOR,136,1489
20807,8/29/2026,KYE,KHURAI,132,1542
20807,8/29/2026,MAKR,BINA MALKHEDI JN,116,1560
20807,8/29/2026,LAR,LALITPUR,120,1622
20807,8/29/2026,VGLJ,V LAKSHMIBAI JHANSI,110,1712
20807,8/29/2026,DAA,DATIA,112,1737
20807,8/29/2026,GWL,GWALIOR,96,1809
20807,8/29/2026,AGC,AGRA CANTT,67,1928
20807,8/29/2026,MTJ,MATHURA JN,47,1982
20807,8/29/2026,NZM,H NIZAMUDDIN,48,2115
20807,8/29/2026,NDLS,NEW DELHI,70,2122
20807,8/29/2026,BDMJ,BHODWAL MAJRI,,
20807,8/29/2026,PNP,PANIPAT JN,95,2212
20807,8/29/2026,UMB,AMBALA CANT JN,49,2320
20807,8/29/2026,LDH,LUDHIANA JN,45,2434
20807,8/29/2026,JUC,JALANDHAR CITY,0,2491
20807,8/29/2026,BEAS,BEAS,1,2527
20807,8/29/2026,ASR,AMRITSAR JN,0,2570
20807,9/1/2026,VSKP,VISAKHAPATNAM,0,0
20807,9/1/2026,VZM,VIZIANAGRAM JN,22,61
20807,9/1/2026,CHE,SRIKAKULAM ROAD,12,131
20807,9/1/2026,PSA,PALASA,0,203
20807,9/1/2026,BAM,BRAHMAPUR,9,277
20807,9/1/2026,CAP,CHATRAPUR,14,299
20807,9/1/2026,BALU,BALUGAN,19,353
20807,9/1/2026,KUR,KHURDA ROAD JN,31,424
20807,9/1/2026,BBS,BHUBANESWAR,34,443
20807,9/1/2026,NQR,NARAJ MARTHAPUR,20,468
20807,9/1/2026,DNKL,DHENKANAL,29,505
20807,9/1/2026,TLHR,TALCHER,63,558
20807,9/1/2026,ANGL,ANGUL,59,576
20807,9/1/2026,RAIR,RAIRAKHOL,63,661
20807,9/1/2026,RGDA,RAYAGADA,,
20807,9/1/2026,TIG,TITLAGARH,,
20807,9/1/2026,SBP,SAMBALPUR,78,732
20807,9/1/2026,JSGR,JHARSUGUDA ROAD,69,779
20807,9/1/2026,BRJN,BRAJRAJNAGAR,54,790
20807,9/1/2026,BPH,BELPAHAR,58,799
20807,9/1/2026,RIG,RAIGARH,61,850
20807,9/1/2026,KHS,KHARSIA,76,884
20807,9/1/2026,SKT,SAKTI,80,900
20807,9/1/2026,CPH,CHAMPA,79,930
20807,9/1/2026,AKT,AKALTARA,102,956
20807,9/1/2026,BSP,BILASPUR JN,83,983
20807,9/1/2026,PND,PENDRA ROAD,158,1086
20807,9/1/2026,APR,ANUPPUR JN,183,1136
20807,9/1/2026,BUH,BURHAR,186,1157
20807,9/1/2026,SDL,SHAHDOL,179,1177
20807,9/1/2026,UMR,UMARIA,175,1244
20807,9/1/2026,KMZ,KATNI MURWARA,167,1302
20807,9/1/2026,DMO,DAMOH,176,1411
20807,9/1/2026,SGO,SAUGOR,190,1489
20807,9/1/2026,KYE,KHURAI,186,1542
20807,9/1/2026,MAKR,BINA MALKHEDI JN,168,1560
20807,9/1/2026,LAR,LALITPUR,169,1622
20807,9/1/2026,VGLJ,V LAKSHMIBAI JHANSI,180,1712
20807,9/1/2026,DAA,DATIA,193,1737
20807,9/1/2026,GWL,GWALIOR,173,1809
20807,9/1/2026,AGC,AGRA CANTT,241,1928
20807,9/1/2026,MTJ,MATHURA JN,237,1982
20807,9/1/2026,NZM,H NIZAMUDDIN,259,2115
20807,9/1/2026,NDLS,NEW DELHI,280,2122
20807,9/1/2026,BDMJ,BHODWAL MAJRI,,
20807,9/1/2026,PNP,PANIPAT JN,305,2212
20807,9/1/2026,UMB,AMBALA CANT JN,258,2320
20807,9/1/2026,LDH,LUDHIANA JN,263,2434
20807,9/1/2026,JUC,JALANDHAR CITY,214,2491
20807,9/1/2026,BEAS,BEAS,213,2527
20807,9/1/2026,ASR,AMRITSAR JN,195,2570
20807,9/4/2026,VSKP,VISAKHAPATNAM,9,0
20807,9/4/2026,VZM,VIZIANAGRAM JN,15,61
20807,9/4/2026,CHE,SRIKAKULAM ROAD,10,131
20807,9/4/2026,PSA,PALASA,0,203
20807,9/4/2026,BAM,BRAHMAPUR,0,277
20807,9/4/2026,CAP,CHATRAPUR,1,299
20807,9/4/2026,BALU,BALUGAN,3,353
20807,9/4/2026,KUR,KHURDA ROAD JN,8,424
20807,9/4/2026,BBS,BHUBANESWAR,1,443
20807,9/4/2026,NQR,NARAJ MARTHAPUR,0,468
20807,9/4/2026,DNKL,DHENKANAL,4,505
20807,9/4/2026,TLHR,TALCHER,7,558
20807,9/4/2026,ANGL,ANGUL,10,576
20807,9/4/2026,RAIR,RAIRAKHOL,36,661
20807,9/4/2026,RGDA,RAYAGADA,,
20807,9/4/2026,TIG,TITLAGARH,,
20807,9/4/2026,SBP,SAMBALPUR,35,732
20807,9/4/2026,JSGR,JHARSUGUDA ROAD,62,779
20807,9/4/2026,BRJN,BRAJRAJNAGAR,52,790
20807,9/4/2026,BPH,BELPAHAR,57,799
20807,9/4/2026,RIG,RAIGARH,79,850
20807,9/4/2026,KHS,KHARSIA,111,884
20807,9/4/2026,SKT,SAKTI,121,900
20807,9/4/2026,CPH,CHAMPA,118,930
20807,9/4/2026,AKT,AKALTARA,127,956
20807,9/4/2026,BSP,BILASPUR JN,107,983
20807,9/4/2026,PND,PENDRA ROAD,177,1086
20807,9/4/2026,APR,ANUPPUR JN,165,1136
20807,9/4/2026,BUH,BURHAR,167,1157
20807,9/4/2026,SDL,SHAHDOL,158,1177
20807,9/4/2026,UMR,UMARIA,155,1244
20807,9/4/2026,KMZ,KATNI MURWARA,124,1302
20807,9/4/2026,DMO,DAMOH,166,1411
20807,9/4/2026,SGO,SAUGOR,169,1489
20807,9/4/2026,KYE,KHURAI,161,1542
20807,9/4/2026,MAKR,BINA MALKHEDI JN,141,1560
20807,9/4/2026,LAR,LALITPUR,131,1622
20807,9/4/2026,VGLJ,V LAKSHMIBAI JHANSI,114,1712
20807,9/4/2026,DAA,DATIA,118,1737
20807,9/4/2026,GWL,GWALIOR,106,1809
20807,9/4/2026,AGC,AGRA CANTT,97,1928
20807,9/4/2026,MTJ,MATHURA JN,102,1982
20807,9/4/2026,NZM,H NIZAMUDDIN,119,2115
20807,9/4/2026,NDLS,NEW DELHI,145,2122
20807,9/4/2026,BDMJ,BHODWAL MAJRI,,
20807,9/4/2026,PNP,PANIPAT JN,176,2212
20807,9/4/2026,UMB,AMBALA CANT JN,173,2320
20807,9/4/2026,LDH,LUDHIANA JN,192,2434
20807,9/4/2026,JUC,JALANDHAR CITY,159,2491
20807,9/4/2026,BEAS,BEAS,158,2527
20807,9/4/2026,ASR,AMRITSAR JN,142,2570
