train_no,journey_id,mean_delay,median_delay,max_delay,min_delay,observations
12314,12314_20250905,8.125,4.0,22.0,0.0,8
12314,12314_20250906,6.875,4.5,24.0,-13.0,8
12314,12314_20250907,9.0,8.0,22.0,0.0,8
12314,12314_20250908,9.0,8.5,18.0,-2.0,8
12314,12314_20250909,9.0,6.0,22.0,0.0,8
12314,12314_20250910,4.75,0.5,19.0,-2.0,8
12314,12314_20250911,9.625,6.5,26.0,0.0,8
12314,12314_20250912,6.75,4.0,20.0,0.0,8
12314,12314_20250913,3.125,1.5,17.0,-13.0,8
12314,12314_20250914,3.25,2.5,13.0,-10.0,8
12314,12314_20250915,3.875,1.0,15.0,0.0,8
12314,12314_20250916,11.5,7.0,33.0,0.0,8
12314,12314_20250917,6.25,4.5,19.0,-2.0,8
12314,12314_20250918,3.875,3.0,13.0,-8.0,8
12314,12314_20250919,11.0,6.5,33.0,0.0,8
12314,12314_20250920,52.0,2.0,142.0,0.0,8
12314,12314_20250921,267.75,266.0,296.0,235.0,8
12314,12314_20250922,14.5,9.5,51.0,0.0,8
12314,12314_20250923,2.875,3.0,14.0,-17.0,8
12314,12314_20250924,8.75,10.5,18.0,0.0,8
12314,12314_20250925,64.5,78.0,99.0,0.0,8
12314,12314_20250926,8.5,8.0,20.0,0.0,8
12314,12314_20250927,11.75,11.5,29.0,0.0,8
12314,12314_20250928,14.375,15.0,38.0,-6.0,8
12314,12314_20250929,6.875,7.0,24.0,-8.0,8
12314,12314_20250930,10.5,7.0,28.0,0.0,8
12314,12314_20251001,8.875,9.5,23.0,-3.0,8
12314,12314_20251002,15.125,18.5,33.0,0.0,8
12314,12314_20251003,32.875,36.0,59.0,1.0,8
12314,12314_20251004,5.375,6.0,16.0,-16.0,8
12314,12314_20251005,7.625,6.0,22.0,-10.0,8
12314,12314_20251006,14.375,10.5,31.0,0.0,8
12314,12314_20251007,3.625,4.0,12.0,-8.0,8
12314,12314_20251008,4.5,3.0,13.0,-1.0,8
12314,12314_20251009,11.75,12.5,23.0,0.0,8
12314,12314_20251010,12.75,13.5,27.0,0.0,8
12314,12314_20251011,6.0,3.5,18.0,-2.0,8
12314,12314_20251012,12.25,13.0,25.0,-2.0,8
12314,12314_20251013,9.0,7.5,22.0,-6.0,8
12314,12314_20251014,8.5,8.5,19.0,-1.0,8
12314,12314_20251015,183.625,193.0,216.0,88.0,8
12314,12314_20251016,13.0,14.5,25.0,0.0,8
12314,12314_20251017,69.5,77.0,103.0,1.0,8
12314,12314_20251018,5.875,3.5,17.0,-7.0,8
12314,12314_20251019,9.75,11.0,22.0,-14.0,8
12314,12314_20251020,9.5,4.0,29.0,0.0,8
12314,12314_20251021,29.0,7.5,79.0,0.0,8
12314,12314_20251022,10.5,12.5,17.0,1.0,8
12314,12314_20251023,28.5,31.5,48.0,0.0,8
12314,12314_20251024,14.75,18.5,26.0,0.0,8
12314,12314_20251025,20.375,22.0,36.0,0.0,8
12314,12314_20251026,3.75,3.0,15.0,-11.0,8
12314,12314_20251027,24.875,26.5,43.0,0.0,8
12314,12314_20251028,10.0,9.0,24.0,0.0,8
12314,12314_20251029,16.375,14.0,35.0,0.0,8
12314,12314_20251030,35.0,35.0,55.0,0.0,8
12314,12314_20251031,12.875,11.5,24.0,0.0,8
12314,12314_20251101,57.375,64.0,96.0,0.0,8
12314,12314_20251102,14.0,10.0,33.0,0.0,8
12314,12314_20251103,13.375,15.5,32.0,0.0,8
12314,12314_20251104,10.875,12.5,23.0,-11.0,8
12314,12314_20251105,12.25,11.5,29.0,0.0,8
12314,12314_20251106,11.0,10.0,21.0,0.0,8
12314,12314_20251107,11.125,6.5,31.0,0.0,8
12314,12314_20251108,29.375,32.5,46.0,0.0,8
12314,12314_20251109,9.625,10.0,21.0,1.0,8
12314,12314_20251110,6.75,1.5,26.0,-2.0,8
12314,12314_20251111,45.875,56.5,69.0,0.0,8
12314,12314_20251112,9.25,6.0,25.0,1.0,8
12314,12314_20251113,12.875,12.5,29.0,1.0,8
12314,12314_20251114,13.75,8.5,37.0,0.0,8
12314,12314_20251115,3.625,3.0,13.0,-12.0,8
12314,12314_20251116,7.0,5.5,21.0,0.0,8
12314,12314_20251117,9.625,11.0,19.0,0.0,8
12314,12314_20251118,9.125,8.5,23.0,0.0,8
12314,12314_20251119,12.875,15.0,22.0,0.0,8
12314,12314_20251120,10.75,8.5,32.0,0.0,8
12314,12314_20251121,10.5,9.0,28.0,-4.0,8
12314,12314_20251122,6.5,9.0,15.0,-14.0,8
12314,12314_20251123,6.125,3.0,19.0,-1.0,8
12314,12314_20251124,5.75,3.5,15.0,0.0,8
12314,12314_20251125,11.125,12.5,31.0,-2.0,8
12314,12314_20251126,10.25,10.5,26.0,0.0,8
12314,12314_20251127,4.0,1.5,14.0,-7.0,8
12314,12314_20251128,9.125,6.5,26.0,0.0,8
12314,12314_20251129,4.375,2.0,19.0,-10.0,8
12314,12314_20251130,7.625,4.0,24.0,0.0,8
12314,12314_20251201,2.5,0.5,12.0,-1.0,8
12314,12314_20251202,3.25,0.5,14.0,-9.0,8
12314,12314_20251203,5.75,4.0,18.0,0.0,8
12314,12314_20251204,6.125,2.0,20.0,0.0,8
12314,12314_20251205,13.875,7.5,34.0,0.0,8
12314,12314_20251206,11.0,11.0,22.0,1.0,8
12314,12314_20251207,28.875,17.5,130.0,0.0,8
12314,12314_20251208,9.0,4.0,44.0,0.0,8
12314,12314_20251209,12.625,8.5,52.0,0.0,8
12314,12314_20251210,23.75,11.0,135.0,0.0,8
12314,12314_20251211,12.625,5.0,61.0,0.0,8
12314,12314_20251212,6.5,3.5,20.0,0.0,8
12314,12314_20251213,204.875,227.5,253.0,110.0,8
12314,12314_20251214,187.125,202.5,221.0,117.0,8
12314,12314_20251215,881.25,966.5,982.0,298.0,8
12314,12314_20251216,331.75,343.0,361.0,257.0,8
12314,12314_20251217,71.875,98.5,119.0,1.0,8
12314,12314_20251218,286.875,297.5,323.0,178.0,8
12314,12314_20251219,501.875,558.5,578.0,144.0,8
12314,12314_20251220,498.25,533.5,545.0,260.0,8
12314,12314_20251221,578.0,634.5,652.0,292.0,8
12314,12314_20251222,918.25,1011.0,1018.0,396.0,8
12314,12314_20251223,792.75,846.5,877.0,520.0,8
12314,12314_20251224,804.0,845.0,872.0,525.0,8
12314,12314_20251225,762.125,824.0,850.0,355.0,8
12314,12314_20251226,868.125,934.0,957.0,435.0,8
12314,12314_20251227,933.75,999.0,1011.0,532.0,8
12314,12314_20251228,1051.875,1123.5,1142.0,633.0,8
12314,12314_20251229,694.625,760.0,788.0,258.0,8
12314,12314_20251230,733.625,818.5,846.0,241.0,8
12314,12314_20251231,914.375,990.0,1018.0,565.0,8
12314,12314_20260101,196.25,255.5,275.0,17.0,8
12314,12314_20260102,16.375,11.5,37.0,0.0,8
12314,12314_20260103,10.0,5.5,26.0,0.0,8
12314,12314_20260104,79.625,97.0,123.0,1.0,8
12314,12314_20260105,55.625,58.0,94.0,7.0,8
12314,12314_20260106,118.5,142.5,162.0,19.0,8
12314,12314_20260107,163.5,219.0,244.0,0.0,8
12314,12314_20260108,93.5,117.0,136.0,0.0,8
12314,12314_20260109,36.375,36.5,62.0,1.0,8
12314,12314_20260110,5.75,5.5,17.0,-6.0,8
12314,12314_20260111,10.875,8.0,30.0,0.0,8
12314,12314_20260112,24.125,23.0,39.0,2.0,8
12314,12314_20260113,5.875,4.0,19.0,-8.0,8
12314,12314_20260114,9.5,9.5,24.0,-2.0,8
12314,12314_20260115,7.0,5.5,23.0,-5.0,8
12314,12314_20260116,7.125,5.0,20.0,-7.0,8
12314,12314_20260117,19.0,19.5,43.0,-7.0,8
12314,12314_20260118,10.375,8.5,24.0,-6.0,8
12314,12314_20260119,14.0,10.5,38.0,0.0,8
12314,12314_20260120,4.875,4.0,16.0,-8.0,8
12314,12314_20260121,6.875,4.0,23.0,-8.0,8
12314,12314_20260122,5.5,3.5,16.0,-2.0,8
12314,12314_20260123,7.0,1.5,21.0,-3.0,8
12314,12314_20260124,1.625,0.0,16.0,-19.0,8
12314,12314_20260125,3.875,0.0,15.0,-7.0,8
12314,12314_20260126,6.25,3.0,22.0,0.0,8
12314,12314_20260127,9.125,9.0,21.0,0.0,8
12314,12314_20260128,5.875,3.5,17.0,0.0,8
12314,12314_20260129,197.0,204.0,227.0,127.0,8
12314,12314_20260130,735.75,799.5,823.0,343.0,8
12314,12314_20260131,174.0,205.0,250.0,16.0,8
12314,12314_20260201,11.125,8.0,29.0,1.0,8
12314,12314_20260202,7.875,6.5,17.0,0.0,8
12314,12314_20260203,13.5,14.0,29.0,2.0,8
12314,12314_20260204,7.25,8.0,18.0,-5.0,8
12314,12314_20260205,5.375,0.0,18.0,0.0,8
12314,12314_20260206,8.875,5.5,26.0,-6.0,8
12314,12314_20260207,8.375,5.0,28.0,-7.0,8
12314,12314_20260208,9.75,12.5,19.0,0.0,8
12314,12314_20260209,118.5,115.0,139.0,106.0,8
12314,12314_20260210,17.625,17.0,36.0,0.0,8
12314,12314_20260211,6.875,5.0,20.0,-1.0,8
12314,12314_20260212,10.375,9.0,26.0,0.0,8
12314,12314_20260213,5.625,5.5,14.0,-5.0,8
12314,12314_20260214,6.125,3.5,19.0,-9.0,8
12314,12314_20260215,15.125,16.5,30.0,0.0,8
12314,12314_20260216,21.375,22.0,42.0,1.0,8
12314,12314_20260217,6.0,2.0,19.0,0.0,8
12314,12314_20260218,14.875,14.0,36.0,-2.0,8
12314,12314_20260219,10.375,9.5,22.0,-5.0,8
12314,12314_20260220,17.5,20.5,30.0,1.0,8
12314,12314_20260221,11.75,12.5,29.0,-7.0,8
12314,12314_20260222,10.375,11.0,23.0,-6.0,8
12314,12314_20260223,9.25,9.0,21.0,0.0,8
12314,12314_20260224,12.625,15.5,23.0,-6.0,8
12314,12314_20260225,10.25,6.0,30.0,-5.0,8
12314,12314_20260226,25.875,23.0,46.0,0.0,8
12314,12314_20260227,15.125,12.0,37.0,0.0,8
12314,12314_20260228,16.0,13.0,42.0,0.0,8
12314,12314_20260301,33.375,35.0,52.0,0.0,8
12314,12314_20260302,13.75,13.5,28.0,0.0,8
12314,12314_20260303,8.0,4.5,23.0,-7.0,8
12314,12314_20260304,9.5,7.0,21.0,0.0,8
12314,12314_20260305,39.625,45.5,57.0,9.0,8
12314,12314_20260306,10.75,7.0,27.0,0.0,8
12314,12314_20260307,54.25,70.5,94.0,0.0,8
12314,12314_20260308,177.0,188.5,214.0,120.0,8
12314,12314_20260309,9.25,5.5,26.0,-1.0,8
12314,12314_20260310,92.875,92.0,110.0,77.0,8
12314,12314_20260311,32.0,39.0,61.0,0.0,8
12314,12314_20260312,16.25,17.5,36.0,0.0,8
12314,12314_20260313,11.5,12.0,28.0,-3.0,8
12314,12314_20260314,8.625,9.5,20.0,0.0,8
12314,12314_20260315,6.25,2.0,19.0,-6.0,8
12314,12314_20260316,24.75,24.0,47.0,0.0,8
12314,12314_20260317,14.5,13.5,28.0,0.0,8
12314,12314_20260318,7.5,5.5,21.0,-3.0,8
12314,12314_20260319,40.875,40.0,84.0,0.0,8
12314,12314_20260320,20.75,21.0,35.0,0.0,8
12314,12314_20260321,108.625,111.5,127.0,77.0,8
12314,12314_20260322,5.0,4.0,18.0,0.0,8
12314,12314_20260323,7.75,3.5,21.0,-1.0,8
12314,12314_20260324,7.5,3.0,25.0,0.0,8
12314,12314_20260325,7.875,4.0,23.0,0.0,8
12314,12314_20260326,9.125,9.5,25.0,0.0,8
12314,12314_20260327,11.5,7.0,33.0,0.0,8
12314,12314_20260328,10.625,7.5,33.0,0.0,8
12314,12314_20260329,14.875,16.5,30.0,0.0,8
12314,12314_20260330,16.25,12.5,41.0,0.0,8
12314,12314_20260331,8.0,8.5,23.0,-8.0,8
12314,12314_20260401,6.875,5.0,21.0,-2.0,8
12314,12314_20260402,9.375,3.5,28.0,0.0,8
12314,12314_20260403,5.75,1.5,22.0,-9.0,8
12314,12314_20260404,13.25,9.0,36.0,0.0,8
12314,12314_20260405,10.375,3.5,30.0,-1.0,8
12314,12314_20260406,10.625,7.0,28.0,0.0,8
12314,12314_20260407,6.875,3.5,22.0,1.0,8
12314,12314_20260408,9.625,3.0,34.0,0.0,8
12314,12314_20260409,6.375,1.0,26.0,-3.0,8
12314,12314_20260410,11.125,7.0,29.0,1.0,8
12314,12314_20260411,4.875,2.5,19.0,-9.0,8
12314,12314_20260412,7.5,4.0,22.0,0.0,8
12314,12314_20260413,5.625,1.0,21.0,-6.0,8
12314,12314_20260414,8.125,9.5,16.0,0.0,8
12314,12314_20260415,11.625,3.5,35.0,0.0,8
12314,12314_20260416,6.25,6.0,18.0,-7.0,8
12314,12314_20260417,125.0,130.0,145.0,93.0,8
12314,12314_20260418,10.375,2.5,27.0,0.0,8
12314,12314_20260419,42.5,43.5,57.0,21.0,8
12314,12314_20260420,29.75,28.5,53.0,1.0,8
12314,12314_20260421,15.5,13.5,34.0,0.0,8
12314,12314_20260422,10.625,14.5,22.0,-2.0,8
12314,12314_20260423,11.125,7.5,29.0,-3.0,8
12314,12314_20260424,9.0,5.5,24.0,-5.0,8
12314,12314_20260425,14.875,11.0,33.0,1.0,8
12314,12314_20260426,12.5,10.0,32.0,0.0,8
12314,12314_20260427,23.5,24.0,46.0,1.0,8
12314,12314_20260428,16.375,13.5,37.0,0.0,8
12314,12314_20260429,8.625,5.5,21.0,-5.0,8
12314,12314_20260430,63.5,78.0,106.0,8.0,8
12314,12314_20260501,12.625,10.0,26.0,0.0,8
12314,12314_20260502,10.0,9.5,25.0,-4.0,8
12314,12314_20260503,9.75,11.0,25.0,-6.0,8
12314,12314_20260504,36.5,38.0,64.0,0.0,8
12314,12314_20260505,12.375,10.0,33.0,0.0,8
12314,12314_20260506,8.5,7.0,20.0,-2.0,8
12314,12314_20260507,7.625,9.0,16.0,-4.0,8
12314,12314_20260508,5.875,2.5,23.0,-8.0,8
12314,12314_20260509,12.0,14.5,25.0,-2.0,8
12314,12314_20260510,9.125,9.0,23.0,-5.0,8
12314,12314_20260511,8.5,9.0,18.0,-4.0,8
12314,12314_20260512,11.625,10.0,29.0,0.0,8
12314,12314_20260513,64.875,77.5,99.0,0.0,8
12314,12314_20260514,4.875,4.5,12.0,-3.0,8
12314,12314_20260515,8.25,5.5,24.0,1.0,8
12314,12314_20260516,15.625,11.5,38.0,0.0,8
12314,12314_20260517,4.375,1.0,19.0,-5.0,8
12314,12314_20260518,12.75,14.0,25.0,0.0,8
12314,12314_20260519,6.25,4.5,19.0,0.0,8
12314,12314_20260520,11.25,8.5,41.0,0.0,8
12314,12314_20260521,5.375,3.5,19.0,-13.0,8
12314,12314_20260522,6.625,8.0,18.0,-11.0,8
12314,12314_20260523,7.5,5.0,19.0,-1.0,8
12314,12314_20260524,9.25,7.0,26.0,-8.0,8
12314,12314_20260525,3.0,1.0,10.0,-7.0,8
12314,12314_20260526,10.625,11.0,23.0,0.0,8
12314,12314_20260527,9.625,11.0,19.0,-1.0,8
12314,12314_20260528,6.75,5.0,19.0,-1.0,8
12314,12314_20260529,27.75,30.5,56.0,0.0,8
12314,12314_20260530,8.875,11.0,25.0,-15.0,8
12314,12314_20260531,11.625,15.0,20.0,-6.0,8
12314,12314_20260601,10.0,5.0,34.0,0.0,8
12314,12314_20260602,9.75,7.0,23.0,0.0,8
12314,12314_20260603,7.5,9.5,14.0,0.0,8
12314,12314_20260604,11.125,6.5,31.0,0.0,8
12314,12314_20260605,7.5,4.5,28.0,-9.0,8
12314,12314_20260606,8.75,9.5,16.0,1.0,8
12314,12314_20260607,71.5,92.0,116.0,0.0,8
12314,12314_20260608,9.25,4.5,23.0,-5.0,8
12314,12314_20260609,10.375,5.5,28.0,0.0,8
12314,12314_20260610,60.0,76.0,110.0,0.0,8
12314,12314_20260611,41.25,47.5,65.0,6.0,8
12314,12314_20260612,7.875,6.0,22.0,-2.0,8
12314,12314_20260613,12.375,13.0,28.0,-4.0,8
12314,12314_20260614,6.625,3.5,22.0,-7.0,8
12314,12314_20260615,12.0,13.5,25.0,-1.0,8
12314,12314_20260616,21.875,22.0,42.0,0.0,8
12314,12314_20260617,9.75,8.5,28.0,-6.0,8
12314,12314_20260618,8.125,6.0,24.0,-4.0,8
12314,12314_20260619,8.25,4.0,24.0,0.0,8
12314,12314_20260620,12.0,2.5,37.0,0.0,8
12314,12314_20260621,18.0,5.5,56.0,0.0,8
12314,12314_20260622,3.625,0.0,22.0,-14.0,8
12314,12314_20260623,9.5,7.5,25.0,-1.0,8
12314,12314_20260624,12.25,6.0,36.0,0.0,8
12314,12314_20260625,10.75,7.0,32.0,0.0,8
12314,12314_20260626,10.625,6.5,31.0,1.0,8
12314,12314_20260627,10.0,4.5,29.0,0.0,8
12314,12314_20260628,18.125,16.0,45.0,0.0,8
12314,12314_20260629,12.375,7.5,35.0,1.0,8
12314,12314_20260630,18.5,14.0,43.0,0.0,8
12314,12314_20260701,16.875,12.5,41.0,0.0,8
12314,12314_20260702,10.125,2.5,34.0,-3.0,8
12314,12314_20260703,17.125,12.0,40.0,3.0,8
12314,12314_20260704,19.875,12.5,47.0,0.0,8
12314,12314_20260705,13.75,8.5,40.0,0.0,8
12314,12314_20260706,16.625,13.0,43.0,1.0,8
12314,12314_20260707,9.25,6.0,29.0,0.0,8
12314,12314_20260708,8.5,4.0,31.0,-7.0,8
12314,12314_20260709,10.0,6.0,31.0,-6.0,8
12314,12314_20260710,15.625,11.0,38.0,0.0,8
12314,12314_20260711,9.25,7.5,32.0,-5.0,8
12314,12314_20260712,8.875,2.5,35.0,0.0,8
12314,12314_20260713,17.25,13.0,38.0,0.0,8
12314,12314_20260714,12.25,11.5,33.0,-1.0,8
12314,12314_20260715,8.375,5.5,25.0,0.0,8
12314,12314_20260716,10.5,7.0,30.0,0.0,8
12314,12314_20260717,12.25,7.0,38.0,0.0,8
12314,12314_20260718,11.625,9.0,33.0,0.0,8
12314,12314_20260719,11.375,7.5,30.0,0.0,8
12314,12314_20260720,13.125,16.5,30.0,-5.0,8
12314,12314_20260721,193.5,194.5,228.0,174.0,8
12314,12314_20260722,78.5,79.0,98.0,54.0,8
12314,12314_20260723,16.875,11.5,44.0,0.0,8
12314,12314_20260724,9.5,3.0,34.0,-1.0,8
12314,12314_20260725,8.5,1.5,36.0,-1.0,8
12314,12314_20260726,8.75,3.0,32.0,-4.0,8
12314,12314_20260727,22.5,17.5,60.0,0.0,8
12314,12314_20260728,19.75,18.0,53.0,1.0,8
12314,12314_20260729,9.5,3.5,26.0,-1.0,8
12314,12314_20260730,17.125,17.0,41.0,1.0,8
12314,12314_20260731,9.25,4.0,33.0,0.0,8
12314,12314_20260801,9.125,1.0,30.0,0.0,8
12314,12314_20260802,18.375,20.0,41.0,1.0,8
12314,12314_20260803,12.5,8.5,29.0,1.0,8
12314,12314_20260804,14.875,10.0,35.0,1.0,8
12314,12314_20260805,98.875,106.0,157.0,0.0,8
12314,12314_20260806,12.125,8.0,37.0,-4.0,8
12314,12314_20260807,16.125,12.5,36.0,2.0,8
12314,12314_20260808,11.75,8.5,31.0,-5.0,8
12314,12314_20260809,9.625,4.0,32.0,1.0,8
12314,12314_20260810,12.125,8.0,37.0,-6.0,8
12314,12314_20260811,8.25,3.5,26.0,-2.0,8
12314,12314_20260812,8.875,1.5,28.0,0.0,8
12314,12314_20260813,9.875,7.5,22.0,1.0,8
12314,12314_20260814,9.5,5.0,28.0,-5.0,8
12314,12314_20260815,13.125,11.5,39.0,-4.0,8
12314,12314_20260816,14.25,10.5,33.0,0.0,8
12314,12314_20260817,74.875,82.0,106.0,0.0,8
12314,12314_20260818,11.25,6.0,30.0,1.0,8
12314,12314_20260819,17.5,19.0,36.0,0.0,8
12314,12314_20260820,13.75,14.5,25.0,0.0,8
12314,12314_20260821,40.625,42.5,61.0,1.0,8
12314,12314_20260822,40.5,48.0,63.0,1.0,8
12314,12314_20260823,16.75,11.5,42.0,1.0,8
12314,12314_20260824,10.875,10.5,25.0,0.0,8
12314,12314_20260825,10.75,7.0,32.0,1.0,8
12314,12314_20260826,8.25,8.0,23.0,-8.0,8
12314,12314_20260827,10.625,15.0,25.0,-7.0,8
12314,12314_20260828,12.0,11.5,31.0,0.0,8
12314,12314_20260829,36.125,39.5,59.0,1.0,8
12314,12314_20260830,8.625,8.0,27.0,-8.0,8
12314,12314_20260831,8.5,6.0,22.0,0.0,8
12314,12314_20260901,21.25,14.5,53.0,0.0,8
12314,12314_20260902,14.125,12.0,39.0,1.0,8
12314,12314_20260903,5.625,3.5,22.0,-11.0,8
12314,12314_20260904,8.25,3.0,29.0,-4.0,8
12428,12428_20250906,16.214285714285715,20.0,34.0,0.0,14
12428,12428_20250907,10.0,6.0,25.0,-7.0,14
12428,12428_20250908,12.142857142857142,8.0,38.0,-16.0,14
12428,12428_20250909,9.714285714285714,7.5,26.0,-18.0,14
12428,12428_20250910,8.785714285714286,8.0,22.0,-2.0,14
12428,12428_20250911,15.357142857142858,8.0,40.0,-19.0,14
12428,12428_20250912,12.071428571428571,12.0,39.0,-16.0,14
12428,12428_20250913,6.642857142857143,4.0,27.0,-18.0,14
12428,12428_20250914,3.857142857142857,4.5,14.0,-19.0,14
12428,12428_20250915,10.0,9.0,33.0,0.0,14
12428,12428_20250916,13.428571428571429,9.5,37.0,-12.0,14
12428,12428_20250917,35.214285714285715,38.5,67.0,-4.0,14
12428,12428_20250918,189.42857142857142,193.0,226.0,145.0,14
12428,12428_20250919,7.071428571428571,6.0,20.0,-12.0,14
12428,12428_20250920,8.142857142857142,8.5,21.0,-13.0,14
12428,12428_20250921,10.785714285714286,9.5,40.0,-18.0,14
12428,12428_20250922,9.428571428571429,5.0,35.0,-11.0,14
12428,12428_20250923,86.85714285714286,90.0,114.0,21.0,14
12428,12428_20250924,13.428571428571429,14.0,33.0,-19.0,14
12428,12428_20250925,8.428571428571429,6.5,25.0,0.0,14
12428,12428_20250926,22.142857142857142,20.5,50.0,-3.0,14
12428,12428_20250927,26.428571428571427,30.0,62.0,-7.0,14
12428,12428_20250928,12.571428571428571,10.5,37.0,-11.0,14
12428,12428_20250929,19.071428571428573,20.0,39.0,0.0,14
12428,12428_20250930,156.85714285714286,165.5,195.0,36.0,14
12428,12428_20251001,15.785714285714286,13.5,47.0,-18.0,14
12428,12428_20251002,28.642857142857142,31.0,55.0,0.0,14
12428,12428_20251003,25.5,25.5,69.0,-14.0,14
12428,12428_20251004,14.714285714285714,10.0,53.0,-17.0,14
12428,12428_20251005,18.0,11.5,63.0,-18.0,14
12428,12428_20251006,31.071428571428573,33.5,67.0,-9.0,14
12428,12428_20251007,59.42857142857143,65.0,101.0,0.0,14
12428,12428_20251008,128.28571428571428,128.5,172.0,81.0,14
12428,12428_20251009,32.57142857142857,30.5,70.0,0.0,14
12428,12428_20251010,36.285714285714285,35.0,71.0,0.0,14
12428,12428_20251011,31.428571428571427,29.0,75.0,0.0,14
12428,12428_20251012,191.85714285714286,203.0,229.0,109.0,14
12428,12428_20251013,26.571428571428573,26.0,58.0,-7.0,14
12428,12428_20251014,222.14285714285714,279.5,311.0,0.0,14
12428,12428_20251015,13.642857142857142,14.0,46.0,-17.0,14
12428,12428_20251016,17.357142857142858,14.0,53.0,-13.0,14
12428,12428_20251017,39.714285714285715,39.5,90.0,-1.0,14
12428,12428_20251018,29.642857142857142,29.0,74.0,-5.0,14
12428,12428_20251019,32.714285714285715,35.0,70.0,0.0,14
12428,12428_20251020,20.714285714285715,24.0,49.0,-9.0,14
12428,12428_20251021,29.214285714285715,34.0,52.0,0.0,14
12428,12428_20251022,24.928571428571427,24.0,63.0,-22.0,14
12428,12428_20251023,29.071428571428573,27.0,76.0,-10.0,14
12428,12428_20251024,116.21428571428571,124.0,171.0,12.0,14
12428,12428_20251025,20.428571428571427,21.5,34.0,0.0,14
12428,12428_20251026,16.928571428571427,20.0,36.0,-10.0,14
12428,12428_20251027,17.857142857142858,17.5,51.0,-15.0,14
12428,12428_20251028,32.0,35.5,68.0,-2.0,14
12428,12428_20251029,101.42857142857143,110.0,133.0,20.0,14
12428,12428_20251030,21.714285714285715,23.0,54.0,-11.0,14
12428,12428_20251031,23.642857142857142,22.5,63.0,-6.0,14
12428,12428_20251101,18.642857142857142,22.0,48.0,-13.0,14
12428,12428_20251102,26.928571428571427,26.0,68.0,-9.0,14
12428,12428_20251103,62.0,48.0,139.0,0.0,14
12428,12428_20251104,27.357142857142858,26.0,62.0,-3.0,14
12428,12428_20251105,55.42857142857143,55.5,74.0,22.0,14
12428,12428_20251106,32.214285714285715,27.5,75.0,-5.0,14
12428,12428_20251107,27.214285714285715,30.0,49.0,2.0,14
12428,12428_20251108,12.857142857142858,9.0,36.0,-2.0,14
12428,12428_20251109,17.785714285714285,12.0,40.0,0.0,14
12428,12428_20251110,18.428571428571427,18.5,50.0,-5.0,14
12428,12428_20251111,78.21428571428571,95.5,131.0,3.0,14
12428,12428_20251112,68.35714285714286,84.0,106.0,0.0,14
12428,12428_20251113,63.714285714285715,48.0,124.0,1.0,14
12428,12428_20251114,25.428571428571427,24.0,53.0,1.0,14
12428,12428_20251115,20.214285714285715,16.0,43.0,0.0,14
12428,12428_20251116,17.857142857142858,14.5,50.0,-12.0,14
12428,12428_20251117,17.642857142857142,17.5,45.0,-5.0,14
12428,12428_20251118,133.5,139.5,162.0,53.0,14
12428,12428_20251119,25.642857142857142,24.5,61.0,-7.0,14
12428,12428_20251120,87.07142857142857,92.0,116.0,53.0,14
12428,12428_20251121,121.0,134.5,152.0,34.0,14
12428,12428_20251122,13.928571428571429,12.5,37.0,0.0,14
12428,12428_20251123,24.357142857142858,26.0,47.0,0.0,14
12428,12428_20251124,17.142857142857142,13.0,42.0,-6.0,14
12428,12428_20251125,28.142857142857142,22.0,75.0,0.0,14
12428,12428_20251126,12.857142857142858,9.5,39.0,-8.0,14
12428,12428_20251127,16.214285714285715,18.0,37.0,-4.0,14
12428,12428_20251128,12.571428571428571,11.0,26.0,0.0,14
12428,12428_20251129,16.714285714285715,18.5,41.0,-14.0,14
12428,12428_20251130,9.142857142857142,9.0,30.0,-15.0,14
12428,12428_20251201,15.571428571428571,13.5,36.0,1.0,14
12428,12428_20251202,17.285714285714285,19.5,35.0,0.0,14
12428,12428_20251203,8.0,6.5,22.0,-7.0,14
12428,12428_20251204,8.714285714285714,8.5,23.0,-8.0,14
12428,12428_20251205,10.357142857142858,9.5,26.0,-4.0,14
12428,12428_20251206,5.5,3.0,22.0,-4.0,14
12428,12428_20251207,16.857142857142858,16.5,68.0,-19.0,14
12428,12428_20251208,10.0,13.5,33.0,-26.0,14
12428,12428_20251209,29.357142857142858,25.5,69.0,0.0,14
12428,12428_20251210,6.285714285714286,6.0,21.0,-9.0,14
12428,12428_20251211,19.071428571428573,18.0,41.0,0.0,14
12428,12428_20251212,78.85714285714286,97.5,136.0,0.0,14
12428,12428_20251213,76.14285714285714,94.0,119.0,1.0,14
12428,12428_20251214,251.21428571428572,306.0,334.0,1.0,14
12428,12428_20251215,489.14285714285717,594.5,630.0,2.0,14
12428,12428_20251216,23.071428571428573,24.5,53.0,0.0,14
12428,12428_20251217,192.64285714285714,234.0,267.0,0.0,14
12428,12428_20251218,187.21428571428572,217.5,256.0,0.0,14
12428,12428_20251219,367.64285714285717,447.0,494.0,0.0,14
12428,12428_20251220,220.5,283.0,305.0,0.0,14
12428,12428_20251221,434.5,516.0,545.0,53.0,14
12428,12428_20251222,334.35714285714283,415.5,458.0,0.0,14
12428,12428_20251223,397.7857142857143,439.5,490.0,224.0,14
12428,12428_20251224,416.2142857142857,489.5,517.0,147.0,14
12428,12428_20251225,555.6428571428571,655.0,693.0,125.0,14
12428,12428_20251226,539.7142857142857,613.5,664.0,176.0,14
12428,12428_20251227,590.2142857142857,637.5,687.0,304.0,14
12428,12428_20251228,253.5,275.0,433.0,2.0,14
12428,12428_20251229,346.07142857142856,410.5,473.0,0.0,14
12428,12428_20251230,361.07142857142856,440.0,469.0,0.0,14
12428,12428_20251231,301.57142857142856,393.5,428.0,4.0,14
12428,12428_20260101,251.64285714285714,326.5,371.0,0.0,14
12428,12428_20260102,94.42857142857143,118.0,141.0,0.0,14
12428,12428_20260103,121.92857142857143,143.5,206.0,0.0,14
12428,12428_20260104,21.428571428571427,21.0,60.0,-17.0,14
12428,12428_20260105,259.5,347.0,370.0,0.0,14
12428,12428_20260106,207.28571428571428,245.5,273.0,0.0,14
12428,12428_20260107,345.7142857142857,420.5,473.0,3.0,14
12428,12428_20260108,254.92857142857142,311.5,372.0,1.0,14
12428,12428_20260109,291.2142857142857,333.0,375.0,102.0,14
12428,12428_20260110,20.5,20.5,40.0,1.0,14
12428,12428_20260111,8.571428571428571,8.0,35.0,-15.0,14
12428,12428_20260112,10.714285714285714,6.0,37.0,-19.0,14
12428,12428_20260113,23.785714285714285,15.5,67.0,-16.0,14
12428,12428_20260114,41.42857142857143,48.5,67.0,0.0,14
12428,12428_20260115,28.214285714285715,25.0,75.0,-13.0,14
12428,12428_20260116,279.35714285714283,348.0,372.0,2.0,14
12428,12428_20260117,196.07142857142858,237.0,274.0,0.0,14
12428,12428_20260118,31.357142857142858,33.5,54.0,0.0,14
12428,12428_20260119,24.0,29.5,43.0,-5.0,14
12428,12428_20260120,11.642857142857142,7.0,35.0,-22.0,14
12428,12428_20260121,41.642857142857146,44.0,90.0,0.0,14
12428,12428_20260122,20.285714285714285,16.0,57.0,0.0,14
12428,12428_20260123,2.142857142857143,3.0,11.0,-25.0,14
12428,12428_20260124,15.357142857142858,11.0,40.0,-23.0,14
12428,12428_20260125,91.07142857142857,85.0,136.0,50.0,14
12428,12428_20260126,12.214285714285714,8.0,49.0,-25.0,14
12428,12428_20260127,10.857142857142858,7.0,28.0,1.0,14
12428,12428_20260128,243.0,292.0,340.0,4.0,14
12428,12428_20260129,183.64285714285714,229.0,260.0,0.0,14
12428,12428_20260130,287.0,370.5,396.0,0.0,14
12428,12428_20260131,153.35714285714286,185.0,233.0,2.0,14
12428,12428_20260201,11.714285714285714,9.0,31.0,-12.0,14
12428,12428_20260202,317.57142857142856,385.5,405.0,1.0,14
12428,12428_20260203,336.35714285714283,403.5,439.0,5.0,14
12428,12428_20260204,90.07142857142857,106.5,140.0,1.0,14
12428,12428_20260205,2.857142857142857,1.0,13.0,-16.0,14
12428,12428_20260206,7.214285714285714,7.0,22.0,-7.0,14
12428,12428_20260207,5.5,7.0,20.0,-13.0,14
12428,12428_20260208,10.785714285714286,5.0,35.0,-14.0,14
12428,12428_20260209,12.928571428571429,9.0,39.0,-13.0,14
12428,12428_20260210,3.7857142857142856,3.5,18.0,-19.0,14
12428,12428_20260211,7.142857142857143,8.5,19.0,-15.0,14
12428,12428_20260212,3.857142857142857,4.5,10.0,-13.0,14
12428,12428_20260213,8.071428571428571,4.0,25.0,-9.0,14
12428,12428_20260214,7.357142857142857,4.0,26.0,-15.0,14
12428,12428_20260215,4.428571428571429,5.0,16.0,-22.0,14
12428,12428_20260216,4.071428571428571,3.5,13.0,-4.0,14
12428,12428_20260217,48.285714285714285,48.5,92.0,0.0,14
12428,12428_20260218,14.571428571428571,14.5,35.0,-10.0,14
12428,12428_20260219,26.928571428571427,26.5,54.0,0.0,14
12428,12428_20260220,13.785714285714286,16.0,31.0,-5.0,14
12428,12428_20260221,18.428571428571427,16.5,38.0,0.0,14
12428,12428_20260222,11.428571428571429,9.0,28.0,-2.0,14
12428,12428_20260223,10.071428571428571,4.0,33.0,-24.0,14
12428,12428_20260224,11.642857142857142,12.5,34.0,-13.0,14
12428,12428_20260225,7.214285714285714,6.5,19.0,-5.0,14
12428,12428_20260226,9.214285714285714,6.5,33.0,-18.0,14
12428,12428_20260227,12.642857142857142,10.0,37.0,-5.0,14
12428,12428_20260228,25.857142857142858,23.0,65.0,0.0,14
12428,12428_20260301,21.928571428571427,16.5,60.0,0.0,14
12428,12428_20260302,56.57142857142857,61.0,84.0,0.0,14
12428,12428_20260303,8.5,9.5,23.0,-16.0,14
12428,12428_20260304,4.0,3.0,15.0,-16.0,14
12428,12428_20260305,3.0,2.0,17.0,-24.0,14
12428,12428_20260306,6.857142857142857,2.0,28.0,-24.0,14
12428,12428_20260307,6.142857142857143,6.0,16.0,-11.0,14
12428,12428_20260308,12.5,10.5,32.0,-8.0,14
12428,12428_20260309,33.92857142857143,38.0,58.0,1.0,14
12428,12428_20260310,64.42857142857143,74.5,127.0,0.0,14
12428,12428_20260311,5.071428571428571,3.0,13.0,-4.0,14
12428,12428_20260312,4.357142857142857,5.5,14.0,-8.0,14
12428,12428_20260313,2.7857142857142856,4.0,15.0,-18.0,14
12428,12428_20260314,9.285714285714286,8.0,22.0,0.0,14
12428,12428_20260315,13.214285714285714,11.5,27.0,0.0,14
12428,12428_20260316,15.071428571428571,12.5,42.0,-11.0,14
12428,12428_20260317,18.428571428571427,14.0,53.0,-17.0,14
12428,12428_20260318,22.0,24.5,45.0,-2.0,14
12428,12428_20260319,20.571428571428573,18.5,54.0,0.0,14
12428,12428_20260320,22.571428571428573,17.5,51.0,1.0,14
12428,12428_20260321,15.428571428571429,14.0,33.0,0.0,14
12428,12428_20260322,21.5,15.0,50.0,1.0,14
12428,12428_20260323,15.928571428571429,13.0,40.0,-5.0,14
12428,12428_20260324,19.071428571428573,19.0,36.0,0.0,14
12428,12428_20260325,12.928571428571429,13.0,27.0,-10.0,14
12428,12428_20260326,9.357142857142858,11.5,22.0,-8.0,14
12428,12428_20260327,7.571428571428571,9.0,21.0,-13.0,14
12428,12428_20260328,22.214285714285715,21.5,48.0,-14.0,14
12428,12428_20260329,7.285714285714286,4.0,31.0,-19.0,14
12428,12428_20260330,102.14285714285714,101.5,140.0,62.0,14
12428,12428_20260331,17.285714285714285,13.0,48.0,0.0,14
12428,12428_20260401,17.285714285714285,14.5,64.0,-4.0,14
12428,12428_20260402,8.0,8.0,18.0,-3.0,14
12428,12428_20260403,6.571428571428571,10.0,19.0,-17.0,14
12428,12428_20260404,7.214285714285714,7.5,20.0,-7.0,14
12428,12428_20260405,7.285714285714286,9.5,23.0,-15.0,14
12428,12428_20260406,3.4285714285714284,4.5,11.0,-5.0,14
12428,12428_20260407,13.642857142857142,12.5,29.0,0.0,14
12428,12428_20260408,6.357142857142857,7.0,21.0,-19.0,14
12428,12428_20260409,7.0,5.0,23.0,-12.0,14
12428,12428_20260410,7.285714285714286,4.5,20.0,-4.0,14
12428,12428_20260411,5.0,3.0,24.0,-7.0,14
12428,12428_20260412,12.357142857142858,12.0,37.0,-21.0,14
12428,12428_20260413,32.07142857142857,35.5,67.0,0.0,14
12428,12428_20260414,18.214285714285715,13.0,55.0,-9.0,14
12428,12428_20260415,57.857142857142854,61.0,81.0,4.0,14
12428,12428_20260416,8.642857142857142,9.0,21.0,-15.0,14
12428,12428_20260417,8.071428571428571,7.0,24.0,-25.0,14
12428,12428_20260418,11.0,8.5,26.0,-11.0,14
12428,12428_20260419,4.071428571428571,4.0,18.0,-24.0,14
12428,12428_20260420,14.142857142857142,11.5,34.0,-16.0,14
12428,12428_20260421,95.07142857142857,105.0,133.0,0.0,14
12428,12428_20260422,9.5,11.0,22.0,-11.0,14
12428,12428_20260423,10.5,11.0,23.0,0.0,14
12428,12428_20260424,15.857142857142858,13.5,36.0,-11.0,14
12428,12428_20260425,26.857142857142858,24.5,66.0,0.0,14
12428,12428_20260426,5.5,5.0,23.0,-22.0,14
12428,12428_20260427,9.428571428571429,5.5,33.0,-1.0,14
12428,12428_20260428,8.5,9.0,20.0,-10.0,14
12428,12428_20260429,17.214285714285715,21.0,28.0,0.0,14
12428,12428_20260430,26.357142857142858,23.5,73.0,0.0,14
12428,12428_20260501,8.214285714285714,9.0,19.0,-8.0,14
12428,12428_20260502,5.428571428571429,8.5,13.0,-15.0,14
12428,12428_20260503,11.642857142857142,7.0,40.0,-19.0,14
12428,12428_20260504,6.357142857142857,8.0,17.0,-16.0,14
12428,12428_20260505,8.214285714285714,12.0,20.0,-17.0,14
12428,12428_20260506,10.0,7.5,24.0,-3.0,14
12428,12428_20260507,9.785714285714286,11.0,25.0,-12.0,14
12428,12428_20260508,19.785714285714285,12.5,57.0,-18.0,14
12428,12428_20260509,4.928571428571429,2.5,20.0,-14.0,14
12428,12428_20260510,9.214285714285714,5.0,30.0,-24.0,14
12428,12428_20260511,13.714285714285714,15.0,34.0,-24.0,14
12428,12428_20260512,15.0,18.0,31.0,-14.0,14
12428,12428_20260513,15.071428571428571,15.0,38.0,-4.0,14
12428,12428_20260514,2.7142857142857144,2.5,12.0,-17.0,14
12428,12428_20260515,8.357142857142858,6.0,27.0,-14.0,14
12428,12428_20260516,11.785714285714286,13.0,30.0,-20.0,14
12428,12428_20260517,148.57142857142858,113.0,473.0,0.0,14
12428,12428_20260518,23.071428571428573,15.5,77.0,0.0,14
12428,12428_20260519,18.714285714285715,15.5,50.0,-11.0,14
12428,12428_20260520,89.92857142857143,87.0,113.0,69.0,14
12428,12428_20260521,20.928571428571427,19.5,55.0,-10.0,14
12428,12428_20260522,5.571428571428571,2.5,23.0,-19.0,14
12428,12428_20260523,3.2857142857142856,2.0,21.0,-9.0,14
12428,12428_20260524,16.642857142857142,16.0,41.0,-12.0,14
12428,12428_20260525,6.714285714285714,4.5,20.0,-22.0,14
12428,12428_20260526,20.071428571428573,20.5,39.0,-8.0,14
12428,12428_20260527,22.5,25.5,46.0,0.0,14
12428,12428_20260528,22.0,23.0,48.0,-14.0,14
12428,12428_20260529,15.142857142857142,12.5,40.0,0.0,14
12428,12428_20260530,11.285714285714286,11.5,32.0,-10.0,14
12428,12428_20260531,31.857142857142858,21.0,71.0,0.0,14
12428,12428_20260601,13.357142857142858,21.5,30.0,-26.0,14
12428,12428_20260602,20.571428571428573,20.5,41.0,-3.0,14
12428,12428_20260603,11.071428571428571,9.5,31.0,-19.0,14
12428,12428_20260604,14.785714285714286,16.5,36.0,-15.0,14
12428,12428_20260605,14.071428571428571,8.5,43.0,-13.0,14
12428,12428_20260606,7.357142857142857,4.0,29.0,-1.0,14
12428,12428_20260607,18.071428571428573,11.5,50.0,-15.0,14
12428,12428_20260608,15.571428571428571,9.0,47.0,-13.0,14
12428,12428_20260609,23.214285714285715,22.0,40.0,2.0,14
12428,12428_20260610,150.28571428571428,164.0,173.0,74.0,14
12428,12428_20260611,16.571428571428573,9.5,39.0,-8.0,14
12428,12428_20260612,61.357142857142854,65.5,81.0,2.0,14
12428,12428_20260613,11.571428571428571,12.0,24.0,-14.0,14
12428,12428_20260614,223.57142857142858,229.5,245.0,192.0,14
12428,12428_20260615,72.42857142857143,70.5,94.0,41.0,14
12428,12428_20260616,24.0,23.0,50.0,0.0,14
12428,12428_20260617,10.642857142857142,8.5,29.0,-12.0,14
12428,12428_20260618,4.642857142857143,4.5,15.0,-11.0,14
12428,12428_20260619,6.928571428571429,4.0,24.0,0.0,14
12428,12428_20260620,6.0,8.5,15.0,-17.0,14
12428,12428_20260621,5.785714285714286,7.0,19.0,-22.0,14
12428,12428_20260622,9.928571428571429,11.5,38.0,-18.0,14
12428,12428_20260623,8.5,8.0,25.0,-10.0,14
12428,12428_20260624,7.571428571428571,7.5,20.0,-9.0,14
12428,12428_20260625,12.571428571428571,8.0,38.0,-15.0,14
12428,12428_20260626,20.857142857142858,14.0,55.0,-8.0,14
12428,12428_20260627,4.714285714285714,4.0,24.0,-19.0,14
12428,12428_20260628,39.785714285714285,38.5,88.0,0.0,14
12428,12428_20260629,5.928571428571429,6.5,17.0,-14.0,14
12428,12428_20260630,16.357142857142858,19.5,42.0,-16.0,14
12428,12428_20260701,11.214285714285714,6.5,38.0,-15.0,14
12428,12428_20260702,2.7142857142857144,2.5,16.0,-10.0,14
12428,12428_20260703,9.714285714285714,6.0,33.0,-21.0,14
12428,12428_20260704,9.071428571428571,9.0,23.0,-5.0,14
12428,12428_20260705,18.285714285714285,16.5,48.0,-3.0,14
12428,12428_20260706,19.0,16.5,41.0,1.0,14
12428,12428_20260707,10.0,6.0,35.0,-10.0,14
12428,12428_20260708,86.42857142857143,98.5,112.0,19.0,14
12428,12428_20260709,181.42857142857142,192.5,212.0,96.0,14
12428,12428_20260710,20.285714285714285,13.5,54.0,-15.0,14
12428,12428_20260711,13.071428571428571,12.0,43.0,-14.0,14
12428,12428_20260712,23.642857142857142,16.0,65.0,-18.0,14
12428,12428_20260713,2.7857142857142856,3.0,16.0,-25.0,14
12428,12428_20260714,9.642857142857142,10.5,30.0,-23.0,14
12428,12428_20260715,14.0,14.0,35.0,-22.0,14
12428,12428_20260716,8.428571428571429,6.0,27.0,-12.0,14
12428,12428_20260717,4.642857142857143,4.5,13.0,-8.0,14
12428,12428_20260718,8.857142857142858,4.0,28.0,-14.0,14
12428,12428_20260719,24.642857142857142,15.0,64.0,-7.0,14
12428,12428_20260720,11.928571428571429,13.0,22.0,-3.0,14
12428,12428_20260721,74.21428571428571,75.5,106.0,31.0,14
12428,12428_20260722,12.714285714285714,8.5,36.0,-18.0,14
12428,12428_20260723,14.857142857142858,9.0,41.0,-6.0,14
12428,12428_20260724,17.5,16.5,46.0,-1.0,14
12428,12428_20260725,13.785714285714286,12.5,34.0,-19.0,14
12428,12428_20260726,7.214285714285714,8.0,21.0,-20.0,14
12428,12428_20260727,13.214285714285714,8.0,35.0,-9.0,14
12428,12428_20260728,89.14285714285714,89.0,126.0,48.0,14
12428,12428_20260729,10.642857142857142,7.5,31.0,-16.0,14
12428,12428_20260730,12.857142857142858,14.0,39.0,-17.0,14
12428,12428_20260731,12.285714285714286,9.0,36.0,-22.0,14
12428,12428_20260801,17.142857142857142,15.5,36.0,-5.0,14
12428,12428_20260802,13.071428571428571,11.0,32.0,-11.0,14
12428,12428_20260803,21.785714285714285,18.0,44.0,1.0,14
12428,12428_20260804,24.428571428571427,25.5,48.0,1.0,14
12428,12428_20260805,14.214285714285714,16.5,34.0,-9.0,14
12428,12428_20260806,3.2142857142857144,4.0,12.0,-18.0,14
12428,12428_20260807,21.642857142857142,27.0,39.0,-9.0,14
12428,12428_20260808,20.5,25.5,57.0,-25.0,14
12428,12428_20260809,139.42857142857142,153.0,175.0,0.0,14
12428,12428_20260810,6.142857142857143,5.5,20.0,-14.0,14
12428,12428_20260811,70.42857142857143,38.5,199.0,1.0,14
12428,12428_20260812,10.714285714285714,6.0,33.0,-21.0,14
12428,12428_20260813,8.285714285714286,4.5,26.0,-13.0,14
12428,12428_20260814,26.0,23.5,56.0,0.0,14
12428,12428_20260815,18.071428571428573,20.5,35.0,0.0,14
12428,12428_20260816,20.428571428571427,17.0,52.0,-7.0,14
12428,12428_20260817,10.928571428571429,9.5,35.0,-18.0,14
12428,12428_20260818,21.428571428571427,24.5,43.0,-12.0,14
12428,12428_20260819,11.571428571428571,4.5,28.0,0.0,14
12428,12428_20260820,10.0,8.0,29.0,-21.0,14
12428,12428_20260821,30.928571428571427,26.5,63.0,0.0,14
12428,12428_20260822,18.0,24.5,49.0,-15.0,14
12428,12428_20260823,10.285714285714286,5.0,36.0,-24.0,14
12428,12428_20260824,15.928571428571429,10.5,39.0,-7.0,14
12428,12428_20260825,18.428571428571427,16.5,51.0,-8.0,14
12428,12428_20260826,17.928571428571427,11.5,47.0,-21.0,14
12428,12428_20260827,18.571428571428573,13.0,48.0,-12.0,14
12428,12428_20260828,62.214285714285715,25.5,210.0,0.0,14
12428,12428_20260829,10.785714285714286,11.5,22.0,-4.0,14
12428,12428_20260830,21.142857142857142,17.0,50.0,0.0,14
12428,12428_20260831,22.142857142857142,23.0,47.0,0.0,14
12428,12428_20260901,14.0,14.5,29.0,-4.0,14
12428,12428_20260902,6.5,7.5,18.0,-13.0,14
12428,12428_20260903,17.071428571428573,7.5,56.0,-22.0,14
12428,12428_20260904,8.285714285714286,6.0,24.0,-9.0,14
12428,12428_20260905,15.642857142857142,18.5,31.0,-5.0,14
12628,12628_20250906,9.705882352941176,9.0,49.0,-26.0,34
12628,12628_20250907,13.352941176470589,10.5,47.0,-18.0,34
12628,12628_20250908,15.176470588235293,12.0,53.0,-4.0,34
12628,12628_20250909,11.852941176470589,10.0,49.0,-28.0,34
12628,12628_20250910,58.44117647058823,57.0,148.0,0.0,34
12628,12628_20250911,15.117647058823529,13.0,45.0,-31.0,34
12628,12628_20250912,14.323529411764707,7.5,58.0,-21.0,34
12628,12628_20250913,12.852941176470589,10.5,54.0,-22.0,34
12628,12628_20250914,74.20588235294117,61.5,178.0,0.0,34
12628,12628_20250915,18.294117647058822,12.5,54.0,-24.0,34
12628,12628_20250916,402.7352941176471,459.0,520.0,3.0,34
12628,12628_20250917,18.235294117647058,11.5,54.0,0.0,34
12628,12628_20250918,43.55882352941177,45.0,111.0,-17.0,34
12628,12628_20250919,15.411764705882353,12.0,45.0,-28.0,34
12628,12628_20250920,48.73529411764706,44.0,124.0,0.0,34
12628,12628_20250921,28.0,16.5,95.0,-26.0,34
12628,12628_20250922,45.85294117647059,34.0,135.0,0.0,34
12628,12628_20250923,236.7941176470588,291.0,478.0,0.0,34
12628,12628_20250924,18.41176470588235,14.5,62.0,-31.0,34
12628,12628_20250925,425.88235294117646,474.0,524.0,224.0,34
12628,12628_20250926,28.852941176470587,24.0,73.0,0.0,34
12628,12628_20250927,17.470588235294116,11.0,68.0,-16.0,34
12628,12628_20250928,34.61764705882353,24.5,109.0,-40.0,34
12628,12628_20250929,66.76470588235294,65.5,158.0,0.0,34
12628,12628_20250930,63.23529411764706,60.5,141.0,0.0,34
12628,12628_20251001,36.029411764705884,38.0,96.0,-1.0,34
12628,12628_20251002,19.11764705882353,10.0,55.0,-30.0,34
12628,12628_20251003,76.70588235294117,77.0,146.0,0.0,34
12628,12628_20251004,26.705882352941178,28.0,65.0,-11.0,34
12628,12628_20251005,48.294117647058826,54.5,115.0,0.0,34
12628,12628_20251006,14.058823529411764,11.5,55.0,-20.0,34
12628,12628_20251007,15.411764705882353,10.5,59.0,-20.0,34
12628,12628_20251008,43.44117647058823,44.0,85.0,0.0,34
12628,12628_20251009,14.382352941176471,12.5,66.0,-24.0,34
12628,12628_20251010,13.323529411764707,13.0,51.0,-4.0,34
12628,12628_20251011,12.823529411764707,9.5,40.0,-11.0,34
12628,12628_20251012,59.911764705882355,59.0,138.0,0.0,34
12628,12628_20251013,9.882352941176471,9.0,52.0,-27.0,34
12628,12628_20251014,24.735294117647058,20.0,65.0,-25.0,34
12628,12628_20251015,13.705882352941176,12.0,45.0,-10.0,34
12628,12628_20251016,26.705882352941178,28.5,64.0,-12.0,34
12628,12628_20251017,38.05882352941177,38.5,95.0,-4.0,34
12628,12628_20251018,18.61764705882353,14.5,64.0,-3.0,34
12628,12628_20251019,10.529411764705882,6.5,43.0,-9.0,34
12628,12628_20251020,7.705882352941177,4.5,41.0,-2.0,34
12628,12628_20251021,582.0588235294117,609.5,674.0,0.0,34
12628,12628_20251022,232.47058823529412,243.0,293.0,118.0,34
12628,12628_20251023,14.852941176470589,13.0,52.0,0.0,34
12628,12628_20251024,14.970588235294118,15.0,48.0,-20.0,34
12628,12628_20251025,14.970588235294118,14.5,43.0,-9.0,34
12628,12628_20251026,25.61764705882353,26.5,71.0,-7.0,34
12628,12628_20251027,16.147058823529413,12.0,59.0,-40.0,34
12628,12628_20251028,89.38235294117646,103.5,180.0,0.0,34
12628,12628_20251029,16.970588235294116,16.0,46.0,1.0,34
12628,12628_20251030,19.823529411764707,16.5,52.0,-12.0,34
12628,12628_20251031,14.323529411764707,15.0,37.0,-20.0,34
12628,12628_20251101,18.323529411764707,14.5,67.0,0.0,34
12628,12628_20251102,11.117647058823529,8.0,33.0,-11.0,34
12628,12628_20251103,22.88235294117647,19.0,71.0,0.0,34
12628,12628_20251104,21.852941176470587,22.5,57.0,-24.0,34
12628,12628_20251105,16.147058823529413,14.0,50.0,-23.0,34
12628,12628_20251106,15.323529411764707,13.5,47.0,-19.0,34
12628,12628_20251107,15.441176470588236,13.0,40.0,-1.0,34
12628,12628_20251108,21.147058823529413,22.0,73.0,0.0,34
12628,12628_20251109,12.176470588235293,13.0,41.0,-16.0,34
12628,12628_20251110,17.11764705882353,16.0,64.0,-24.0,34
12628,12628_20251111,17.029411764705884,16.0,47.0,-6.0,34
12628,12628_20251112,19.58823529411765,14.0,73.0,0.0,34
12628,12628_20251113,17.470588235294116,13.5,64.0,-14.0,34
12628,12628_20251114,11.941176470588236,7.5,54.0,-38.0,34
12628,12628_20251115,51.88235294117647,49.0,124.0,-9.0,34
12628,12628_20251116,56.14705882352941,64.5,97.0,0.0,34
12628,12628_20251117,53.64705882352941,50.5,131.0,-29.0,34
12628,12628_20251118,18.823529411764707,18.0,47.0,0.0,34
12628,12628_20251119,60.1764705882353,54.0,136.0,0.0,34
12628,12628_20251120,20.058823529411764,15.5,68.0,-10.0,34
12628,12628_20251121,20.11764705882353,19.0,50.0,0.0,34
12628,12628_20251122,16.58823529411765,15.0,49.0,-7.0,34
12628,12628_20251123,20.147058823529413,18.0,66.0,-3.0,34
12628,12628_20251124,15.088235294117647,15.0,45.0,-26.0,34
12628,12628_20251125,41.55882352941177,38.0,96.0,1.0,34
12628,12628_20251126,171.97058823529412,254.5,345.0,0.0,34
12628,12628_20251127,19.029411764705884,13.5,55.0,-7.0,34
12628,12628_20251128,184.5,190.0,253.0,94.0,34
12628,12628_20251129,14.764705882352942,15.0,50.0,-23.0,34
12628,12628_20251130,13.0,13.5,38.0,-7.0,34
12628,12628_20251201,27.264705882352942,28.5,88.0,-22.0,34
12628,12628_20251202,20.0,22.0,64.0,-21.0,34
12628,12628_20251203,44.029411764705884,44.5,86.0,0.0,34
12628,12628_20251204,18.352941176470587,19.5,60.0,-35.0,34
12628,12628_20251205,19.941176470588236,20.5,54.0,-36.0,34
12628,12628_20251206,36.294117647058826,40.0,82.0,3.0,34
12628,12628_20251207,35.1764705882353,30.5,92.0,-2.0,34
12628,12628_20251208,35.3235294117647,35.0,96.0,1.0,34
12628,12628_20251209,68.88235294117646,76.5,137.0,3.0,34
12628,12628_20251210,110.05882352941177,134.5,182.0,1.0,34
12628,12628_20251211,93.97058823529412,111.5,166.0,0.0,34
12628,12628_20251212,21.147058823529413,22.0,50.0,-31.0,34
12628,12628_20251213,29.11764705882353,29.5,82.0,-21.0,34
12628,12628_20251214,126.8529411764706,144.0,186.0,0.0,34
12628,12628_20251215,31.0,32.5,68.0,-28.0,34
12628,12628_20251216,95.32352941176471,119.5,159.0,1.0,34
12628,12628_20251217,70.08823529411765,68.5,146.0,1.0,34
12628,12628_20251218,343.52941176470586,376.0,443.0,6.0,34
12628,12628_20251219,141.97058823529412,151.5,193.0,10.0,34
12628,12628_20251220,435.55882352941177,465.5,507.0,119.0,34
12628,12628_20251221,319.3235294117647,379.5,416.0,5.0,34
12628,12628_20251222,203.23529411764707,218.0,274.0,0.0,34
12628,12628_20251223,125.08823529411765,124.5,159.0,81.0,34
12628,12628_20251224,15.529411764705882,14.0,41.0,-14.0,34
12628,12628_20251225,30.11764705882353,35.5,69.0,-34.0,34
12628,12628_20251226,28.91176470588235,26.5,68.0,0.0,34
12628,12628_20251227,15.823529411764707,14.0,51.0,-8.0,34
12628,12628_20251228,347.8529411764706,371.0,437.0,10.0,34
12628,12628_20251229,257.4117647058824,283.5,339.0,6.0,34
12628,12628_20251230,124.55882352941177,138.0,174.0,15.0,34
12628,12628_20251231,93.94117647058823,95.5,162.0,2.0,34
12628,12628_20260101,124.11764705882354,136.5,169.0,17.0,34
12628,12628_20260102,146.73529411764707,157.0,208.0,10.0,34
12628,12628_20260103,90.05882352941177,89.5,130.0,21.0,34
12628,12628_20260104,215.94117647058823,238.0,292.0,0.0,34
12628,12628_20260105,366.47058823529414,414.0,438.0,2.0,34
12628,12628_20260106,477.5,500.0,592.0,194.0,34
12628,12628_20260107,385.5,408.5,477.0,55.0,34
12628,12628_20260108,350.2647058823529,385.5,414.0,10.0,34
12628,12628_20260109,173.1764705882353,194.0,254.0,32.0,34
12628,12628_20260110,40.38235294117647,42.5,93.0,0.0,34
12628,12628_20260111,87.17647058823529,90.0,130.0,20.0,34
12628,12628_20260112,20.352941176470587,21.5,44.0,-31.0,34
12628,12628_20260113,37.411764705882355,25.5,99.0,-16.0,34
12628,12628_20260114,18.470588235294116,16.0,63.0,-17.0,34
12628,12628_20260115,26.58823529411765,25.0,65.0,-2.0,34
12628,12628_20260116,82.3529411764706,88.5,157.0,1.0,34
12628,12628_20260117,30.941176470588236,31.0,98.0,0.0,34
12628,12628_20260118,21.323529411764707,16.0,74.0,-20.0,34
12628,12628_20260119,98.02941176470588,112.0,176.0,0.0,34
12628,12628_20260120,20.176470588235293,17.5,64.0,-21.0,34
12628,12628_20260121,38.970588235294116,33.5,97.0,-11.0,34
12628,12628_20260122,44.970588235294116,46.5,99.0,0.0,34
12628,12628_20260123,164.5,249.0,329.0,0.0,34
12628,12628_20260124,204.47058823529412,325.0,414.0,0.0,34
12628,12628_20260125,30.823529411764707,33.5,91.0,-23.0,34
12628,12628_20260126,31.38235294117647,34.5,80.0,-24.0,34
12628,12628_20260127,106.47058823529412,120.5,183.0,1.0,34
12628,12628_20260128,135.64705882352942,136.0,237.0,0.0,34
12628,12628_20260129,176.23529411764707,195.5,257.0,2.0,34
12628,12628_20260130,157.91176470588235,172.5,259.0,14.0,34
12628,12628_20260131,10.705882352941176,4.5,43.0,-31.0,34
12628,12628_20260201,48.64705882352941,41.5,107.0,1.0,34
12628,12628_20260202,169.38235294117646,164.5,271.0,2.0,34
12628,12628_20260203,195.35294117647058,184.0,263.0,12.0,34
12628,12628_20260204,72.3529411764706,80.0,164.0,-5.0,34
12628,12628_20260205,28.029411764705884,31.5,74.0,-19.0,34
12628,12628_20260206,66.1470588235294,64.0,137.0,-5.0,34
12628,12628_20260207,52.88235294117647,53.5,111.0,0.0,34
12628,12628_20260208,58.470588235294116,59.0,105.0,0.0,34
12628,12628_20260209,101.70588235294117,123.0,160.0,0.0,34
12628,12628_20260210,50.205882352941174,59.5,109.0,-12.0,34
12628,12628_20260211,28.941176470588236,29.5,75.0,-6.0,34
12628,12628_20260212,18.647058823529413,15.5,46.0,0.0,34
12628,12628_20260213,17.705882352941178,18.0,49.0,-19.0,34
12628,12628_20260214,60.23529411764706,65.5,145.0,0.0,34
12628,12628_20260215,18.470588235294116,15.5,53.0,-24.0,34
12628,12628_20260216,37.205882352941174,30.0,78.0,1.0,34
12628,12628_20260217,24.323529411764707,22.0,84.0,-27.0,34
12628,12628_20260218,17.5,13.0,55.0,-11.0,34
12628,12628_20260219,226.58823529411765,227.0,261.0,161.0,34
12628,12628_20260220,54.05882352941177,33.5,184.0,1.0,34
12628,12628_20260221,13.411764705882353,10.5,54.0,-32.0,34
12628,12628_20260222,25.08823529411765,23.5,60.0,-5.0,34
12628,12628_20260223,28.470588235294116,22.5,79.0,-25.0,34
12628,12628_20260224,21.235294117647058,24.5,70.0,-15.0,34
12628,12628_20260225,79.11764705882354,99.5,153.0,1.0,34
12628,12628_20260226,14.617647058823529,11.0,73.0,-43.0,34
12628,12628_20260227,23.794117647058822,21.5,70.0,0.0,34
12628,12628_20260228,63.411764705882355,75.0,113.0,0.0,34
12628,12628_20260301,12.647058823529411,11.0,47.0,-11.0,34
12628,12628_20260302,13.470588235294118,12.5,46.0,-20.0,34
12628,12628_20260303,11.558823529411764,2.0,58.0,-26.0,34
12628,12628_20260304,11.352941176470589,9.0,54.0,0.0,34
12628,12628_20260305,12.941176470588236,11.0,44.0,-11.0,34
12628,12628_20260306,86.05882352941177,90.5,155.0,0.0,34
12628,12628_20260307,13.970588235294118,10.0,54.0,-15.0,34
12628,12628_20260308,23.529411764705884,22.5,66.0,-4.0,34
12628,12628_20260309,20.264705882352942,16.0,48.0,-9.0,34
12628,12628_20260310,8.411764705882353,7.0,43.0,-25.0,34
12628,12628_20260311,28.823529411764707,31.0,70.0,-20.0,34
12628,12628_20260312,17.764705882352942,16.0,48.0,-37.0,34
12628,12628_20260313,18.470588235294116,18.5,47.0,-18.0,34
12628,12628_20260314,61.85294117647059,71.0,133.0,0.0,34
12628,12628_20260315,17.794117647058822,18.5,58.0,-28.0,34
12628,12628_20260316,26.88235294117647,26.0,59.0,1.0,34
12628,12628_20260317,27.352941176470587,31.0,70.0,-19.0,34
12628,12628_20260318,22.0,16.0,64.0,-13.0,34
12628,12628_20260319,21.38235294117647,22.0,51.0,-32.0,34
12628,12628_20260320,69.8529411764706,73.5,123.0,-2.0,34
12628,12628_20260321,8.352941176470589,3.5,58.0,-17.0,34
12628,12628_20260322,16.176470588235293,14.5,60.0,-22.0,34
12628,12628_20260323,20.794117647058822,20.5,48.0,-11.0,34
12628,12628_20260324,13.441176470588236,12.0,39.0,-27.0,34
12628,12628_20260325,16.11764705882353,11.0,65.0,-24.0,34
12628,12628_20260326,9.441176470588236,4.5,50.0,-7.0,34
12628,12628_20260327,13.382352941176471,7.5,66.0,-26.0,34
12628,12628_20260328,17.794117647058822,16.0,56.0,-1.0,34
12628,12628_20260329,20.91176470588235,22.0,62.0,-33.0,34
12628,12628_20260330,10.764705882352942,5.5,52.0,-13.0,34
12628,12628_20260331,15.294117647058824,14.5,49.0,-28.0,34
12628,12628_20260401,17.08823529411765,18.0,54.0,-37.0,34
12628,12628_20260402,19.08823529411765,15.0,81.0,-19.0,34
12628,12628_20260403,11.617647058823529,5.5,57.0,0.0,34
12628,12628_20260404,53.3235294117647,56.5,127.0,0.0,34
12628,12628_20260405,23.764705882352942,21.0,86.0,-7.0,34
12628,12628_20260406,17.58823529411765,14.5,63.0,-15.0,34
12628,12628_20260407,11.088235294117647,9.0,32.0,-15.0,34
12628,12628_20260408,11.588235294117647,7.5,45.0,-1.0,34
12628,12628_20260409,31.147058823529413,34.0,92.0,-20.0,34
12628,12628_20260410,12.676470588235293,12.0,65.0,-40.0,34
12628,12628_20260411,11.647058823529411,7.0,48.0,-52.0,34
12628,12628_20260412,22.11764705882353,21.0,71.0,-25.0,34
12628,12628_20260413,14.529411764705882,12.5,52.0,-18.0,34
12628,12628_20260414,15.970588235294118,17.0,34.0,-23.0,34
12628,12628_20260415,21.61764705882353,20.5,48.0,-3.0,34
12628,12628_20260416,20.0,16.5,67.0,0.0,34
12628,12628_20260417,183.97058823529412,195.5,259.0,8.0,34
12628,12628_20260418,70.67647058823529,74.5,132.0,-25.0,34
12628,12628_20260419,19.794117647058822,22.5,51.0,-21.0,34
12628,12628_20260420,20.794117647058822,18.0,61.0,0.0,34
12628,12628_20260421,11.323529411764707,10.5,39.0,-14.0,34
12628,12628_20260422,8.735294117647058,6.0,46.0,-41.0,34
12628,12628_20260423,144.2058823529412,200.0,274.0,0.0,34
12628,12628_20260424,19.11764705882353,15.0,67.0,-30.0,34
12628,12628_20260425,15.911764705882353,17.5,51.0,-6.0,34
12628,12628_20260426,10.794117647058824,11.0,35.0,-20.0,34
12628,12628_20260427,16.794117647058822,17.5,62.0,-21.0,34
12628,12628_20260428,16.941176470588236,16.0,55.0,-17.0,34
12628,12628_20260429,139.55882352941177,166.0,238.0,0.0,34
12628,12628_20260430,56.88235294117647,66.5,111.0,0.0,34
12628,12628_20260501,41.3235294117647,45.0,90.0,0.0,34
12628,12628_20260502,49.5,51.0,101.0,3.0,34
12628,12628_20260503,43.61764705882353,48.5,112.0,0.0,34
12628,12628_20260504,19.058823529411764,15.0,62.0,0.0,34
12628,12628_20260505,17.5,17.0,45.0,-15.0,34
12628,12628_20260506,44.205882352941174,34.0,151.0,-23.0,34
12628,12628_20260507,41.588235294117645,42.0,108.0,0.0,34
12628,12628_20260508,42.94117647058823,47.0,106.0,0.0,34
12628,12628_20260509,180.41176470588235,220.5,295.0,0.0,34
12628,12628_20260510,28.11764705882353,30.5,57.0,-26.0,34
12628,12628_20260511,17.61764705882353,13.5,58.0,-21.0,34
12628,12628_20260512,15.588235294117647,8.5,49.0,-16.0,34
12628,12628_20260513,75.79411764705883,86.5,155.0,3.0,34
12628,12628_20260514,47.794117647058826,49.5,126.0,0.0,34
12628,12628_20260515,83.58823529411765,98.5,163.0,0.0,34
12628,12628_20260516,103.02941176470588,140.5,202.0,1.0,34
12628,12628_20260517,784.8235294117648,783.0,826.0,740.0,34
12628,12628_20260518,958.4411764705883,937.0,1099.0,859.0,34
12628,12628_20260519,909.9705882352941,917.0,1008.0,508.0,34
12628,12628_20260520,49.35294117647059,57.0,94.0,0.0,34
12628,12628_20260521,51.76470588235294,55.0,112.0,0.0,34
12628,12628_20260522,54.294117647058826,41.0,116.0,0.0,34
12628,12628_20260523,55.23529411764706,61.0,112.0,0.0,34
12628,12628_20260524,78.91176470588235,100.0,161.0,0.0,34
12628,12628_20260525,54.94117647058823,58.5,103.0,1.0,34
12628,12628_20260526,16.676470588235293,13.0,51.0,-6.0,34
12628,12628_20260527,106.41176470588235,161.5,225.0,0.0,34
12628,12628_20260528,58.73529411764706,67.5,110.0,9.0,34
12628,12628_20260529,490.02941176470586,495.5,523.0,449.0,34
12628,12628_20260530,27.5,23.5,85.0,0.0,34
12628,12628_20260531,941.7352941176471,962.5,1072.0,769.0,34
12628,12628_20260601,25.323529411764707,22.0,64.0,0.0,34
12628,12628_20260602,40.05882352941177,41.0,83.0,3.0,34
12628,12628_20260603,43.705882352941174,42.0,104.0,-9.0,34
12628,12628_20260604,23.323529411764707,23.0,65.0,-9.0,34
12628,12628_20260605,28.764705882352942,33.5,59.0,-4.0,34
12628,12628_20260606,34.588235294117645,37.0,71.0,-10.0,34
12628,12628_20260607,30.558823529411764,32.5,82.0,-41.0,34
12628,12628_20260608,25.676470588235293,23.0,73.0,-10.0,34
12628,12628_20260609,84.17647058823529,99.0,146.0,0.0,34
12628,12628_20260610,16.352941176470587,14.0,44.0,0.0,34
12628,12628_20260611,14.205882352941176,11.5,50.0,-3.0,34
12628,12628_20260612,19.235294117647058,20.5,56.0,-31.0,34
12628,12628_20260613,171.2058823529412,207.0,274.0,0.0,34
12628,12628_20260614,21.647058823529413,20.0,53.0,-10.0,34
12628,12628_20260615,10.5,9.0,44.0,0.0,34
12628,12628_20260616,13.764705882352942,11.0,47.0,-3.0,34
12628,12628_20260617,24.58823529411765,22.5,80.0,0.0,34
12628,12628_20260618,22.735294117647058,20.5,52.0,-3.0,34
12628,12628_20260619,17.176470588235293,14.0,53.0,-3.0,34
12628,12628_20260620,24.029411764705884,22.0,58.0,-4.0,34
12628,12628_20260621,31.294117647058822,32.0,79.0,-2.0,34
12628,12628_20260622,81.32352941176471,93.0,159.0,0.0,34
12628,12628_20260623,24.352941176470587,22.5,61.0,-4.0,34
12628,12628_20260624,26.323529411764707,28.0,71.0,-1.0,34
12628,12628_20260625,39.205882352941174,37.5,85.0,2.0,34
12628,12628_20260626,35.911764705882355,36.5,81.0,-25.0,34
12628,12628_20260627,12.294117647058824,6.5,46.0,-3.0,34
12628,12628_20260628,24.764705882352942,16.0,81.0,0.0,34
12628,12628_20260629,52.1764705882353,57.5,103.0,1.0,34
12628,12628_20260630,22.058823529411764,20.5,60.0,0.0,34
12628,12628_20260701,23.41176470588235,20.5,61.0,-3.0,34
12628,12628_20260702,59.5,66.5,109.0,0.0,34
12628,12628_20260703,13.5,11.0,44.0,-16.0,34
12628,12628_20260704,17.352941176470587,14.5,54.0,0.0,34
12628,12628_20260705,11.911764705882353,7.5,48.0,-7.0,34
12628,12628_20260706,15.735294117647058,10.5,54.0,-15.0,34
12628,12628_20260707,97.8529411764706,113.5,162.0,0.0,34
12628,12628_20260708,56.73529411764706,64.0,104.0,0.0,34
12628,12628_20260709,66.67647058823529,69.5,126.0,0.0,34
12628,12628_20260710,96.41176470588235,116.0,165.0,0.0,34
12628,12628_20260711,26.176470588235293,27.0,81.0,-33.0,34
12628,12628_20260712,20.735294117647058,17.5,66.0,-20.0,34
12628,12628_20260713,227.52941176470588,233.0,308.0,3.0,34
12628,12628_20260714,16.176470588235293,18.0,40.0,-15.0,34
12628,12628_20260715,15.764705882352942,14.0,53.0,0.0,34
12628,12628_20260716,51.64705882352941,48.5,123.0,1.0,34
12628,12628_20260717,23.352941176470587,18.0,64.0,-1.0,34
12628,12628_20260718,17.91176470588235,9.5,54.0,-11.0,34
12628,12628_20260719,22.0,19.5,57.0,-9.0,34
12628,12628_20260720,26.5,25.5,63.0,-6.0,34
12628,12628_20260721,13.794117647058824,10.0,51.0,-1.0,34
12628,12628_20260722,30.294117647058822,26.0,71.0,-4.0,34
12628,12628_20260723,33.61764705882353,25.0,77.0,0.0,34
12628,12628_20260724,72.88235294117646,78.0,158.0,1.0,34
12628,12628_20260725,10.941176470588236,7.5,48.0,-39.0,34
12628,12628_20260726,123.02941176470588,126.0,177.0,0.0,34
12628,12628_20260727,20.294117647058822,15.5,77.0,0.0,34
12628,12628_20260728,66.38235294117646,77.5,135.0,0.0,34
12628,12628_20260729,8.588235294117647,6.5,34.0,0.0,34
12628,12628_20260730,10.411764705882353,8.0,39.0,0.0,34
12628,12628_20260731,73.8529411764706,75.0,151.0,0.0,34
12628,12628_20260801,31.41176470588235,32.0,83.0,0.0,34
12628,12628_20260802,12.705882352941176,9.5,64.0,-22.0,34
12628,12628_20260803,24.705882352941178,25.0,71.0,0.0,34
12628,12628_20260804,12.5,12.5,37.0,-5.0,34
12628,12628_20260805,12.882352941176471,12.0,39.0,-16.0,34
12628,12628_20260806,24.529411764705884,24.5,60.0,0.0,34
12628,12628_20260807,77.38235294117646,91.0,137.0,0.0,34
12628,12628_20260808,22.764705882352942,23.5,51.0,-8.0,34
12628,12628_20260809,76.02941176470588,86.0,120.0,2.0,34
12628,12628_20260810,15.794117647058824,14.5,54.0,-13.0,34
12628,12628_20260811,22.558823529411764,21.0,72.0,-12.0,34
12628,12628_20260812,16.441176470588236,14.0,44.0,-5.0,34
12628,12628_20260813,21.441176470588236,18.0,61.0,-5.0,34
12628,12628_20260814,17.176470588235293,12.0,59.0,0.0,34
12628,12628_20260815,12.676470588235293,10.5,41.0,-25.0,34
12628,12628_20260816,14.852941176470589,9.5,63.0,-13.0,34
12628,12628_20260817,22.323529411764707,21.0,73.0,0.0,34
12628,12628_20260818,26.794117647058822,22.5,76.0,-9.0,34
12628,12628_20260819,28.647058823529413,23.5,62.0,0.0,34
12628,12628_20260820,12.088235294117647,8.5,51.0,-3.0,34
12628,12628_20260821,15.0,10.0,59.0,-6.0,34
12628,12628_20260822,11.058823529411764,8.0,50.0,-3.0,34
12628,12628_20260823,13.647058823529411,8.5,53.0,0.0,34
12628,12628_20260824,18.441176470588236,15.5,64.0,-11.0,34
12628,12628_20260825,15.470588235294118,16.0,38.0,-21.0,34
12628,12628_20260826,14.529411764705882,7.5,50.0,-3.0,34
12628,12628_20260827,14.117647058823529,11.0,55.0,0.0,34
12628,12628_20260828,21.794117647058822,19.0,83.0,-18.0,34
12628,12628_20260829,22.970588235294116,22.0,75.0,-13.0,34
12628,12628_20260830,10.647058823529411,12.5,42.0,-13.0,34
12628,12628_20260831,13.882352941176471,12.0,55.0,-17.0,34
12628,12628_20260901,14.323529411764707,13.0,54.0,-3.0,34
12628,12628_20260902,22.735294117647058,20.0,78.0,-11.0,34
12628,12628_20260903,74.58823529411765,78.5,120.0,1.0,34
12628,12628_20260904,21.147058823529413,21.0,65.0,-20.0,34
12628,12628_20260905,20.852941176470587,17.0,82.0,-1.0,34
12802,12802_20250906,22.8125,14.5,67.0,-3.0,32
12802,12802_20250907,18.6875,8.0,80.0,0.0,32
12802,12802_20250908,38.9375,42.0,107.0,0.0,32
12802,12802_20250909,14.53125,12.0,41.0,0.0,32
12802,12802_20250910,38.375,38.0,82.0,0.0,32
12802,12802_20250911,23.90625,14.0,69.0,0.0,32
12802,12802_20250912,39.625,19.5,116.0,0.0,32
12802,12802_20250913,18.6875,17.5,65.0,0.0,32
12802,12802_20250914,23.9375,18.0,64.0,0.0,32
12802,12802_20250915,97.71875,142.0,193.0,0.0,32
12802,12802_20250916,10.3125,3.5,50.0,-7.0,32
12802,12802_20250917,44.0,23.0,131.0,0.0,32
12802,12802_20250918,44.1875,20.0,130.0,0.0,32
12802,12802_20250919,236.1875,175.5,896.0,0.0,32
12802,12802_20250920,14.40625,6.0,48.0,-2.0,32
12802,12802_20250921,281.40625,275.5,354.0,244.0,32
12802,12802_20250922,27.181818181818183,9.0,93.0,0.0,33
12802,12802_20250923,42.515151515151516,13.0,143.0,0.0,33
12802,12802_20250924,24.0,13.0,82.0,0.0,33
12802,12802_20250925,83.39393939393939,36.0,257.0,0.0,33
12802,12802_20250926,64.39393939393939,22.0,211.0,0.0,33
12802,12802_20250927,36.42424242424242,25.0,102.0,0.0,33
12802,12802_20250928,32.666666666666664,26.0,104.0,0.0,33
12802,12802_20250929,11.666666666666666,9.0,50.0,-9.0,33
12802,12802_20250930,256.3636363636364,265.0,391.0,71.0,33
12802,12802_20251001,16.303030303030305,13.0,48.0,0.0,33
12802,12802_20251002,44.09375,18.0,146.0,0.0,32
12802,12802_20251003,58.5,28.5,176.0,0.0,32
12802,12802_20251004,19.3125,20.0,47.0,-7.0,32
12802,12802_20251005,27.25,28.0,63.0,0.0,32
12802,12802_20251006,39.21875,22.0,119.0,0.0,32
12802,12802_20251007,89.71875,70.5,187.0,9.0,32
12802,12802_20251008,31.375,26.5,85.0,0.0,32
12802,12802_20251009,45.28125,29.0,110.0,0.0,32
12802,12802_20251010,55.59375,59.5,88.0,1.0,32
12802,12802_20251011,105.75,103.0,167.0,1.0,32
12802,12802_20251012,58.1875,79.0,120.0,0.0,32
12802,12802_20251013,25.5625,22.0,72.0,0.0,32
12802,12802_20251014,337.09375,328.5,450.0,1.0,32
12802,12802_20251015,19.125,13.0,51.0,0.0,32
12802,12802_20251016,22.21875,22.0,69.0,0.0,32
12802,12802_20251017,91.1875,79.0,185.0,0.0,32
12802,12802_20251018,132.53125,125.5,217.0,21.0,32
12802,12802_20251019,50.03125,48.5,91.0,4.0,32
12802,12802_20251020,38.1875,33.5,85.0,1.0,32
12802,12802_20251021,82.5625,42.0,250.0,1.0,32
12802,12802_20251022,26.15625,20.5,73.0,0.0,32
12802,12802_20251023,96.5,97.5,174.0,0.0,32
12802,12802_20251024,60.71875,62.5,111.0,1.0,32
12802,12802_20251025,88.65625,77.5,147.0,0.0,32
12802,12802_20251026,45.28125,13.5,158.0,0.0,32
12802,12802_20251027,75.78125,15.0,285.0,1.0,32
12802,12802_20251028,72.96875,79.5,101.0,2.0,32
12802,12802_20251029,27.75,20.5,66.0,0.0,32
12802,12802_20251030,47.125,20.0,141.0,0.0,32
12802,12802_20251031,73.40625,74.5,107.0,0.0,32
12802,12802_20251101,47.21875,48.0,79.0,10.0,32
12802,12802_20251102,25.90625,21.0,72.0,0.0,32
12802,12802_20251103,26.4375,22.0,78.0,-5.0,32
12802,12802_20251104,18.15625,12.5,72.0,0.0,32
12802,12802_20251105,42.84375,39.5,76.0,9.0,32
12802,12802_20251106,69.53125,16.5,259.0,0.0,32
12802,12802_20251107,18.8125,18.5,42.0,-7.0,32
12802,12802_20251108,12.1875,12.0,40.0,-32.0,32
12802,12802_20251109,55.21875,32.0,167.0,0.0,32
12802,12802_20251110,40.96875,21.0,114.0,0.0,32
12802,12802_20251111,129.875,125.5,225.0,2.0,32
12802,12802_20251112,81.03125,70.0,161.0,0.0,32
12802,12802_20251113,26.875,24.0,82.0,0.0,32
12802,12802_20251114,23.3125,21.0,59.0,0.0,32
12802,12802_20251115,42.8125,48.5,83.0,0.0,32
12802,12802_20251116,39.09375,28.0,126.0,1.0,32
12802,12802_20251117,44.6875,33.0,111.0,0.0,32
12802,12802_20251118,39.0,37.5,92.0,0.0,32
12802,12802_20251119,58.0625,27.0,169.0,1.0,32
12802,12802_20251120,92.40625,57.0,248.0,0.0,32
12802,12802_20251121,73.65625,68.0,125.0,1.0,32
12802,12802_20251122,94.1875,80.0,213.0,0.0,32
12802,12802_20251123,41.90625,37.0,95.0,0.0,32
12802,12802_20251124,41.0,27.0,113.0,0.0,32
12802,12802_20251125,70.125,32.5,222.0,0.0,32
12802,12802_20251126,58.34375,31.5,163.0,0.0,32
12802,12802_20251127,35.6875,24.5,100.0,0.0,32
12802,12802_20251128,68.34375,47.0,200.0,0.0,32
12802,12802_20251129,29.25,14.5,87.0,0.0,32
12802,12802_20251130,62.46875,45.0,163.0,0.0,32
12802,12802_20251201,37.40625,29.0,90.0,0.0,32
12802,12802_20251202,41.5625,22.0,127.0,1.0,32
12802,12802_20251203,10.84375,13.0,34.0,-25.0,32
12802,12802_20251204,24.53125,24.5,64.0,0.0,32
12802,12802_20251205,15.96875,12.0,54.0,-3.0,32
12802,12802_20251206,17.4375,7.5,61.0,0.0,32
12802,12802_20251207,60.5,26.5,217.0,0.0,32
12802,12802_20251208,20.8125,18.0,64.0,0.0,32
12802,12802_20251209,59.0625,13.5,192.0,0.0,32
12802,12802_20251210,41.34375,21.0,118.0,0.0,32
12802,12802_20251211,35.53125,16.5,106.0,0.0,32
12802,12802_20251212,161.59375,172.0,203.0,0.0,32
12802,12802_20251213,168.46875,180.0,238.0,0.0,32
12802,12802_20251214,406.375,405.5,494.0,1.0,32
12802,12802_20251215,626.46875,634.5,750.0,0.0,32
12802,12802_20251216,43.875,32.5,125.0,1.0,32
12802,12802_20251217,323.6875,319.0,455.0,1.0,32
12802,12802_20251218,281.03125,286.0,333.0,1.0,32
12802,12802_20251219,463.15625,447.5,585.0,1.0,32
12802,12802_20251220,367.1875,356.5,494.0,1.0,32
12802,12802_20251221,354.21875,366.5,397.0,1.0,32
12802,12802_20251222,546.875,541.0,695.0,1.0,32
12802,12802_20251223,390.53125,358.0,628.0,0.0,32
12802,12802_20251224,374.5625,352.5,524.0,3.0,32
12802,12802_20251225,398.125,383.5,545.0,0.0,32
12802,12802_20251226,392.4375,373.0,559.0,1.0,32
12802,12802_20251227,396.625,388.5,523.0,0.0,32
12802,12802_20251228,283.21875,274.5,412.0,4.0,32
12802,12802_20251229,395.15625,399.0,461.0,1.0,32
12802,12802_20251230,593.5625,581.5,733.0,0.0,32
12802,12802_20251231,375.5,364.5,516.0,1.0,32
12802,12802_20260101,365.0,373.5,453.0,0.0,32
12802,12802_20260102,193.03125,170.5,337.0,1.0,32
12802,12802_20260103,308.90625,265.0,504.0,0.0,32
12802,12802_20260104,87.78125,77.0,214.0,0.0,32
12802,12802_20260105,370.71875,367.0,473.0,0.0,32
12802,12802_20260106,255.1875,246.5,382.0,0.0,32
12802,12802_20260107,392.5,400.5,469.0,0.0,32
12802,12802_20260108,312.6875,314.0,402.0,1.0,32
12802,12802_20260109,86.09375,92.0,117.0,0.0,32
12802,12802_20260110,117.1875,95.5,286.0,0.0,32
12802,12802_20260111,53.15625,25.5,155.0,0.0,32
12802,12802_20260112,29.0625,27.0,69.0,-3.0,32
12802,12802_20260113,82.34375,64.5,158.0,1.0,32
12802,12802_20260114,22.125,21.5,47.0,-13.0,32
12802,12802_20260115,57.34375,58.0,99.0,0.0,32
12802,12802_20260116,424.3125,443.5,477.0,1.0,32
12802,12802_20260117,294.6875,307.5,384.0,1.0,32
12802,12802_20260118,20.96875,18.0,47.0,0.0,32
12802,12802_20260119,51.46875,21.5,157.0,0.0,32
12802,12802_20260120,46.21875,18.0,153.0,0.0,32
12802,12802_20260121,47.46875,29.5,136.0,0.0,32
12802,12802_20260122,24.09375,16.5,87.0,0.0,32
12802,12802_20260123,52.375,16.5,191.0,0.0,32
12802,12802_20260124,55.84375,52.0,98.0,0.0,32
12802,12802_20260125,32.875,28.0,93.0,0.0,32
12802,12802_20260126,54.90625,66.0,129.0,0.0,32
12802,12802_20260127,54.4375,46.0,127.0,0.0,32
12802,12802_20260128,331.40625,333.5,416.0,1.0,32
12802,12802_20260129,321.03125,297.0,533.0,0.0,32
12802,12802_20260130,582.65625,589.0,663.0,103.0,32
12802,12802_20260131,428.375,406.0,602.0,87.0,32
12802,12802_20260201,68.15625,47.5,227.0,0.0,32
12802,12802_20260202,440.34375,432.0,563.0,0.0,32
12802,12802_20260203,550.5625,494.5,942.0,0.0,32
12802,12802_20260204,126.6875,118.0,204.0,0.0,32
12802,12802_20260205,68.875,46.0,203.0,0.0,32
12802,12802_20260206,49.875,40.0,173.0,0.0,32
12802,12802_20260207,25.6875,17.5,104.0,0.0,32
12802,12802_20260208,40.75,32.5,122.0,0.0,32
12802,12802_20260209,40.125,31.5,121.0,0.0,32
12802,12802_20260210,64.34375,31.0,209.0,0.0,32
12802,12802_20260211,39.25,17.5,127.0,0.0,32
12802,12802_20260212,55.125,33.0,169.0,0.0,32
12802,12802_20260213,28.1875,25.5,59.0,0.0,32
12802,12802_20260214,53.96875,37.5,182.0,0.0,32
12802,12802_20260215,35.40625,27.5,119.0,0.0,32
12802,12802_20260216,30.78125,24.0,96.0,0.0,32
12802,12802_20260217,55.03125,39.5,153.0,0.0,32
12802,12802_20260218,48.53125,47.0,121.0,0.0,32
12802,12802_20260219,56.375,19.5,192.0,0.0,32
12802,12802_20260220,61.34375,40.0,176.0,0.0,32
12802,12802_20260221,39.90625,30.5,102.0,0.0,32
12802,12802_20260222,27.375,21.0,76.0,0.0,32
12802,12802_20260223,19.34375,16.5,60.0,0.0,32
12802,12802_20260224,65.3125,44.0,173.0,0.0,32
12802,12802_20260225,32.46875,18.0,115.0,0.0,32
12802,12802_20260226,50.15625,20.0,212.0,0.0,32
12802,12802_20260227,40.4375,22.0,140.0,0.0,32
12802,12802_20260228,37.71875,33.0,79.0,1.0,32
12802,12802_20260301,48.40625,24.5,158.0,0.0,32
12802,12802_20260302,60.09375,54.0,123.0,0.0,32
12802,12802_20260303,22.84375,11.5,75.0,0.0,32
12802,12802_20260304,34.09375,13.0,121.0,0.0,32
12802,12802_20260305,60.5,13.0,226.0,0.0,32
12802,12802_20260306,52.0625,19.5,184.0,0.0,32
12802,12802_20260307,53.4375,15.5,192.0,0.0,32
12802,12802_20260308,22.21875,16.0,59.0,0.0,32
12802,12802_20260309,52.25,26.0,174.0,0.0,32
12802,12802_20260310,95.84375,91.5,189.0,0.0,32
12802,12802_20260311,20.75,10.5,68.0,0.0,32
12802,12802_20260312,47.875,26.0,164.0,0.0,32
12802,12802_20260313,34.25,11.0,107.0,0.0,32
12802,12802_20260314,112.84375,124.0,224.0,0.0,32
12802,12802_20260315,163.5,179.0,340.0,0.0,32
12802,12802_20260316,53.3125,54.5,88.0,1.0,32
12802,12802_20260317,21.46875,11.5,83.0,0.0,32
12802,12802_20260318,75.125,31.0,230.0,0.0,32
12802,12802_20260319,82.3125,52.5,261.0,0.0,32
12802,12802_20260320,72.71875,51.5,185.0,0.0,32
12802,12802_20260321,59.5,26.0,207.0,1.0,32
12802,12802_20260322,23.09375,20.5,74.0,0.0,32
12802,12802_20260323,64.78125,51.0,170.0,0.0,32
12802,12802_20260324,59.65625,37.0,165.0,0.0,32
12802,12802_20260325,49.5,18.0,184.0,0.0,32
12802,12802_20260326,70.78125,7.5,304.0,0.0,32
12802,12802_20260327,64.6875,29.5,181.0,0.0,32
12802,12802_20260328,72.59375,20.5,234.0,0.0,32
12802,12802_20260329,56.96875,45.5,147.0,0.0,32
12802,12802_20260330,78.28125,47.5,218.0,0.0,32
12802,12802_20260331,86.1875,61.0,217.0,0.0,32
12802,12802_20260401,68.34375,48.5,189.0,0.0,32
12802,12802_20260402,57.0,17.5,202.0,0.0,32
12802,12802_20260403,35.96875,26.0,115.0,0.0,32
12802,12802_20260404,49.125,33.0,142.0,0.0,32
12802,12802_20260405,121.96875,38.5,1060.0,0.0,32
12802,12802_20260406,30.5,35.0,67.0,0.0,32
12802,12802_20260407,27.28125,28.0,64.0,0.0,32
12802,12802_20260408,80.53125,76.0,234.0,0.0,32
12802,12802_20260409,67.0,59.0,181.0,0.0,32
12802,12802_20260410,55.0,62.0,138.0,0.0,32
12802,12802_20260411,47.53125,15.5,150.0,0.0,32
12802,12802_20260412,39.09375,14.5,146.0,0.0,32
12802,12802_20260413,49.0625,49.0,101.0,0.0,32
12802,12802_20260414,104.0,104.0,159.0,0.0,32
12802,12802_20260415,25.125,18.5,77.0,0.0,32
12802,12802_20260416,53.25,14.5,224.0,0.0,32
12802,12802_20260417,48.0625,27.5,137.0,1.0,32
12802,12802_20260418,35.0625,25.0,96.0,0.0,32
12802,12802_20260419,19.90625,16.0,80.0,0.0,32
12802,12802_20260420,32.84375,22.5,99.0,0.0,32
12802,12802_20260421,35.65625,31.5,89.0,6.0,32
12802,12802_20260422,165.46875,167.0,266.0,1.0,32
12802,12802_20260423,64.78125,56.5,180.0,5.0,32
12802,12802_20260424,64.375,66.0,107.0,0.0,32
12802,12802_20260425,39.625,25.0,128.0,0.0,32
12802,12802_20260426,24.5,15.5,76.0,0.0,32
12802,12802_20260427,16.5,18.0,38.0,-16.0,32
12802,12802_20260428,147.65625,179.5,352.0,0.0,32
12802,12802_20260429,38.09375,26.0,117.0,0.0,32
12802,12802_20260430,40.09375,28.5,126.0,1.0,32
12802,12802_20260501,64.6875,80.5,123.0,0.0,32
12802,12802_20260502,23.15625,20.5,80.0,0.0,32
12802,12802_20260503,17.59375,10.5,67.0,0.0,32
12802,12802_20260504,54.3125,50.5,158.0,0.0,32
12802,12802_20260505,23.59375,23.5,53.0,-9.0,32
12802,12802_20260506,13.40625,8.0,44.0,-16.0,32
12802,12802_20260507,31.28125,16.0,114.0,0.0,32
12802,12802_20260508,33.53125,28.5,81.0,0.0,32
12802,12802_20260509,28.09375,19.5,104.0,0.0,32
12802,12802_20260510,19.8125,14.5,65.0,0.0,32
12802,12802_20260511,37.25,24.0,119.0,0.0,32
12802,12802_20260512,33.8125,30.0,91.0,0.0,32
12802,12802_20260513,23.125,23.5,56.0,-7.0,32
12802,12802_20260514,36.9375,21.5,113.0,0.0,32
12802,12802_20260515,28.0625,21.0,92.0,0.0,32
12802,12802_20260516,33.125,35.0,67.0,0.0,32
12802,12802_20260517,45.84375,35.5,129.0,0.0,32
12802,12802_20260518,33.96875,24.0,89.0,0.0,32
12802,12802_20260519,34.4375,23.5,95.0,0.0,32
12802,12802_20260520,14.28125,12.0,49.0,-10.0,32
12802,12802_20260521,40.71875,26.5,123.0,0.0,32
12802,12802_20260522,16.96875,16.5,45.0,-13.0,32
12802,12802_20260523,24.75,27.0,67.0,0.0,32
12802,12802_20260524,15.0,8.5,69.0,0.0,32
12802,12802_20260525,29.84375,33.0,55.0,-6.0,32
12802,12802_20260526,33.96875,24.5,100.0,0.0,32
12802,12802_20260527,24.21875,24.0,53.0,-1.0,32
12802,12802_20260528,48.84375,37.5,148.0,1.0,32
12802,12802_20260529,23.625,15.5,82.0,0.0,32
12802,12802_20260530,53.0625,55.0,109.0,0.0,32
12802,12802_20260531,24.78125,17.5,84.0,0.0,32
12802,12802_20260601,93.125,98.5,142.0,37.0,32
12802,12802_20260602,26.71875,22.0,78.0,0.0,32
12802,12802_20260603,21.6875,20.0,60.0,0.0,32
12802,12802_20260604,26.8125,23.0,83.0,0.0,32
12802,12802_20260605,32.875,30.0,83.0,0.0,32
12802,12802_20260606,45.3125,18.5,168.0,0.0,32
12802,12802_20260607,95.625,52.0,310.0,1.0,32
12802,12802_20260608,45.53125,46.0,185.0,0.0,32
12802,12802_20260609,60.21875,37.5,199.0,0.0,32
12802,12802_20260610,37.375,25.0,117.0,0.0,32
12802,12802_20260611,26.03125,22.0,61.0,4.0,32
12802,12802_20260612,64.5625,57.5,141.0,33.0,32
12802,12802_20260613,23.4375,19.0,67.0,-5.0,32
12802,12802_20260614,38.21875,39.0,114.0,5.0,32
12802,12802_20260615,48.375,27.5,460.0,0.0,32
12802,12802_20260616,52.40625,37.5,370.0,0.0,32
12802,12802_20260617,26.40625,23.5,65.0,0.0,32
12802,12802_20260618,41.0625,22.5,114.0,0.0,32
12802,12802_20260619,13.65625,8.5,59.0,-30.0,32
12802,12802_20260620,25.46875,20.0,67.0,-5.0,32
12802,12802_20260621,34.8125,33.0,72.0,0.0,32
12802,12802_20260622,22.8125,15.0,67.0,-1.0,32
12802,12802_20260623,18.125,17.0,47.0,-2.0,32
12802,12802_20260624,38.21875,37.0,83.0,3.0,32
12802,12802_20260625,128.09375,122.0,229.0,0.0,32
12802,12802_20260626,65.28125,71.0,153.0,0.0,32
12802,12802_20260627,36.75,21.5,103.0,0.0,32
12802,12802_20260628,55.8125,37.0,226.0,4.0,32
12802,12802_20260629,14.75,10.5,70.0,0.0,32
12802,12802_20260630,24.9375,23.0,68.0,0.0,32
12802,12802_20260701,54.65625,56.0,94.0,25.0,32
12802,12802_20260702,27.1875,14.5,117.0,0.0,32
12802,12802_20260703,30.09375,14.0,168.0,0.0,32
12802,12802_20260704,21.4375,13.0,70.0,0.0,32
12802,12802_20260705,27.71875,12.0,225.0,0.0,32
12802,12802_20260706,15.46875,14.5,64.0,-9.0,32
12802,12802_20260707,26.0,23.5,86.0,0.0,32
12802,12802_20260708,18.9375,12.5,66.0,0.0,32
12802,12802_20260709,23.5625,20.0,75.0,0.0,32
12802,12802_20260710,27.5,19.5,97.0,0.0,32
12802,12802_20260711,12.34375,12.5,38.0,-7.0,32
12802,12802_20260712,34.34375,25.0,144.0,0.0,32
12802,12802_20260713,106.96875,119.5,187.0,0.0,32
12802,12802_20260714,38.59375,21.5,163.0,0.0,32
12802,12802_20260715,46.5625,42.5,248.0,0.0,32
12802,12802_20260716,25.1875,19.5,83.0,0.0,32
12802,12802_20260717,14.59375,12.0,47.0,-12.0,32
12802,12802_20260718,33.5,23.0,108.0,0.0,32
12802,12802_20260719,32.03125,23.5,101.0,0.0,32
12802,12802_20260720,66.1875,56.0,205.0,1.0,32
12802,12802_20260721,58.84375,57.5,120.0,11.0,32
12802,12802_20260722,21.84375,16.0,91.0,0.0,32
12802,12802_20260723,38.15625,22.0,173.0,0.0,32
12802,12802_20260724,42.5,25.5,221.0,0.0,32
12802,12802_20260725,37.0625,20.0,156.0,0.0,32
12802,12802_20260726,25.3125,11.5,120.0,0.0,32
12802,12802_20260727,58.59375,17.5,217.0,0.0,32
12802,12802_20260728,30.9375,20.5,94.0,0.0,32
12802,12802_20260729,33.78125,21.0,118.0,0.0,32
12802,12802_20260730,36.375,34.0,102.0,0.0,32
12802,12802_20260731,19.59375,16.5,65.0,0.0,32
12802,12802_20260801,41.5625,39.5,93.0,0.0,32
12802,12802_20260802,53.375,56.0,130.0,0.0,32
12802,12802_20260803,33.6875,32.0,87.0,0.0,32
12802,12802_20260804,50.40625,33.0,159.0,0.0,32
12802,12802_20260805,28.5,20.0,109.0,0.0,32
12802,12802_20260806,13.28125,9.5,61.0,0.0,32
12802,12802_20260807,13.59375,10.5,51.0,-8.0,32
12802,12802_20260808,15.5625,10.0,60.0,-3.0,32
12802,12802_20260809,8.90625,7.0,51.0,0.0,32
12802,12802_20260810,121.28125,159.0,228.0,0.0,32
12802,12802_20260811,33.125,28.5,98.0,0.0,32
12802,12802_20260812,25.75,19.0,93.0,0.0,32
12802,12802_20260813,43.90625,42.5,115.0,0.0,32
12802,12802_20260814,23.0625,19.5,59.0,-8.0,32
12802,12802_20260815,37.25,32.5,133.0,0.0,32
12802,12802_20260816,33.78125,26.5,95.0,1.0,32
12802,12802_20260817,50.96875,57.0,117.0,1.0,32
12802,12802_20260818,26.3125,22.0,76.0,0.0,32
12802,12802_20260819,21.0625,15.0,63.0,0.0,32
12802,12802_20260820,29.78125,22.0,80.0,0.0,32
12802,12802_20260821,30.21875,28.0,69.0,-3.0,32
12802,12802_20260822,16.625,15.0,49.0,-22.0,32
12802,12802_20260823,58.28125,50.5,147.0,0.0,32
12802,12802_20260824,39.15625,27.0,122.0,0.0,32
12802,12802_20260825,46.65625,33.0,154.0,1.0,32
12802,12802_20260826,41.25,36.0,119.0,0.0,32
12802,12802_20260827,53.84375,24.0,215.0,0.0,32
12802,12802_20260828,50.125,14.0,208.0,0.0,32
12802,12802_20260829,58.0625,31.0,214.0,0.0,32
12802,12802_20260830,75.21875,77.0,219.0,0.0,32
12802,12802_20260831,45.6875,41.5,127.0,0.0,32
12802,12802_20260901,16.34375,14.5,54.0,-3.0,32
12802,12802_20260902,28.96875,28.5,83.0,-5.0,32
12802,12802_20260903,42.75,21.5,185.0,0.0,32
12802,12802_20260904,33.6875,25.5,113.0,0.0,32
12802,12802_20260905,13.3125,9.0,40.0,-17.0,32
12952,12952_20250906,5.0,4.0,20.0,-7.0,8
12952,12952_20250907,8.25,5.0,21.0,-1.0,8
12952,12952_20250908,4.25,1.0,23.0,0.0,8
12952,12952_20250909,5.5,2.5,18.0,0.0,8
12952,12952_20250910,6.875,7.0,18.0,-4.0,8
12952,12952_20250911,18.125,22.0,33.0,0.0,8
12952,12952_20250912,17.125,20.0,33.0,-2.0,8
12952,12952_20250913,9.25,11.5,18.0,-8.0,8
12952,12952_20250914,14.75,16.0,25.0,0.0,8
12952,12952_20250915,17.0,20.5,30.0,-1.0,8
12952,12952_20250916,10.75,7.5,23.0,3.0,8
12952,12952_20250917,12.125,13.0,25.0,0.0,8
12952,12952_20250918,40.125,33.0,96.0,1.0,8
12952,12952_20250919,7.625,6.0,21.0,0.0,8
12952,12952_20250920,6.375,4.0,20.0,0.0,8
12952,12952_20250921,24.5,25.0,44.0,0.0,8
12952,12952_20250922,6.75,5.5,16.0,0.0,8
12952,12952_20250923,5.25,2.0,23.0,0.0,8
12952,12952_20250924,7.75,6.5,18.0,0.0,8
12952,12952_20250925,40.0,45.5,54.0,2.0,8
12952,12952_20250926,9.375,8.5,22.0,1.0,8
12952,12952_20250927,5.125,2.5,22.0,1.0,8
12952,12952_20250928,18.125,9.0,62.0,0.0,8
12952,12952_20250929,14.875,18.0,22.0,0.0,8
12952,12952_20250930,13.0,13.0,23.0,1.0,8
12952,12952_20251001,12.125,14.0,25.0,-3.0,8
12952,12952_20251002,16.625,20.5,29.0,0.0,8
12952,12952_20251003,8.25,5.0,21.0,0.0,8
12952,12952_20251004,4.625,2.0,13.0,-1.0,8
12952,12952_20251005,5.875,4.5,18.0,-1.0,8
12952,12952_20251006,5.625,4.0,16.0,-6.0,8
12952,12952_20251007,10.875,11.0,21.0,-1.0,8
12952,12952_20251008,5.875,2.0,21.0,-1.0,8
12952,12952_20251009,9.625,10.5,22.0,0.0,8
12952,12952_20251010,10.625,11.0,28.0,0.0,8
12952,12952_20251011,3.75,1.5,14.0,0.0,8
12952,12952_20251012,4.875,2.0,15.0,0.0,8
12952,12952_20251013,6.25,4.5,17.0,-2.0,8
12952,12952_20251014,3.5,1.0,15.0,0.0,8
12952,12952_20251015,4.0,2.5,11.0,-2.0,8
12952,12952_20251016,4.875,4.0,14.0,0.0,8
12952,12952_20251017,3.5,1.5,18.0,-1.0,8
12952,12952_20251018,9.25,9.0,21.0,0.0,8
12952,12952_20251019,3.0,0.0,16.0,-1.0,8
12952,12952_20251020,4.625,2.0,19.0,0.0,8
12952,12952_20251021,2.125,0.0,12.0,-1.0,8
12952,12952_20251022,4.25,2.0,13.0,-3.0,8
12952,12952_20251023,7.125,4.5,24.0,0.0,8
12952,12952_20251024,9.5,7.0,32.0,-3.0,8
12952,12952_20251025,8.0,7.5,23.0,-3.0,8
12952,12952_20251026,14.75,14.5,33.0,0.0,8
12952,12952_20251027,16.25,16.0,26.0,4.0,8
12952,12952_20251028,3.25,0.5,14.0,-2.0,8
12952,12952_20251029,3.5,1.5,17.0,-4.0,8
12952,12952_20251030,3.625,1.0,17.0,0.0,8
12952,12952_20251031,12.625,14.5,21.0,0.0,8
12952,12952_20251101,4.5,2.0,20.0,-4.0,8
12952,12952_20251102,5.125,2.0,19.0,0.0,8
12952,12952_20251103,6.5,5.5,22.0,-4.0,8
12952,12952_20251104,16.75,20.0,32.0,0.0,8
12952,12952_20251105,3.875,1.0,18.0,-1.0,8
12952,12952_20251106,6.875,6.0,16.0,0.0,8
12952,12952_20251107,5.0,3.5,12.0,0.0,8
12952,12952_20251108,7.0,6.5,16.0,-3.0,8
12952,12952_20251109,16.625,14.5,33.0,0.0,8
12952,12952_20251110,6.125,3.0,23.0,0.0,8
12952,12952_20251111,3.375,0.5,17.0,0.0,8
12952,12952_20251112,15.375,16.0,31.0,0.0,8
12952,12952_20251113,5.625,4.5,15.0,0.0,8
12952,12952_20251114,4.25,2.0,20.0,0.0,8
12952,12952_20251115,4.5,3.0,16.0,-3.0,8
12952,12952_20251116,2.875,1.0,12.0,0.0,8
12952,12952_20251117,6.375,2.0,21.0,1.0,8
12952,12952_20251118,11.0,11.5,29.0,0.0,8
12952,12952_20251119,3.75,0.5,15.0,-4.0,8
12952,12952_20251120,7.125,5.5,17.0,0.0,8
12952,12952_20251121,3.25,2.0,15.0,0.0,8
12952,12952_20251122,3.5,2.5,13.0,-4.0,8
12952,12952_20251123,5.25,4.5,14.0,-2.0,8
12952,12952_20251124,3.75,2.0,17.0,0.0,8
12952,12952_20251125,3.625,2.0,16.0,0.0,8
12952,12952_20251126,3.625,2.5,13.0,-5.0,8
12952,12952_20251127,4.0,2.0,15.0,-4.0,8
12952,12952_20251128,6.375,4.0,20.0,0.0,8
12952,12952_20251129,5.25,4.0,17.0,-2.0,8
12952,12952_20251130,11.375,10.0,24.0,1.0,8
12952,12952_20251201,13.375,16.5,26.0,-6.0,8
12952,12952_20251202,7.625,6.5,19.0,0.0,8
12952,12952_20251203,10.625,11.0,20.0,0.0,8
12952,12952_20251204,7.0,7.5,18.0,-1.0,8
12952,12952_20251205,8.375,6.5,20.0,1.0,8
12952,12952_20251206,21.625,25.5,36.0,-1.0,8
12952,12952_20251207,45.0,48.5,69.0,0.0,8
12952,12952_20251208,11.125,12.0,23.0,-2.0,8
12952,12952_20251209,7.125,5.5,17.0,0.0,8
12952,12952_20251210,18.125,20.5,28.0,1.0,8
12952,12952_20251211,14.0,12.5,27.0,2.0,8
12952,12952_20251212,8.75,8.5,21.0,0.0,8
12952,12952_20251213,6.375,5.5,22.0,-4.0,8
12952,12952_20251214,17.125,16.5,40.0,-1.0,8
12952,12952_20251215,79.625,86.5,93.0,40.0,8
12952,12952_20251216,5.5,3.0,16.0,0.0,8
12952,12952_20251217,12.0,11.5,31.0,0.0,8
12952,12952_20251218,7.0,3.5,21.0,0.0,8
12952,12952_20251219,34.75,37.0,49.0,0.0,8
12952,12952_20251220,6.375,3.5,23.0,-4.0,8
12952,12952_20251221,32.375,34.5,59.0,1.0,8
12952,12952_20251222,22.375,25.5,36.0,0.0,8
12952,12952_20251223,16.75,19.0,31.0,2.0,8
12952,12952_20251224,57.125,65.5,76.0,6.0,8
12952,12952_20251225,10.25,11.5,23.0,0.0,8
12952,12952_20251226,50.875,57.5,63.0,16.0,8
12952,12952_20251227,43.0,46.0,68.0,1.0,8
12952,12952_20251228,9.25,9.0,23.0,0.0,8
12952,12952_20251229,18.0,23.0,35.0,-1.0,8
12952,12952_20251230,14.125,16.5,25.0,1.0,8
12952,12952_20251231,27.375,27.5,46.0,0.0,8
12952,12952_20260101,8.125,7.5,16.0,0.0,8
12952,12952_20260102,11.0,11.0,22.0,0.0,8
12952,12952_20260103,18.0,19.5,36.0,-1.0,8
12952,12952_20260104,14.375,18.0,24.0,-2.0,8
12952,12952_20260105,16.0,13.5,32.0,4.0,8
12952,12952_20260106,9.75,9.5,21.0,0.0,8
12952,12952_20260107,8.375,10.5,16.0,-3.0,8
12952,12952_20260108,16.0,15.5,33.0,0.0,8
12952,12952_20260109,15.0,17.0,25.0,1.0,8
12952,12952_20260110,41.5,49.0,56.0,2.0,8
12952,12952_20260111,5.5,5.5,17.0,-2.0,8
12952,12952_20260112,3.25,4.5,10.0,-5.0,8
12952,12952_20260113,5.0,4.0,14.0,0.0,8
12952,12952_20260114,15.25,21.0,28.0,2.0,8
12952,12952_20260115,13.625,15.0,27.0,0.0,8
12952,12952_20260116,9.125,5.5,26.0,4.0,8
12952,12952_20260117,9.875,5.5,30.0,2.0,8
12952,12952_20260118,8.125,6.0,22.0,1.0,8
12952,12952_20260119,5.75,3.5,20.0,-2.0,8
12952,12952_20260120,7.375,7.0,16.0,0.0,8
12952,12952_20260121,7.5,6.5,23.0,0.0,8
12952,12952_20260122,8.625,8.0,20.0,2.0,8
12952,12952_20260123,8.125,7.0,21.0,0.0,8
12952,12952_20260124,6.5,3.0,18.0,0.0,8
12952,12952_20260125,7.875,8.5,18.0,-4.0,8
12952,12952_20260126,8.125,7.0,22.0,1.0,8
12952,12952_20260127,17.625,17.0,31.0,3.0,8
12952,12952_20260128,6.625,5.5,24.0,0.0,8
12952,12952_20260129,9.625,8.0,25.0,1.0,8
12952,12952_20260130,7.625,6.0,26.0,0.0,8
12952,12952_20260131,25.5,28.0,40.0,1.0,8
12952,12952_20260201,7.375,7.0,22.0,0.0,8
12952,12952_20260202,5.875,7.0,14.0,-9.0,8
12952,12952_20260203,16.625,5.5,68.0,0.0,8
12952,12952_20260204,7.125,5.0,21.0,1.0,8
12952,12952_20260205,8.5,7.5,24.0,0.0,8
12952,12952_20260206,12.125,11.0,24.0,4.0,8
12952,12952_20260207,6.0,5.5,19.0,-3.0,8
12952,12952_20260208,13.0,13.5,24.0,1.0,8
12952,12952_20260209,5.875,5.5,19.0,-1.0,8
12952,12952_20260210,15.0,18.0,30.0,1.0,8
12952,12952_20260211,4.75,3.0,19.0,0.0,8
12952,12952_20260212,19.5,21.5,47.0,0.0,8
12952,12952_20260213,5.5,2.5,22.0,0.0,8
12952,12952_20260214,4.125,4.0,15.0,-6.0,8
12952,12952_20260215,9.75,9.0,20.0,1.0,8
12952,12952_20260216,3.875,1.5,15.0,0.0,8
12952,12952_20260217,16.5,18.0,28.0,0.0,8
12952,12952_20260218,12.5,14.0,24.0,-5.0,8
12952,12952_20260219,9.5,12.5,19.0,0.0,8
12952,12952_20260220,17.75,21.0,27.0,0.0,8
12952,12952_20260221,2.5,1.0,14.0,-3.0,8
12952,12952_20260222,8.375,7.0,25.0,3.0,8
12952,12952_20260223,2.625,0.5,15.0,-2.0,8
12952,12952_20260224,13.0,13.5,21.0,0.0,8
12952,12952_20260225,3.375,0.0,21.0,0.0,8
12952,12952_20260226,4.75,2.0,18.0,0.0,8
12952,12952_20260227,3.875,1.5,18.0,-1.0,8
12952,12952_20260228,7.125,8.0,17.0,-6.0,8
12952,12952_20260301,14.25,15.5,21.0,1.0,8
12952,12952_20260302,5.625,4.0,14.0,-2.0,8
12952,12952_20260303,4.875,1.5,21.0,0.0,8
12952,12952_20260304,3.5,1.0,16.0,-1.0,8
12952,12952_20260305,8.0,6.0,28.0,0.0,8
12952,12952_20260306,5.25,3.0,21.0,0.0,8
12952,12952_20260307,1.0,0.5,12.0,-8.0,8
12952,12952_20260308,2.125,1.0,8.0,0.0,8
12952,12952_20260309,15.75,19.5,27.0,-2.0,8
12952,12952_20260310,1.25,0.5,7.0,0.0,8
12952,12952_20260311,4.75,1.0,29.0,0.0,8
12952,12952_20260312,6.625,8.5,13.0,-2.0,8
12952,12952_20260313,6.375,6.0,17.0,-3.0,8
12952,12952_20260314,5.375,6.0,18.0,-9.0,8
12952,12952_20260315,8.0,5.0,20.0,-2.0,8
12952,12952_20260316,8.75,7.0,20.0,0.0,8
12952,12952_20260317,3.875,1.0,18.0,0.0,8
12952,12952_20260318,7.75,5.5,23.0,-3.0,8
12952,12952_20260319,7.625,7.5,21.0,0.0,8
12952,12952_20260320,4.375,1.5,17.0,0.0,8
12952,12952_20260321,25.75,22.0,50.0,3.0,8
12952,12952_20260322,33.375,36.5,46.0,0.0,8
12952,12952_20260323,5.5,4.0,17.0,0.0,8
12952,12952_20260324,21.375,25.0,36.0,0.0,8
12952,12952_20260325,12.5,13.0,22.0,0.0,8
12952,12952_20260326,14.75,10.0,35.0,0.0,8
12952,12952_20260327,6.75,3.0,28.0,1.0,8
12952,12952_20260328,7.375,5.0,25.0,0.0,8
12952,12952_20260329,9.625,9.0,24.0,0.0,8
12952,12952_20260330,4.625,3.0,22.0,-2.0,8
12952,12952_20260331,3.375,1.0,18.0,0.0,8
12952,12952_20260401,82.25,75.0,177.0,1.0,8
12952,12952_20260402,6.5,4.0,22.0,0.0,8
12952,12952_20260403,7.5,6.5,21.0,0.0,8
12952,12952_20260404,4.75,2.0,21.0,-1.0,8
12952,12952_20260405,7.125,8.0,13.0,0.0,8
12952,12952_20260406,2.0,0.5,15.0,-4.0,8
12952,12952_20260407,4.25,1.5,18.0,0.0,8
12952,12952_20260408,6.875,3.5,34.0,0.0,8
12952,12952_20260409,12.25,14.5,21.0,2.0,8
12952,12952_20260410,14.125,17.5,26.0,1.0,8
12952,12952_20260411,2.375,1.0,14.0,-5.0,8
12952,12952_20260412,5.625,3.5,23.0,0.0,8
12952,12952_20260413,6.875,3.5,24.0,0.0,8
12952,12952_20260414,3.625,0.5,19.0,0.0,8
12952,12952_20260415,4.625,2.0,23.0,0.0,8
12952,12952_20260416,6.375,3.0,27.0,0.0,8
12952,12952_20260417,229.75,209.0,466.0,1.0,8
12952,12952_20260418,4.375,3.5,16.0,-8.0,8
12952,12952_20260419,14.75,15.5,27.0,1.0,8
12952,12952_20260420,6.25,3.5,22.0,0.0,8
12952,12952_20260421,7.875,6.5,25.0,1.0,8
12952,12952_20260422,4.0,2.0,14.0,0.0,8
12952,12952_20260423,5.375,3.0,18.0,1.0,8
12952,12952_20260424,4.0,1.5,19.0,0.0,8
12952,12952_20260425,4.625,2.5,13.0,0.0,8
12952,12952_20260426,9.75,9.5,20.0,0.0,8
12952,12952_20260427,5.0,2.5,14.0,-3.0,8
12952,12952_20260428,6.25,6.5,16.0,-4.0,8
12952,12952_20260429,6.5,4.5,18.0,0.0,8
12952,12952_20260430,21.625,16.0,65.0,0.0,8
12952,12952_20260501,5.75,2.5,21.0,0.0,8
12952,12952_20260502,2.5,1.5,18.0,-5.0,8
12952,12952_20260503,4.25,2.0,21.0,0.0,8
12952,12952_20260504,2.375,0.5,16.0,-1.0,8
12952,12952_20260505,19.125,20.0,43.0,-2.0,8
12952,12952_20260506,5.75,3.5,19.0,0.0,8
12952,12952_20260507,8.0,7.0,30.0,0.0,8
12952,12952_20260508,9.375,9.5,22.0,0.0,8
12952,12952_20260509,2.75,1.0,15.0,-3.0,8
12952,12952_20260510,6.0,1.5,19.0,0.0,8
12952,12952_20260511,11.125,10.5,23.0,1.0,8
12952,12952_20260512,6.25,4.5,20.0,1.0,8
12952,12952_20260513,3.875,1.0,23.0,-2.0,8
12952,12952_20260514,8.75,8.5,21.0,0.0,8
12952,12952_20260515,5.375,5.5,18.0,-3.0,8
12952,12952_20260516,9.25,7.0,27.0,1.0,8
12952,12952_20260517,11.75,9.5,30.0,3.0,8
12952,12952_20260518,7.25,8.0,16.0,-5.0,8
12952,12952_20260519,5.375,1.5,27.0,0.0,8
12952,12952_20260520,8.125,3.0,33.0,0.0,8
12952,12952_20260521,6.75,4.0,20.0,0.0,8
12952,12952_20260522,7.375,4.5,28.0,0.0,8
12952,12952_20260523,4.875,2.5,23.0,-4.0,8
12952,12952_20260524,9.375,8.5,28.0,0.0,8
12952,12952_20260525,11.875,11.5,33.0,0.0,8
12952,12952_20260526,6.0,4.0,19.0,0.0,8
12952,12952_20260527,9.5,7.5,31.0,0.0,8
12952,12952_20260528,7.375,6.5,19.0,-1.0,8
12952,12952_20260529,6.5,4.5,21.0,0.0,8
12952,12952_20260530,37.75,37.0,68.0,2.0,8
12952,12952_20260531,11.375,10.0,25.0,5.0,8
12952,12952_20260601,7.875,6.5,24.0,1.0,8
12952,12952_20260602,5.875,0.5,26.0,0.0,8
12952,12952_20260603,2.625,1.0,15.0,-3.0,8
12952,12952_20260604,6.5,4.0,19.0,0.0,8
12952,12952_20260605,7.625,2.0,23.0,1.0,8
12952,12952_20260606,5.75,5.0,16.0,-4.0,8
12952,12952_20260607,12.625,11.0,28.0,0.0,8
12952,12952_20260608,5.875,4.5,22.0,-2.0,8
12952,12952_20260609,3.375,1.0,20.0,0.0,8
12952,12952_20260610,3.5,1.0,16.0,0.0,8
12952,12952_20260611,7.125,5.0,24.0,0.0,8
12952,12952_20260612,9.5,8.0,18.0,0.0,8
12952,12952_20260613,6.5,5.5,19.0,-5.0,8
12952,12952_20260614,13.0,7.0,41.0,0.0,8
12952,12952_20260615,5.625,5.0,19.0,-1.0,8
12952,12952_20260616,5.5,4.5,17.0,0.0,8
12952,12952_20260617,24.25,25.5,43.0,0.0,8
12952,12952_20260618,8.75,9.5,15.0,1.0,8
12952,12952_20260619,7.0,5.0,24.0,-1.0,8
12952,12952_20260620,6.875,6.5,18.0,0.0,8
12952,12952_20260621,13.875,14.0,27.0,1.0,8
12952,12952_20260622,7.375,5.5,19.0,0.0,8
12952,12952_20260623,7.0,1.0,26.0,0.0,8
12952,12952_20260624,12.125,10.5,24.0,0.0,8
12952,12952_20260625,8.75,6.0,21.0,2.0,8
12952,12952_20260626,4.25,2.5,15.0,0.0,8
12952,12952_20260627,4.5,2.5,20.0,-4.0,8
12952,12952_20260628,7.875,6.0,26.0,-1.0,8
12952,12952_20260629,8.25,6.5,22.0,0.0,8
12952,12952_20260630,10.25,9.5,19.0,0.0,8
12952,12952_20260701,9.5,9.5,28.0,0.0,8
12952,12952_20260702,9.625,10.0,26.0,0.0,8
12952,12952_20260703,5.875,2.0,22.0,0.0,8
12952,12952_20260704,27.375,31.5,38.0,0.0,8
12952,12952_20260705,239.375,14.5,933.0,0.0,8
12952,12952_20260706,45.75,30.5,119.0,1.0,8
12952,12952_20260707,458.625,463.0,530.0,362.0,8
12952,12952_20260708,811.5,813.0,850.0,756.0,8
12952,12952_20260709,15.5,16.5,27.0,0.0,8
12952,12952_20260710,8.125,6.5,24.0,0.0,8
12952,12952_20260711,5.0,6.0,19.0,-9.0,8
12952,12952_20260712,11.5,9.0,29.0,0.0,8
12952,12952_20260713,5.625,3.5,18.0,-4.0,8
12952,12952_20260714,7.5,4.0,27.0,0.0,8
12952,12952_20260715,7.875,7.0,20.0,-2.0,8
12952,12952_20260716,5.0,1.0,19.0,-1.0,8
12952,12952_20260717,5.25,2.5,23.0,0.0,8
12952,12952_20260718,10.5,12.5,18.0,-2.0,8
12952,12952_20260719,10.125,8.5,24.0,1.0,8
12952,12952_20260720,4.625,2.0,16.0,-1.0,8
12952,12952_20260721,10.875,10.0,25.0,0.0,8
12952,12952_20260722,373.375,64.5,1247.0,8.0,8
12952,12952_20260723,215.375,206.0,398.0,0.0,8
12952,12952_20260724,,,,,0
12952,12952_20260725,12.125,10.5,26.0,1.0,8
12952,12952_20260726,8.375,7.5,27.0,-3.0,8
12952,12952_20260727,25.875,23.5,53.0,0.0,8
12952,12952_20260728,6.5,4.0,21.0,2.0,8
12952,12952_20260729,10.5,9.0,28.0,1.0,8
12952,12952_20260730,10.625,8.0,29.0,1.0,8
12952,12952_20260731,22.125,22.5,32.0,0.0,8
12952,12952_20260801,6.0,4.0,19.0,0.0,8
12952,12952_20260802,11.25,8.5,32.0,1.0,8
12952,12952_20260803,6.375,6.5,18.0,-1.0,8
12952,12952_20260804,10.0,10.5,22.0,0.0,8
12952,12952_20260805,6.125,4.0,20.0,0.0,8
12952,12952_20260806,9.125,7.0,22.0,0.0,8
12952,12952_20260807,9.0,6.5,26.0,1.0,8
12952,12952_20260808,10.625,10.5,24.0,0.0,8
12952,12952_20260809,10.0,7.5,24.0,2.0,8
12952,12952_20260810,4.625,1.5,19.0,0.0,8
12952,12952_20260811,5.75,4.5,18.0,1.0,8
12952,12952_20260812,6.625,4.5,24.0,1.0,8
12952,12952_20260813,11.625,10.0,26.0,0.0,8
12952,12952_20260814,6.25,4.0,20.0,0.0,8
12952,12952_20260815,3.125,0.5,18.0,-3.0,8
12952,12952_20260816,6.75,4.5,21.0,2.0,8
12952,12952_20260817,6.0,4.5,21.0,-1.0,8
12952,12952_20260818,4.25,2.5,17.0,0.0,8
12952,12952_20260819,8.125,6.5,29.0,0.0,8
12952,12952_20260820,11.125,10.5,26.0,0.0,8
12952,12952_20260821,6.0,4.5,22.0,0.0,8
12952,12952_20260822,6.125,6.5,16.0,-7.0,8
12952,12952_20260823,6.375,6.0,18.0,0.0,8
12952,12952_20260824,7.625,8.5,17.0,-2.0,8
12952,12952_20260825,12.625,13.5,23.0,1.0,8
12952,12952_20260826,50.375,61.0,77.0,3.0,8
12952,12952_20260827,7.875,5.5,19.0,1.0,8
12952,12952_20260828,3.0,2.0,15.0,-3.0,8
12952,12952_20260829,3.125,2.5,13.0,-6.0,8
12952,12952_20260830,3.625,2.5,15.0,0.0,8
12952,12952_20260831,5.25,6.0,8.0,0.0,8
12952,12952_20260901,4.25,1.5,19.0,0.0,8
12952,12952_20260902,5.375,2.5,22.0,0.0,8
12952,12952_20260903,12.875,14.0,28.0,0.0,8
12952,12952_20260904,15.0,18.0,32.0,0.0,8
12952,12952_20260905,9.5,12.0,19.0,-4.0,8
12958,12958_20250905,10.3,7.5,33.0,-18.0,10
12958,12958_20250906,0.1,0.5,8.0,-22.0,10
12958,12958_20250907,-0.1,0.0,11.0,-32.0,10
12958,12958_20250908,4.5,2.0,20.0,-23.0,10
12958,12958_20250909,2.4,2.0,12.0,-22.0,10
12958,12958_20250910,-0.7,0.5,8.0,-31.0,10
12958,12958_20250911,22.6,25.5,48.0,-5.0,10
12958,12958_20250912,4.2,3.5,13.0,-7.0,10
12958,12958_20250913,3.0,1.5,12.0,-6.0,10
12958,12958_20250914,3.1,0.5,17.0,-17.0,10
12958,12958_20250915,5.7,7.5,20.0,-18.0,10
12958,12958_20250916,6.0,4.0,19.0,-2.0,10
12958,12958_20250917,0.8,1.0,13.0,-22.0,10
12958,12958_20250918,3.4,1.0,15.0,0.0,10
12958,12958_20250919,14.5,8.0,41.0,-17.0,10
12958,12958_20250920,0.0,1.5,9.0,-23.0,10
12958,12958_20250921,18.4,20.0,38.0,-7.0,10
12958,12958_20250922,-0.8,0.0,9.0,-24.0,10
12958,12958_20250923,2.0,1.5,17.0,-17.0,10
12958,12958_20250924,-2.1,0.0,4.0,-25.0,10
12958,12958_20250925,4.1,2.0,24.0,-17.0,10
12958,12958_20250926,3.3,1.5,18.0,-25.0,10
12958,12958_20250927,1.0,2.0,14.0,-26.0,10
12958,12958_20250928,37.8,45.5,59.0,0.0,10
12958,12958_20250929,1.0,1.5,12.0,-26.0,10
12958,12958_20250930,5.3,2.5,27.0,-25.0,10
12958,12958_20251001,-1.1,0.0,12.0,-28.0,10
12958,12958_20251002,4.7,6.0,13.0,-14.0,10
12958,12958_20251003,0.7,1.5,13.0,-25.0,10
12958,12958_20251004,-0.1,1.0,14.0,-26.0,10
12958,12958_20251005,29.4,29.5,67.0,1.0,10
12958,12958_20251006,3.3,3.5,25.0,-26.0,10
12958,12958_20251007,4.1,2.0,15.0,0.0,10
12958,12958_20251008,4.0,4.5,19.0,-22.0,10
12958,12958_20251009,-1.2,1.0,7.0,-26.0,10
12958,12958_20251010,-0.7,0.5,11.0,-23.0,10
12958,12958_20251011,1.4,2.0,17.0,-25.0,10
12958,12958_20251012,2.2,2.0,20.0,-27.0,10
12958,12958_20251013,0.2,2.5,8.0,-24.0,10
12958,12958_20251014,3.4,1.0,15.0,-6.0,10
12958,12958_20251015,2.3,1.5,15.0,-14.0,10
12958,12958_20251016,0.1,1.0,15.0,-24.0,10
12958,12958_20251017,1.5,2.0,13.0,-15.0,10
12958,12958_20251018,-0.3,2.0,7.0,-22.0,10
12958,12958_20251019,2.3,3.0,15.0,-22.0,10
12958,12958_20251020,4.6,2.5,27.0,-26.0,10
12958,12958_20251021,-0.1,1.5,7.0,-21.0,10
12958,12958_20251022,-1.0,0.5,6.0,-23.0,10
12958,12958_20251023,3.3,3.5,15.0,-21.0,10
12958,12958_20251024,1.8,1.5,18.0,-26.0,10
12958,12958_20251025,2.1,2.5,21.0,-24.0,10
12958,12958_20251026,1.2,4.0,8.0,-19.0,10
12958,12958_20251027,1.9,2.0,12.0,-26.0,10
12958,12958_20251028,0.5,0.5,6.0,-14.0,10
12958,12958_20251029,0.0,1.5,10.0,-26.0,10
12958,12958_20251030,-0.9,0.5,8.0,-28.0,10
12958,12958_20251031,1.5,1.0,14.0,-25.0,10
12958,12958_20251101,2.8,1.5,15.0,-18.0,10
12958,12958_20251102,0.2,0.5,13.0,-28.0,10
12958,12958_20251103,4.6,3.5,18.0,-6.0,10
12958,12958_20251104,6.4,2.0,22.0,-17.0,10
12958,12958_20251105,-0.5,0.0,2.0,-11.0,10
12958,12958_20251106,2.4,3.0,11.0,-13.0,10
12958,12958_20251107,6.3,3.5,23.0,-24.0,10
12958,12958_20251108,2.0,0.0,12.0,-11.0,10
12958,12958_20251109,9.8,12.0,28.0,-18.0,10
12958,12958_20251110,4.7,4.5,19.0,-5.0,10
12958,12958_20251111,-0.9,1.0,8.0,-27.0,10
12958,12958_20251112,0.5,0.5,9.0,-24.0,10
12958,12958_20251113,3.4,2.5,17.0,-26.0,10
12958,12958_20251114,3.1,2.5,20.0,-25.0,10
12958,12958_20251115,8.2,2.0,25.0,-7.0,10
12958,12958_20251116,5.0,4.0,28.0,-23.0,10
12958,12958_20251117,1.5,1.5,12.0,-10.0,10
12958,12958_20251118,4.8,3.0,23.0,-23.0,10
12958,12958_20251119,3.8,4.0,17.0,-20.0,10
12958,12958_20251120,8.9,7.5,20.0,0.0,10
12958,12958_20251121,-0.8,0.5,9.0,-27.0,10
12958,12958_20251122,-0.5,0.0,12.0,-24.0,10
12958,12958_20251123,3.3,5.5,16.0,-17.0,10
12958,12958_20251124,0.1,0.5,12.0,-23.0,10
12958,12958_20251125,-0.8,0.5,11.0,-26.0,10
12958,12958_20251126,-0.7,0.0,9.0,-19.0,10
12958,12958_20251127,-1.2,1.0,10.0,-29.0,10
12958,12958_20251128,1.1,0.5,10.0,-17.0,10
12958,12958_20251129,2.5,3.5,13.0,-23.0,10
12958,12958_20251130,6.2,6.0,29.0,-21.0,10
12958,12958_20251201,1.4,2.5,15.0,-19.0,10
12958,12958_20251202,2.0,1.5,13.0,-17.0,10
12958,12958_20251203,10.3,8.0,28.0,-3.0,10
12958,12958_20251204,2.4,1.0,12.0,-13.0,10
12958,12958_20251205,-0.2,1.0,11.0,-25.0,10
12958,12958_20251206,2.0,1.5,12.0,-23.0,10
12958,12958_20251207,4.0,4.5,13.0,-15.0,10
12958,12958_20251208,0.8,1.5,15.0,-20.0,10
12958,12958_20251209,-0.7,0.0,10.0,-19.0,10
12958,12958_20251210,-0.1,1.0,10.0,-24.0,10
12958,12958_20251211,4.7,1.5,18.0,-16.0,10
12958,12958_20251212,44.3,55.5,90.0,0.0,10
12958,12958_20251213,1.4,1.0,20.0,-27.0,10
12958,12958_20251214,4.1,6.5,21.0,-28.0,10
12958,12958_20251215,2.3,3.0,15.0,-25.0,10
12958,12958_20251216,10.7,7.0,33.0,-18.0,10
12958,12958_20251217,3.4,1.5,18.0,-23.0,10
12958,12958_20251218,30.9,33.5,54.0,2.0,10
12958,12958_20251219,31.4,37.0,60.0,0.0,10
12958,12958_20251220,75.2,90.5,118.0,17.0,10
12958,12958_20251221,40.2,50.0,81.0,0.0,10
12958,12958_20251222,6.0,4.0,26.0,-19.0,10
12958,12958_20251223,1.0,2.0,13.0,-26.0,10
12958,12958_20251224,98.0,104.0,135.0,8.0,10
12958,12958_20251225,17.5,17.5,41.0,-13.0,10
12958,12958_20251226,7.8,6.0,23.0,-19.0,10
12958,12958_20251227,7.1,4.0,25.0,-27.0,10
12958,12958_20251228,21.7,19.5,40.0,0.0,10
12958,12958_20251229,61.4,74.5,103.0,0.0,10
12958,12958_20251230,28.0,33.0,55.0,0.0,10
12958,12958_20251231,8.6,4.0,25.0,-12.0,10
12958,12958_20260101,10.3,2.5,40.0,-12.0,10
12958,12958_20260102,3.1,6.0,11.0,-19.0,10
12958,12958_20260103,20.2,19.5,47.0,0.0,10
12958,12958_20260104,19.7,20.0,41.0,-2.0,10
12958,12958_20260105,41.0,44.0,79.0,1.0,10
12958,12958_20260106,70.5,80.5,117.0,22.0,10
12958,12958_20260107,35.0,43.5,66.0,0.0,10
12958,12958_20260108,21.0,24.0,44.0,-10.0,10
12958,12958_20260109,49.6,51.0,84.0,13.0,10
12958,12958_20260110,19.9,20.5,41.0,-10.0,10
12958,12958_20260111,4.6,6.5,16.0,-24.0,10
12958,12958_20260112,14.7,11.5,33.0,-14.0,10
12958,12958_20260113,2.0,7.0,10.0,-30.0,10
12958,12958_20260114,6.1,6.0,24.0,-19.0,10
12958,12958_20260115,9.8,8.0,23.0,-9.0,10
12958,12958_20260116,7.9,9.5,23.0,-23.0,10
12958,12958_20260117,7.2,5.0,20.0,-18.0,10
12958,12958_20260118,3.8,8.0,12.0,-25.0,10
12958,12958_20260119,3.3,7.0,12.0,-22.0,10
12958,12958_20260120,4.9,3.5,19.0,-19.0,10
12958,12958_20260121,9.4,8.5,23.0,-9.0,10
12958,12958_20260122,6.6,5.5,19.0,-15.0,10
12958,12958_20260123,7.5,12.0,18.0,-23.0,10
12958,12958_20260124,4.2,5.0,20.0,-29.0,10
12958,12958_20260125,3.5,6.5,16.0,-27.0,10
12958,12958_20260126,5.8,7.5,20.0,-17.0,10
12958,12958_20260127,3.8,5.5,16.0,-18.0,10
12958,12958_20260128,0.8,1.5,16.0,-32.0,10
12958,12958_20260129,41.4,36.5,73.0,6.0,10
12958,12958_20260130,17.7,17.5,35.0,-13.0,10
12958,12958_20260131,9.2,10.0,26.0,-30.0,10
12958,12958_20260201,28.7,31.5,52.0,1.0,10
12958,12958_20260202,45.6,57.5,80.0,0.0,10
12958,12958_20260203,13.7,16.0,23.0,-11.0,10
12958,12958_20260204,11.9,14.0,30.0,-19.0,10
12958,12958_20260205,9.8,7.5,24.0,-11.0,10
12958,12958_20260206,7.3,4.5,25.0,-19.0,10
12958,12958_20260207,5.1,4.0,18.0,-7.0,10
12958,12958_20260208,6.1,7.5,20.0,-22.0,10
12958,12958_20260209,7.3,5.0,20.0,-13.0,10
12958,12958_20260210,1.2,1.5,12.0,-24.0,10
12958,12958_20260211,2.7,3.5,17.0,-20.0,10
12958,12958_20260212,1.5,3.0,12.0,-25.0,10
12958,12958_20260213,16.7,20.0,34.0,-6.0,10
12958,12958_20260214,5.5,6.0,18.0,-25.0,10
12958,12958_20260215,4.1,6.0,20.0,-27.0,10
12958,12958_20260216,1.3,2.0,9.0,-20.0,10
12958,12958_20260217,4.6,6.0,12.0,-9.0,10
12958,12958_20260218,4.3,5.0,15.0,-17.0,10
12958,12958_20260219,5.3,5.0,19.0,-18.0,10
12958,12958_20260220,20.8,18.0,45.0,1.0,10
12958,12958_20260221,0.1,1.5,8.0,-23.0,10
12958,12958_20260222,21.0,21.0,39.0,-7.0,10
12958,12958_20260223,12.8,11.5,35.0,-16.0,10
12958,12958_20260224,32.7,38.0,56.0,2.0,10
12958,12958_20260225,4.5,4.0,20.0,-22.0,10
12958,12958_20260226,1.2,0.5,7.0,-12.0,10
12958,12958_20260227,8.0,7.0,22.0,-19.0,10
12958,12958_20260228,4.4,3.5,19.0,-23.0,10
12958,12958_20260301,2.8,5.0,14.0,-24.0,10
12958,12958_20260302,2.2,2.5,11.0,-13.0,10
12958,12958_20260303,2.8,4.0,15.0,-25.0,10
12958,12958_20260304,0.0,0.0,10.0,-27.0,10
12958,12958_20260305,0.3,0.5,7.0,-16.0,10
12958,12958_20260306,2.4,2.5,15.0,-24.0,10
12958,12958_20260307,3.7,4.0,16.0,-14.0,10
12958,12958_20260308,5.4,8.5,20.0,-16.0,10
12958,12958_20260309,3.0,4.0,17.0,-22.0,10
12958,12958_20260310,-0.6,0.0,9.0,-19.0,10
12958,12958_20260311,-0.2,0.5,7.0,-17.0,10
12958,12958_20260312,1.3,0.5,14.0,-19.0,10
12958,12958_20260313,0.0,1.0,8.0,-21.0,10
12958,12958_20260314,-1.8,0.0,2.0,-21.0,10
12958,12958_20260315,0.0,0.0,12.0,-22.0,10
12958,12958_20260316,6.3,8.0,26.0,-17.0,10
12958,12958_20260317,-1.3,0.0,6.0,-24.0,10
12958,12958_20260318,-0.8,0.0,6.0,-20.0,10
12958,12958_20260319,7.9,6.0,22.0,0.0,10
12958,12958_20260320,3.0,2.0,16.0,-24.0,10
12958,12958_20260321,2.6,2.0,14.0,-19.0,10
12958,12958_20260322,2.2,4.0,12.0,-24.0,10
12958,12958_20260323,7.7,12.0,20.0,-21.0,10
12958,12958_20260324,0.6,1.0,13.0,-25.0,10
12958,12958_20260325,1.2,2.5,8.0,-20.0,10
12958,12958_20260326,0.8,1.5,12.0,-29.0,10
12958,12958_20260327,0.0,1.0,11.0,-34.0,10
12958,12958_20260328,5.0,0.0,32.0,0.0,10
12958,12958_20260329,1.1,2.0,12.0,-28.0,10
12958,12958_20260330,0.8,1.0,11.0,-26.0,10
12958,12958_20260331,11.8,12.0,33.0,-21.0,10
12958,12958_20260401,-1.4,0.5,4.0,-24.0,10
12958,12958_20260402,11.1,17.0,25.0,-28.0,10
12958,12958_20260403,-1.4,0.5,5.0,-25.0,10
12958,12958_20260404,-0.1,0.0,11.0,-29.0,10
12958,12958_20260405,0.4,0.5,10.0,-24.0,10
12958,12958_20260406,5.4,4.5,25.0,-16.0,10
12958,12958_20260407,3.3,4.5,17.0,-28.0,10
12958,12958_20260408,-2.1,0.0,4.0,-29.0,10
12958,12958_20260409,1.2,2.0,11.0,-23.0,10
12958,12958_20260410,7.3,3.0,24.0,-5.0,10
12958,12958_20260411,-0.9,0.5,8.0,-29.0,10
12958,12958_20260412,-0.5,1.0,10.0,-27.0,10
12958,12958_20260413,4.2,4.5,15.0,-5.0,10
12958,12958_20260414,0.3,0.5,10.0,-19.0,10
12958,12958_20260415,-0.9,0.5,10.0,-30.0,10
12958,12958_20260416,7.1,7.0,21.0,-20.0,10
12958,12958_20260417,18.1,19.5,30.0,-14.0,10
12958,12958_20260418,1.5,2.0,11.0,-27.0,10
12958,12958_20260419,3.1,5.5,17.0,-32.0,10
12958,12958_20260420,1.0,3.5,11.0,-21.0,10
12958,12958_20260421,1.2,2.5,10.0,-21.0,10
12958,12958_20260422,2.3,4.0,16.0,-25.0,10
12958,12958_20260423,0.7,2.5,7.0,-21.0,10
12958,12958_20260424,11.0,12.0,26.0,-5.0,10
12958,12958_20260425,-2.0,0.5,3.0,-28.0,10
12958,12958_20260426,13.7,15.0,34.0,-20.0,10
12958,12958_20260427,1.7,2.0,11.0,-18.0,10
12958,12958_20260428,-0.1,1.0,8.0,-21.0,10
12958,12958_20260429,0.3,2.5,8.0,-31.0,10
12958,12958_20260430,-0.2,1.0,9.0,-24.0,10
12958,12958_20260501,0.7,2.0,12.0,-31.0,10
12958,12958_20260502,0.8,2.5,15.0,-34.0,10
12958,12958_20260503,2.4,5.0,15.0,-30.0,10
12958,12958_20260504,8.3,10.0,18.0,-15.0,10
12958,12958_20260505,2.8,1.0,11.0,-13.0,10
12958,12958_20260506,-1.4,0.0,4.0,-23.0,10
12958,12958_20260507,7.0,6.0,21.0,-8.0,10
12958,12958_20260508,6.8,8.0,19.0,-21.0,10
12958,12958_20260509,3.1,2.0,17.0,-28.0,10
12958,12958_20260510,22.7,27.0,42.0,-6.0,10
12958,12958_20260511,17.4,24.0,34.0,-6.0,10
12958,12958_20260512,31.1,38.5,56.0,0.0,10
12958,12958_20260513,18.4,22.5,44.0,-11.0,10
12958,12958_20260514,11.6,12.5,25.0,-9.0,10
12958,12958_20260515,4.6,3.5,18.0,-27.0,10
12958,12958_20260516,7.8,10.5,24.0,-18.0,10
12958,12958_20260517,8.8,10.5,18.0,-8.0,10
12958,12958_20260518,2.4,2.5,17.0,-31.0,10
12958,12958_20260519,4.1,6.0,15.0,-27.0,10
12958,12958_20260520,7.0,7.0,22.0,-16.0,10
12958,12958_20260521,4.2,5.0,18.0,-9.0,10
12958,12958_20260522,51.1,61.0,74.0,0.0,10
12958,12958_20260523,4.2,2.0,23.0,-30.0,10
12958,12958_20260524,6.5,8.5,17.0,-17.0,10
12958,12958_20260525,1.9,1.0,17.0,-27.0,10
12958,12958_20260526,4.8,9.0,18.0,-26.0,10
12958,12958_20260527,0.9,2.0,12.0,-27.0,10
12958,12958_20260528,1.6,3.5,11.0,-29.0,10
12958,12958_20260529,14.1,10.5,37.0,-4.0,10
12958,12958_20260530,20.6,22.0,46.0,-11.0,10
12958,12958_20260531,4.3,8.0,16.0,-31.0,10
12958,12958_20260601,8.3,10.0,28.0,-19.0,10
12958,12958_20260602,-0.2,0.0,6.0,-15.0,10
12958,12958_20260603,0.5,0.5,13.0,-31.0,10
12958,12958_20260604,2.8,2.0,16.0,-30.0,10
12958,12958_20260605,5.0,10.0,16.0,-36.0,10
12958,12958_20260606,-0.8,1.0,10.0,-32.0,10
12958,12958_20260607,15.9,18.0,34.0,-6.0,10
12958,12958_20260608,9.1,10.5,22.0,-20.0,10
12958,12958_20260609,12.8,15.5,29.0,-5.0,10
12958,12958_20260610,1.9,3.0,16.0,-33.0,10
12958,12958_20260611,-0.7,1.0,9.0,-33.0,10
12958,12958_20260612,9.6,13.0,25.0,-20.0,10
12958,12958_20260613,12.8,17.5,26.0,-11.0,10
12958,12958_20260614,14.6,14.0,32.0,-24.0,10
12958,12958_20260615,-1.0,2.0,7.0,-35.0,10
12958,12958_20260616,0.2,1.0,13.0,-30.0,10
12958,12958_20260617,5.2,9.0,18.0,-35.0,10
12958,12958_20260618,1.6,3.0,16.0,-35.0,10
12958,12958_20260619,5.8,5.5,20.0,-31.0,10
12958,12958_20260620,8.8,12.5,22.0,-20.0,10
12958,12958_20260621,4.0,7.0,14.0,-21.0,10
12958,12958_20260622,10.6,10.5,26.0,-4.0,10
12958,12958_20260623,1.2,4.5,10.0,-36.0,10
12958,12958_20260624,2.9,5.5,13.0,-30.0,10
12958,12958_20260625,0.2,2.5,13.0,-36.0,10
12958,12958_20260626,2.2,6.0,9.0,-30.0,10
12958,12958_20260627,1.2,3.0,12.0,-37.0,10
12958,12958_20260628,6.1,6.0,21.0,-30.0,10
12958,12958_20260629,9.2,8.5,23.0,-7.0,10
12958,12958_20260630,0.7,3.0,11.0,-36.0,10
12958,12958_20260701,-0.5,3.0,10.0,-39.0,10
12958,12958_20260702,3.4,4.0,14.0,-26.0,10
12958,12958_20260703,5.3,7.5,18.0,-31.0,10
12958,12958_20260704,6.5,10.5,20.0,-15.0,10
12958,12958_20260705,6.6,8.5,19.0,-18.0,10
12958,12958_20260706,-0.1,4.5,7.0,-39.0,10
12958,12958_20260707,-1.6,1.5,9.0,-39.0,10
12958,12958_20260708,0.9,3.5,9.0,-32.0,10
12958,12958_20260709,-1.5,1.5,8.0,-38.0,10
12958,12958_20260710,7.7,5.0,26.0,-24.0,10
12958,12958_20260711,8.5,10.0,26.0,-33.0,10
12958,12958_20260712,9.0,9.0,23.0,-24.0,10
12958,12958_20260713,2.8,2.0,15.0,-32.0,10
12958,12958_20260714,3.4,6.5,13.0,-34.0,10
12958,12958_20260715,8.0,7.5,30.0,-20.0,10
12958,12958_20260716,6.1,8.0,19.0,-22.0,10
12958,12958_20260717,3.9,6.0,12.0,-21.0,10
12958,12958_20260718,0.3,0.5,8.0,-22.0,10
12958,12958_20260719,0.7,4.5,11.0,-39.0,10
12958,12958_20260720,4.9,8.5,17.0,-32.0,10
12958,12958_20260721,5.0,6.5,19.0,-27.0,10
12958,12958_20260722,4.5,4.5,20.0,-29.0,10
12958,12958_20260723,1.6,2.5,13.0,-27.0,10
12958,12958_20260724,15.5,18.0,33.0,-4.0,10
12958,12958_20260725,-0.8,1.5,9.0,-40.0,10
12958,12958_20260726,14.4,20.5,27.0,-15.0,10
12958,12958_20260727,11.8,15.0,24.0,-25.0,10
12958,12958_20260728,4.4,3.0,17.0,-25.0,10
12958,12958_20260729,-1.1,1.0,11.0,-40.0,10
12958,12958_20260730,-0.5,0.5,9.0,-33.0,10
12958,12958_20260731,3.7,3.0,15.0,-27.0,10
12958,12958_20260801,1.0,2.5,13.0,-37.0,10
12958,12958_20260802,0.5,4.0,10.0,-36.0,10
12958,12958_20260803,-0.8,2.0,10.0,-37.0,10
12958,12958_20260804,10.1,13.5,31.0,-22.0,10
12958,12958_20260805,9.2,11.5,24.0,-16.0,10
12958,12958_20260806,53.8,60.0,108.0,0.0,10
12958,12958_20260807,7.5,11.0,24.0,-28.0,10
12958,12958_20260808,-1.5,1.5,6.0,-36.0,10
12958,12958_20260809,6.4,9.0,17.0,-28.0,10
12958,12958_20260810,3.1,4.0,15.0,-23.0,10
12958,12958_20260811,5.1,7.0,15.0,-17.0,10
12958,12958_20260812,-2.0,1.0,4.0,-37.0,10
12958,12958_20260813,6.7,7.0,16.0,-13.0,10
12958,12958_20260814,7.7,8.5,23.0,-18.0,10
12958,12958_20260815,3.4,1.5,22.0,-36.0,10
12958,12958_20260816,3.3,6.5,15.0,-25.0,10
12958,12958_20260817,0.9,3.5,11.0,-33.0,10
12958,12958_20260818,1.2,1.5,16.0,-33.0,10
12958,12958_20260819,2.6,3.5,23.0,-35.0,10
12958,12958_20260820,8.3,9.0,20.0,-6.0,10
12958,12958_20260821,88.9,91.5,106.0,55.0,10
12958,12958_20260822,15.7,19.0,38.0,-9.0,10
12958,12958_20260823,7.6,10.5,19.0,-23.0,10
12958,12958_20260824,6.9,7.5,17.0,-17.0,10
12958,12958_20260825,2.2,5.0,14.0,-39.0,10
12958,12958_20260826,0.7,1.0,13.0,-35.0,10
12958,12958_20260827,5.8,9.0,19.0,-30.0,10
12958,12958_20260828,2.9,3.0,19.0,-32.0,10
12958,12958_20260829,4.4,5.5,22.0,-33.0,10
12958,12958_20260830,2.5,5.5,18.0,-38.0,10
12958,12958_20260831,-1.4,1.5,11.0,-38.0,10
12958,12958_20260901,0.9,1.5,14.0,-35.0,10
12958,12958_20260902,0.7,1.5,22.0,-39.0,10
12958,12958_20260903,3.8,2.5,18.0,-34.0,10
12958,12958_20260904,16.9,20.5,34.0,-7.0,10
14310,14310_20250909,11.551724137931034,2.0,86.0,-47.0,29
14310,14310_20250910,9.689655172413794,7.0,73.0,-45.0,29
14310,14310_20250916,13.413793103448276,9.0,72.0,-44.0,29
14310,14310_20250917,23.482758620689655,21.0,78.0,0.0,29
14310,14310_20250923,13.310344827586206,10.0,72.0,-40.0,29
14310,14310_20250924,25.620689655172413,9.0,122.0,-35.0,29
14310,14310_20250930,23.724137931034484,14.0,97.0,-44.0,29
14310,14310_20251001,20.724137931034484,19.0,73.0,-35.0,29
14310,14310_20251007,10.0,6.0,69.0,-30.0,29
14310,14310_20251008,65.48275862068965,48.0,193.0,0.0,29
14310,14310_20251014,29.620689655172413,15.0,92.0,0.0,29
14310,14310_20251015,11.793103448275861,6.0,74.0,-2.0,29
14310,14310_20251021,16.310344827586206,15.0,81.0,-27.0,29
14310,14310_20251022,37.793103448275865,15.0,126.0,-31.0,29
14310,14310_20251028,12.0,4.0,82.0,-43.0,29
14310,14310_20251029,20.517241379310345,9.0,86.0,-18.0,29
14310,14310_20251104,13.275862068965518,6.0,75.0,-14.0,29
14310,14310_20251105,8.586206896551724,4.0,71.0,-45.0,29
14310,14310_20251111,11.655172413793103,9.0,80.0,-32.0,29
14310,14310_20251112,24.103448275862068,13.0,86.0,-16.0,29
14310,14310_20251118,16.551724137931036,12.0,86.0,-19.0,29
14310,14310_20251119,15.586206896551724,13.0,42.0,-12.0,29
14310,14310_20251125,19.379310344827587,4.0,99.0,-33.0,29
14310,14310_20251126,21.75862068965517,19.0,68.0,-21.0,29
14310,14310_20251202,26.896551724137932,26.0,67.0,-35.0,29
14310,14310_20251203,22.79310344827586,10.0,102.0,-12.0,29
14310,14310_20251209,80.03448275862068,92.0,182.0,1.0,29
14310,14310_20251210,18.79310344827586,8.0,95.0,-41.0,29
14310,14310_20251216,97.48275862068965,100.0,185.0,0.0,29
14310,14310_20251217,86.10344827586206,86.0,189.0,0.0,29
14310,14310_20251223,25.689655172413794,28.0,74.0,-35.0,29
14310,14310_20251224,12.413793103448276,11.0,75.0,-20.0,29
14310,14310_20251230,33.13793103448276,28.0,97.0,-25.0,29
14310,14310_20251231,142.17241379310346,149.0,303.0,0.0,29
14310,14310_20260106,23.689655172413794,21.0,92.0,-39.0,29
14310,14310_20260107,40.55172413793103,48.0,104.0,-32.0,29
14310,14310_20260113,99.06896551724138,97.0,231.0,0.0,29
14310,14310_20260114,72.10344827586206,63.0,196.0,0.0,29
14310,14310_20260120,20.896551724137932,19.0,77.0,-41.0,29
14310,14310_20260121,85.89655172413794,75.0,228.0,0.0,29
14310,14310_20260127,78.75862068965517,66.0,213.0,1.0,29
14310,14310_20260128,20.517241379310345,8.0,114.0,-18.0,29
14310,14310_20260203,91.20689655172414,75.0,231.0,0.0,29
14310,14310_20260204,92.17241379310344,80.0,218.0,0.0,29
14310,14310_20260210,11.137931034482758,8.0,75.0,-27.0,29
14310,14310_20260211,11.068965517241379,6.0,71.0,-36.0,29
14310,14310_20260217,152.13793103448276,180.0,309.0,0.0,29
14310,14310_20260218,75.06666666666666,77.5,185.0,0.0,30
14310,14310_20260224,12.4,10.0,67.0,-30.0,30
14310,14310_20260225,10.9,7.0,68.0,-39.0,30
14310,14310_20260303,8.966666666666667,4.5,73.0,-37.0,30
14310,14310_20260304,12.8,12.0,75.0,-30.0,30
14310,14310_20260310,17.666666666666668,8.0,88.0,-27.0,30
14310,14310_20260311,115.66666666666667,110.5,251.0,0.0,30
14310,14310_20260317,11.466666666666667,6.0,71.0,-36.0,30
14310,14310_20260318,22.233333333333334,13.5,101.0,-31.0,30
14310,14310_20260324,12.566666666666666,6.5,73.0,-43.0,30
14310,14310_20260325,12.833333333333334,10.5,74.0,-19.0,30
14310,14310_20260331,9.033333333333333,4.0,68.0,-21.0,30
14310,14310_20260401,8.866666666666667,5.5,74.0,-30.0,30
14310,14310_20260407,10.366666666666667,4.0,75.0,-43.0,30
14310,14310_20260408,9.9,2.5,80.0,-35.0,30
14310,14310_20260414,31.233333333333334,26.0,105.0,-26.0,30
14310,14310_20260415,15.1,9.5,92.0,-35.0,30
14310,14310_20260421,11.866666666666667,5.0,74.0,-38.0,30
14310,14310_20260422,21.466666666666665,19.0,77.0,-10.0,30
14310,14310_20260428,7.066666666666666,4.0,46.0,-40.0,30
14310,14310_20260429,7.566666666666666,3.5,71.0,-17.0,30
14310,14310_20260505,8.8,2.0,73.0,-14.0,30
14310,14310_20260506,10.333333333333334,6.5,74.0,-9.0,30
14310,14310_20260512,8.7,5.5,68.0,-32.0,30
14310,14310_20260513,9.433333333333334,4.5,68.0,-37.0,30
14310,14310_20260519,352.23333333333335,362.5,410.0,260.0,30
14310,14310_20260520,993.4333333333333,992.0,1082.0,935.0,30
14310,14310_20260526,17.3,15.0,84.0,-30.0,30
14310,14310_20260527,6.933333333333334,1.0,73.0,-35.0,30
14310,14310_20260602,14.166666666666666,7.0,75.0,-43.0,30
14310,14310_20260603,126.0,156.5,280.0,1.0,30
14310,14310_20260609,13.066666666666666,7.5,73.0,-23.0,30
14310,14310_20260610,20.866666666666667,12.0,138.0,0.0,30
14310,14310_20260616,19.3,13.5,80.0,-41.0,30
14310,14310_20260617,148.16666666666666,187.5,310.0,0.0,30
14310,14310_20260623,14.433333333333334,7.5,78.0,-26.0,30
14310,14310_20260624,138.8,133.0,304.0,0.0,30
14310,14310_20260630,18.166666666666668,7.0,93.0,-33.0,30
14310,14310_20260701,19.966666666666665,16.5,81.0,-17.0,30
14310,14310_20260707,17.733333333333334,9.0,98.0,-41.0,30
14310,14310_20260708,16.0,8.5,71.0,-15.0,30
14310,14310_20260714,38.53333333333333,12.5,152.0,0.0,30
14310,14310_20260715,17.7,11.5,102.0,-36.0,30
14310,14310_20260721,160.75,161.0,317.0,0.0,24
14310,14310_20260722,115.93333333333334,111.0,265.0,0.0,30
14310,14310_20260728,37.06666666666667,32.0,133.0,-30.0,30
14310,14310_20260729,97.43333333333334,113.0,195.0,0.0,30
14310,14310_20260804,137.72727272727272,157.0,242.0,2.0,33
14310,14310_20260805,154.0909090909091,169.0,321.0,1.0,33
14310,14310_20260811,17.515151515151516,8.0,95.0,-27.0,33
14310,14310_20260812,21.12121212121212,10.0,94.0,-25.0,33
14310,14310_20260818,13.161290322580646,9.0,85.0,-33.0,31
14310,14310_20260819,11.258064516129032,6.0,74.0,-21.0,31
14310,14310_20260825,26.466666666666665,15.0,101.0,-36.0,30
14310,14310_20260826,9.233333333333333,2.5,70.0,-30.0,30
14310,14310_20260901,26.741935483870968,18.0,103.0,-29.0,31
14310,14310_20260902,20.483870967741936,16.0,70.0,-37.0,31
20807,20807_20250905,47.229166666666664,41.0,111.0,-2.0,48
20807,20807_20250906,45.4375,34.5,113.0,0.0,48
20807,20807_20250909,140.33333333333334,129.5,298.0,0.0,48
20807,20807_20250912,52.3125,43.0,153.0,-2.0,48
20807,20807_20250913,70.5625,66.5,150.0,0.0,48
20807,20807_20250916,126.77083333333333,150.5,215.0,0.0,48
20807,20807_20250919,131.25,145.0,231.0,0.0,48
20807,20807_20250920,280.3958333333333,318.0,553.0,1.0,48
20807,20807_20250923,209.10416666666666,247.0,369.0,2.0,48
20807,20807_20250926,156.8125,201.5,280.0,9.0,48
20807,20807_20250927,77.27083333333333,73.5,149.0,8.0,48
20807,20807_20250930,82.14583333333333,86.0,154.0,8.0,48
20807,20807_20251003,146.41666666666666,169.5,250.0,4.0,48
20807,20807_20251004,38.270833333333336,20.5,107.0,0.0,48
20807,20807_20251007,84.44897959183673,80.0,178.0,0.0,49
20807,20807_20251010,24.346938775510203,20.0,68.0,0.0,49
20807,20807_20251011,54.06122448979592,45.0,134.0,-12.0,49
20807,20807_20251014,84.95918367346938,92.0,146.0,2.0,49
20807,20807_20251017,49.673469387755105,45.0,145.0,0.0,49
20807,20807_20251018,54.6530612244898,46.0,119.0,-6.0,49
20807,20807_20251021,80.93877551020408,21.0,326.0,0.0,49
20807,20807_20251024,87.83673469387755,67.0,182.0,0.0,49
20807,20807_20251025,62.53061224489796,71.0,127.0,0.0,49
20807,20807_20251028,154.57142857142858,158.0,296.0,7.0,49
20807,20807_20251031,101.93877551020408,94.0,188.0,19.0,49
20807,20807_20251101,55.673469387755105,54.0,126.0,-26.0,49
20807,20807_20251104,203.46938775510205,283.0,376.0,3.0,49
20807,20807_20251107,67.12244897959184,79.0,162.0,2.0,49
20807,20807_20251108,124.75,167.5,252.0,1.0,48
20807,20807_20251111,251.6875,320.5,449.0,0.0,48
20807,20807_20251114,63.0625,59.5,137.0,-7.0,48
20807,20807_20251115,121.10416666666667,140.0,226.0,1.0,48
20807,20807_20251118,97.47916666666667,81.0,199.0,0.0,48
20807,20807_20251121,64.1875,52.5,135.0,0.0,48
20807,20807_20251122,57.541666666666664,50.0,125.0,0.0,48
20807,20807_20251125,75.47916666666667,78.0,168.0,1.0,48
20807,20807_20251128,75.25,82.5,134.0,0.0,48
20807,20807_20251129,146.20833333333334,170.5,270.0,0.0,48
20807,20807_20251202,207.89583333333334,297.5,392.0,4.0,48
20807,20807_20251205,92.875,94.5,280.0,0.0,48
20807,20807_20251206,66.47916666666667,70.5,127.0,0.0,48
20807,20807_20251209,100.89583333333333,124.0,204.0,0.0,48
20807,20807_20251212,77.77777777777777,86.5,132.0,2.0,36
20807,20807_20251213,85.19444444444444,91.0,138.0,8.0,36
20807,20807_20251216,94.77777777777777,108.0,159.0,9.0,36
20807,20807_20251219,78.5625,81.0,226.0,0.0,48
20807,20807_20251220,109.70833333333333,122.5,249.0,0.0,48
20807,20807_20251223,81.60416666666667,86.5,232.0,0.0,48
20807,20807_20251226,118.91666666666667,112.5,238.0,1.0,48
20807,20807_20251227,67.5,50.5,205.0,0.0,48
20807,20807_20251230,173.6875,213.0,320.0,2.0,48
20807,20807_20260102,87.47916666666667,93.0,181.0,1.0,48
20807,20807_20260103,81.77083333333333,83.5,143.0,1.0,48
20807,20807_20260106,94.02127659574468,97.0,239.0,0.0,47
20807,20807_20260109,114.9375,83.5,354.0,0.0,48
20807,20807_20260110,128.625,149.5,299.0,0.0,48
20807,20807_20260113,60.479166666666664,56.5,134.0,0.0,48
20807,20807_20260116,79.9375,81.0,239.0,0.0,48
20807,20807_20260117,84.25,92.5,158.0,0.0,48
20807,20807_20260120,60.333333333333336,46.0,138.0,-3.0,48
20807,20807_20260123,43.625,34.0,109.0,0.0,48
20807,20807_20260124,81.3125,100.5,165.0,-4.0,48
20807,20807_20260127,128.64583333333334,98.5,286.0,12.0,48
20807,20807_20260130,58.854166666666664,68.0,144.0,0.0,48
20807,20807_20260131,106.66666666666667,113.0,246.0,0.0,48
20807,20807_20260203,100.97916666666667,88.0,308.0,0.0,48
20807,20807_20260206,98.95833333333333,109.5,239.0,0.0,48
20807,20807_20260207,118.9375,103.0,279.0,1.0,48
20807,20807_20260210,36.916666666666664,22.5,124.0,-11.0,48
20807,20807_20260213,47.1875,47.0,116.0,0.0,48
20807,20807_20260214,102.58333333333333,108.5,226.0,1.0,48
20807,20807_20260217,46.791666666666664,39.0,126.0,0.0,48
20807,20807_20260220,126.0,113.5,316.0,0.0,48
20807,20807_20260221,78.72916666666667,74.5,156.0,6.0,48
20807,20807_20260224,142.0,120.0,396.0,0.0,48
20807,20807_20260227,110.02083333333333,79.5,361.0,0.0,48
20807,20807_20260228,67.10416666666667,40.0,171.0,0.0,48
20807,20807_20260303,53.208333333333336,43.5,157.0,0.0,48
20807,20807_20260306,73.04166666666667,62.5,172.0,3.0,48
20807,20807_20260307,140.0,158.0,280.0,9.0,48
20807,20807_20260310,56.875,62.5,150.0,0.0,48
20807,20807_20260313,150.02083333333334,179.0,250.0,1.0,48
20807,20807_20260314,46.895833333333336,31.0,129.0,-16.0,48
20807,20807_20260317,67.35416666666667,55.5,156.0,1.0,48
20807,20807_20260320,119.6875,131.5,190.0,0.0,48
20807,20807_20260321,134.14583333333334,109.5,1545.0,0.0,48
20807,20807_20260324,190.25,113.0,531.0,0.0,48
20807,20807_20260327,20.770833333333332,16.0,85.0,-12.0,48
20807,20807_20260328,179.02083333333334,204.0,270.0,30.0,48
20807,20807_20260331,140.72916666666666,176.5,261.0,0.0,48
20807,20807_20260403,62.791666666666664,66.0,152.0,-4.0,48
20807,20807_20260404,86.75,85.0,162.0,1.0,48
20807,20807_20260407,30.854166666666668,18.0,114.0,0.0,48
20807,20807_20260410,57.979166666666664,52.5,134.0,0.0,48
20807,20807_20260411,94.54166666666667,89.0,170.0,10.0,48
20807,20807_20260414,69.33333333333333,76.5,158.0,0.0,48
20807,20807_20260417,95.77083333333333,105.5,350.0,0.0,48
20807,20807_20260418,84.02083333333333,69.5,179.0,1.0,48
20807,20807_20260421,92.22916666666667,74.5,283.0,0.0,48
20807,20807_20260424,136.52083333333334,161.5,359.0,4.0,48
20807,20807_20260425,91.8125,97.5,173.0,0.0,48
20807,20807_20260428,73.5,65.5,174.0,0.0,48
20807,20807_20260501,43.375,49.0,93.0,-10.0,48
20807,20807_20260502,35.291666666666664,27.5,104.0,-14.0,48
20807,20807_20260505,117.22916666666667,118.0,240.0,1.0,48
20807,20807_20260508,73.60416666666667,86.0,187.0,0.0,48
20807,20807_20260509,73.20833333333333,71.0,153.0,0.0,48
20807,20807_20260512,90.14583333333333,81.5,160.0,26.0,48
20807,20807_20260515,27.125,20.0,83.0,0.0,48
20807,20807_20260516,91.8125,87.0,222.0,0.0,48
20807,20807_20260519,75.45833333333333,76.5,178.0,0.0,48
20807,20807_20260522,386.6666666666667,388.0,465.0,243.0,48
20807,20807_20260523,90.54166666666667,87.5,159.0,6.0,48
20807,20807_20260526,94.33333333333333,114.0,182.0,0.0,48
20807,20807_20260529,219.625,219.5,385.0,116.0,48
20807,20807_20260530,219.27083333333334,232.5,402.0,64.0,48
20807,20807_20260602,30.854166666666668,27.0,83.0,-4.0,48
20807,20807_20260605,163.5625,160.5,297.0,66.0,48
20807,20807_20260606,185.54166666666666,204.5,306.0,42.0,48
20807,20807_20260609,238.375,238.0,377.0,82.0,48
20807,20807_20260612,347.3125,370.0,418.0,253.0,48
20807,20807_20260613,156.0,108.0,435.0,13.0,48
20807,20807_20260616,62.4375,63.5,120.0,4.0,48
20807,20807_20260619,63.083333333333336,55.5,146.0,0.0,48
20807,20807_20260620,58.645833333333336,63.5,93.0,1.0,48
20807,20807_20260623,82.33333333333333,79.0,192.0,0.0,48
20807,20807_20260626,66.41666666666667,48.5,171.0,0.0,48
20807,20807_20260627,339.9791666666667,373.5,501.0,138.0,48
20807,20807_20260630,98.02083333333333,126.5,203.0,0.0,48
20807,20807_20260703,55.8125,41.0,153.0,0.0,48
20807,20807_20260704,156.4375,168.0,247.0,30.0,48
20807,20807_20260707,129.33333333333334,140.0,290.0,5.0,48
20807,20807_20260710,52.229166666666664,45.0,132.0,0.0,48
20807,20807_20260711,87.77083333333333,94.5,165.0,-7.0,48
20807,20807_20260714,103.85416666666667,117.0,213.0,1.0,48
20807,20807_20260717,259.9791666666667,243.0,609.0,29.0,48
20807,20807_20260718,214.45833333333334,245.0,399.0,25.0,48
20807,20807_20260721,115.47916666666667,75.0,307.0,0.0,48
20807,20807_20260724,169.47916666666666,159.0,421.0,0.0,48
20807,20807_20260725,263.8958333333333,254.0,559.0,0.0,48
20807,20807_20260728,131.72916666666666,162.0,252.0,0.0,48
20807,20807_20260731,282.0833333333333,308.0,368.0,167.0,48
20807,20807_20260801,65.29166666666667,67.5,135.0,0.0,48
20807,20807_20260804,159.02083333333334,191.5,307.0,10.0,48
20807,20807_20260807,313.1875,279.5,550.0,105.0,48
20807,20807_20260808,131.5,102.5,381.0,0.0,48
20807,20807_20260811,171.64583333333334,181.5,305.0,21.0,48
20807,20807_20260814,205.89583333333334,256.0,400.0,0.0,48
20807,20807_20260815,152.83333333333334,119.0,412.0,0.0,48
20807,20807_20260818,117.97916666666667,124.0,286.0,0.0,48
20807,20807_20260821,176.0,159.5,438.0,6.0,48
20807,20807_20260822,218.27083333333334,223.5,632.0,0.0,48
20807,20807_20260825,166.20833333333334,186.0,321.0,0.0,48
20807,20807_20260828,43.4375,26.5,136.0,0.0,48
20807,20807_20260829,59.4375,51.5,136.0,0.0,48
20807,20807_20260901,126.3125,130.0,305.0,0.0,48
20807,20807_20260904,93.5,112.5,192.0,0.0,48
